week_start,value,rolling_q1,rolling_q3,iqr,lower_bound,upper_bound,is_anomaly,anomaly_direction,anomaly_score,event_count,title_count,titles_in_week,event_descriptions,event_ids,object_ids,titles_text
2021-10-25,39,10.25,20.0,9.75,-4.375,34.625,True,high,0.44871794871794873,39,39,"['Improve discord help command', 'fix financedatabase', 'Open crypto insterest by exchange [Source: bybt.com]', 'Add option to create a report via ThePassiveInvestor', '[IMPROVE] Get similar companies using Polygon api also returns companies listed on Canadian stock exchange', 'Next batch of Markdown lint fixes', 'fix financedatabase in poetry', 'Add protection against user typos or wrong commands', 'Initial implementation of the Markdown Linter', 'Add ETF Report functionality from The Passive Investor', 'Improve terminal speed for stocks context', 'Refactor stocks folder READMEs', 'Improve notebook reports by removing config_report dependency', 'Add additional documentation in README and TROUBLESHOOTING', '[FR] Add volume command to comparison analysis, to compare tickers volume over time', '[IMPROVE] Allow candle to have starting date', 'Portfolio Dataframe', ""Update discord error message when API keys aren't set"", 'Enhanced ratios', 'General bug fixes', 'Fix getpoly to return only US stocks', 'Update holidays and a few other packages', 'Add markdownlint to all top level markdowns', 'fix hugo server', 'Improved docstrings and typings', 'Minor fixes', '[Bug] Report generation error', 'Adding linting to CONTRIBUTING.md', 'Improve customisable report generation', 'Enable codespell for markdown and reduce exceptions', 'Fixes in crypto and reports menu', 'Volume comparison over time', 'Fix financedatabase import', 'Add put-call ratio for given ticker', 'Fix hugo website common folder', 'Replaced applicable try/except blocks', 'Add the Finance Database to ETFs and Stocks section', 'Added try/except improvements', '[FR] Put/Call Ratio under Options Menu for Stocks']","['closed (#881)', 'closed (#875)', 'closed (#868)', 'closed (#844)', 'closed (#757)', 'closed (#888)', 'closed (#876)', 'closed (#880)', 'closed (#878)', 'closed (#857)', 'closed (#882)', 'closed (#877)', 'closed (#861)', 'closed (#858)', 'closed (#849)', 'closed (#848)', 'closed (#838)', 'closed (#879)', 'closed (#867)', 'closed (#862)', 'closed (#801)', 'closed (#889)', 'closed (#884)', 'closed (#873)', 'closed (#853)', 'closed (#864)', 'closed (#839)', 'closed (#883)', 'closed (#854)', 'closed (#885)', 'closed (#863)', 'closed (#866)', 'closed (#871)', 'closed (#865)', 'closed (#872)', 'closed (#870)', 'closed (#869)', 'closed (#860)', 'closed (#851)']","[832816, 832884, 833406, 833465, 833532, 833579, 833634, 833692, 833733, 833804, 834018, 834068, 834106, 834196, 834255, 834325, 834433, 834665, 834758, 834857, 834918, 834979, 835025, 835103, 835181, 835245, 835357, 835479, 835581, 835759, 835797, 835862, 835953, 835985, 836305, 836592, 837139, 839757, 843402]","[832758, 832826, 833332, 833412, 833471, 833538, 833585, 833640, 833698, 833739, 833810, 834024, 834074, 834154, 834202, 834261, 834331, 834439, 834671, 834764, 834863, 834924, 834982, 835031, 835109, 835187, 835251, 835403, 835482, 835584, 835765, 835846, 835938, 835956, 836252, 836535, 836595, 839657, 843321]","Improve discord help command
fix financedatabase
Open crypto insterest by exchange [Source: bybt.com]
Add option to create a report via ThePassiveInvestor
[IMPROVE] Get similar companies using Polygon api also returns companies listed on Canadian stock exchange
Next batch of Markdown lint fixes
fix financedatabase in poetry
Add protection against user typos or wrong commands
Initial implementation of the Markdown Linter
Add ETF Report functionality from The Passive Investor
Improve terminal speed for stocks context
Refactor stocks folder READMEs
Improve notebook reports by removing config_report dependency
Add additional documentation in README and TROUBLESHOOTING
[FR] Add volume command to comparison analysis, to compare tickers volume over time
[IMPROVE] Allow candle to have starting date
Portfolio Dataframe
Update discord error message when API keys aren't set
Enhanced ratios
General bug fixes
Fix getpoly to return only US stocks
Update holidays and a few other packages
Add markdownlint to all top level markdowns
fix hugo server
Improved docstrings and typings
Minor fixes
[Bug] Report generation error
Adding linting to CONTRIBUTING.md
Improve customisable report generation
Enable codespell for markdown and reduce exceptions
Fixes in crypto and reports menu
Volume comparison over time
Fix financedatabase import
Add put-call ratio for given ticker
Fix hugo website common folder
Replaced applicable try/except blocks
Add the Finance Database to ETFs and Stocks section
Added try/except improvements
[FR] Put/Call Ratio under Options Menu for Stocks"
2021-11-01,39,10.25,20.0,9.75,-4.375,34.625,True,high,0.44871794871794873,39,39,"['Refactor remaining READMEs', 'Fix spelling and add missing thepassiveinvestor', 'Fix portfolio : degiro-connector had been upgraded but not the code', 'Jupyter updates', 'Refactor code and terminal menus', 'Removing Alpaca support for now. Will add back when Alpaca updates dependencies.', 'Update readthedocs creation pipeline #859', 'Major improvements to discord architecture', 'Discord Bot: Added ta context', 'Redo some forex menu with basic commands', 'Discord doc', 'Fixes 2 minor issues', 'Add a check in dd report to avoid crash', 'Fix report DD', 'Remove PR command due to paid paywall', 'Added Report Text', 'Add contributing document to discord', 'Small tweaks to DCF and add thepassiveinvestor to requirements', 'Minor style and spelling fixes', 'Add alpha vantage economy endpoints to Econ menu', 'Miscellaneous improvements', 'Risk neutral options valuation', 'Next batch of markdownlint cleanup', 'Update bandit settings and add a wrapper for os clear', 'Validate loaded data', 'Containers v1.7.0', 'Use get_user_agent for all requests', 'Improves load and candle relation + 3 bonus READMEs', 'Add bandit to dev requirements', 'fix sentiment cmds', 'Cleanup READMEs in the code', 'Update poetry troubleshoot docs', 'Remove latest news and add Customised news', 'Fix ftd encoding bug', 'Display Energy, Metals, Meats, Grains and Softs Futures', 'Rename finbrain command to not use source and comment out forex/ba menu', 'Another batch of markdownlint updates', 'Performance Ratios', '[IMPROVE] Update readthedocs creation pipeline']","['closed (#912)', 'closed (#925)', 'closed (#913)', 'closed (#907)', 'closed (#911)', 'closed (#897)', 'closed (#895)', 'closed (#887)', 'closed (#919)', 'closed (#903)', 'closed (#898)', 'closed (#892)', 'closed (#891)', 'closed (#927)', 'closed (#924)', 'closed (#886)', 'closed (#902)', 'closed (#894)', 'closed (#890)', 'closed (#918)', 'closed (#910)', 'closed (#906)', 'closed (#900)', 'closed (#905)', 'closed (#928)', 'closed (#916)', 'closed (#914)', 'closed (#908)', 'closed (#904)', 'closed (#926)', 'closed (#909)', 'closed (#893)', 'closed (#923)', 'closed (#920)', 'closed (#915)', 'closed (#899)', 'closed (#901)', 'closed (#922)', 'closed (#859)']","[828896, 828947, 828985, 829059, 829111, 829231, 829338, 829697, 829812, 829898, 830150, 830206, 830257, 830292, 830363, 830417, 830508, 830544, 830682, 830743, 830847, 830944, 830997, 831093, 831140, 831204, 831272, 831352, 831410, 831502, 832306, 832522, 832578, 832644, 832687, 832752, 833083, 833326, 835400]","[828855, 828902, 828953, 828991, 829065, 829117, 829237, 829665, 829700, 829818, 830092, 830156, 830212, 830263, 830323, 830369, 830423, 830514, 830550, 830688, 830749, 830853, 830950, 831000, 831099, 831146, 831210, 831278, 831355, 831416, 832181, 832315, 832528, 832584, 832650, 832693, 832890, 833105, 835363]","Refactor remaining READMEs
Fix spelling and add missing thepassiveinvestor
Fix portfolio : degiro-connector had been upgraded but not the code
Jupyter updates
Refactor code and terminal menus
Removing Alpaca support for now. Will add back when Alpaca updates dependencies.
Update readthedocs creation pipeline #859
Major improvements to discord architecture
Discord Bot: Added ta context
Redo some forex menu with basic commands
Discord doc
Fixes 2 minor issues
Add a check in dd report to avoid crash
Fix report DD
Remove PR command due to paid paywall
Added Report Text
Add contributing document to discord
Small tweaks to DCF and add thepassiveinvestor to requirements
Minor style and spelling fixes
Add alpha vantage economy endpoints to Econ menu
Miscellaneous improvements
Risk neutral options valuation
Next batch of markdownlint cleanup
Update bandit settings and add a wrapper for os clear
Validate loaded data
Containers v1.7.0
Use get_user_agent for all requests
Improves load and candle relation + 3 bonus READMEs
Add bandit to dev requirements
fix sentiment cmds
Cleanup READMEs in the code
Update poetry troubleshoot docs
Remove latest news and add Customised news
Fix ftd encoding bug
Display Energy, Metals, Meats, Grains and Softs Futures
Rename finbrain command to not use source and comment out forex/ba menu
Another batch of markdownlint updates
Performance Ratios
[IMPROVE] Update readthedocs creation pipeline"
2022-01-17,67,13.5,25.0,11.5,-3.75,42.25,True,high,2.152173913043478,67,66,"['DCF Description', 'Remove Colorama', 'Ark Orders View Pandas Error', 'Custom data context', 'Fix Pandas Warning', 'Remove More Tabulate', 'Vsurf Improvements', 'Fix Price Target Bug', 'Finish API', 'Added Open MIT options course', 'Fixes issue #1195', '[Bug] Crypto report breaks the terminal', 'GST Import Error', 'nftcalendar.io ""No data found"" fix', 'stocks - Behavioural analysis - Error API [Bug]', 'Adding the historical endpoint from sentiment investor', 'portfolio: Small feature + controller tests', 'make whatif works for decrease as well', 'Refactored Call Resources', 'Expanded GST API', 'Improve plotly interface for plots', 'Vsurf Dashboard', 'Allocation Command', 'Updating docker containers and dependencies', 'Fixing graph for allocation command', 'Fix Main Tests', 'DCF Refactoring and Improvements', '[QUESTION] How do I set a custom flair?', 'Add a FINRA shortdata dashboard', 'Alternative API', '[Bug] Technical Analysis > Finviz', '[IMPROVE] Release History', 'Refactored Dashboards to Class Based Views', '[Bug] test_fa_yield_curve_model test is stalling after 3+ hours', 'Improve DCF', 'Options Chain Dashboard', '[Bug]. stocks/dd/PT raises json decode error', 'unable to “poetry install”', 'Add scroll zoom to plotly candle', 'I installed anaconda', 'Allow Custom Flairs', '#1236', 'Show Plotly in PYQT Window', '[Bug] CoinMarketCap typo in README - API Key Section', 'Tests : fixing skipped tests', 'reverse dataframe for correct usage of candle', 'Adds features to check crypto-related hacks', 'Adds Blockchain source and two BTC commands', 'Update pre commit', 'Terra luna', ""[Bug] All CoinGecko 'disc' functions appear to not work"", '[FR] Generate a report for above average volumes for calls and puts? Preferably a list of stocks.', '[Bug] Fundamental Analysis > DCF', 'Chain Multiselect Option', 'Add resources to main contexts', '[FR] feeding the prediction models with .csv', '[Feature] Allow reset from any child menu', 'Tests : Stocks', 'fix hugo', 'ba bug', 'ETF tests', 'Add Vsurf Z-index options', 'Crypto APIs', 'Several fixes', 'Comprehensive historical daily volume and price statistics [FR]', '[FR] API']","['closed (#1233)', 'closed (#1203)', 'closed (#1202)', 'closed (#1193)', 'closed (#1250)', 'closed (#1235)', 'closed (#1225)', 'closed (#1224)', 'closed (#1218)', 'closed (#1216)', 'closed (#1199)', 'closed (#874)', 'closed (#1234)', 'closed (#1205)', 'closed (#1026)', 'closed (#1175)', 'closed (#1246)', 'closed (#1220)', 'closed (#1217)', 'closed (#1215)', 'closed (#1213)', 'closed (#1209)', 'closed (#1204)', 'closed (#1245)', 'closed (#1243)', 'closed (#1201)', 'closed (#1198)', 'closed (#1244)', 'closed (#1238)', 'closed (#1200)', 'closed (#1136)', 'closed (#215)', 'closed (#1239)', 'closed (#825)', 'closed (#1241)', 'closed (#1226)', 'closed (#1223)', 'closed (#1172)', 'closed (#1222)', 'closed (#1077)', 'closed (#1249)', 'closed (#1237)', 'closed (#1212)', 'closed (#1195)', 'closed (#1252)', 'closed (#1210)', 'closed (#1230)', 'closed (#1227)', 'closed (#1221)', 'closed (#1197)', 'closed (#1149)', 'closed (#850)', 'closed (#1236)', 'closed (#1232)', 'closed (#1194)', 'closed (#1031)', 'closed (#842)', 'closed (#1240)', 'closed (#1229)', 'closed (#1214)', 'closed (#1208)', 'closed (#1207)', 'closed (#1206)', 'closed (#1143)', 'closed (#817)', 'closed (#96)']","[774291, 774574, 774729, 774993, 775104, 775134, 775278, 775639, 775981, 776033, 776117, 776164, 776199, 776303, 776352, 776468, 776524, 776718, 776756, 777491, 777593, 777726, 777772, 777790, 777846, 778048, 778086, 778203, 778249, 778299, 778393, 778442, 778544, 778584, 779590, 779719, 779901, 779961, 780054, 780106, 780263, 780500, 780526, 780577, 780643, 780692, 780709, 781004, 781355, 781436, 781565, 781752, 783450, 783709, 788746, 789556, 790888, 799216, 806964, 807315, 834151, 835929, 836374, 837664, 838280, 885271, 892420]","[774197, 774489, 774580, 774893, 774999, 775110, 775137, 775583, 775645, 775987, 776039, 776123, 776170, 776202, 776309, 776355, 776471, 776574, 776724, 777403, 777497, 777599, 777732, 777775, 777793, 777852, 778054, 778122, 778209, 778252, 778302, 778396, 778445, 778547, 779555, 779593, 779725, 779907, 779967, 780057, 780112, 780269, 780506, 780529, 780583, 780646, 780712, 781010, 781417, 781445, 781571, 783162, 783648, 788677, 789446, 790855, 799184, 806927, 807262, 834112, 835865, 836346, 837648, 838193, 885244, 892291]","DCF Description
Remove Colorama
Ark Orders View Pandas Error
Custom data context
Fix Pandas Warning
Remove More Tabulate
Vsurf Improvements
Fix Price Target Bug
Finish API
Added Open MIT options course
Fixes issue #1195
[Bug] Crypto report breaks the terminal
GST Import Error
nftcalendar.io ""No data found"" fix
stocks - Behavioural analysis - Error API [Bug]
Adding the historical endpoint from sentiment investor
portfolio: Small feature + controller tests
make whatif works for decrease as well
Refactored Call Resources
Expanded GST API
Improve plotly interface for plots
Vsurf Dashboard
Allocation Command
Updating docker containers and dependencies
Fixing graph for allocation command
Fix Main Tests
DCF Refactoring and Improvements
[QUESTION] How do I set a custom flair?
Add a FINRA shortdata dashboard
Alternative API
[Bug] Technical Analysis > Finviz
[IMPROVE] Release History
Refactored Dashboards to Class Based Views
[Bug] test_fa_yield_curve_model test is stalling after 3+ hours
Improve DCF
Options Chain Dashboard
[Bug]. stocks/dd/PT raises json decode error
unable to “poetry install”
Add scroll zoom to plotly candle
I installed anaconda
Allow Custom Flairs
#1236
Show Plotly in PYQT Window
[Bug] CoinMarketCap typo in README - API Key Section
Tests : fixing skipped tests
reverse dataframe for correct usage of candle
Adds features to check crypto-related hacks
Adds Blockchain source and two BTC commands
Update pre commit
Terra luna
[Bug] All CoinGecko 'disc' functions appear to not work
[FR] Generate a report for above average volumes for calls and puts? Preferably a list of stocks.
[Bug] Fundamental Analysis > DCF
Chain Multiselect Option
Add resources to main contexts
[FR] feeding the prediction models with .csv
[Feature] Allow reset from any child menu
Tests : Stocks
fix hugo
ba bug
ETF tests
Add Vsurf Z-index options
Crypto APIs
Several fixes
Comprehensive historical daily volume and price statistics [FR]
[FR] API"
2022-07-18,60,24.25,35.0,10.75,8.125,51.125,True,high,0.8255813953488372,60,57,"['Licensing correct?', 'The portfolio sheets were incorrect', 'Make sec fillings link clickable in report', 'DRAFT : Fixes using arguments /, chaining multiple commands and exe bug', 'Guess game - Easter egg', 'Small improvement in Telegram script', '[M1 Build]Funds/info - Command is dead.', 'Release/1.6.0', 'Remove cumulative returns functionalities', 'Integrating the fmp submenu into the fa menu + plotting + ratios', 'The prediction menu installation instructions are not correct and should not be used', '[Bug] Entering /stocks/sia causes colors to go away', '[Feature] (XS DevOps) Add jupyterlab build folders to .gitignore.', '[IMPROVE] (jupyterlab) Add jupyterlab build folders to .gitignore', 'Fix save class', '[Bug] fundamentalanalysis model', '[Bug]Forex/candle - triggers a user warning and pyplot.pause(0.1)', 'Tests : Cryptocurrency > Helpers > test_load_none', '[Bug] Economy/Plot - Does not read stored datasets properly. Error message: Not able to find any data for the --y2 argument despite having datasets ""stored""', '[Bug] Exit fails because of the way the we are trying to get parameters form controller below', '[Bug] Reports Menu Not Loading', 'Update GST to OpenBB in _index.md', 'better match for econ param parse to dict', ""fix typo - change 'seaarch' to 'search'"", 'Remove defirate scraping', '[Bug] (Portfolio) Loading external Portfolio files fail', '[IMPROVE] (cryptocurrency/news) Add clickable hyperlinks to dataframe print outputs', 'Fill missing static data (sector, industry, country and region) on portfolio creation', 'Fix forward slash used for navigation and for parameters', 'Fix demo video width', 'Fix Economy/Plot - Does not read stored datasets properly', 'Allow to build reports without arguments', 'Updates the documentation for the candle command', '[IMPROVE] Add fmp, plotting and ratios to the fa menu', ""Replaces '/' with ';' for running multiple commands"", 'Document : Change Docker container desktop pass-through', 'Fixes tk command from crypto due dilligence menu', 'Update copy for docs on Why free', ""[Bug]Broken Menu - Installer v1.6 - Can't enter Forex Menu because the path for default sources is incorrect."", 'improve readme file for terminal', '[Bug]Is the office website (https://openbb.co/) crashed?', ""[Bug]Stocks/FA/DCF - DCF function unable to handle `nan` values: Error: could not convert string to float: '-'"", '[Bug] v1.6 [all] - Economy: Cannot enter prediction or QA menus with stored datasets. Error: single positional indexer is out-of-bounds', 'Update Portfolio holdings sheets', 'Help translate terminal language', 'Updates crypto load docs to match last load refactor', '[Bug] Econometrics: Regressions is not a command', 'Fix stuff', 'Fix link for Quantitative Analysis', 'Add in Portfolio Guide and update the Getting Started guide', 'Allow direct orderbook export from degiro paexport to portfolio load command', 'Fixed a few typos', 'Fix ycrv to allow raw display and export when source is FRED', 'Update README.md', 'Fixed DCF Handling', 'Changing with the times', '[IMPROVE] Report output SEC filings Link is not a hyperlink']","['closed (#2134)', 'closed (#2109)', 'closed (#2104)', 'closed (#2068)', 'closed (#2066)', 'closed (#2144)', 'closed (#2140)', 'closed (#2106)', 'closed (#2103)', 'closed (#2102)', 'closed (#2092)', 'closed (#2049)', 'closed (#2122)', 'closed (#2121)', 'closed (#2090)', 'closed (#2078)', 'closed (#2142)', 'closed (#2105)', 'closed (#2089)', 'closed (#2053)', 'closed (#2030)', 'closed (#2157)', 'closed (#2123)', 'closed (#2114)', 'closed (#2113)', 'closed (#2101)', 'closed (#2098)', 'closed (#2072)', 'closed (#1713)', 'closed (#2126)', 'closed (#2112)', 'closed (#2108)', 'closed (#2055)', 'closed (#1866)', 'closed (#1634)', 'closed (#2070)', 'closed (#2156)', 'closed (#2153)', 'closed (#2141)', 'closed (#2137)', 'closed (#2124)', 'closed (#2151)', 'closed (#2130)', 'closed (#2110)', 'closed (#2100)', 'closed (#2060)', 'closed (#2154)', 'closed (#2096)', 'closed (#2150)', 'closed (#2135)', 'closed (#2118)', 'closed (#2091)', 'closed (#2136)', 'closed (#2127)', 'closed (#2131)', 'closed (#2160)', 'closed (#2111)', 'closed (#2081)']","[672290, 672507, 672545, 672588, 672961, 673055, 673098, 673259, 673848, 674454, 674476, 674504, 674629, 674669, 674708, 674739, 674853, 674900, 675115, 675161, 675246, 675335, 675378, 675404, 675615, 675926, 675992, 676157, 676194, 676227, 676298, 676373, 676596, 676634, 676689, 676743, 676927, 676971, 677030, 677095, 677579, 678045, 678218, 678423, 678449, 679024, 679168, 679695, 679937, 680122, 680262, 681713, 681981, 682057, 682324, 684085, 684117, 705735, 719377, 727090]","[672254, 672475, 672548, 672894, 672967, 673083, 673101, 673807, 674430, 674457, 674479, 674592, 674632, 674672, 674715, 674818, 674866, 675049, 675121, 675225, 675249, 675338, 675381, 675503, 675882, 675929, 675998, 676163, 676200, 676230, 676301, 676402, 676602, 676640, 676695, 676749, 676930, 676974, 677068, 677559, 677895, 678051, 678227, 678429, 678975, 679116, 679388, 679765, 680063, 680182, 681240, 681912, 682010, 682236, 683979, 705707, 719276, 726933]","Licensing correct?
The portfolio sheets were incorrect
Make sec fillings link clickable in report
DRAFT : Fixes using arguments /, chaining multiple commands and exe bug
Guess game - Easter egg
Small improvement in Telegram script
[M1 Build]Funds/info - Command is dead.
Release/1.6.0
Remove cumulative returns functionalities
Integrating the fmp submenu into the fa menu + plotting + ratios
The prediction menu installation instructions are not correct and should not be used
[Bug] Entering /stocks/sia causes colors to go away
[Feature] (XS DevOps) Add jupyterlab build folders to .gitignore.
[IMPROVE] (jupyterlab) Add jupyterlab build folders to .gitignore
Fix save class
[Bug] fundamentalanalysis model
[Bug]Forex/candle - triggers a user warning and pyplot.pause(0.1)
Tests : Cryptocurrency > Helpers > test_load_none
[Bug] Economy/Plot - Does not read stored datasets properly. Error message: Not able to find any data for the --y2 argument despite having datasets ""stored""
[Bug] Exit fails because of the way the we are trying to get parameters form controller below
[Bug] Reports Menu Not Loading
Update GST to OpenBB in _index.md
better match for econ param parse to dict
fix typo - change 'seaarch' to 'search'
Remove defirate scraping
[Bug] (Portfolio) Loading external Portfolio files fail
[IMPROVE] (cryptocurrency/news) Add clickable hyperlinks to dataframe print outputs
Fill missing static data (sector, industry, country and region) on portfolio creation
Fix forward slash used for navigation and for parameters
Fix demo video width
Fix Economy/Plot - Does not read stored datasets properly
Allow to build reports without arguments
Updates the documentation for the candle command
[IMPROVE] Add fmp, plotting and ratios to the fa menu
Replaces '/' with ';' for running multiple commands
Document : Change Docker container desktop pass-through
Fixes tk command from crypto due dilligence menu
Update copy for docs on Why free
[Bug]Broken Menu - Installer v1.6 - Can't enter Forex Menu because the path for default sources is incorrect.
improve readme file for terminal
[Bug]Is the office website (https://openbb.co/) crashed?
[Bug]Stocks/FA/DCF - DCF function unable to handle `nan` values: Error: could not convert string to float: '-'
[Bug] v1.6 [all] - Economy: Cannot enter prediction or QA menus with stored datasets. Error: single positional indexer is out-of-bounds
Update Portfolio holdings sheets
Help translate terminal language
Updates crypto load docs to match last load refactor
[Bug] Econometrics: Regressions is not a command
Fix stuff
Fix link for Quantitative Analysis
Add in Portfolio Guide and update the Getting Started guide
Allow direct orderbook export from degiro paexport to portfolio load command
Fixed a few typos
Fix ycrv to allow raw display and export when source is FRED
Update README.md
Fixed DCF Handling
Changing with the times
[IMPROVE] Report output SEC filings Link is not a hyperlink"
2022-08-22,79,26.5,39.0,12.5,7.75,57.75,True,high,1.7,79,77,"['Updates Fundamental Analysis Demo Routine - Routine now requires ticker argument', 'Updates website with degiro documentation', 'Create a menu for macro and fred', 'feat m: [Crypto/DD] Add Coinglass Liquidations', '[Bug]', 'Changed cdebt to edebt with wording fixes', 'Fix missing polygon api', 'NFTs - added floor price and collections commands', 'Able to change the data range in some stock controllers', 'fix etf/compare', 'Add nasdaq as an options source', 'Fixed issues with x axis ordering', ""[Bug] Short version of source flag ('-s') cannot be interpreted"", '[Bug] Paths set from the Settings menu creates a weird mess.', '[IMPROVE] Instead of exiting the terminal with CTRL + C, let it intercept the activated command', '[IMPROVEMENT] Add jupyter support fro packaged apps', 'Allow for more options on chart overlays.', 'Bug fixes', 'add bullrun.com.br as source for research', ""[Bug] Stocks/News --source newsapi - Error: 'str' object does not support item assignment"", 'Improve export folder to custom one', '[Bug] Stocks/FA - Cash/Balance/Income functions are seemingly broken', 'some improvements to this pyth command', ""[Bug] Crypto/OV/btcrb - Error: display_btc_rainbow() got an unexpected keyword argument 'since'"", ""[Bug] Stocks/BA/Popular - Error: 'NoneType' object has no attribute 'name'  Error: 'list' object has no attribute 'empty'"", 'Fix: issue #2372', '/economy/valuation does not work on Mac M1', '[FR] Add Coinglass Crypto Liquidation data to crypto for loaded coin.', 'Fix income statement bad headers', '[Bug] cdebt (National Debt) function in economy menu incorrect/misleading', '[Bug] polygon income statement off', '[Bug] Stocks/FA - balance -p total_cash returns, Error: ""[\'ttm\'] not found in axis"". No output from terminal.', 'allow percentages for EconDB as required by user', 'Makes running exe files more robust', 'bug: Fix liquidations data. fixes OpenBB-finance/OpenBBTerminal#2429', 'Hugo docs', 'Fixed blacklitterman export', 'Fixed issue with crypto dd tk command', ""Stocks/BA/Popular - Error: 'NoneType' object has no attribute 'name' Error: 'list' object has no attribute 'empty'"", ""[Bug] Crypto/OV/CR - :301: FutureWarning: The default dtype for empty Series will be 'object' instead of 'float64' in a future version.   df = df.append(pd.Series(name=platform.lower()))"", 'Refactoring crypto load', 'Allow home access ""/"" from anywhere', 'Readme update', '[Bug] Comparing ETFs no longer works', 'WSL Anaconda installation error [Bug]', 'Fixed polygon quarterly', '[Bug] ETF/Compare - Command is Broken. Error: list indices must be integers or slices, not str', 'fix x-small: Add Python 3.10 and 3.11 release candidate to testing', '[Bug] slash issue', 'fix get fred data (2406)', '[docs] removed -s flag from documentation', 'feat x-small: pre-commit autoupdate ; pre-commit run --all-files', 'Fix stocks/news', 'Fix economy/fred start date', 'Added fix for ttm issue', 'Fixed the etf compare command', '[Bug] Mac Installer Packages [both] News function does not return anything', '[Bug] Portfolio Upload returns ""Loading price data: Error: \'Ticker""', 'Minor fix for FRED', 'Fixes issue #2419', 'Fixes portfolio load file prompt', '[Bug] Portfolio/EF - adding start/end dates, or period flag, generates Error: shapes (1002, 13) and (14, 20032) not aligned', ""[Bug] Crypto/DD/TK - Error: get_messari_timeseries() got an unexpected keyword argument 'start'"", '[Bug] Stocks/DPS/spos - X-axes is backwards (not left-to-right)', 'Improve SIA experience as based on feedback', 'Adds Australian Sector Indexes and some others.', '[Bug] Missing export folders in Linux', '[Bug] FRED function is broken - Cannot get series output. Error: 5755341024', '[Bug] Automatically create a views folder when using Blacklitterman', '[Bug] Stocks/Codes: When no API key is present, user given the wrong error message: Error in polygon request', 'Api factory', '[Bug]lastcontracts and toplobbying commands not working', 'Adds relative strength percentile to stocks/ta', '[Bug] Liquidations chart is inverted.', 'More verbose error', ""[Bug] Stocks/DPS/dpotc - No ticker data found! Error: 'totalWeeklyShareQuantity'. Shows a blank chart."", '[IMPROVE] Add ""growth rate"" flag on `economy/macro` from EconDB']","['closed (#2414)', 'closed (#2413)', 'closed (#2410)', 'closed (#2402)', 'closed (#2398)', 'closed (#2393)', 'closed (#2392)', 'closed (#2375)', 'closed (#2093)', 'closed (#2426)', 'closed (#2397)', 'closed (#2391)', 'closed (#2378)', 'closed (#2345)', 'closed (#2201)', 'closed (#1521)', 'closed (#2411)', 'closed (#2387)', 'closed (#2386)', 'closed (#2332)', 'closed (#2439)', 'closed (#2370)', 'closed (#2433)', 'closed (#2385)', 'closed (#2314)', 'closed (#2213)', 'closed (#2446)', 'closed (#2422)', 'closed (#2400)', 'closed (#2390)', 'closed (#2376)', 'closed (#2343)', 'closed (#2416)', 'closed (#2440)', 'closed (#2438)', 'closed (#2430)', 'closed (#2415)', 'closed (#2396)', 'closed (#2395)', 'closed (#2384)', 'closed (#2383)', 'closed (#2366)', 'closed (#2437)', 'closed (#2427)', 'closed (#2424)', 'closed (#2407)', 'closed (#2401)', 'closed (#2381)', 'closed (#2327)', 'closed (#1620)', 'closed (#2409)', 'closed (#2379)', 'closed (#2330)', 'closed (#2442)', 'closed (#2421)', 'closed (#2418)', 'closed (#2394)', 'closed (#2388)', 'closed (#2334)', 'closed (#2322)', 'closed (#2425)', 'closed (#2420)', 'closed (#2408)', 'closed (#2372)', 'closed (#2371)', 'closed (#2364)', 'closed (#2264)', 'closed (#2441)', 'closed (#2419)', 'closed (#2406)', 'closed (#2374)', 'closed (#2373)', 'closed (#2352)', 'closed (#2331)', 'closed (#2302)', 'closed (#2429)', 'closed (#2389)', 'closed (#2382)', 'closed (#2335)']","[648928, 649132, 649205, 649272, 649351, 649410, 649467, 649684, 649836, 649866, 650353, 650412, 650451, 650501, 650582, 650693, 650774, 650801, 650852, 650919, 651035, 651079, 651189, 651237, 651269, 651312, 651358, 651391, 651433, 651698, 651744, 651774, 651869, 652065, 652119, 652160, 652225, 652271, 652358, 652404, 652458, 652496, 652526, 652588, 652675, 652701, 652741, 652773, 652796, 652827, 652939, 652987, 653159, 653340, 653372, 653393, 653437, 653476, 653506, 654040, 654113, 655404, 657674, 658056, 658379, 658417, 658495, 658539, 658569, 658618, 658933, 659344, 660140, 663625, 667999, 668635, 677892, 728040, 741065]","[648891, 649087, 649138, 649211, 649278, 649357, 649416, 649651, 649801, 649842, 650313, 650359, 650418, 650457, 650555, 650585, 650702, 650780, 650804, 650899, 650922, 651041, 651085, 651218, 651256, 651272, 651318, 651364, 651398, 651560, 651704, 651750, 651823, 651872, 652071, 652125, 652166, 652231, 652277, 652364, 652410, 652464, 652499, 652532, 652594, 652678, 652704, 652750, 652776, 652799, 652909, 652945, 653127, 653162, 653346, 653375, 653399, 653453, 653479, 653939, 654093, 655034, 657642, 658032, 658355, 658382, 658467, 658498, 658542, 658575, 658883, 659304, 659943, 663428, 667986, 668615, 677757, 727828, 741004]","Updates Fundamental Analysis Demo Routine - Routine now requires ticker argument
Updates website with degiro documentation
Create a menu for macro and fred
feat m: [Crypto/DD] Add Coinglass Liquidations
[Bug]
Changed cdebt to edebt with wording fixes
Fix missing polygon api
NFTs - added floor price and collections commands
Able to change the data range in some stock controllers
fix etf/compare
Add nasdaq as an options source
Fixed issues with x axis ordering
[Bug] Short version of source flag ('-s') cannot be interpreted
[Bug] Paths set from the Settings menu creates a weird mess.
[IMPROVE] Instead of exiting the terminal with CTRL + C, let it intercept the activated command
[IMPROVEMENT] Add jupyter support fro packaged apps
Allow for more options on chart overlays.
Bug fixes
add bullrun.com.br as source for research
[Bug] Stocks/News --source newsapi - Error: 'str' object does not support item assignment
Improve export folder to custom one
[Bug] Stocks/FA - Cash/Balance/Income functions are seemingly broken
some improvements to this pyth command
[Bug] Crypto/OV/btcrb - Error: display_btc_rainbow() got an unexpected keyword argument 'since'
[Bug] Stocks/BA/Popular - Error: 'NoneType' object has no attribute 'name'  Error: 'list' object has no attribute 'empty'
Fix: issue #2372
/economy/valuation does not work on Mac M1
[FR] Add Coinglass Crypto Liquidation data to crypto for loaded coin.
Fix income statement bad headers
[Bug] cdebt (National Debt) function in economy menu incorrect/misleading
[Bug] polygon income statement off
[Bug] Stocks/FA - balance -p total_cash returns, Error: ""['ttm'] not found in axis"". No output from terminal.
allow percentages for EconDB as required by user
Makes running exe files more robust
bug: Fix liquidations data. fixes OpenBB-finance/OpenBBTerminal#2429
Hugo docs
Fixed blacklitterman export
Fixed issue with crypto dd tk command
Stocks/BA/Popular - Error: 'NoneType' object has no attribute 'name' Error: 'list' object has no attribute 'empty'
[Bug] Crypto/OV/CR - :301: FutureWarning: The default dtype for empty Series will be 'object' instead of 'float64' in a future version.   df = df.append(pd.Series(name=platform.lower()))
Refactoring crypto load
Allow home access ""/"" from anywhere
Readme update
[Bug] Comparing ETFs no longer works
WSL Anaconda installation error [Bug]
Fixed polygon quarterly
[Bug] ETF/Compare - Command is Broken. Error: list indices must be integers or slices, not str
fix x-small: Add Python 3.10 and 3.11 release candidate to testing
[Bug] slash issue
fix get fred data (2406)
[docs] removed -s flag from documentation
feat x-small: pre-commit autoupdate ; pre-commit run --all-files
Fix stocks/news
Fix economy/fred start date
Added fix for ttm issue
Fixed the etf compare command
[Bug] Mac Installer Packages [both] News function does not return anything
[Bug] Portfolio Upload returns ""Loading price data: Error: 'Ticker""
Minor fix for FRED
Fixes issue #2419
Fixes portfolio load file prompt
[Bug] Portfolio/EF - adding start/end dates, or period flag, generates Error: shapes (1002, 13) and (14, 20032) not aligned
[Bug] Crypto/DD/TK - Error: get_messari_timeseries() got an unexpected keyword argument 'start'
[Bug] Stocks/DPS/spos - X-axes is backwards (not left-to-right)
Improve SIA experience as based on feedback
Adds Australian Sector Indexes and some others.
[Bug] Missing export folders in Linux
[Bug] FRED function is broken - Cannot get series output. Error: 5755341024
[Bug] Automatically create a views folder when using Blacklitterman
[Bug] Stocks/Codes: When no API key is present, user given the wrong error message: Error in polygon request
Api factory
[Bug]lastcontracts and toplobbying commands not working
Adds relative strength percentile to stocks/ta
[Bug] Liquidations chart is inverted.
More verbose error
[Bug] Stocks/DPS/dpotc - No ticker data found! Error: 'totalWeeklyShareQuantity'. Shows a blank chart.
[IMPROVE] Add ""growth rate"" flag on `economy/macro` from EconDB"
2022-09-26,78,26.5,45.75,19.25,-2.375,74.625,True,high,0.17532467532467533,78,78,"['Fix stock and fund', 'Fixing logs on CI', ""[Bug] error: module 'i18n' has no attribute 'load_path' after new installation"", 'Add End of Day Historical Data to FA : https://eodhistoricaldata.com/r/?ref=869U7F4J to', 'Fixes integrated tests for alt and economy', '[Bug] /stocks/gov/topbuys - terminal outputs print(head()) instead of rich table.', '[Bug] New API shows endpoints that are not applicable', 'Small refactor to terminal.py', 'Fixed export_data issue in Options controller', 'integration test fix for crypto disc', '[Bug] Portfolio/rbeta - Empty graph where x-axis is not a date. Error: index 0 is out of bounds for axis 0 with size 0.', '[Bug] Yahoo finance output in stocks/fa/income is not multiplying by 1000', 'Refactor CONTRIBUTING GUIDELINES', '[Bug] quandl api key not working (nasdaq data link)', 'Added integration tests fixes', 'FIxes topbuys', '[Bug] Every graph throws Wayland/Qt errors constantly when open', 'Added files outside OpenBB', 'An error occured while executing a docker command for installing the OpenBB image.', 'Fixes user styles', 'Fix charmap flair issue on windows', 'Etf fix', 'Fixes integrated tests for the economy controller', '[Bug] events not returning data', 'Update pull_request_template.md', '[Bug] Terminal settings are not being read from the file they are written', 'Fixed ccxt', 'Improved futures dashboard', 'New path for portfolio data', 'Fixes bug that makes reports INACCESSIBLE', 'Portfolio bundle fix', 'Fixed shrs command -h', 'Update README.md', 'fixing crypto nft integration bug', 'fixing integration tests for crypto defi', '[Bug] openbbterminal-poetry-full:1.7.0 images not available in ghcr.io', '[Bug] Several bugs on the options menu', 'New path for data_sources_default.json', '[Bug] Econometrics Menu - Loaded Files and Data Columns is Unaware of any Changes Made, Like Adding', '[Bug]Loading paths from terminal breaks if ""export"" is in the path', 'fix get_df for output in stocks/disc', 'Fixed the bug and refactored updating active data', 'Fixed the bug in crypto/dd/oi', 'Bad CPU type in executable on M1', 'fix: error #2676', 'Last stocks int', '[Bug] Portfolio/PO/params - tangency argument produces a list instead of a boolean.', ""[Bug] flair - 'charmap' codec can't encode character"", '[Bug] `economy/macro` unexpected keyword ""currency""', 'New path for presets', 'Changes to pyproject for test-pypi', '[Bug] stocks/disc/ford - Fidelity has cutoff public access to this table, function should be deprecated.', '[Bug] Crypto/DD/news - Cannot find news for eth.', '[Bug] Settings/FeatFlags are being written to a location they are not read from.', 'Recom Command on Stock Not Working', ""[Bug] Crypto/Load - CCXT not responding, doesn't load."", '[Bug] stocks/fa/shrs -h: help dialogue is not displayed, error message instead.', 'Fix bad api output', 'Fixes econometric menu integrated tests', '[Bug] Portfolio/rvol - No error message printed, but an empty graph with a legend is returned', '[Bug] Portfolio/rsharpe - Displays empty graph, has legend but no values', '[Bug] unwanted dependency of 2 tests', 'Added recom error handling', '[Bug] OpenBB not starting when using fish shell on MacOS (M1)', '[IMPROVE] Add more distribution bars to the histogram of returns', '[Bug] Crypto/DD/OI - Frequency Interval flag is broken and also ambigious. What is 0,1,2,4?', '[Bug] Economy/spectrum: Terminal hangs after image opens, need to press ""enter"" to restore functionality.', 'Fix google trends. Error: The request failed: Google returned a response with code 429.', 'Fixes the alt menu integrated tests.', '[Bug] ford command: list index out of range', 'Fixed bad source default', 'windows 10 Docker Desktop on Windows no graphical output', 'docker pull denied error', 'Bug/2583', '[Bug] Portfolio/var not working - Error: percentiles should all be in the interval [0, 1]. Try -0.9890000000000001 instead.', 'New path for routines', 'Removed ford command', '[Bug] User Styles are being ignored.']","['closed (#2656)', 'closed (#2653)', 'closed (#2649)', 'closed (#2500)', 'closed (#2655)', 'closed (#2654)', 'closed (#2641)', 'closed (#2640)', 'closed (#2629)', 'closed (#2625)', 'closed (#2599)', 'closed (#2583)', 'closed (#2494)', 'closed (#2673)', 'closed (#2670)', 'closed (#2657)', 'closed (#2553)', 'closed (#2428)', 'closed (#2183)', 'closed (#2668)', 'closed (#2664)', 'closed (#2647)', 'closed (#2645)', 'closed (#2638)', 'closed (#2631)', 'closed (#2676)', 'closed (#2666)', 'closed (#2635)', 'closed (#2611)', 'closed (#2680)', 'closed (#2665)', 'closed (#2663)', 'closed (#2648)', 'closed (#2639)', 'closed (#2624)', 'closed (#2452)', 'closed (#2591)', 'closed (#2646)', 'closed (#2594)', 'closed (#2161)', 'closed (#2667)', 'closed (#2651)', 'closed (#2650)', 'closed (#2365)', 'closed (#2683)', 'closed (#2658)', 'closed (#2602)', 'closed (#2146)', 'closed (#2652)', 'closed (#2634)', 'closed (#2593)', 'closed (#2586)', 'closed (#2579)', 'closed (#2578)', 'closed (#2576)', 'closed (#2546)', 'closed (#2662)', 'closed (#2659)', 'closed (#2644)', 'closed (#2601)', 'closed (#2598)', 'closed (#2672)', 'closed (#2628)', 'closed (#2633)', 'closed (#2622)', 'closed (#2580)', 'closed (#2574)', 'closed (#2677)', 'closed (#2643)', 'closed (#2637)', 'closed (#2630)', 'closed (#2565)', 'closed (#2133)', 'closed (#2671)', 'closed (#2669)', 'closed (#2632)', 'closed (#2627)', 'closed (#2577)']","[627810, 628037, 628387, 628417, 628577, 628617, 628803, 628836, 628865, 628915, 628993, 629093, 629267, 629354, 629424, 629453, 629582, 629660, 629714, 629784, 629892, 629918, 629950, 629976, 630054, 630136, 630183, 630237, 630299, 630353, 630427, 630481, 630527, 632099, 632169, 632238, 632285, 632304, 632403, 632593, 632615, 632703, 632749, 632798, 632868, 632938, 633051, 633220, 633329, 633371, 634127, 634478, 634525, 634589, 634624, 634763, 634910, 635179, 635662, 636147, 636301, 636327, 636381, 636418, 636446, 636511, 639360, 640948, 641382, 644580, 645649, 648245, 650307, 654090, 671002, 672251, 673405, 674790]","[627752, 628002, 628240, 628393, 628552, 628584, 628620, 628809, 628842, 628868, 628921, 629000, 629099, 629273, 629360, 629430, 629534, 629588, 629666, 629720, 629790, 629898, 629921, 629956, 629979, 630060, 630142, 630186, 630243, 630305, 630359, 630433, 630487, 632070, 632102, 632175, 632241, 632288, 632349, 632409, 632599, 632623, 632709, 632755, 632804, 632874, 632944, 633114, 633226, 633355, 633940, 634452, 634481, 634558, 634592, 634739, 634766, 635159, 635639, 636066, 636260, 636304, 636330, 636384, 636421, 636480, 639319, 640894, 641329, 644167, 644774, 648173, 649869, 654046, 670972, 672230, 673359, 674750]","Fix stock and fund
Fixing logs on CI
[Bug] error: module 'i18n' has no attribute 'load_path' after new installation
Add End of Day Historical Data to FA : https://eodhistoricaldata.com/r/?ref=869U7F4J to
Fixes integrated tests for alt and economy
[Bug] /stocks/gov/topbuys - terminal outputs print(head()) instead of rich table.
[Bug] New API shows endpoints that are not applicable
Small refactor to terminal.py
Fixed export_data issue in Options controller
integration test fix for crypto disc
[Bug] Portfolio/rbeta - Empty graph where x-axis is not a date. Error: index 0 is out of bounds for axis 0 with size 0.
[Bug] Yahoo finance output in stocks/fa/income is not multiplying by 1000
Refactor CONTRIBUTING GUIDELINES
[Bug] quandl api key not working (nasdaq data link)
Added integration tests fixes
FIxes topbuys
[Bug] Every graph throws Wayland/Qt errors constantly when open
Added files outside OpenBB
An error occured while executing a docker command for installing the OpenBB image.
Fixes user styles
Fix charmap flair issue on windows
Etf fix
Fixes integrated tests for the economy controller
[Bug] events not returning data
Update pull_request_template.md
[Bug] Terminal settings are not being read from the file they are written
Fixed ccxt
Improved futures dashboard
New path for portfolio data
Fixes bug that makes reports INACCESSIBLE
Portfolio bundle fix
Fixed shrs command -h
Update README.md
fixing crypto nft integration bug
fixing integration tests for crypto defi
[Bug] openbbterminal-poetry-full:1.7.0 images not available in ghcr.io
[Bug] Several bugs on the options menu
New path for data_sources_default.json
[Bug] Econometrics Menu - Loaded Files and Data Columns is Unaware of any Changes Made, Like Adding
[Bug]Loading paths from terminal breaks if ""export"" is in the path
fix get_df for output in stocks/disc
Fixed the bug and refactored updating active data
Fixed the bug in crypto/dd/oi
Bad CPU type in executable on M1
fix: error #2676
Last stocks int
[Bug] Portfolio/PO/params - tangency argument produces a list instead of a boolean.
[Bug] flair - 'charmap' codec can't encode character
[Bug] `economy/macro` unexpected keyword ""currency""
New path for presets
Changes to pyproject for test-pypi
[Bug] stocks/disc/ford - Fidelity has cutoff public access to this table, function should be deprecated.
[Bug] Crypto/DD/news - Cannot find news for eth.
[Bug] Settings/FeatFlags are being written to a location they are not read from.
Recom Command on Stock Not Working
[Bug] Crypto/Load - CCXT not responding, doesn't load.
[Bug] stocks/fa/shrs -h: help dialogue is not displayed, error message instead.
Fix bad api output
Fixes econometric menu integrated tests
[Bug] Portfolio/rvol - No error message printed, but an empty graph with a legend is returned
[Bug] Portfolio/rsharpe - Displays empty graph, has legend but no values
[Bug] unwanted dependency of 2 tests
Added recom error handling
[Bug] OpenBB not starting when using fish shell on MacOS (M1)
[IMPROVE] Add more distribution bars to the histogram of returns
[Bug] Crypto/DD/OI - Frequency Interval flag is broken and also ambigious. What is 0,1,2,4?
[Bug] Economy/spectrum: Terminal hangs after image opens, need to press ""enter"" to restore functionality.
Fix google trends. Error: The request failed: Google returned a response with code 429.
Fixes the alt menu integrated tests.
[Bug] ford command: list index out of range
Fixed bad source default
windows 10 Docker Desktop on Windows no graphical output
docker pull denied error
Bug/2583
[Bug] Portfolio/var not working - Error: percentiles should all be in the interval [0, 1]. Try -0.9890000000000001 instead.
New path for routines
Removed ford command
[Bug] User Styles are being ignored."
2022-10-03,78,28.0,46.75,18.75,-0.125,74.875,True,high,0.16666666666666666,78,78,"['Make it easier for users to configure their terminal colors', 'allow to run a routine that has just been saved', 'refreshes some screenshots of the main menu on the core landing page.', '[IMPROVE] Funds/Search - Get rid of required argument `--fund`. Make it easier with, `search VanGuard`', '[Bug] Econometrics menu takes an incredible long time to load', '[IMPROVE] Add in Investor’s Business Daily Relative Price Strength (RS)', 'Clean up old api files', 'Fix typo in config.toml', ""[Bug] Economy/Macro --parameters POP --countries China. Error: 'Tens of thousands'"", '[Bug] Stocks/SIA/metric - Error: not enough values to unpack (expected 2, got 0) & also charting issue.', 'Data Sources Default Installer Bug Fix', '[Bug] Error loading economy/macro TOYA parameter', 'Autogenerated screenshots and plotshots', '[IMPROVE] Improve plotting functionality and add delete option to Economy menu', 'Sources Bug Fix Revert', 'ssl fix', 'Push to Dockerhub through Github Actions', ""[Bug] Installer v1.6 - Crypto/chart: Error: the command 'chart' doesn't exist on the /crypto/ menu."", 'Fix test_glassnode_view.py pytest failing', 'put ticker on clenow func', 'Fix key error bug', 'Portfolio binary bug fix', '[Bug] Portfolio issues warning on Installer', 'minor styling updates', '[Bug] economy/performance & valuation: sorting by columns containing `/` trigger a new command.', 'Run ""pre-commit autoupdate""', 'Docker revisions 2.0', 'Add 3 Token Terminal commands', '[Bug] pred/conv1d is broken', 'Forecasting Menu [Work in Progress]', '[FR] Prediction Models Accuracy or F-Score metrics?', 'Improved error handling for crypto commands', '[Bug] `News` does not sort by latest because `published` is not a DatetimeIndex', '[Bug] reports/crypto', 'Update pandas dependencies', '[IMPROVE] ETF replacing ld and ln by search', '[IMPROVE] Equity report', 'Allow loading of portfolio from arbitrary paths', '[FR] Neural prediction ignores end date (no backtesting)', 'Update Darts to 0.22', 'PO_controller refactoring and tests', '[IMPROVE]', 'New OpenBB SDK documentation', 'Release 1.9.0', 'reformat', 'Automatically Create and Build Docker', '[Bug] Integration tests failing', 'Clenow Indicator Legend Missing', 'Docker Volume Support and Remove the Last of the Files (Last Docker PR I Promise)', '[Bug] All Prediction features: When a non-price value is the target column, the table output is incorrectly assumed as a price.', '[IMPROVE] Improve error message when openbb.stocks.pred. is used', 'Refactor alphavantage commands in economy menu', 'Fixed crypto report issues', 'fixed typos in example for Jupyter notebook', 'Allow users to change api keys through OpenBB SDK', 'Fix /stocks/options/hist', '[Bug] stocks/options/hist - function is broken, does not like any input given.', 'Incompatible MacOs Version', '#2684 [CT] Improve stocks/sia error handling, abstract duplicate code', 'Add record session into routine capabiltiies', 'Fix ec macro', ""[Bug] /Stocks/SIA - load function doesn't work. Error: 'NoneType' object is not subscriptable"", 'Added back dashboards (sorry Didier)', 'Removed duplicate dependencies', 'Added error handling', ""[Bug] I'm getting an error while loading stocks"", 'Set multiple API keys at once on OpenBB SDK', 'Cleans plotting functionality for stocks/sia/metric', 'replace ln and ld by search', '[Bug] Crypto/Onchain: 3 BitQuery functions are broken - lt, dvcp, baas', 'fix: bug #2691', 'Update conda-3-9-env-full.yaml', 'Cleaned out pred remenants', 'fix(docs): added margin between sections', 'Data Sources Fix for Installer: Second Try', 'fix bitquery crypto funcs', '[Bug] Crypto/Disc/drdapps - prints a huge red message and then, Failed to fetch data from DappRadar', 'Improved sorting capabilities in the news function']","['closed (#2740)', 'closed (#2736)', 'closed (#2735)', 'closed (#2660)', 'closed (#2582)', 'closed (#2254)', 'closed (#2752)', 'closed (#2699)', 'closed (#2691)', 'closed (#2712)', 'closed (#2708)', 'closed (#2686)', 'closed (#2558)', 'closed (#2014)', 'closed (#2717)', 'closed (#2693)', 'closed (#2688)', 'closed (#2128)', 'closed (#2745)', 'closed (#2709)', 'closed (#2705)', 'closed (#2700)', 'closed (#2564)', 'closed (#2737)', 'closed (#2733)', 'closed (#2726)', 'closed (#2714)', 'closed (#2447)', 'closed (#2732)', 'closed (#1933)', 'closed (#346)', 'closed (#2704)', 'closed (#2681)', 'closed (#2679)', 'closed (#2678)', 'closed (#2542)', 'closed (#2172)', 'closed (#1974)', 'closed (#1088)', 'closed (#2750)', 'closed (#2725)', 'closed (#2703)', 'closed (#2696)', 'closed (#2694)', 'closed (#2742)', 'closed (#2706)', 'closed (#2612)', 'closed (#2575)', 'closed (#2715)', 'closed (#2085)', 'closed (#1778)', 'closed (#2739)', 'closed (#2722)', 'closed (#2687)', 'closed (#2642)', 'closed (#2749)', 'closed (#2731)', 'closed (#2729)', 'closed (#2723)', 'closed (#2702)', 'closed (#2689)', 'closed (#2684)', 'closed (#2751)', 'closed (#2744)', 'closed (#2721)', 'closed (#2719)', 'closed (#2716)', 'closed (#2713)', 'closed (#2710)', 'closed (#2707)', 'closed (#2698)', 'closed (#2753)', 'closed (#2743)', 'closed (#2738)', 'closed (#2718)', 'closed (#2711)', 'closed (#2701)', 'closed (#2682)']","[619699, 619785, 619831, 619877, 619989, 620604, 620688, 620755, 620839, 620914, 620976, 621019, 621094, 621165, 621209, 621237, 621262, 621301, 621377, 621512, 621709, 621913, 621946, 622064, 622198, 622261, 622307, 623941, 624074, 624170, 624222, 624252, 624298, 624403, 624460, 624511, 624538, 625079, 625120, 625173, 625188, 625302, 625341, 625436, 625492, 625533, 625950, 626726, 626778, 626852, 627125, 627410, 627472, 627507, 627746, 627967, 627999, 628073, 628234, 629531, 632064, 633937, 636224, 636477, 639389, 640497, 641548, 648885, 664225, 672006, 675046, 678684, 686383, 689531, 694595, 712080, 798370, 877386]","[619675, 619705, 619791, 619837, 619883, 620446, 620613, 620694, 620761, 620842, 620920, 620982, 621025, 621103, 621174, 621215, 621240, 621283, 621356, 621431, 621519, 621800, 621919, 621952, 622092, 622211, 622267, 622313, 623950, 624080, 624176, 624228, 624255, 624307, 624409, 624466, 624517, 624541, 625082, 625130, 625179, 625191, 625318, 625344, 625442, 625498, 625619, 626628, 626732, 626828, 626893, 627131, 627416, 627475, 627658, 627820, 627973, 628043, 628076, 629515, 630533, 633854, 636150, 636449, 639363, 640035, 641533, 648505, 664187, 671994, 675010, 678654, 686367, 689260, 692466, 712026, 798286, 877329]","Make it easier for users to configure their terminal colors
allow to run a routine that has just been saved
refreshes some screenshots of the main menu on the core landing page.
[IMPROVE] Funds/Search - Get rid of required argument `--fund`. Make it easier with, `search VanGuard`
[Bug] Econometrics menu takes an incredible long time to load
[IMPROVE] Add in Investor’s Business Daily Relative Price Strength (RS)
Clean up old api files
Fix typo in config.toml
[Bug] Economy/Macro --parameters POP --countries China. Error: 'Tens of thousands'
[Bug] Stocks/SIA/metric - Error: not enough values to unpack (expected 2, got 0) & also charting issue.
Data Sources Default Installer Bug Fix
[Bug] Error loading economy/macro TOYA parameter
Autogenerated screenshots and plotshots
[IMPROVE] Improve plotting functionality and add delete option to Economy menu
Sources Bug Fix Revert
ssl fix
Push to Dockerhub through Github Actions
[Bug] Installer v1.6 - Crypto/chart: Error: the command 'chart' doesn't exist on the /crypto/ menu.
Fix test_glassnode_view.py pytest failing
put ticker on clenow func
Fix key error bug
Portfolio binary bug fix
[Bug] Portfolio issues warning on Installer
minor styling updates
[Bug] economy/performance & valuation: sorting by columns containing `/` trigger a new command.
Run ""pre-commit autoupdate""
Docker revisions 2.0
Add 3 Token Terminal commands
[Bug] pred/conv1d is broken
Forecasting Menu [Work in Progress]
[FR] Prediction Models Accuracy or F-Score metrics?
Improved error handling for crypto commands
[Bug] `News` does not sort by latest because `published` is not a DatetimeIndex
[Bug] reports/crypto
Update pandas dependencies
[IMPROVE] ETF replacing ld and ln by search
[IMPROVE] Equity report
Allow loading of portfolio from arbitrary paths
[FR] Neural prediction ignores end date (no backtesting)
Update Darts to 0.22
PO_controller refactoring and tests
[IMPROVE]
New OpenBB SDK documentation
Release 1.9.0
reformat
Automatically Create and Build Docker
[Bug] Integration tests failing
Clenow Indicator Legend Missing
Docker Volume Support and Remove the Last of the Files (Last Docker PR I Promise)
[Bug] All Prediction features: When a non-price value is the target column, the table output is incorrectly assumed as a price.
[IMPROVE] Improve error message when openbb.stocks.pred. is used
Refactor alphavantage commands in economy menu
Fixed crypto report issues
fixed typos in example for Jupyter notebook
Allow users to change api keys through OpenBB SDK
Fix /stocks/options/hist
[Bug] stocks/options/hist - function is broken, does not like any input given.
Incompatible MacOs Version
#2684 [CT] Improve stocks/sia error handling, abstract duplicate code
Add record session into routine capabiltiies
Fix ec macro
[Bug] /Stocks/SIA - load function doesn't work. Error: 'NoneType' object is not subscriptable
Added back dashboards (sorry Didier)
Removed duplicate dependencies
Added error handling
[Bug] I'm getting an error while loading stocks
Set multiple API keys at once on OpenBB SDK
Cleans plotting functionality for stocks/sia/metric
replace ln and ld by search
[Bug] Crypto/Onchain: 3 BitQuery functions are broken - lt, dvcp, baas
fix: bug #2691
Update conda-3-9-env-full.yaml
Cleaned out pred remenants
fix(docs): added margin between sections
Data Sources Fix for Installer: Second Try
fix bitquery crypto funcs
[Bug] Crypto/Disc/drdapps - prints a huge red message and then, Failed to fetch data from DappRadar
Improved sorting capabilities in the news function"
2022-10-10,87,28.0,47.0,19.0,-0.5,75.5,True,high,0.6052631578947368,87,85,"['[Bug] Stocks/disc/upcoming - no output.', 'Fixed iteritems deprecated message #2807', 'Interest rates and spread matrix command - economy menu', ""[Bug] Econometrics's load always requires -f argument"", 'Fix of #2833', 'Moving everything inside `openbb_terminal` namespace', '[Bug] numeric_only deprecated FutureWarning message', 'Update SDK Hugo server', 'Added path fix', 'Regression Models Explainability (XAI) using SHAP', 'Enable single day forcast with all models', 'Downgrade Protobuf for Forecast Usage', 'Fixed crypto dashboard', 'Add demark indicator to stocks/ta', 'Fixed several errors in trading hours', 'Moving `exports` into `openbb_terminal` folder.', 'Moving `styles` into `openbb_terminal` folder.', 'Notify users of old `darts` version', '[Bug] `dashboards/forecast` says dependencies not installed, when they are installed', '[Bug] SDK - openbb.crypto.dd.hr(symbol=""ETH"")', 'Fix keys menu: tokenterminal & shroom bug fix', '/stocks/th local variable referenced before assignment', 'Order Documentation Navigation Sidebar Alphabetically', '[Bug] Portfolio/PO/Params/save - Error: No such file or directory. Trying to save to a bad path.', 'Fixed stocks dashboard tz issue', 'fix: numeric_only deprecated FutureWarning message', 'Improves the forex menu to include the `forecast` command', '[Bug] Crypto - Entering DD menu prints 3 error messages - Error: string indices must be integers', '[Bug] Dashboards/Forecast - The Forecasting Dependencies are not Installed.', 'boop', 'Fix of issue #2767: list comprehension and del after that, instead of…', 'Move `i18n` into `openbb_terminal`', 'Fixed plotting command', '[Bug] /funds/load returns 403 error.', '[IMPROVE] Alphabetize Documentation Navigation Sidebar', 'Fix hashrate', 'Updated vsurf and forecast API call', 'Nhits', 'Improved auto completion', '[Bug] `dashboards/vsurf` not updated to the new api', '[Bug] FutureWarning Iteritems deprecated', 'Forecast i8n name changes', 'Move all the extra files used by Terminal into `openbb_terminal` package', 'Enhances error handling in economy menu', 'Add --export to load functions', 'Small fixes', ""[Bug] Economy: `futures --source WallStreetJournal` - source does not show up in autocomplete and isn't recognized."", '[Bug]dashboards/stock TypeError: Invalid comparison between dtype=datetime64[ns, America/New_York] and datetime', 'Encode string', 'Integration with Shroom', '[Bug] Add in a test to check if logging into DEGIRO works', '[Bug] Login Issues with Degiro Broker integration', 'Update bug_report.md', ""[Bug] `reports/equity tsla` Error : 'NoneType' object is not iterable"", 'Allow any pair in crypto orderbook/trades', 'Introduction Guide for the Stocks SDK', 'Fixes bug with plotting the date column', 'Change funds load from investpy to investiny to fix 403 error', ""[IMPROVE] Matplotlib's Performance is Mind-Numbingly Slow. Simple Zooming and Panning Easily Overwhelms Modern Computers..."", 'Moving `terminal.py` file', 'Numpy Version Change for Installer Fix', 'Removed custom imports and exports folder', 'forecast/cor FutureWarning: The default value of numeric_only in DataFrame.corr is deprecated.', ""[Bug] API - `openbb.stocks.load(symbol = 'SPY, source = 'Polygon')`: AttributeError: 'str' object has no attribute 'strftime'"", 'Fix screenshot not finding images', '[Bug] Forecast Menu - Files in User Data Folder Are Not Found With `Load`', 'Annualize clenow momentum', 'Order main.yml alphabetically', 'Fix bug of not being able to save Portfolio param file', 'Stocks Menu SDK Introduction - Revised.', 'Fixed warning message', 'Remove stored folder', '[FR] Request from `--support` submission: Add flag for Y-Axis to be log-scale, universally.', 'Populate model functions with check_api_key decorator', 'Degiro fix', ""[Bug] Crypto: `find -h` - Error: 'NoneType' object has no attribute 'coin'"", '[Bug] Dashboards/Crypto - No data loading', 'Mpf log', 'Fix fund bug and add forecast menu command', 'Big Fix: 2815. Updated if condition that was raising exception', ""[Bug] fund/load --fund voo Error: time data '13/10/2022' does not match format '%m/%d/%Y'"", ""[Bug] Latest PRs break the API and can't initiate it."", 'Add cboe top of book', '[Bug] Unsafe change of size of a dictionary through iteration in the stocks dashboard.', ""[FR] Tom DeMark's Sequential Indicator, from pandas-ta""]","['closed (#2812)', 'closed (#2808)', 'closed (#2799)', 'closed (#2786)', 'closed (#2861)', 'closed (#2836)', 'closed (#2826)', 'closed (#2822)', 'closed (#2789)', 'closed (#2766)', 'closed (#2756)', 'closed (#2850)', 'closed (#2838)', 'closed (#2835)', 'closed (#2773)', 'closed (#2770)', 'closed (#2859)', 'closed (#2856)', 'closed (#2853)', 'closed (#2842)', 'closed (#2798)', 'closed (#2781)', 'closed (#2762)', 'closed (#2760)', 'closed (#2603)', 'closed (#2844)', 'closed (#2827)', 'closed (#2818)', 'closed (#2778)', 'closed (#2777)', 'closed (#2772)', 'closed (#2768)', 'closed (#2840)', 'closed (#2809)', 'closed (#2724)', 'closed (#2685)', 'closed (#2845)', 'closed (#2843)', 'closed (#2779)', 'closed (#2763)', 'closed (#2841)', 'closed (#2807)', 'closed (#2790)', 'closed (#2782)', 'closed (#2819)', 'closed (#2811)', 'closed (#2810)', 'closed (#2797)', 'closed (#2839)', 'closed (#2785)', 'closed (#2367)', 'closed (#2241)', 'closed (#2120)', 'closed (#2848)', 'closed (#2833)', 'closed (#2796)', 'closed (#2795)', 'closed (#2783)', 'closed (#2771)', 'closed (#2864)', 'closed (#2837)', 'closed (#2806)', 'closed (#2803)', 'closed (#2802)', 'closed (#2793)', 'closed (#2791)', 'closed (#2788)', 'closed (#2765)', 'closed (#2759)', 'closed (#2621)', 'closed (#2813)', 'closed (#2805)', 'closed (#2801)', 'closed (#2769)', 'closed (#2755)', 'closed (#2747)', 'closed (#2815)', 'closed (#2814)', 'closed (#2774)', 'closed (#2823)', 'closed (#2821)', 'closed (#2820)', 'closed (#2748)', 'closed (#2830)', 'closed (#2767)', 'closed (#2249)']","[609932, 610186, 610290, 610662, 610959, 611190, 611260, 611395, 611449, 611527, 611562, 611591, 611639, 611674, 611769, 611943, 612114, 612268, 612465, 612820, 613305, 613328, 613482, 613576, 613705, 613766, 613809, 613888, 614059, 614088, 614169, 614199, 614276, 614373, 614484, 614579, 614634, 614655, 614725, 614785, 614853, 614882, 614921, 615584, 615613, 615646, 615742, 615786, 615906, 616017, 616114, 616190, 616247, 616320, 616432, 616506, 616676, 616744, 616959, 617034, 617058, 617187, 617239, 617277, 617342, 617392, 617429, 617463, 617493, 617791, 617856, 618091, 618129, 618276, 618302, 619067, 619538, 620024, 620333, 621797, 627649, 633476, 634449, 653927, 664503, 664913, 675463]","[609894, 610127, 610223, 610608, 610903, 611151, 611220, 611324, 611401, 611455, 611533, 611565, 611594, 611645, 611677, 611775, 611949, 612120, 612409, 612756, 613241, 613308, 613424, 613488, 613582, 613735, 613769, 613815, 614038, 614062, 614091, 614179, 614202, 614282, 614382, 614490, 614640, 614661, 614734, 614825, 614859, 614885, 614971, 615590, 615616, 615649, 615748, 615890, 615966, 616023, 616120, 616199, 616291, 616323, 616466, 616515, 616682, 616813, 616965, 617037, 617117, 617193, 617245, 617283, 617348, 617395, 617432, 617469, 617500, 617797, 617915, 618097, 618169, 618285, 618985, 619076, 619992, 620027, 621715, 627510, 633374, 634403, 653621, 664413, 664854, 675410]","[Bug] Stocks/disc/upcoming - no output.
Fixed iteritems deprecated message #2807
Interest rates and spread matrix command - economy menu
[Bug] Econometrics's load always requires -f argument
Fix of #2833
Moving everything inside `openbb_terminal` namespace
[Bug] numeric_only deprecated FutureWarning message
Update SDK Hugo server
Added path fix
Regression Models Explainability (XAI) using SHAP
Enable single day forcast with all models
Downgrade Protobuf for Forecast Usage
Fixed crypto dashboard
Add demark indicator to stocks/ta
Fixed several errors in trading hours
Moving `exports` into `openbb_terminal` folder.
Moving `styles` into `openbb_terminal` folder.
Notify users of old `darts` version
[Bug] `dashboards/forecast` says dependencies not installed, when they are installed
[Bug] SDK - openbb.crypto.dd.hr(symbol=""ETH"")
Fix keys menu: tokenterminal & shroom bug fix
/stocks/th local variable referenced before assignment
Order Documentation Navigation Sidebar Alphabetically
[Bug] Portfolio/PO/Params/save - Error: No such file or directory. Trying to save to a bad path.
Fixed stocks dashboard tz issue
fix: numeric_only deprecated FutureWarning message
Improves the forex menu to include the `forecast` command
[Bug] Crypto - Entering DD menu prints 3 error messages - Error: string indices must be integers
[Bug] Dashboards/Forecast - The Forecasting Dependencies are not Installed.
boop
Fix of issue #2767: list comprehension and del after that, instead of…
Move `i18n` into `openbb_terminal`
Fixed plotting command
[Bug] /funds/load returns 403 error.
[IMPROVE] Alphabetize Documentation Navigation Sidebar
Fix hashrate
Updated vsurf and forecast API call
Nhits
Improved auto completion
[Bug] `dashboards/vsurf` not updated to the new api
[Bug] FutureWarning Iteritems deprecated
Forecast i8n name changes
Move all the extra files used by Terminal into `openbb_terminal` package
Enhances error handling in economy menu
Add --export to load functions
Small fixes
[Bug] Economy: `futures --source WallStreetJournal` - source does not show up in autocomplete and isn't recognized.
[Bug]dashboards/stock TypeError: Invalid comparison between dtype=datetime64[ns, America/New_York] and datetime
Encode string
Integration with Shroom
[Bug] Add in a test to check if logging into DEGIRO works
[Bug] Login Issues with Degiro Broker integration
Update bug_report.md
[Bug] `reports/equity tsla` Error : 'NoneType' object is not iterable
Allow any pair in crypto orderbook/trades
Introduction Guide for the Stocks SDK
Fixes bug with plotting the date column
Change funds load from investpy to investiny to fix 403 error
[IMPROVE] Matplotlib's Performance is Mind-Numbingly Slow. Simple Zooming and Panning Easily Overwhelms Modern Computers...
Moving `terminal.py` file
Numpy Version Change for Installer Fix
Removed custom imports and exports folder
forecast/cor FutureWarning: The default value of numeric_only in DataFrame.corr is deprecated.
[Bug] API - `openbb.stocks.load(symbol = 'SPY, source = 'Polygon')`: AttributeError: 'str' object has no attribute 'strftime'
Fix screenshot not finding images
[Bug] Forecast Menu - Files in User Data Folder Are Not Found With `Load`
Annualize clenow momentum
Order main.yml alphabetically
Fix bug of not being able to save Portfolio param file
Stocks Menu SDK Introduction - Revised.
Fixed warning message
Remove stored folder
[FR] Request from `--support` submission: Add flag for Y-Axis to be log-scale, universally.
Populate model functions with check_api_key decorator
Degiro fix
[Bug] Crypto: `find -h` - Error: 'NoneType' object has no attribute 'coin'
[Bug] Dashboards/Crypto - No data loading
Mpf log
Fix fund bug and add forecast menu command
Big Fix: 2815. Updated if condition that was raising exception
[Bug] fund/load --fund voo Error: time data '13/10/2022' does not match format '%m/%d/%Y'
[Bug] Latest PRs break the API and can't initiate it.
Add cboe top of book
[Bug] Unsafe change of size of a dictionary through iteration in the stocks dashboard.
[FR] Tom DeMark's Sequential Indicator, from pandas-ta"
2022-10-17,112,28.0,49.25,21.25,-3.875,81.125,True,high,1.4529411764705882,112,109,"['[IMPROVE] stocks/gov/histcont year and qtr can be ints not float', '[Bug] `crypto/defi/dpi` ValueError: 6 columns passed, passed data had 7 columns', '[Bug] Errors not handled in reports / equity', 'Removed warning when importing API', 'Rename sdk to SDK', 'Attempting to improve accuracy of latest version message', 'Added error handling', ""[Bug] Can't Import API - Latest Update to Main Breaks"", '[Bug] stocks/ta/vwap bad argument', '[Bug] `funds/overview` ConnectionError: ERR#0015: error 403, try again later.', '[IMPROVE] Where the input of a command is a list, there is not a consistent syntax system-wide. Space? Comma? Space and Comma? Capital Sensitive?', '[Bug] You are not using the lastest version incorrectly rendered', 'Changing reddit_sent command name (part 2)', 'Remove selenium', 'Allow for newly exported files to be loaded', 'Fixed bug in calling function get_balance and added enhancements', ""[Bug] `reports/ stocks btc` Error: 'NoneType' object has no attribute 'options'"", 'Moving `portfolio` and `data_sources_default.json` into `openbb_terminal` folder.', 'Fix settings not updating right away', 'Enhance economy menu with custom math functions', 'historical data for cost to borrow using stocksera api #1300', '[Bug] forex candle not showing candles?', '[Bug]stocks/ca/tsne showing warning', 'Docker : building + publishing', 'Add intro command + improve plot style + internationalisation consistency', 'github action: add hacktoberfest and installer to labels so that the CI stops failing', 'Initialize econonmetrics choices so that -h can be used', '[Bug] Terminal settings are not being read from the file they are written', '[Smol Bug] stocks/ba/rise wrong source', '[Bug] stocks/disc/upcoming no response', ""[Bug] `crypto/dd/btc` Error: display_markets() got an unexpected keyword argument 'symbol'"", 'Exception: variable coin referenced before assignment', '[Bug] Dashboards/Streamlit Apps: Forecasting Crashes, No Dashboard.', 'Fixes some James bugs', '[Bug] stocks/qa/beta off with intraday data', '[IMPROVE] stocks/qa/acf doesnt match .lower()', '[Bug] stocks/ins/act just shows warning', '[improve] `/economy/events` needs a new source', 'Allow users to export `predictions` into raw `csv`', '[Bug] Error in ""display_markets"" in crypto / dd', 'Fixed `crypto/dd/mkt` controller uses bad parameter names', '[Bug] No plots in the Web UI version of OpenBB Terminal', 'Workflow Changes for New Machines', '[Bug] Stocks/TA/fib - RuntimeWarning: invalid value encountered', '[Bug] stocks/dd/suppliers no data returned', 'Economic calendar', 'Plot style', 'Fix internationalization dictionary not being loaded', 'Moving `custom_imports` into `openbbterminal` folder.', '[Bug] crypto/dd/balance Error: cannot unpack non-iterable NoneType object', 'Bug/2804 e comman wont exit term', '[FR] Arthur Hayes USD Liquidity Index - Public Data and Simple Subtraction of Columns', '[IMPROVE] Integrate stocksera API into stocks/insider/finviz_model.py', '[Bug] matplotlib failed to import any qt binding with X-Server on linux', '[Bug] Integration test failing : test_portfolio_boolean_args.openbb', 'Adding documentation for builds and integration tests', 'Fix integration tests', '[Bug] stocks/disc/arkord sort values incorrect', 'infoswe  command name change', '[Bug] Crypto/Defi/DPI Columns Error', 'Clean up docker documentation', 'Fixes Streamlit', 'Return None instead of empty list when exception is caught', 'fix for #2953 Qty and Year showing up as floats instead of int', 'Fixed bug giving exception when calling balance in crypto', 'Starting to go through my bugs', 'Fix ""Target not AdjClose"" warning incorrectly appearing', 'Emacross name change part 2', 'Add stocksera source to `stocks/dps/ctb`', 'installer + hacktoberfest labels', 'Eliminate `update` for packaged app', '[Bug] Error fetching balance from Binance API even though coins are there', 'Moving `scripts` and `routines` into `openbb_terminal` folder.', ""e command doesn't allow the terminal to exit"", '[Bug]stocks/gov/contracts shows warning', '[IMPROVE] scr functions should have a metavar in arguments that take -p', 'Adding more integration tests', 'SDK logs improved', 'SDK logs', 'Spacc command name change (part 2)', 'Spacc name change', 'Make tests work with the pip package', 'Fixing Crypto/Defi/DPI Bug', 'Order sdk part of main.yml', 'Prompt toolkit better handling', '[Bug] stocks/bt/rsi warning', '[Bug]stocks/ins/stats -u', 'Emacross command name change', 'SDK - fix for objects logging', 'Allows oanda menu to be entered and updates no key message', ""[Bug] `forex/oanda` The command 'oanda' doesn't exist on the /forex/ menu."", 'New futures controller', '[Bug] API - Portfolio Optmization NCO', '[QUESTION] stocks/ins/view', 'Renaming `api` to `sdk`', 'Adding installation method to api readme', 'Semantics', 'Fixes stocks integration tests', '[Bug] Exception when calling balance in crypto / dd', '[IMPROVE] remove stocks/ta/view', 'redditsent command name change', 'Alswe command name change', 'Docker Documentation', 'Update `eval` help command', '[Bug] ""You are not using the latest version"" message', '[FR] use version numbering YYYY-MM instead of sequence numbers v2022-10 vs v1.9', 'Updating Integration Tests Path', 'Bug fix in mkt command after loading crypto', 'Sunsets the web_ui folder']","['closed (#2953)', 'closed (#2920)', 'closed (#2860)', 'closed (#2834)', 'closed (#2968)', 'closed (#2874)', 'closed (#2871)', 'closed (#2824)', 'closed (#2965)', 'closed (#2921)', 'closed (#2866)', 'closed (#2776)', 'closed (#2986)', 'closed (#2898)', 'closed (#2894)', 'closed (#2877)', 'closed (#2867)', 'closed (#2857)', 'closed (#2851)', 'closed (#2559)', 'closed (#2377)', 'closed (#2982)', 'closed (#2956)', 'closed (#2904)', 'closed (#2899)', 'closed (#2891)', 'closed (#2890)', 'closed (#2676)', 'closed (#2954)', 'closed (#2944)', 'closed (#2846)', 'closed (#2832)', 'closed (#2775)', 'closed (#2969)', 'closed (#2967)', 'closed (#2966)', 'closed (#2950)', 'closed (#2925)', 'closed (#2884)', 'closed (#2881)', 'closed (#2873)', 'closed (#2852)', 'closed (#2828)', 'closed (#2675)', 'closed (#2959)', 'closed (#2936)', 'closed (#2929)', 'closed (#2907)', 'closed (#2858)', 'closed (#2847)', 'closed (#2816)', 'closed (#2549)', 'closed (#1300)', 'closed (#2261)', 'closed (#2970)', 'closed (#2754)', 'closed (#2972)', 'closed (#2943)', 'closed (#2933)', 'closed (#2909)', 'closed (#2880)', 'closed (#2876)', 'closed (#2023)', 'closed (#2999)', 'closed (#2998)', 'closed (#2991)', 'closed (#2980)', 'closed (#2978)', 'closed (#2896)', 'closed (#2892)', 'closed (#2889)', 'closed (#2875)', 'closed (#2854)', 'closed (#2804)', 'closed (#2952)', 'closed (#2947)', 'closed (#2946)', 'closed (#2893)', 'closed (#2695)', 'closed (#2987)', 'closed (#2931)', 'closed (#2916)', 'closed (#2910)', 'closed (#2905)', 'closed (#2870)', 'closed (#2960)', 'closed (#2949)', 'closed (#2930)', 'closed (#2923)', 'closed (#2869)', 'closed (#2868)', 'closed (#2758)', 'closed (#2283)', 'closed (#2948)', 'closed (#2922)', 'closed (#2897)', 'closed (#2885)', 'closed (#2872)', 'closed (#2862)', 'closed (#2997)', 'closed (#2961)', 'closed (#2935)', 'closed (#2932)', 'closed (#2928)', 'closed (#2924)', 'closed (#2903)', 'closed (#2888)', 'closed (#2883)', 'closed (#2882)', 'closed (#2879)']","[599324, 599387, 599411, 599854, 600410, 600509, 600630, 600689, 600799, 601125, 601192, 601325, 601395, 601421, 601436, 601459, 601579, 601602, 601625, 601717, 601776, 601794, 601820, 601856, 601886, 601908, 601944, 602117, 602165, 602188, 602525, 602586, 602690, 602730, 602778, 602886, 602924, 602989, 603207, 603262, 603322, 603385, 603422, 603447, 603624, 603992, 604027, 604203, 604453, 605085, 605129, 605753, 605830, 606000, 606049, 606180, 606323, 607086, 607139, 607173, 607232, 607300, 607323, 607547, 607681, 607746, 607777, 607795, 607855, 607953, 609258, 609351, 609390, 609419, 609454, 609506, 609566, 609637, 609721, 609789, 609815, 609844, 609860, 610121, 610220, 610469, 610602, 610897, 611014, 611145, 611292, 611321, 612403, 612606, 613235, 613421, 614035, 614822, 617088, 617114, 618844, 619669, 626622, 628434, 628525, 640026, 641253, 653121, 662548, 663698, 685167, 768336]","[599297, 599337, 599393, 599742, 600365, 600416, 600606, 600654, 600707, 601040, 601169, 601195, 601331, 601401, 601424, 601439, 601566, 601582, 601605, 601694, 601758, 601779, 601800, 601838, 601859, 601889, 601911, 601947, 602142, 602168, 602423, 602537, 602621, 602693, 602736, 602784, 602892, 602930, 603145, 603210, 603268, 603328, 603391, 603425, 603576, 603870, 603998, 604148, 604403, 604465, 605091, 605544, 605759, 605836, 606006, 606261, 606329, 607092, 607145, 607176, 607238, 607306, 607459, 607553, 607687, 607752, 607783, 607808, 607861, 609187, 609264, 609396, 609422, 609460, 609512, 609572, 609643, 609727, 609795, 609818, 609847, 609979, 610195, 610296, 610475, 610700, 610965, 611017, 611266, 611295, 612271, 612492, 612981, 613380, 613909, 614791, 617061, 617091, 618308, 619544, 625956, 628393, 628437, 639618, 641225, 652990, 662469, 663631, 685000, 768283]","[IMPROVE] stocks/gov/histcont year and qtr can be ints not float
[Bug] `crypto/defi/dpi` ValueError: 6 columns passed, passed data had 7 columns
[Bug] Errors not handled in reports / equity
Removed warning when importing API
Rename sdk to SDK
Attempting to improve accuracy of latest version message
Added error handling
[Bug] Can't Import API - Latest Update to Main Breaks
[Bug] stocks/ta/vwap bad argument
[Bug] `funds/overview` ConnectionError: ERR#0015: error 403, try again later.
[IMPROVE] Where the input of a command is a list, there is not a consistent syntax system-wide. Space? Comma? Space and Comma? Capital Sensitive?
[Bug] You are not using the lastest version incorrectly rendered
Changing reddit_sent command name (part 2)
Remove selenium
Allow for newly exported files to be loaded
Fixed bug in calling function get_balance and added enhancements
[Bug] `reports/ stocks btc` Error: 'NoneType' object has no attribute 'options'
Moving `portfolio` and `data_sources_default.json` into `openbb_terminal` folder.
Fix settings not updating right away
Enhance economy menu with custom math functions
historical data for cost to borrow using stocksera api #1300
[Bug] forex candle not showing candles?
[Bug]stocks/ca/tsne showing warning
Docker : building + publishing
Add intro command + improve plot style + internationalisation consistency
github action: add hacktoberfest and installer to labels so that the CI stops failing
Initialize econonmetrics choices so that -h can be used
[Bug] Terminal settings are not being read from the file they are written
[Smol Bug] stocks/ba/rise wrong source
[Bug] stocks/disc/upcoming no response
[Bug] `crypto/dd/btc` Error: display_markets() got an unexpected keyword argument 'symbol'
Exception: variable coin referenced before assignment
[Bug] Dashboards/Streamlit Apps: Forecasting Crashes, No Dashboard.
Fixes some James bugs
[Bug] stocks/qa/beta off with intraday data
[IMPROVE] stocks/qa/acf doesnt match .lower()
[Bug] stocks/ins/act just shows warning
[improve] `/economy/events` needs a new source
Allow users to export `predictions` into raw `csv`
[Bug] Error in ""display_markets"" in crypto / dd
Fixed `crypto/dd/mkt` controller uses bad parameter names
[Bug] No plots in the Web UI version of OpenBB Terminal
Workflow Changes for New Machines
[Bug] Stocks/TA/fib - RuntimeWarning: invalid value encountered
[Bug] stocks/dd/suppliers no data returned
Economic calendar
Plot style
Fix internationalization dictionary not being loaded
Moving `custom_imports` into `openbbterminal` folder.
[Bug] crypto/dd/balance Error: cannot unpack non-iterable NoneType object
Bug/2804 e comman wont exit term
[FR] Arthur Hayes USD Liquidity Index - Public Data and Simple Subtraction of Columns
[IMPROVE] Integrate stocksera API into stocks/insider/finviz_model.py
[Bug] matplotlib failed to import any qt binding with X-Server on linux
[Bug] Integration test failing : test_portfolio_boolean_args.openbb
Adding documentation for builds and integration tests
Fix integration tests
[Bug] stocks/disc/arkord sort values incorrect
infoswe  command name change
[Bug] Crypto/Defi/DPI Columns Error
Clean up docker documentation
Fixes Streamlit
Return None instead of empty list when exception is caught
fix for #2953 Qty and Year showing up as floats instead of int
Fixed bug giving exception when calling balance in crypto
Starting to go through my bugs
Fix ""Target not AdjClose"" warning incorrectly appearing
Emacross name change part 2
Add stocksera source to `stocks/dps/ctb`
installer + hacktoberfest labels
Eliminate `update` for packaged app
[Bug] Error fetching balance from Binance API even though coins are there
Moving `scripts` and `routines` into `openbb_terminal` folder.
e command doesn't allow the terminal to exit
[Bug]stocks/gov/contracts shows warning
[IMPROVE] scr functions should have a metavar in arguments that take -p
Adding more integration tests
SDK logs improved
SDK logs
Spacc command name change (part 2)
Spacc name change
Make tests work with the pip package
Fixing Crypto/Defi/DPI Bug
Order sdk part of main.yml
Prompt toolkit better handling
[Bug] stocks/bt/rsi warning
[Bug]stocks/ins/stats -u
Emacross command name change
SDK - fix for objects logging
Allows oanda menu to be entered and updates no key message
[Bug] `forex/oanda` The command 'oanda' doesn't exist on the /forex/ menu.
New futures controller
[Bug] API - Portfolio Optmization NCO
[QUESTION] stocks/ins/view
Renaming `api` to `sdk`
Adding installation method to api readme
Semantics
Fixes stocks integration tests
[Bug] Exception when calling balance in crypto / dd
[IMPROVE] remove stocks/ta/view
redditsent command name change
Alswe command name change
Docker Documentation
Update `eval` help command
[Bug] ""You are not using the latest version"" message
[FR] use version numbering YYYY-MM instead of sequence numbers v2022-10 vs v1.9
Updating Integration Tests Path
Bug fix in mkt command after loading crypto
Sunsets the web_ui folder"
2022-10-24,103,28.0,51.5,23.5,-7.25,86.75,True,high,0.6914893617021277,103,102,"['[IMPROVE] Missing Documentation for Ta/atr', 'sia cleanup', 'Better UX when model cant find best theta', 'Poetry : Remove pmdarima', 'Removed cramer', 'up', '[Bug] Integration test failing : test_economy.openbb', '[IMPROVE] Commands with same output, should be condensed into same command.', 'OpenBBUserDataFolder Guide', '[Improve] New menu is not accessible without rebuilding the Python Environment. Error: Please install forecast version.', '[Bug]  tcgetpgrp failed: Not a tty', 'Fix bitcoin rainbow', '[Bug] QA/bw - no output', 'SDK to be logged as config parameter', '[ENHANCEMENT] etf/search should add in -n if not supplied', 'Switches all multi input arguments to comma separation', '[Bug] `Bad CPU type in executable` for Macbook Air M2 chip', '[IMPROVE] etf load - tell when not loading an etf', '[Bug] `crypto/disc/drgames` command broken', '[Bug] stocks/fa/income --source AlphaVantage no data', '[Bug] sia  vis -m roe not valid, but in autocomplete', 'Fixed issues with Futures menu', '[Bug] forex load EURUSD -i 2min', '[Bug] stocks/options/plot invalid options', 'Update DOCKER_README.md', 'Fix forex bugs', 'Handle bad network connections', 'Increase number of columns to `show` in data set', 'Fix stocks bugs', 'Massive Simplification of the Docker Setup', 'Ta/atr function', '[Bug] stocks/ta/recom -s crypto', 'Cleaned Dependencies', ""[Bug] `portfolio/po/load` Error: [Errno 2] No such file or directory: 'OpenBB_Parameters_Template_v1.0.0.xlsx'"", '[Bug] stocks/load aapl/sia/clear mktcap/vis re', '[Bug] sia/ satma -h', '[Bug] etf menu commands not working', 'Allowing integration tests to be run by menu', '[Bug] etf autocomplete?', '[IMPROVE] Consistent approach for flags with multiple inputs', 'Refactor reports menu and make it work on installer', '[Bug] stocks command non-responsive', '[Enhancement] same and satma can be removed', 'generate new doc', '[Bug] etf/ta not matching stocks/ta', 'Hugo for atr', 'Fix using forecast in SDK + crypto alignment', 'Adds Introduction to Futures Menu', 'Logging : detect pypi install + PIIS filtering', '[Bug] Re-iterating #2307 that cramer source is old', '[Bug] `economy/events` Error: Expecting value: line 1 column 1 (char 0)', 'Fixed Warning Message on Command', '[Bug] Links that refer to the Prediction menu should redirect to Forecasting menu in the openbb.co/docs', 'Fix broken URL for `SDK_README.md`', 'Fixes traceback limit to 0', 'Bugs 2.0', '[Bug] forex load EURUSD --source AlphaVantage ""No Data Loaded""', '[Bug] /economy/qa/ $ hist -b 10', '[Bug] /forex/qa/ $ acf', 'Enhance look and readability of `corr` heatmap (UX)', '[Bug] stocks/news flags unused?', '[IMPROVE] Rename commands with underscore', '[FR] Arthur Hayes USD Liquidity Index - Public Data and Simple Subtraction of Columns', '[Improve] voila and wsl', '[FR] Use CPU only', ""[Bug] Windows 10 Pro with EXE Installer v.1.7: This app can't run on your PC"", 'fix news sources', '[IMPROVE] Similar to the Terminal documentation, the SDK documentation needs to be alphabetised', '[IMPROVE] Stocks/SIA/load - Source argument is ignored. Load needs to be a Universal function that is the same everywhere.', '[Bug] Console Command Line broken Ubuntu', 'Clean UP ETF for next version', 'Spelling correction', '[Bug] `from openbb_terminal.sdk import openbb` Could not find the item below', '[Bug] stocks/options/exp no longer supports entering a date?', '[Bug] `/economy/ $ fred` - wrong example on the website', 'Fix: replaced the prediction techniques links with foecasting menu links', '[IMPROVE] crypto menu alignment', 'Fix etf broken commands', '[Bug] key/binance -k <lorem ipsum> str expected', '[Bug] stocks/options/load NDX --source Nasdaq', '[Bug] stocks/th/open -h', '[Bug] equity report uses an SDK function that no longer exists', 'Adds Token Terminal to list of API data sources.', 'made key secret pairs required params', 'Combining commands and renaming others', 'DEBUG MODE DOESNT WORK', '[Bug] etf/overview ""SPY"" not found in ETFS?', ""[IMPROVE] Commands shouldn't start with name of the data source"", 'feat: shortened the title', 'cramer_chart removd from equity.ipynb fixes #3122', '[Bug] /forex/ $ candle --ma', 'Tidy up information regarding installation', '[Bug]', 'Docker + Pypi : update logs + builds', 'Fix Portfolio.Po API issues', 'Stocks/BA/JCDR - Jim Cramer Daily Recommendation website is out of date', 'Poetry : Remove `pmdarima`', 'Removes Black and Mypy from normal build', 'Fixes #3086', '[Bug] /forex/ta/ $ bbands -l 1 -s 0.25 -m ema', 'Improve UI/UX styling regarding to spacing', 'Order sdk part of main.yml']","['closed (#3152)', 'closed (#3134)', 'closed (#3133)', 'closed (#3126)', 'closed (#3021)', 'closed (#3014)', 'closed (#2971)', 'closed (#2915)', 'closed (#2831)', 'closed (#2746)', 'closed (#2232)', 'closed (#3037)', 'closed (#3032)', 'closed (#3011)', 'closed (#2975)', 'closed (#2902)', 'closed (#2315)', 'closed (#3099)', 'closed (#3034)', 'closed (#2958)', 'closed (#3130)', 'closed (#3012)', 'closed (#2983)', 'closed (#2942)', 'closed (#3157)', 'closed (#3131)', 'closed (#3116)', 'closed (#3046)', 'closed (#3039)', 'closed (#3029)', 'closed (#3022)', 'closed (#2962)', 'closed (#2927)', 'closed (#2918)', 'closed (#2728)', 'closed (#3129)', 'closed (#3009)', 'closed (#2992)', 'closed (#2977)', 'closed (#2887)', 'closed (#2878)', 'closed (#2863)', 'closed (#2533)', 'closed (#3159)', 'closed (#3100)', 'closed (#3153)', 'closed (#3119)', 'closed (#3030)', 'closed (#2973)', 'closed (#2955)', 'closed (#2919)', 'closed (#3081)', 'closed (#3038)', 'closed (#3015)', 'closed (#3006)', 'closed (#2993)', 'closed (#2981)', 'closed (#3088)', 'closed (#3077)', 'closed (#3058)', 'closed (#2938)', 'closed (#2913)', 'closed (#2549)', 'closed (#2477)', 'closed (#322)', 'closed (#2316)', 'closed (#3118)', 'closed (#2780)', 'closed (#2609)', 'closed (#1921)', 'closed (#3110)', 'closed (#3061)', 'closed (#3005)', 'closed (#2941)', 'closed (#3086)', 'closed (#3067)', 'closed (#3047)', 'closed (#3010)', 'closed (#3001)', 'closed (#2940)', 'closed (#2937)', 'closed (#3122)', 'closed (#3102)', 'closed (#3002)', 'closed (#3000)', 'closed (#2990)', 'closed (#2976)', 'closed (#2914)', 'closed (#3143)', 'closed (#3132)', 'closed (#3071)', 'closed (#3040)', 'closed (#3028)', 'closed (#3016)', 'closed (#2895)', 'closed (#2307)', 'closed (#3125)', 'closed (#3036)', 'closed (#3145)', 'closed (#3075)', 'closed (#3073)', 'closed (#2906)']","[590569, 590685, 591123, 591149, 591358, 591812, 592223, 592360, 592466, 592569, 592590, 592611, 592756, 592803, 593039, 593215, 593290, 593473, 593821, 594047, 594106, 594121, 594438, 594509, 594701, 595165, 595254, 595483, 595579, 595819, 596002, 596139, 596455, 596540, 596811, 596959, 597015, 597066, 597118, 597180, 597242, 597374, 597572, 597595, 597994, 598106, 598427, 598486, 598530, 598540, 598630, 598697, 598786, 598807, 598894, 598926, 599176, 599201, 599291, 599666, 599739, 599885, 600603, 600651, 600831, 600856, 600880, 601031, 601166, 601563, 601654, 601755, 602214, 602254, 602280, 602383, 602420, 603078, 603492, 603552, 603673, 603702, 603755, 604397, 605434, 606255, 607405, 609181, 609976, 612750, 616807, 620443, 621409, 634261, 641267, 641860, 647019, 659208, 659301, 659745, 666849, 696138, 878932]","[590536, 590668, 591090, 591132, 591310, 591720, 592115, 592232, 592373, 592469, 592575, 592593, 592704, 592762, 592976, 593151, 593221, 593430, 593765, 594015, 594088, 594109, 594415, 594467, 594637, 595139, 595224, 595363, 595550, 595783, 595955, 596070, 596430, 596458, 596747, 596817, 596965, 597018, 597072, 597165, 597222, 597245, 597380, 597575, 597940, 598010, 598245, 598436, 598492, 598571, 598636, 598703, 598792, 598854, 598903, 599110, 599182, 599207, 599516, 599675, 599860, 600573, 600633, 600805, 600834, 600859, 600909, 601134, 601537, 601628, 601720, 602191, 602217, 602257, 602318, 602386, 602995, 603450, 603495, 603630, 603676, 603705, 604209, 605132, 606186, 607326, 607959, 609935, 612612, 616750, 620359, 621386, 634225, 641225, 641845, 646939, 659184, 659211, 659706, 666826, 696071, 878895]","[IMPROVE] Missing Documentation for Ta/atr
sia cleanup
Better UX when model cant find best theta
Poetry : Remove pmdarima
Removed cramer
up
[Bug] Integration test failing : test_economy.openbb
[IMPROVE] Commands with same output, should be condensed into same command.
OpenBBUserDataFolder Guide
[Improve] New menu is not accessible without rebuilding the Python Environment. Error: Please install forecast version.
[Bug]  tcgetpgrp failed: Not a tty
Fix bitcoin rainbow
[Bug] QA/bw - no output
SDK to be logged as config parameter
[ENHANCEMENT] etf/search should add in -n if not supplied
Switches all multi input arguments to comma separation
[Bug] `Bad CPU type in executable` for Macbook Air M2 chip
[IMPROVE] etf load - tell when not loading an etf
[Bug] `crypto/disc/drgames` command broken
[Bug] stocks/fa/income --source AlphaVantage no data
[Bug] sia  vis -m roe not valid, but in autocomplete
Fixed issues with Futures menu
[Bug] forex load EURUSD -i 2min
[Bug] stocks/options/plot invalid options
Update DOCKER_README.md
Fix forex bugs
Handle bad network connections
Increase number of columns to `show` in data set
Fix stocks bugs
Massive Simplification of the Docker Setup
Ta/atr function
[Bug] stocks/ta/recom -s crypto
Cleaned Dependencies
[Bug] `portfolio/po/load` Error: [Errno 2] No such file or directory: 'OpenBB_Parameters_Template_v1.0.0.xlsx'
[Bug] stocks/load aapl/sia/clear mktcap/vis re
[Bug] sia/ satma -h
[Bug] etf menu commands not working
Allowing integration tests to be run by menu
[Bug] etf autocomplete?
[IMPROVE] Consistent approach for flags with multiple inputs
Refactor reports menu and make it work on installer
[Bug] stocks command non-responsive
[Enhancement] same and satma can be removed
generate new doc
[Bug] etf/ta not matching stocks/ta
Hugo for atr
Fix using forecast in SDK + crypto alignment
Adds Introduction to Futures Menu
Logging : detect pypi install + PIIS filtering
[Bug] Re-iterating #2307 that cramer source is old
[Bug] `economy/events` Error: Expecting value: line 1 column 1 (char 0)
Fixed Warning Message on Command
[Bug] Links that refer to the Prediction menu should redirect to Forecasting menu in the openbb.co/docs
Fix broken URL for `SDK_README.md`
Fixes traceback limit to 0
Bugs 2.0
[Bug] forex load EURUSD --source AlphaVantage ""No Data Loaded""
[Bug] /economy/qa/ $ hist -b 10
[Bug] /forex/qa/ $ acf
Enhance look and readability of `corr` heatmap (UX)
[Bug] stocks/news flags unused?
[IMPROVE] Rename commands with underscore
[FR] Arthur Hayes USD Liquidity Index - Public Data and Simple Subtraction of Columns
[Improve] voila and wsl
[FR] Use CPU only
[Bug] Windows 10 Pro with EXE Installer v.1.7: This app can't run on your PC
fix news sources
[IMPROVE] Similar to the Terminal documentation, the SDK documentation needs to be alphabetised
[IMPROVE] Stocks/SIA/load - Source argument is ignored. Load needs to be a Universal function that is the same everywhere.
[Bug] Console Command Line broken Ubuntu
Clean UP ETF for next version
Spelling correction
[Bug] `from openbb_terminal.sdk import openbb` Could not find the item below
[Bug] stocks/options/exp no longer supports entering a date?
[Bug] `/economy/ $ fred` - wrong example on the website
Fix: replaced the prediction techniques links with foecasting menu links
[IMPROVE] crypto menu alignment
Fix etf broken commands
[Bug] key/binance -k <lorem ipsum> str expected
[Bug] stocks/options/load NDX --source Nasdaq
[Bug] stocks/th/open -h
[Bug] equity report uses an SDK function that no longer exists
Adds Token Terminal to list of API data sources.
made key secret pairs required params
Combining commands and renaming others
DEBUG MODE DOESNT WORK
[Bug] etf/overview ""SPY"" not found in ETFS?
[IMPROVE] Commands shouldn't start with name of the data source
feat: shortened the title
cramer_chart removd from equity.ipynb fixes #3122
[Bug] /forex/ $ candle --ma
Tidy up information regarding installation
[Bug]
Docker + Pypi : update logs + builds
Fix Portfolio.Po API issues
Stocks/BA/JCDR - Jim Cramer Daily Recommendation website is out of date
Poetry : Remove `pmdarima`
Removes Black and Mypy from normal build
Fixes #3086
[Bug] /forex/ta/ $ bbands -l 1 -s 0.25 -m ema
Improve UI/UX styling regarding to spacing
Order sdk part of main.yml"
2022-10-31,213,28.0,51.5,23.5,-7.25,86.75,True,high,5.372340425531915,213,208,"['[Bug] `crypto/dd/news` dropdown errors', 'Improve UX when wrong command is selected', '[Bug] /alternative/covid', '[Bug] `crypto/defi/swaps` sort and column name bug', '[Bug] `crypto/onchain/dvcp` limit and descend broken', '[Bug] Binance API keys', '[Bug] `crypto/cgtop` errors', '[Bug] `crypto/prt --top` and `--price` behavior', ""[Bug]stocks/options/unu needs the '/' treatment"", '[Bug] cglosers sort and futurewarnings', 'More Fixes to Crypto + key sort', 'Fixing 6 crypto bugs', '[SDK] Allow silencing verbose output in commands that use stocks/load', 'Adds guide for SDK/Keys', ""[Bug] ta/rsp - When ticker = SPY, Error: local variable 'rsp_industry' referenced before assignment"", '[Bug] `crypto/ov/cr` flags and plot bugs', '#3264 fixing some autocomplete on historical', 'Improves Error Handling for option.grhist', 'Fixed docs', '[Bug] Forex Menu: `forecast` menu listed as a Forex Brokerage', 'Fix 3188 - UX for `Feature Engineering` functions', 'Fix 3194', ""[Bug] `/econometrics/ $ panel` website example don't work"", '[Bug] Stocks/search --country: autocomplete lists capitalized country names, but ArgParse wants to see lower case.', '[Bug] Portfolio optimization bugs', '[Bug] `crypto/onchain/whales` `--address, -a` flag unavailable', '[Bug] `crypto/ov/hm --category` errors', '[Bug] Economy/plot --raw: no raw data displayed, only chart.', '[Feature XS] Increase granularity of data on crypto', 'Adds Verbosity to Error Message Warnings and Fixes my Issue when No Variables Present.', '[Bug] SDK - `openbb.stocks.options.grhist` - Error: index 0 is out of bounds for axis 0 with size 0', '[Bug] /portfolio/metric rsquare - when using example file it crashes terminal', '[Bug] `equity` and `forex` default reports breaking', 'Add clear -p and --param to autocomplete', 'Refactor common/ta', 'Added capitalization fixes for stock/search', 'fix a bunch of cryptooooo', ""[Bug] `/econometrics/ $ root` website example don't work"", ""[Bug] `/econometrics/ $ norm` website example don't work"", '[Bug] Improvement on sto,rsi,...', '[Bug] `crypto/dd/funot` broken command', '[Bug] `crypto/dd/ex --descend` does not work', '[Bug] /futures/historical', 'Adds Introduction Guide for the Economy SDK Module', '[Bug] `crypto/defi/dpi` command broken', '[Bug] Sub-Menu is Broken: `crypto/ov`', '[Bug]`crypto/ov/contracts --platform` issues', ""[Bug] `reports/ forex usdgbp` Error : 'list' object has no attribute 'to_html'"", '[Bug] `metric` from `stocks/sia` missing a `--show-all`', '[Bug] /forex/qa/ $ line --draw #3076', '[Bug] `crypto/ta/rsi` flag drop down issue', 'Fix SDK plot colors without needing openbb.stocks.candle', '[Bug] `crypto/nft/stats --limit` flag not available', '[Bug] `crypto/defi/anchor` terra address spelling error', '[Bug] `crypto/defi/pools --sort` not working', '[Bug] Inconsistent output format for metric command', 'Updated portfolio/load --rfr options', '[Bug] Intro will never be called because ethplorer', '[Bug] `crypto/find <coin> --source` warnings and errors', '[Bug] `futures/curve NG` X-axis unreadable', '[Bug] error handling is gone when input not an option', '[FEAT] StatsForecast AutoETS forecasting model', '`futures/curve` capitalization fix', '[Bug] Screeners - Autocomplete of Stock Screener Preset Files are getting cut short.', '[Bug] Stocks/SIA - `metric --show-all` - Error: None', '[Bug] `Crpyto/OV` submenu is missing from the Documentation.', '[Bug] `python terminal.py ""stocks/load aapl/candle --raw --export xlsx""` IndexError: list index out of range', '[Bug] `crypto/dd/twitter` errors', 'Improve forecast menu usability', '[Bug] economy/rtps chart is hijacked by other charts', '[Bug] SDK - `openbb.economy.events()` returns nothing, but the Terminal does.', '[Bug] `crypto/onchain/baas` command is broken', 'Refactored quote command', 'Get rid of funds menu....for now', 'Removed the --raw option from economy/plot', 'Formatting, first image is not given a new line.', 'Fixes Issues with Forex', '[Bug] SDK - `openbb.forex.oanda.get_calendar` - Default setting for `days`, 7, is ignored.', 'Fixing crypto commands `hold`, `ttcp`, `contracts`, and `hm`', 'Fix 3202', '[Bug] `crypto/dd/trades` and `ob` combining commands error', 'When renaming funcs to remove source at start, the translating keys were missing update', '[Bug] `crypto/nft/fp --slug` issues', '[Bug] Failing to commit to forked branch due to CLRF pre-commit hook errors under pylint', '[Bug] /reports/ $ forecast', '[Bug] `crypto/defi/tokens --sort`', '[Bug] `crypto/onchain/lt --descend` is broken', 'Fix top categories and sorting not working', 'fixing macd and a few others', 'Forecast Report updates + API standardization for defaults', 'Fix 3018', 'Changed where sdk events points to', 'fix #3236', 'Fixes Issues with the OSS Menu', 'Fix typo in crypto load autocompletion', 'Fix 3193', '[Bug] `crypto/ta/cci` non needed flags', ""[Bug] SDK - `openbb.common.ta.rsi` - Error: rsi() got an unexpected keyword argument 'data'"", '[Bug] SDK - `openbb.economy.spread` - No data, function was removed from Terminal because of this but remains part of the SDK', '[Bug] `crypto/defo/ldapps --desc` & `--descend` errors', 'Added error handling', 'Adds crypto features missing in SDK', '[Bug] Economy report with empy charts', 'Fix 3184', ""[Bug] dd menu shows wrong source and 'list' object has no attribute 'get'"", '3 more crypto fixes', 'Fix 3195', 'Fix 3200', 'remove funds overview', '[Bug] `crypto/qa/raw --descend` has no effect', '[Bug] `crypto/ta/line` help details', '[Bug] `crypto/defi/validators` command broken', '[Bug] `crypto/onchain/tv --descend` broken', 'improved integration tests', '[Bug] `crypto/ov/news` `-f` for filtering is not available', 'Refactors Econometrics and Forecast load commands and controller', 'Fix metric format', 'Spoooooky bugs - Futures menu ++', 'Fix dcf', 'Fix 3192', 'Fix Some Econometrics Bugs', ""[Bug] SDK `openbb.common.ta.kc` - Error: kc() got an unexpected keyword argument 'data'"", '[Bug] `crypto/defi/gacc --descend` has not purpse', '[Bug] Dashboards/Forecast - There was an error when executing cell [1].', '[Bug] `crypto/disc` broken commands from DappRadar', '[Bug] crypto/ov/hm is not working', '[Bug] stocks/ta/macd. -- Chart style in general', 'Fix #3235 Equity reports', '[Bug] crypto/ov/hm graph is wacky', '[Imporve] Standardize Stocks/SIA Output (or alert users to EXACTLY what they are being shown)', 'fix(stocks): --show-all accessing out of range index on vis (#3249)', 'Reset the auto-complete options in custom prompt', ""[Bug] Forex - `load --source Oanda` - Error: local variable 'df' referenced before assignment"", '[Bug] `crypto/dd/events` error', ""[Bug] SDK - `openbb.common.ta.fib` - Error: 'Adj Close' - Function is looking for columns that don't always exist."", ""[Bug] SDK - `openbb.common.ta.macd` - Error: macd() got an unexpected keyword argument 'data'"", ""[Bug] futures/curve doesn't have exception handling"", '[Bug] Autocomplete', 'Added crypto/defi fixes', '[Bug]`crypto/disc/search` command broken', '[Bug] `cggainers` sort and futurewarnings', '[Bug] `crypto/price` broken command', '[Bug] futures/curve input sensitive to capitalization', 'fix [Bug] Screeners - Autocomplete of Stock Screener', 'Fixed links', 'Fix 3196', '[Bug] `/econometrics/ $ load -f wage_panel -a wp` autocomplete only in the 1st arg', '[Bug] `crypto/qa/acf` future warning', '[Bug] `crypto/dd/desc` command has no help option', ""[Bug] SDK - `openbb.common.ta.stoch` - KeyError: 'Adj Close'"", ""[Bug] SDK - `openbb.common.ta.atr` - Error: atr() missing 2 required positional arguments: 'low_prices' and 'close_prices'"", ""[Bug] SDK in Jupyter Lab - When importing `from openbb_terminal.sdk import openbb`, it says `futures.csv` doesn't exist although it is in that path"", 'refactor: divide load() for each currency data source', '[Bug] `crypto/defi/vaults` link and descend bugs', '[Bug] SDK - openbb.stocks.quote prints a dataframe and the terminal view.', '[Bug] `crypto/ov/hold` bar chart error', '[Bug] `crypto/ov/exchanges` bugs', 'removing explicit `statsforecast` version from conda and fixing numpy', '`crypto/prt` fixes', '[Bug] SHOWSTOPPER - Menu is triggering after command output', 'Fix 3191', '[Bug] `stocks/qa/raw --descend` does not sort', '[Bug] stocks/fa/dcf -> Error: Could generate a dataframe for the ticker symbol', '[Bug] `crypto/dd/mkt --descend` error', ""[Bug] SDK - `openbb.common.ta.obv` - Function is looking for an `Adj Close` column when in reality they don't always exist."", 'Update DOCKER_README.md', '[Bug] funds/overview should get commented out', 'Making Crypto/Defi/DPI --sort Pretty Again', '[Bug] Setting a bad environment variable can brick the terminal', 'Fix Various portfolio/po issues', 'Crypto-day-2-All-Bugs-on-notice', '[Bug] `crypto/ta/ad --open` command is broken', '[Bug] `crypto/ta/vwap` command broken', '[Bug] `crypto/onchain/ttcp` various bugs', '[Bug] `crypto/onchain/ueat --descend` broken and `--limit`is slightly wrong', '[Bug] `crypto/ov/markets --sort` does not work', '[Bug] `reports/equity tsla` Error : list indices must be integers or slices, not str', '[Bug] API - Styles are not Recognized Until After a Candle Chart is Called.', '[Bug] Options - VOI function is not returning the correct values.', 'Moves futures.csv to the misc folder', 'Small pyproject changes', '[Improvement] Autocompletion of futures expirations', '[Bug] Stocks/SIA - `vis --show-all`: Error: list index out of range', 'Improve export to be all in same folder', '[Bug] /alternative/oss', 'Improve ETF menu', '[Bug] `crypto/ov/derivatives` flag errors', '[Bug] Forecast & Econometrics menu - Columns with `/` in the header trigger a new command', '#3290 fix heatmap make it pertyyy', 'Updated check for new user', ""[Bug] `/econometrics/ $ coint` website example don't work"", 'Added fixes to economy report', 'Bugs', ""[Bug]stocks/options/unu needs the '/' treat #2939"", 'Handle Bad Environment Variables', ""[Bug] Stocks/Options - `grhist` - `--limit` prints `Error: bad operand type for unary -: 'str'`"", 'Adds SDK Guide for Forex Menu', 'Some fixes on crypto', 'Fix 3190', '[Bug] `/stocks/ $ news` both sources display errors', 'Refactor the QA Raw Command', 'version check for `statforecast`', 'Updating crypto integration tests', '[Bug] `crypto/dd/stats --vs` not available', '[Bug] `crypto/defi/sinfo` broken', '[Bug] `crypto/defi/pairs` sort and descend errors', '[Bug] /forex/qa/ $ line --draw', '[Bug] Autocompletion not working correctly in the funds menu']","['closed (#3191)', 'closed (#3179)', 'closed (#3136)', 'closed (#3104)', 'closed (#3091)', 'closed (#3023)', 'closed (#3020)', 'closed (#3019)', 'closed (#2939)', 'closed (#3027)', 'closed (#3244)', 'closed (#3228)', 'closed (#3180)', 'closed (#3111)', 'closed (#3065)', 'closed (#3060)', 'closed (#3295)', 'closed (#3284)', 'closed (#3267)', 'closed (#3256)', 'closed (#3224)', 'closed (#3218)', 'closed (#3208)', 'closed (#3197)', 'closed (#3135)', 'closed (#3089)', 'closed (#3052)', 'closed (#2974)', 'closed (#2129)', 'closed (#3287)', 'closed (#3282)', 'closed (#3252)', 'closed (#3235)', 'closed (#3233)', 'closed (#3226)', 'closed (#3225)', 'closed (#3220)', 'closed (#3207)', 'closed (#3205)', 'closed (#3188)', 'closed (#3187)', 'closed (#3184)', 'closed (#3147)', 'closed (#3142)', 'closed (#3096)', 'closed (#3063)', 'closed (#3057)', 'closed (#2900)', 'closed (#3300)', 'closed (#3297)', 'closed (#3195)', 'closed (#3178)', 'closed (#3168)', 'closed (#3108)', 'closed (#3103)', 'closed (#3079)', 'closed (#3074)', 'closed (#3024)', 'closed (#3017)', 'closed (#3008)', 'closed (#2994)', 'closed (#2988)', 'closed (#3319)', 'closed (#3294)', 'closed (#3277)', 'closed (#3262)', 'closed (#3212)', 'closed (#3192)', 'closed (#3189)', 'closed (#3146)', 'closed (#3138)', 'closed (#3095)', 'closed (#3304)', 'closed (#3292)', 'closed (#3272)', 'closed (#3263)', 'closed (#3260)', 'closed (#3258)', 'closed (#3231)', 'closed (#3213)', 'closed (#3186)', 'closed (#3177)', 'closed (#3169)', 'closed (#3155)', 'closed (#3123)', 'closed (#3098)', 'closed (#3090)', 'closed (#3025)', 'closed (#3312)', 'closed (#3271)', 'closed (#3269)', 'closed (#3265)', 'closed (#3248)', 'closed (#3238)', 'closed (#3237)', 'closed (#3219)', 'closed (#3194)', 'closed (#3161)', 'closed (#3141)', 'closed (#3105)', 'closed (#3070)', 'closed (#2989)', 'closed (#3273)', 'closed (#3242)', 'closed (#3239)', 'closed (#3229)', 'closed (#3217)', 'closed (#3215)', 'closed (#3209)', 'closed (#3202)', 'closed (#3200)', 'closed (#3106)', 'closed (#3092)', 'closed (#3078)', 'closed (#3059)', 'closed (#3299)', 'closed (#3270)', 'closed (#3230)', 'closed (#3223)', 'closed (#3221)', 'closed (#3210)', 'closed (#3171)', 'closed (#3107)', 'closed (#3054)', 'closed (#3033)', 'closed (#2800)', 'closed (#2963)', 'closed (#3303)', 'closed (#3290)', 'closed (#3278)', 'closed (#3275)', 'closed (#3274)', 'closed (#3257)', 'closed (#3190)', 'closed (#3163)', 'closed (#3162)', 'closed (#3149)', 'closed (#3128)', 'closed (#3117)', 'closed (#3062)', 'closed (#3026)', 'closed (#3018)', 'closed (#3314)', 'closed (#3308)', 'closed (#3261)', 'closed (#3216)', 'closed (#3203)', 'closed (#3201)', 'closed (#3182)', 'closed (#3170)', 'closed (#3164)', 'closed (#3151)', 'closed (#3114)', 'closed (#3097)', 'closed (#3053)', 'closed (#3051)', 'closed (#3048)', 'closed (#3291)', 'closed (#3279)', 'closed (#3266)', 'closed (#3241)', 'closed (#3214)', 'closed (#3198)', 'closed (#3183)', 'closed (#3167)', 'closed (#3158)', 'closed (#2985)', 'closed (#2926)', 'closed (#2865)', 'closed (#3286)', 'closed (#3243)', 'closed (#3196)', 'closed (#3193)', 'closed (#3094)', 'closed (#3093)', 'closed (#3056)', 'closed (#2901)', 'closed (#2761)', 'closed (#2259)', 'closed (#3306)', 'closed (#3281)', 'closed (#3264)', 'closed (#3249)', 'closed (#3176)', 'closed (#3137)', 'closed (#3124)', 'closed (#3049)', 'closed (#3044)', 'closed (#3307)', 'closed (#3302)', 'closed (#3250)', 'closed (#3206)', 'closed (#3305)', 'closed (#3293)', 'closed (#3288)', 'closed (#3285)', 'closed (#3276)', 'closed (#3259)', 'closed (#3246)', 'closed (#3240)', 'closed (#3236)', 'closed (#3234)', 'closed (#3227)', 'closed (#3222)', 'closed (#3181)', 'closed (#3109)', 'closed (#3101)', 'closed (#3076)', 'closed (#2917)']","[577817, 578384, 578461, 578701, 578742, 578791, 578848, 578942, 579006, 579092, 579150, 579298, 579535, 579830, 579859, 579918, 580004, 580114, 580152, 580906, 580963, 581108, 581182, 581263, 581319, 581367, 581468, 581497, 581560, 581583, 581681, 581747, 581782, 581817, 581876, 581938, 582067, 582271, 582289, 582367, 582416, 582467, 582496, 582526, 582616, 582673, 582702, 582728, 582751, 582894, 583118, 583165, 583185, 583356, 583495, 583666, 583827, 583948, 584081, 584113, 584287, 584410, 584480, 584519, 584833, 584871, 584997, 585080, 585142, 585213, 585267, 585521, 585647, 585771, 585906, 586010, 586143, 586461, 586571, 586665, 586754, 586851, 586940, 586980, 587078, 587101, 588037, 588140, 588174, 588197, 588224, 588250, 588734, 588760, 588787, 588816, 588869, 588905, 588931, 588957, 588986, 589012, 589038, 589064, 589090, 589137, 589191, 589220, 589255, 589321, 589347, 589382, 589420, 589657, 589790, 589868, 589928, 589993, 590144, 590173, 590205, 590208, 590240, 590269, 590403, 590435, 590465, 590502, 590665, 591050, 591178, 591224, 591274, 591304, 591878, 591913, 592021, 592051, 592086, 592112, 592665, 592935, 592973, 593424, 593632, 593753, 593850, 593876, 593902, 593928, 593954, 593980, 594009, 594012, 594085, 594153, 594185, 594221, 594253, 594282, 594308, 594334, 594360, 594386, 594412, 594761, 595133, 595218, 595357, 595702, 595857, 595911, 595952, 596038, 596041, 596067, 596168, 596197, 596264, 596287, 596313, 596339, 596391, 596427, 596599, 596637, 597219, 597649, 597687, 597859, 597905, 597937, 598136, 598165, 598204, 598242, 598833, 599507, 600046, 600356, 600544, 600906, 601534, 602312, 603142, 603573, 605497, 605535, 609891, 614968, 618166, 663912, 675003]","[577780, 578364, 578422, 578650, 578707, 578748, 578797, 578854, 578948, 579009, 579138, 579153, 579450, 579767, 579836, 579862, 579924, 580010, 580120, 580840, 580912, 580969, 581114, 581198, 581296, 581322, 581404, 581474, 581535, 581563, 581586, 581687, 581759, 581785, 581823, 581882, 581944, 582239, 582277, 582296, 582373, 582428, 582473, 582499, 582532, 582622, 582679, 582705, 582731, 582845, 583077, 583121, 583168, 583224, 583394, 583501, 583672, 583833, 583954, 584087, 584119, 584293, 584416, 584483, 584559, 584839, 584918, 585003, 585089, 585148, 585222, 585279, 585527, 585653, 585786, 585912, 586019, 586149, 586467, 586577, 586671, 586760, 586857, 586946, 586983, 587084, 587943, 588049, 588146, 588177, 588200, 588227, 588711, 588737, 588763, 588790, 588842, 588885, 588908, 588934, 588960, 588989, 589015, 589041, 589067, 589093, 589143, 589194, 589226, 589298, 589324, 589350, 589385, 589423, 589666, 589796, 589880, 589940, 590121, 590147, 590176, 590211, 590243, 590377, 590406, 590438, 590468, 590575, 591001, 591152, 591204, 591250, 591277, 591815, 591890, 591994, 592024, 592054, 592089, 592614, 592809, 592947, 593299, 593509, 593668, 593827, 593853, 593879, 593905, 593931, 593957, 593983, 594056, 594124, 594156, 594188, 594224, 594259, 594285, 594311, 594337, 594363, 594389, 594732, 594764, 595168, 595257, 595582, 595837, 595892, 595914, 596008, 596044, 596145, 596171, 596235, 596267, 596290, 596316, 596368, 596394, 596583, 597183, 597598, 597652, 597690, 597868, 597908, 598115, 598139, 598168, 598207, 598810, 599476, 599888, 600052, 600512, 600883, 601480, 602283, 603084, 603555, 605440, 605500, 609863, 614930, 618132, 663853, 674914]","[Bug] `crypto/dd/news` dropdown errors
Improve UX when wrong command is selected
[Bug] /alternative/covid
[Bug] `crypto/defi/swaps` sort and column name bug
[Bug] `crypto/onchain/dvcp` limit and descend broken
[Bug] Binance API keys
[Bug] `crypto/cgtop` errors
[Bug] `crypto/prt --top` and `--price` behavior
[Bug]stocks/options/unu needs the '/' treatment
[Bug] cglosers sort and futurewarnings
More Fixes to Crypto + key sort
Fixing 6 crypto bugs
[SDK] Allow silencing verbose output in commands that use stocks/load
Adds guide for SDK/Keys
[Bug] ta/rsp - When ticker = SPY, Error: local variable 'rsp_industry' referenced before assignment
[Bug] `crypto/ov/cr` flags and plot bugs
#3264 fixing some autocomplete on historical
Improves Error Handling for option.grhist
Fixed docs
[Bug] Forex Menu: `forecast` menu listed as a Forex Brokerage
Fix 3188 - UX for `Feature Engineering` functions
Fix 3194
[Bug] `/econometrics/ $ panel` website example don't work
[Bug] Stocks/search --country: autocomplete lists capitalized country names, but ArgParse wants to see lower case.
[Bug] Portfolio optimization bugs
[Bug] `crypto/onchain/whales` `--address, -a` flag unavailable
[Bug] `crypto/ov/hm --category` errors
[Bug] Economy/plot --raw: no raw data displayed, only chart.
[Feature XS] Increase granularity of data on crypto
Adds Verbosity to Error Message Warnings and Fixes my Issue when No Variables Present.
[Bug] SDK - `openbb.stocks.options.grhist` - Error: index 0 is out of bounds for axis 0 with size 0
[Bug] /portfolio/metric rsquare - when using example file it crashes terminal
[Bug] `equity` and `forex` default reports breaking
Add clear -p and --param to autocomplete
Refactor common/ta
Added capitalization fixes for stock/search
fix a bunch of cryptooooo
[Bug] `/econometrics/ $ root` website example don't work
[Bug] `/econometrics/ $ norm` website example don't work
[Bug] Improvement on sto,rsi,...
[Bug] `crypto/dd/funot` broken command
[Bug] `crypto/dd/ex --descend` does not work
[Bug] /futures/historical
Adds Introduction Guide for the Economy SDK Module
[Bug] `crypto/defi/dpi` command broken
[Bug] Sub-Menu is Broken: `crypto/ov`
[Bug]`crypto/ov/contracts --platform` issues
[Bug] `reports/ forex usdgbp` Error : 'list' object has no attribute 'to_html'
[Bug] `metric` from `stocks/sia` missing a `--show-all`
[Bug] /forex/qa/ $ line --draw #3076
[Bug] `crypto/ta/rsi` flag drop down issue
Fix SDK plot colors without needing openbb.stocks.candle
[Bug] `crypto/nft/stats --limit` flag not available
[Bug] `crypto/defi/anchor` terra address spelling error
[Bug] `crypto/defi/pools --sort` not working
[Bug] Inconsistent output format for metric command
Updated portfolio/load --rfr options
[Bug] Intro will never be called because ethplorer
[Bug] `crypto/find <coin> --source` warnings and errors
[Bug] `futures/curve NG` X-axis unreadable
[Bug] error handling is gone when input not an option
[FEAT] StatsForecast AutoETS forecasting model
`futures/curve` capitalization fix
[Bug] Screeners - Autocomplete of Stock Screener Preset Files are getting cut short.
[Bug] Stocks/SIA - `metric --show-all` - Error: None
[Bug] `Crpyto/OV` submenu is missing from the Documentation.
[Bug] `python terminal.py ""stocks/load aapl/candle --raw --export xlsx""` IndexError: list index out of range
[Bug] `crypto/dd/twitter` errors
Improve forecast menu usability
[Bug] economy/rtps chart is hijacked by other charts
[Bug] SDK - `openbb.economy.events()` returns nothing, but the Terminal does.
[Bug] `crypto/onchain/baas` command is broken
Refactored quote command
Get rid of funds menu....for now
Removed the --raw option from economy/plot
Formatting, first image is not given a new line.
Fixes Issues with Forex
[Bug] SDK - `openbb.forex.oanda.get_calendar` - Default setting for `days`, 7, is ignored.
Fixing crypto commands `hold`, `ttcp`, `contracts`, and `hm`
Fix 3202
[Bug] `crypto/dd/trades` and `ob` combining commands error
When renaming funcs to remove source at start, the translating keys were missing update
[Bug] `crypto/nft/fp --slug` issues
[Bug] Failing to commit to forked branch due to CLRF pre-commit hook errors under pylint
[Bug] /reports/ $ forecast
[Bug] `crypto/defi/tokens --sort`
[Bug] `crypto/onchain/lt --descend` is broken
Fix top categories and sorting not working
fixing macd and a few others
Forecast Report updates + API standardization for defaults
Fix 3018
Changed where sdk events points to
fix #3236
Fixes Issues with the OSS Menu
Fix typo in crypto load autocompletion
Fix 3193
[Bug] `crypto/ta/cci` non needed flags
[Bug] SDK - `openbb.common.ta.rsi` - Error: rsi() got an unexpected keyword argument 'data'
[Bug] SDK - `openbb.economy.spread` - No data, function was removed from Terminal because of this but remains part of the SDK
[Bug] `crypto/defo/ldapps --desc` & `--descend` errors
Added error handling
Adds crypto features missing in SDK
[Bug] Economy report with empy charts
Fix 3184
[Bug] dd menu shows wrong source and 'list' object has no attribute 'get'
3 more crypto fixes
Fix 3195
Fix 3200
remove funds overview
[Bug] `crypto/qa/raw --descend` has no effect
[Bug] `crypto/ta/line` help details
[Bug] `crypto/defi/validators` command broken
[Bug] `crypto/onchain/tv --descend` broken
improved integration tests
[Bug] `crypto/ov/news` `-f` for filtering is not available
Refactors Econometrics and Forecast load commands and controller
Fix metric format
Spoooooky bugs - Futures menu ++
Fix dcf
Fix 3192
Fix Some Econometrics Bugs
[Bug] SDK `openbb.common.ta.kc` - Error: kc() got an unexpected keyword argument 'data'
[Bug] `crypto/defi/gacc --descend` has not purpse
[Bug] Dashboards/Forecast - There was an error when executing cell [1].
[Bug] `crypto/disc` broken commands from DappRadar
[Bug] crypto/ov/hm is not working
[Bug] stocks/ta/macd. -- Chart style in general
Fix #3235 Equity reports
[Bug] crypto/ov/hm graph is wacky
[Imporve] Standardize Stocks/SIA Output (or alert users to EXACTLY what they are being shown)
fix(stocks): --show-all accessing out of range index on vis (#3249)
Reset the auto-complete options in custom prompt
[Bug] Forex - `load --source Oanda` - Error: local variable 'df' referenced before assignment
[Bug] `crypto/dd/events` error
[Bug] SDK - `openbb.common.ta.fib` - Error: 'Adj Close' - Function is looking for columns that don't always exist.
[Bug] SDK - `openbb.common.ta.macd` - Error: macd() got an unexpected keyword argument 'data'
[Bug] futures/curve doesn't have exception handling
[Bug] Autocomplete
Added crypto/defi fixes
[Bug]`crypto/disc/search` command broken
[Bug] `cggainers` sort and futurewarnings
[Bug] `crypto/price` broken command
[Bug] futures/curve input sensitive to capitalization
fix [Bug] Screeners - Autocomplete of Stock Screener
Fixed links
Fix 3196
[Bug] `/econometrics/ $ load -f wage_panel -a wp` autocomplete only in the 1st arg
[Bug] `crypto/qa/acf` future warning
[Bug] `crypto/dd/desc` command has no help option
[Bug] SDK - `openbb.common.ta.stoch` - KeyError: 'Adj Close'
[Bug] SDK - `openbb.common.ta.atr` - Error: atr() missing 2 required positional arguments: 'low_prices' and 'close_prices'
[Bug] SDK in Jupyter Lab - When importing `from openbb_terminal.sdk import openbb`, it says `futures.csv` doesn't exist although it is in that path
refactor: divide load() for each currency data source
[Bug] `crypto/defi/vaults` link and descend bugs
[Bug] SDK - openbb.stocks.quote prints a dataframe and the terminal view.
[Bug] `crypto/ov/hold` bar chart error
[Bug] `crypto/ov/exchanges` bugs
removing explicit `statsforecast` version from conda and fixing numpy
`crypto/prt` fixes
[Bug] SHOWSTOPPER - Menu is triggering after command output
Fix 3191
[Bug] `stocks/qa/raw --descend` does not sort
[Bug] stocks/fa/dcf -> Error: Could generate a dataframe for the ticker symbol
[Bug] `crypto/dd/mkt --descend` error
[Bug] SDK - `openbb.common.ta.obv` - Function is looking for an `Adj Close` column when in reality they don't always exist.
Update DOCKER_README.md
[Bug] funds/overview should get commented out
Making Crypto/Defi/DPI --sort Pretty Again
[Bug] Setting a bad environment variable can brick the terminal
Fix Various portfolio/po issues
Crypto-day-2-All-Bugs-on-notice
[Bug] `crypto/ta/ad --open` command is broken
[Bug] `crypto/ta/vwap` command broken
[Bug] `crypto/onchain/ttcp` various bugs
[Bug] `crypto/onchain/ueat --descend` broken and `--limit`is slightly wrong
[Bug] `crypto/ov/markets --sort` does not work
[Bug] `reports/equity tsla` Error : list indices must be integers or slices, not str
[Bug] API - Styles are not Recognized Until After a Candle Chart is Called.
[Bug] Options - VOI function is not returning the correct values.
Moves futures.csv to the misc folder
Small pyproject changes
[Improvement] Autocompletion of futures expirations
[Bug] Stocks/SIA - `vis --show-all`: Error: list index out of range
Improve export to be all in same folder
[Bug] /alternative/oss
Improve ETF menu
[Bug] `crypto/ov/derivatives` flag errors
[Bug] Forecast & Econometrics menu - Columns with `/` in the header trigger a new command
#3290 fix heatmap make it pertyyy
Updated check for new user
[Bug] `/econometrics/ $ coint` website example don't work
Added fixes to economy report
Bugs
[Bug]stocks/options/unu needs the '/' treat #2939
Handle Bad Environment Variables
[Bug] Stocks/Options - `grhist` - `--limit` prints `Error: bad operand type for unary -: 'str'`
Adds SDK Guide for Forex Menu
Some fixes on crypto
Fix 3190
[Bug] `/stocks/ $ news` both sources display errors
Refactor the QA Raw Command
version check for `statforecast`
Updating crypto integration tests
[Bug] `crypto/dd/stats --vs` not available
[Bug] `crypto/defi/sinfo` broken
[Bug] `crypto/defi/pairs` sort and descend errors
[Bug] /forex/qa/ $ line --draw
[Bug] Autocompletion not working correctly in the funds menu"
2023-11-06,63,19.0,31.5,12.5,0.25,50.25,True,high,1.02,63,62,"['Added forecast extension', 'Make small adjustments in FINRA', 'Fix incorrect model provider', 'Rename Crypto', 'Feature/v4-dividend-calendar: Adds Nasdaq dividend calendar and moves the command out of fundamental_analysis', 'Add disc endpoints', 'Routines popup based on arguments', 'Expose command to model map', 'Rename stocks to equity', 'Rename Forex to Currency', 'Hotfix/fix-fmp-market-snapshots - make fields optional again.', 'Add devtools metapackage', 'Release/3.2.4', 'hotfix/update-quandl-to-nasdaq: Merge Quandl + Nasdaq', 'hotfix/fix-econ-cal: Nasdaq Econ Calendar Fetcher', 'stocks/dps module', 'hotfix/fix-gov-histcont: Fix #5650 - /stocks/gov/histcont', 'feature/compare-etf-countries: Add multi-ticker support to etf_countries', 'Rename `economy` and create `index` extension', 'Fix price performance not parsed correctly when there is only 1 ticker', 'Bump', 'hotfix/fmp-disc-filings: Update FMP fetcher to use the V4 endpoint.', 'hotfix/stock-screener-sort:  Fix for #5671 - sort by `fwdp/e` in Stock Screener', 'Screener crash when sorting', 'improve docs structure for V4', 'Feature/etf-v4', '[WIP] Automatic i18n Translations with Huggingface 🤗 📖', 'Feature/v4-market-snapshots: Adds full market snapshots', 'Pin openai', 'Hotfix/reports model render report sanitize inputs', '#5633 adding comma every 1000', 'Fix installation of dependencies in Platform integration tests', '[Bug] `/crypto/disc/fees` - The values for one-day fees are presented as a unix Timestamp.', 'Add chat with OBBject', '[Bug] reports_model.render_report() does not sanitize input properly', 'Add more input types to data processing commands', 'Rename etf discovery', 'Rename Fixed Income', 'Add crypto search standard model and FMP data for it', ""[Bug] `/stocks/gov/histcont` - Error: unsupported operand type(s) for /: 'str' and 'int'"", 'Feature/polygon-stock-quote: Add NBBO Quotes, with historical, to `obb.stocks.quote()`', 'Rename ta qa', 'Rename econometrics commands to be more verbose', 'Feature/v4-earnings-calendar: Adds stocks earnings calendar endpoint and data from Nasdaq', 'Feature/v4-unusual-options: Adds unusual options endpoint.', 'Expanding the `fixedincome` menu', 'Feature/improve ghactions readme', 'Adds dune command to crypto onchain menu', 'hotfix/print_rich_table_limit', 'improved market cap value extraction', 'GPU support in forecast', 'Feature/files-for-igor: Adding a few standard models for Igor', 'Apply renaming to news data', 'Feature/ultima platform integration for Pro', 'Clarified stocks/ta empty recom object message', 'Gemini exchange broker addition', ""[Critical Bug] Installers - All Installers: Failed to execute script 'terminal' due to unhandled exception!"", 'Equity cleanup', 'unbound variable', 'Docs/v4-working-docs: PR to Work on V4 Docs', 'Feature/user-cache-dir: Add User Preference for the Cache Directory', 'Improved thought_of_the_day.py']","['closed (#5713)', 'closed (#5694)', 'closed (#5692)', 'closed (#5689)', 'closed (#5672)', 'closed (#5660)', 'closed (#5117)', 'closed (#5706)', 'closed (#5688)', 'closed (#5687)', 'closed (#5686)', 'closed (#5703)', 'closed (#5704)', 'closed (#5682)', 'closed (#5668)', 'closed (#5638)', 'closed (#5676)', 'closed (#5670)', 'closed (#5705)', 'closed (#5678)', 'closed (#5691)', 'closed (#5681)', 'closed (#5675)', 'closed (#5671)', 'closed (#5586)', 'closed (#5460)', 'closed (#3869)', 'closed (#5473)', 'closed (#5685)', 'closed (#5669)', 'closed (#5652)', 'closed (#5673)', 'closed (#5633)', 'closed (#5465)', 'closed (#5299)', 'closed (#5453)', 'closed (#5715)', 'closed (#5695)', 'closed (#5679)', 'closed (#5650)', 'closed (#5617)', 'closed (#5708)', 'closed (#5702)', 'closed (#5690)', 'closed (#5677)', 'closed (#5655)', 'closed (#5044)', 'closed (#4904)', 'closed (#5058)', 'closed (#5169)', 'closed (#2829)', 'closed (#5699)', 'closed (#5684)', 'closed (#5639)', 'closed (#5468)', 'closed (#3864)', 'closed (#4131)', 'closed (#5707)', 'closed (#5674)', 'closed (#5696)', 'closed (#5693)', 'closed (#5621)', 'closed (#5584)']","[262318, 262750, 265192, 265405, 265593, 265993, 266177, 266369, 266532, 267047, 267842, 268058, 268222, 268621, 268798, 268995, 269041, 269117, 269555, 269744, 269917, 270103, 270472, 270708, 270878, 271077, 271238, 271420, 271633, 271840, 272002, 272043, 272311, 272467, 272544, 272747, 272979, 273923, 275012, 275240, 275439, 277090, 277384, 277681, 280539, 281602, 288456, 288628, 306601, 307673, 307983, 309167, 311039, 335725, 363845, 367865, 373320, 374607, 387219, 488205, 523309, 524004, 612978]","[262285, 262726, 265131, 265324, 265537, 265725, 266125, 266322, 266501, 266993, 267511, 267980, 268190, 268354, 268753, 268930, 269001, 269047, 269249, 269687, 269876, 270049, 270250, 270641, 270840, 271048, 271209, 271370, 271552, 271777, 271984, 272005, 272175, 272443, 272470, 272676, 272891, 273753, 274591, 275184, 275421, 276898, 277102, 277654, 280419, 281237, 287305, 288591, 306264, 307602, 307921, 308455, 310762, 335676, 363761, 367780, 373248, 374524, 387071, 488101, 523056, 523640, 612826]","Added forecast extension
Make small adjustments in FINRA
Fix incorrect model provider
Rename Crypto
Feature/v4-dividend-calendar: Adds Nasdaq dividend calendar and moves the command out of fundamental_analysis
Add disc endpoints
Routines popup based on arguments
Expose command to model map
Rename stocks to equity
Rename Forex to Currency
Hotfix/fix-fmp-market-snapshots - make fields optional again.
Add devtools metapackage
Release/3.2.4
hotfix/update-quandl-to-nasdaq: Merge Quandl + Nasdaq
hotfix/fix-econ-cal: Nasdaq Econ Calendar Fetcher
stocks/dps module
hotfix/fix-gov-histcont: Fix #5650 - /stocks/gov/histcont
feature/compare-etf-countries: Add multi-ticker support to etf_countries
Rename `economy` and create `index` extension
Fix price performance not parsed correctly when there is only 1 ticker
Bump
hotfix/fmp-disc-filings: Update FMP fetcher to use the V4 endpoint.
hotfix/stock-screener-sort:  Fix for #5671 - sort by `fwdp/e` in Stock Screener
Screener crash when sorting
improve docs structure for V4
Feature/etf-v4
[WIP] Automatic i18n Translations with Huggingface 🤗 📖
Feature/v4-market-snapshots: Adds full market snapshots
Pin openai
Hotfix/reports model render report sanitize inputs
#5633 adding comma every 1000
Fix installation of dependencies in Platform integration tests
[Bug] `/crypto/disc/fees` - The values for one-day fees are presented as a unix Timestamp.
Add chat with OBBject
[Bug] reports_model.render_report() does not sanitize input properly
Add more input types to data processing commands
Rename etf discovery
Rename Fixed Income
Add crypto search standard model and FMP data for it
[Bug] `/stocks/gov/histcont` - Error: unsupported operand type(s) for /: 'str' and 'int'
Feature/polygon-stock-quote: Add NBBO Quotes, with historical, to `obb.stocks.quote()`
Rename ta qa
Rename econometrics commands to be more verbose
Feature/v4-earnings-calendar: Adds stocks earnings calendar endpoint and data from Nasdaq
Feature/v4-unusual-options: Adds unusual options endpoint.
Expanding the `fixedincome` menu
Feature/improve ghactions readme
Adds dune command to crypto onchain menu
hotfix/print_rich_table_limit
improved market cap value extraction
GPU support in forecast
Feature/files-for-igor: Adding a few standard models for Igor
Apply renaming to news data
Feature/ultima platform integration for Pro
Clarified stocks/ta empty recom object message
Gemini exchange broker addition
[Critical Bug] Installers - All Installers: Failed to execute script 'terminal' due to unhandled exception!
Equity cleanup
unbound variable
Docs/v4-working-docs: PR to Work on V4 Docs
Feature/user-cache-dir: Add User Preference for the Cache Directory
Improved thought_of_the_day.py"
2023-11-27,48,19.0,29.75,10.75,2.875,45.875,True,high,0.19767441860465115,48,47,"['Account commands: add option to return user settings', 'Feature/release b2', 'Feature/fred-releases: Adds some FRED functionality to the economy router.', 'New Intrinio Endpoints', 'Fix typos', 'Updated API endpoint from deprecated api.coindix to api.nanoly', 'Fix widgets library docs + links', '[Bug] OpenBB fails to install', 'Cleanup docs. with @the-praxs', 'Release/4.0.1', 'Make pro fetchers async', 'hotfix/fmp-replace-zero: Replace Zero with None in FMP Balance, Cash, Income', 'Move pytest dependencies from openbb level to to core dev deps level', 'Revamp `openbb-core` README', 'Hotfix/test fix', 'Add Historical Dividends to Intrinio inplace of Calendar Dividends', 'User settings, small fix', 'Standardize balance, income, cash for Intrinio', 'Add `symbols` field to standard model data', 'Set `level` as default `tag` value for `index.market` in Intrinio', 'Add sector news standard model', 'Attempt to fix search button', 'Feature/release rc0', 'Hotfix/yfinance-adjusted: Fix for #5798', 'Replace provider error by openbb error', 'Small change in extensions doc', 'Fix tests', 'Warn loading error instead of raising', 'hotfix/fmp-insider-trading - Fix FMP Insider Trading', 'Make Pro Fetchers async by replacing `ThreadPoolExecutor` with `asyncio.gather`', 'docs/new-working-docs: New working docs branch', 'Prevent gh-actions from publishing v3 unless explicitly asked to', 'Quick fix docs', 'Second attempt to fix search on docs', 'debuggint int tests', '`equity.calendar.split` -> `equity.calendar.splits`', 'Fix the future dates not showing on split calendar on FMP', 'Fix hqm', 'Google Colab Install Notebook', 'Remove finra, wsj and goventment-us from built ins', 'Docs/pro new widgets struct', 'Fix nasdaq top retail working without a key resulting in an error', 'Equity multiples add symbol data field', 'Sync merge with main', 'Release/4.0.0', 'Fix the nightly script', '[Bug]: `yfinance` data doesn\'t return ""Adj Close"" data']","['closed (#5825)', 'closed (#5799)', 'closed (#5793)', 'closed (#5789)', 'closed (#5758)', 'closed (#5848)', 'closed (#5847)', 'closed (#5826)', 'closed (#5797)', 'closed (#5840)', 'closed (#5820)', 'closed (#5815)', 'closed (#5829)', 'closed (#5808)', 'closed (#5830)', 'closed (#5827)', 'closed (#5813)', 'closed (#5810)', 'closed (#5809)', 'closed (#5802)', 'closed (#5801)', 'closed (#5795)', 'closed (#5831)', 'closed (#5821)', 'closed (#5803)', 'closed (#5812)', 'closed (#5844)', 'closed (#5819)', 'closed (#5818)', 'closed (#5817)', 'closed (#5788)', 'closed (#5768)', 'closed (#5835)', 'closed (#5834)', 'closed (#5832)', 'closed (#5823)', 'closed (#5814)', 'closed (#5804)', 'closed (#5796)', 'closed (#5841)', 'closed (#5806)', 'closed (#5805)', 'closed (#5811)', 'closed (#5800)', 'closed (#5838)', 'closed (#5837)', 'closed (#5836)', 'closed (#5798)']","[241227, 241271, 241685, 241814, 242871, 243262, 243358, 243409, 243475, 243524, 243573, 243616, 243674, 243767, 243906, 243948, 244046, 244252, 244982, 245306, 245505, 245555, 245660, 245773, 245823, 245927, 245974, 246096, 246143, 246266, 246406, 247089, 247309, 247353, 247481, 247634, 247751, 247838, 247914, 247932, 248016, 248077, 248160, 249308, 249983, 250310, 253993, 255833]","[240227, 241230, 241628, 241739, 241820, 243127, 243268, 243364, 243415, 243481, 243540, 243579, 243622, 243680, 243815, 243912, 243951, 244147, 244890, 244988, 245312, 245511, 245561, 245691, 245779, 245829, 245933, 245980, 246102, 246149, 246272, 247036, 247095, 247315, 247359, 247495, 247640, 247757, 247844, 247920, 247938, 248019, 248083, 249161, 249560, 250005, 252796, 255744]","Account commands: add option to return user settings
Feature/release b2
Feature/fred-releases: Adds some FRED functionality to the economy router.
New Intrinio Endpoints
Fix typos
Updated API endpoint from deprecated api.coindix to api.nanoly
Fix widgets library docs + links
[Bug] OpenBB fails to install
Cleanup docs. with @the-praxs
Release/4.0.1
Make pro fetchers async
hotfix/fmp-replace-zero: Replace Zero with None in FMP Balance, Cash, Income
Move pytest dependencies from openbb level to to core dev deps level
Revamp `openbb-core` README
Hotfix/test fix
Add Historical Dividends to Intrinio inplace of Calendar Dividends
User settings, small fix
Standardize balance, income, cash for Intrinio
Add `symbols` field to standard model data
Set `level` as default `tag` value for `index.market` in Intrinio
Add sector news standard model
Attempt to fix search button
Feature/release rc0
Hotfix/yfinance-adjusted: Fix for #5798
Replace provider error by openbb error
Small change in extensions doc
Fix tests
Warn loading error instead of raising
hotfix/fmp-insider-trading - Fix FMP Insider Trading
Make Pro Fetchers async by replacing `ThreadPoolExecutor` with `asyncio.gather`
docs/new-working-docs: New working docs branch
Prevent gh-actions from publishing v3 unless explicitly asked to
Quick fix docs
Second attempt to fix search on docs
debuggint int tests
`equity.calendar.split` -> `equity.calendar.splits`
Fix the future dates not showing on split calendar on FMP
Fix hqm
Google Colab Install Notebook
Remove finra, wsj and goventment-us from built ins
Docs/pro new widgets struct
Fix nasdaq top retail working without a key resulting in an error
Equity multiples add symbol data field
Sync merge with main
Release/4.0.0
Fix the nightly script
[Bug]: `yfinance` data doesn't return ""Adj Close"" data"
2024-03-11,54,19.0,32.25,13.25,-0.875,52.125,True,high,0.14150943396226415,54,52,"['[HotFix] Fix obbject extensions not written to `extension_map.json`', 'Release bug fixes', '[Bugfix] - Fix equity/price/historical w/ alphavantage', '[Feature] Volatility Cones Chart', 'Update the main README', '[BugFix] Fix incorrect rendering of examples using ReferenceGenerator', '[Docs] - Update BYOD page', '[BugFix] Fix empty docstring in data processing functions', '[Enhancement] - Improve fetcher test error messages', 'Test test', '[Bugfix] - Small update on PUBLISH.md', 'Security Updates for OpenBB', '[Docs] Add Streamlit News Dashboard To Examples', '[Release] 4.1.5 to `develop`', '[BugFix] Raise Alpha Vantage API Error', '[Feature] ETF Performance Router Endpoint With Data From Intrinio', '[Feature] Hotfix develop main sync', '[BugFix] Remove charting extension preference from user settings', '[IMPROVE] ADD NEW SVG LOGO FOR TWITTER/ X IN THE FOOTER', '[Enhancement] Adding an interface to read the reference', '[Hotfix] obbject extension', '[HotFix] Fix FMP Intraday', 'Remove old tests', '[Hotfix] - docs workflow', '[Enhancement] - Improve the example test', '[BugFix] Update `README` for Platform', '[BugFix] Handle TMX Date Type', '[Feature] Add Intrinio ETF Holdings', '[Feature] Add Intrinio ETF Info/Search', '[Enhancement] Allow Multiple Symbols For Intrinio Key Metrics', '[Docs] Refactor Contributing Section Of Docs', '[Critical] Sync `main` with `develop`', 'Remove terminal CI actions', '[BugFix] Update Nasdaq Econ Calendar Headers', '[BugFix] Patch for refactored examples in platform markdown generator', '[Enhancement] `ReferenceGenerator` class in `package_builder.py`', 'Release/3.2.5', '[Enhancement] Sync `reference.json` and Platform function docstring', '[BugFix] - Json schema extra broken in standard models', '[Feature] Intrinio ETF Price Performance', 'Update build-release.yml', '[Enhancement] - Add unit tests', 'Final v3 touches', '[Feature] Add Tradier Provider Extension', '[Release] openbb-core-1.1.4', '[Release] 4.1.5', 'Add labels for  `breaking_changes` tag', '[Enhancement] `DocstringGenerator` class `generate` function refactored for website docs and docstring', '[Bugfix] Update `PUBLISH.md` file', '[Feature] - Create static asset tests', '[Enhancement] Improve Intrinio Unusual Options']","['closed (#6195)', 'closed (#6187)', 'closed (#6183)', 'closed (#6226)', 'closed (#6225)', 'closed (#6223)', 'closed (#6217)', 'closed (#6206)', 'closed (#6204)', 'closed (#6201)', 'closed (#6196)', 'closed (#6161)', 'closed (#6158)', 'closed (#6192)', 'closed (#6188)', 'closed (#6209)', 'closed (#6200)', 'closed (#6194)', 'closed (#5600)', 'closed (#6224)', 'closed (#6199)', 'closed (#6229)', 'closed (#6222)', 'closed (#6210)', 'closed (#6203)', 'closed (#6189)', 'closed (#6185)', 'closed (#6208)', 'closed (#6198)', 'closed (#6186)', 'closed (#6173)', 'closed (#6202)', 'closed (#6221)', 'closed (#6207)', 'closed (#6191)', 'closed (#6181)', 'closed (#6179)', 'closed (#6214)', 'closed (#6211)', 'closed (#6212)', 'closed (#6220)', 'closed (#6215)', 'closed (#6218)', 'closed (#6213)', 'closed (#6205)', 'closed (#6178)', 'closed (#6216)', 'closed (#6197)', 'closed (#6190)', 'closed (#6184)', 'closed (#6227)', 'closed (#6193)', 'closed (#6182)', 'closed (#6177)']","[167793, 168091, 168170, 168320, 168444, 168596, 168716, 168888, 169087, 169303, 169498, 169609, 169663, 171706, 171764, 171868, 172020, 172122, 172219, 172300, 172390, 172461, 172602, 172667, 172735, 174795, 176866, 177026, 177130, 177264, 177327, 177399, 177482, 177541, 177617, 177825, 177905, 179983, 180098, 180215, 180308, 180448, 180510, 180579, 180663, 180730, 180813, 181227, 181333, 181420, 181934, 183273, 183625, 285392]","[167747, 167968, 168097, 168191, 168341, 168465, 168602, 168740, 168909, 169108, 169324, 169519, 169630, 169684, 171715, 171785, 171889, 172041, 172128, 172229, 172321, 172396, 172485, 172623, 172688, 172756, 174843, 176869, 177053, 177136, 177285, 177333, 177420, 177497, 177562, 177638, 177855, 177932, 180001, 180125, 180242, 180335, 180466, 180528, 180597, 180678, 180745, 180923, 181251, 181348, 181515, 183047, 183375, 285340]","[HotFix] Fix obbject extensions not written to `extension_map.json`
Release bug fixes
[Bugfix] - Fix equity/price/historical w/ alphavantage
[Feature] Volatility Cones Chart
Update the main README
[BugFix] Fix incorrect rendering of examples using ReferenceGenerator
[Docs] - Update BYOD page
[BugFix] Fix empty docstring in data processing functions
[Enhancement] - Improve fetcher test error messages
Test test
[Bugfix] - Small update on PUBLISH.md
Security Updates for OpenBB
[Docs] Add Streamlit News Dashboard To Examples
[Release] 4.1.5 to `develop`
[BugFix] Raise Alpha Vantage API Error
[Feature] ETF Performance Router Endpoint With Data From Intrinio
[Feature] Hotfix develop main sync
[BugFix] Remove charting extension preference from user settings
[IMPROVE] ADD NEW SVG LOGO FOR TWITTER/ X IN THE FOOTER
[Enhancement] Adding an interface to read the reference
[Hotfix] obbject extension
[HotFix] Fix FMP Intraday
Remove old tests
[Hotfix] - docs workflow
[Enhancement] - Improve the example test
[BugFix] Update `README` for Platform
[BugFix] Handle TMX Date Type
[Feature] Add Intrinio ETF Holdings
[Feature] Add Intrinio ETF Info/Search
[Enhancement] Allow Multiple Symbols For Intrinio Key Metrics
[Docs] Refactor Contributing Section Of Docs
[Critical] Sync `main` with `develop`
Remove terminal CI actions
[BugFix] Update Nasdaq Econ Calendar Headers
[BugFix] Patch for refactored examples in platform markdown generator
[Enhancement] `ReferenceGenerator` class in `package_builder.py`
Release/3.2.5
[Enhancement] Sync `reference.json` and Platform function docstring
[BugFix] - Json schema extra broken in standard models
[Feature] Intrinio ETF Price Performance
Update build-release.yml
[Enhancement] - Add unit tests
Final v3 touches
[Feature] Add Tradier Provider Extension
[Release] openbb-core-1.1.4
[Release] 4.1.5
Add labels for  `breaking_changes` tag
[Enhancement] `DocstringGenerator` class `generate` function refactored for website docs and docstring
[Bugfix] Update `PUBLISH.md` file
[Feature] - Create static asset tests
[Enhancement] Improve Intrinio Unusual Options"
2024-05-27,246,17.5,34.5,17.0,-8.0,60.0,True,high,10.941176470588236,246,246,"['[FR] option load --source CBOE', '[IMPROVE] Enable pagination from Polygon API to eliminate being limited to 50,000 results per request.', '[FR] integrate socialsentiment.io instead of sentimentinvestor.com', '[IMPROVE] Portfolio/PO/plot - As a user, I want to be able to use the plot function with unoptimized portfolios.', '[FR] Is there any way to get this working on Replit? Could get folks setup in a few clicks.', '[IMPROVE] Add export function to portfolio menu features.', '[FR] Expand/Weaponize FRED API capabilities to include ALFRED, and GeoFRED. Enhanced search, map generation, and integration in the QA menu', '[FR] Provide/document a way to use this package on Kaggle', '[IMPROVE] Portfolio/alloc - Top 10 Assets Allocation --> Assets Allocation', 'Stocks/disc/ Gainers and Losers', '[Bug] Absolute Paths Do Not Work From Forecast Menu When Entered Through Stocks/Crypto, etc.', '[IMPROVE] stocks/ba/interest should work with space, e.g. ""interest world cup""', '[IMPROVE] Compare with BB terminal', '[IMPROVE] Calculate intrinsic and book value of a stock and allow for comparison of the numbers', '[IMPROVE] Portfolio should figure out whether ticker is stock or ETF automatically', '[Bug] Pip install pulls in wrong version of openai', '[FR] V4 - Add OECD Provider for economy extension', '[IMPROVE] Vague empty /stocks/ta recom message.', '[Bug] Can´t see the stock info (in_drain_helper)', '`setuptools<65.5.0` dependency when building on arch', '[Bug] Tables - Entering a time for index filtering changes the date, not the time.', '[Bug] 3.2 Windows Installer: Chart legends do not display correctly.', '[Bug] `/crypto/dd/` - `Coinglass` functions no longer work and prints, ""deprecated"".', '[Bug] `/portfolio/load --example` The calculations applied when loading the file are way off.', '[FR] Introduce a global risk-free-rate with daily historical data, such as: SOFR/RRPONTSYAWARD/SONIA/ESTR, etc., etc.', '[BugFix] Default API Settings', 'Feature: Investipedia paper trading API', '[Bug] 3D Volatility Surface -- axes are off', 'Want to access a running openBBTerminal container running on my local server through a web browser', '[Bug] Hub: Binance Key & Secret do not actually save.', '[Improvement] `/crypto/defi` - functions that only do Luna/Terra should be deprecated.', '[Bug] OpenBB Hub: PAT copy/paste supplies an invalid parameter name, `pat`, instead of `token`', 'Inclusion of timeframes in seconds will be benificial for micro scalping', '[Bug] `stocks/ta/ema --export` EMA values are not exported, only ""Adj Close"" and ""date"".', '[Bug] `stocks/load`  Sources do not agree on what the values for OHLC vs. Adjusted are.', '[Bug] `stocks/ba/` - Reddit functions - Error: Maximum recursion level reached.', '[Feature] Options Chains From YFinance', '[Feature] Add Retail Prices to Economy', '[Feature] More OECD - House Price Index, Immediate Interest Rate', '[Docs] Make Same PR as the to Main', '[Bug] packaged installer crashes on M1 Mac running Sonoma', '[FR] V4 - Add ECB Provider for ECB Yield Curve', '[IMPROVE] Options/VSurf - Make Independent of Data Source and Return More Data', '[FR] SDK - `openbb.common.ta.ema` - `chart = True` is a missing argument in the SDK function.', '[IMPROVE] Description of the Insider Trading menu does not reflect its true functionality.', '[IMPROVE] etf/news consistent with other news?', '[Improve] stocks/ca/ticker doesnt seem to add to list', '[IMPROVE] Portfolio - Need a function to create/modify portfolio', '[IMPROVE] Create notebook report utilizing forecast on SDK', '[IMPROVE] Get rid of stocks/dps/prom', '[IMPROVE] Add Support for Non-Sandbox Tradier API Tokens', ""[Bug] Forecast/Plot - Multiple Columns Doesn't Work"", '[IMPROVE] Have the ability to add custom CA certificates for SSL inspection of traffic', '[Improve] Equity report outputs income in local currency', '[Improve] SDK - `openbb.common.ta.ema` - length is not a list like the Terminal function is. Accepts only one value.', '[FR] Streaming data to a table in a floating window', '[FR] create portfolio using dataframe', '[IMPROVE] Display Timestamp When Intraday Data Loaded', '[IMPROVE] please add export functionality for portfolio allocation', '[IMPROVE] Economy Menu - Be able to enter the Forecast and Econometrics menu with loaded datasets.', '[FR] Add news and reddit command to forex menu', '[Bug] `/crypto/onchain/hr` Function is dead - Error getting hashrate: 403 Forbidden', ""[Bug] `obb.stocks.load()` doesn't correctly parse symbols list"", '[FR] Compare current YTD time series against X years historical average', '[FR] V4 - Add FINRA Provider for ATS/OTC data', ""[Bug] `portfolio/po/mktcap` - Error: argument of type 'int' is not iterable, unsupported operand type for +=: 'int' and 'list'"", '[Feature] [SDK] `openbb.stocks.options.greeks` - Calculate Greeks based on actual expiration', '[Feature] Stocks/Options/exp - autocomplete does not give choices for expiration dates.', '[FR] Real Time Data Updates Feature', '[IMPROVE] Add timezone info in `candle --raw`', '[IMPROVE] `portfolio` and `portfolio.po` functions should use the same portfolio object', '[FR] renaming openBB - the bold idea', '[BugFix] Fix Empty Build Fail', 'Adding OECD Endpoints (CPI + Share Price Index)', ""`news` command doesn't work as documented"", '[Bug]Adding API keys to the new platform', ""[Bug] CSV export from `news` GUI doesn't work correctly."", 'openBB Figma assets', '[Bug] `/fixedincome/ecbycrv`: Error: Reindexing only valid with uniquely valued Index objects', '[Bug] `/crypto/nft/stats` - Example `--slug` does not find data and it is unclear how to know what a valid choice is.', 'openBB macro events API failures', '[IMPROVE] Regplot of 2 Stocks', '[IMPROVE] Remove `update` command from main menu.', '[Bug] Current Reddit API appears to be deprecated.  All commands return with: `Wrong Reddit API keys`', '[IMPROVE] Missing T/A functions when the menu is entered from anywhere but the Stocks menu.', '[FR] model portfolio vs proposed portfolio', '[IMPROVE] Add `--remove` parameter to the Terminal `/keys` menu.', '[Bug] `/crypto/onchain/gwei`: Function only returns - Error in ethgasstation request.', '[Bug] Oanda API', '[FR] new ways of creating portfolios - goal to perform backtests faster', '[IMPROVE] Installation on Apple M2 CPU', '[IMPROVE] No documentation for `TA/ATR` `TA/RSP` `TA/DEMARK` `TA/CLENOW`', '[IMPROVE] Stocks/FA - when plotting the Financial Statement Items, include the price on a separate Y-Axis', '[IMPROVE] crypto/load using id', ""Can't Deploy Streamlit Apps because files are being created and modified: PermissionError: [Errno 13] Permission denied"", '[IMPROVE] Use beautifulsoup4 instead of bs4 in dependencies', '[Bug] Errors encountered when running `poetry install -E all` : No such file or directory', '[SDK] `openbb.stocks.news()` - No input for `ticker` or `source`.', '[Bug] Routines - the `/stocks/scr/set` command does not appear to work in a routine.', '[IMPROVE] economy/macro to research topics within OECD database', '[Bug] `stocks/ta/macd` Some x-axis labels are 1 day behind the hover read out.', '[Bug] `/forex/quote` - YahooFinance and AlphaVantage give opposite From/To pairs.', '[Bug] `/stocks/dps/ctb`: socket.py:775: ResourceWarning: unclosed', '[Bug] `/crypto/defi/vaults` - Error: Coindix api exception: <html> <head><title>404 Not Found</title></head>', 'Candlestick and Chart Pattern Recognition [FR]', '[FR] Add ISIN Numbers', '[Bug] Prompt request prevents installing openbb SDK for CI', '[Bug] Stocksera no longer exists.', '[Bug] `/keys/quandl` - Series used for testing valid keys is no longer available. :(', ""[Bug] Entering Forecast Menu from Stocks Menu Doesn't Carry the Loaded Data"", ""[IMPROVE] What's changed  content"", '[Bug] Connecting to Degiro fails', '[Bug] `stocks/ca/tsne` Prompt Toolkit DeprecationWarning: There is no current event loop.', 'Hedge Fund Mangers Portfolio Data[FR]', '[IMPROVE] Allow to go from ETF menu to forecasting menu with data', '[IMPROVE] By default, enable normalize on `stocks/ca/historical` and include a trendline', '[Bug] `/settings/userdata`: updates the ENV file but does not change any Terminal behaviour.', '[IMPROVE] All API Key error messages, especially when using SDK.', 'Portfolio exposures', '[IMPROVE] - Timezone and calendar sync', 'More Alternative Data for stocks [Website traffic, Mobile App Ranking, Share of search, Social Media Activity, Google Trends, Patents][FR]', '[FR] Add TD Ameritrade to Broker List', '[Bug] [SDK] `openbb.crypto.dd.candle` has no `_chart` and returns a DataFrame - basically `load` by another name.', '[Bug] Portfolio fails to load ETFs - any function requiring metadata does not work.', '[Bug] Economy/CPI - does not show up under ""stored datasets""', '[Bug] Stocks/FA/shrs - insiders is not an accepted choice', '[Bug] Relative strength percentile stock/industry table includes random stocks/industries.', '[FR] Adding an optional caching layer', '[IMPROVE] Optimization methods progress bar', '[IMPROVE] Add in the ability to search for indices within the Economy and Portfolio menu.', 'Wyckoff and Elliot waves', '[FR] Switch from bt to Backtrader + Fastquant', 'Same feature set across all instrument types [FR]', '[Bug] Docs Generation: Reference SDK is showing: `openbb.root.news()` instead of `openbb.news()`', '[FR] Chart Feature to Plot Important News Events of a stock on the Chart of the Stock', 'Attribution of returns', '[IMPROVE] `stocks/quote` - add `openbb.stocks.fa.info()` as a source so that no API key is required to return data.', '[Bug] No labels for the `season` commands plot in forecast menu', 'Error installing OpenBB SDK in Mac M1', '[IMPROVE] CTRL-C should not kill the terminal', ""[Improve] Economy/eval can't calculate correctly because it doesn't solve for the scaling in the FRED series."", '[Feature] Add Central Bank Holdings (Federal Reserve)', '[Bug] Docker image fails to start', '[Bug] Portfolio Optimization Template is not usable as a template.', '[Improve] Econometrics Menu - Data is lost when the menu is left.', ""[IMPROVE] behavioural analysis menu commands aren't separate from ticker dependent to not"", '[IMPROVE] get_macro_data function improvement.', '[IMPROVE] Economy/Macro function: Enhance the EconDB Open API connector to add groups of countries and tables', '[IMPROVE] Adjust ticker to default when selecting a different exchange', '[FR] Add Matrix integration', '[Feature] Set provider fallback based on credentials', '[Bug] Receiving TypeError after login', ""[Bug] - Report .html couldn't be created."", '[Bug] Interactive Tables attempt to convert any column with enough digits into a Unix Timestamp.', '[Bug] `/stocks/th/holidays --name 24/5` - command does not like the `/` in the choice despite being a valid choice.', '[FR] Inter/Intra commodities spread charts', '[FR] V4 - Add SEC Provider for FTD data', '[IMPROVE] Add feature flag that pins the menu to the top', '[IMPROVE] Add in total return calculations, including net total return', '[IMPROVE] FRED API and Function to include: Categories, Releases, Series, Sources, Tags & Maps', 'Edgar Filings 13F/D/G search by CUSIP, CRD, CIK, and plain text with math function. [FR]', '[Bug] `stocks/fa overview --source Finviz`: No data found for AAPL', '[Bug] Entering `/stocks/fa` with a symbol containing an exchange suffix creates a double suffix; e.g., RY.TO.TO', '[Bug] Different outputs depending on the OS', '[Bug] Tables - Next/Last page buttons are missing, cannot browse pages, from many - but not all - commands.', '[FR] New stock comparison analysis - Cointegration Pairs Trading Model', '[Fr] `/stocks/options/hist` needs clarity for arguments', '[Bug] `/stocks/ins/act` - Chart does not match raw data (or have an explanation for what the bar is)', '[FR] Loops in routines', '[IMPROVE] Remove logs on logout', '[IMPROVE] Remove `stocks/ta/recom` and `summary` because they rely on data not in memory.', '[IMPROVE] sdk import takes long time to complete', '[IMPROVE] `Econometrics/add` and `eval` - provide clarity within the help dialogue and docstrings with working syntax examples.', '[Bug] `econometrics/panel` giving error', '[Bug] Getting prices with Pyth price introduces a blocking thread', '[IMPROVE] Having a description in front of autocomplete would be a massive improvement in usability', '[FR] SDK  - Add missing function: `crypto.dd.liquidations`', '[Improve] Error Handling For Stocks Insider Menu When Ticker is not US Exchange-Listed', '[IMPROVE] --export-pred-raw flag - please add the ability to save to a custom filename', '[FR] Multi-language support', '[Bug] Docs Spelling Mistakes', '[FR] Define the Equity and Bonds (real) performance as part of the Economy menu', 'Forex candle graph show two different timelines after a quote command', '[Bug] `ETF` When the ETF is not US-listed, holdings and other info are lost, despite being available from YahooFinance.', '[IMPROVE] SDK - `openbb.econometrics.panel` make it more intuitive to use this functionality', '[FR] Add ability to compare percentage gain of multiple stocks over N period of time', '[FR] Keys menu: `remove` Command', '[FR] Save API keys to be reused in future docker sessions', '[FR]  Addition of Tiingo API support.', '[Bug] OpenAI is not included with the Hub API keys', '[Bug] Revenue History and Estimations table has incorrectly formatted dates', 'keeping alive the running container', '[Bug] Documentation: `askobb` and `hold` are being put under the Alternative Menu in the Reference section', '[FR] Ability to change the position of stored data and temp', '[IMPROVE] `stocks/options/hedge/pick` - Underlying asset position should include the stock at a price and number of shares.', '[IMPROVE] `economy/index` and `stocks/ca/hist` - flag for `returns` should have selectable trailing period.', '[Bug] Docker image is not working', '[Bug] Jupiter Notebook not loading the kernel on browser when trying to use the OpenBB SDK', 'Command /crypto/load BTC/dd/mcapdom BTC percentage share returns incorrect Data', '[IMPROVE]Increase number of news pieces output at OpenBBSDK', '[FR] Add column styling to print_rich_table', '[Bug] Portfolio/PO - MaxUtil returns value as $ when weights do not add up to 100%', ""[Bug] Reports don't work on `pip install openbb`"", '[Enhancement] /stocks/ins Return more than 100 results', '[IMPROVE] Cache Keys', '[IMPROVE] Degiro keys testing', '[IMPROVE] Allow news to be real-time', '[IMPROVE] Unhide all Presets and Routines by Moving Files to UserData Folder.', 'Etf Gainers show symbol[FR]', '[IMPROVE] [SDK] Where functions have a choice for `source`, return an error message with valid choice instead of Empty.', '[IMPROVE] Options Menu - No need for a `source` on functions like OI, or most, because data is already `loaded`', '[IMPROVE] Allow historical data to be flexible based on the request of the user', '[IMPROVE] OpenBB SDK via Docker', ""[IMPROVE] '-' arguments with more than one letter"", '[IMPROVE] Differentiate YoY an MoM figures in the economic calendar', '[IMPROVE] create flatpak flathub release', '[FR] etf/ta has no `load` function', '[FR] Add Commission of Traders (COT) data from Quandl', '[FR] List symbols available on OBB', '[IMPROVE] Add in a Point-and-Figure (P&F) chart as an option for any asset class', '[BugFix] Fix Intrinio Balance Sheet Q4 Labeling', '[IMPROVE] Splits/Divs - Add endpoints for every API (Reference Data)', '[IMPROVE] Volatility charts and analysis for different options and futures and consecutive expiry dates', '[Bug] Windows installer: reports throw a log error after execution', '[Improvement] Autocompletion of futures expirations', '[IMPROVE]stocks/gov/lasttrades -r can do better on name matching', '[IMPROVE] Show performance per asset within `perf`', '[Bug] `/crypto/find -c solana --source Coinbase` - Terminal hangs and requires keyboard interrupt.', '[IMPROVE] openbb_terminal/reports', '[Bug] Installation via source on Windows - ImportError: DLL load failed while importing _ctypes: The specified module could not be found.', '[Bug] `/portfolio/ $ attrib` does not work', '[Bug] When the portfolio exists for less than a year, the yearly return is wrong', '[Bug] `/fixedincome/estr --source ECB` - Returns blank with an x-axis label: ""</html>""', '[IMPROVE] `hold`: Allow traces to be added to existing Y-axis by position. i.e., `-y 1`, `-y2`', '[Bug] Posthog logs on poor/ no internet connection', '[Bug] [3.0.0] Empty data for `China` under `Events` in `reports\\economy` and async handler issue', '[Bug]: generating extra frames during oauth login using gmail', 'I had an error message while installing openbb', '[Bug] `/stocks/fa/metrics -t AAPL --source AlphaVantage`: Data returned has no labels.', '[FR] OpenBB R package?', 'Futures Data that can utilize Volume Profile/ Market Profile, and harmonic rotations to build stats around.', '[Bug] Candle chart fails to zoom if chart has more than 2000 points', '[Bug] `/economy/treasury` - The query does not populate ""Stored datasets"" as the others do in the group.', ""Openbb-nightly requires a libwebkit2gtk-4.0-dev library, else it won't dockerize"", '[Bug] `/stocks/fa/earnings` --limit argument appears to have no impact.', '[Bug] `/stocks/ins/lins` - No insider information found for WMT']","['closed (#3199)', 'closed (#3113)', 'closed (#2674)', 'closed (#2605)', 'closed (#2132)', 'closed (#1754)', 'closed (#994)', 'closed (#4310)', 'closed (#4241)', 'closed (#3854)', 'closed (#3747)', 'closed (#3567)', 'closed (#2730)', 'closed (#2336)', 'closed (#2217)', 'closed (#5680)', 'closed (#5518)', 'closed (#5467)', 'closed (#5426)', 'closed (#5354)', 'closed (#5259)', 'closed (#5249)', 'closed (#5200)', 'closed (#4982)', 'closed (#4915)', 'closed (#6466)', 'closed (#1771)', 'closed (#6027)', 'closed (#6020)', 'closed (#5783)', 'closed (#5632)', 'closed (#5606)', 'closed (#5418)', 'closed (#5213)', 'closed (#5186)', 'closed (#4943)', 'closed (#6468)', 'closed (#6474)', 'closed (#6473)', 'closed (#6472)', 'closed (#5881)', 'closed (#5517)', 'closed (#3708)', 'closed (#3165)', 'closed (#2996)', 'closed (#2979)', 'closed (#2957)', 'closed (#2223)', 'closed (#3174)', 'closed (#2945)', 'closed (#4128)', 'closed (#3791)', 'closed (#3719)', 'closed (#3704)', 'closed (#3166)', 'closed (#3892)', 'closed (#3770)', 'closed (#3677)', 'closed (#3673)', 'closed (#3112)', 'closed (#2817)', 'closed (#5637)', 'closed (#5603)', 'closed (#5573)', 'closed (#5514)', 'closed (#5156)', 'closed (#4622)', 'closed (#4543)', 'closed (#4346)', 'closed (#4175)', 'closed (#3751)', 'closed (#6467)', 'closed (#6462)', 'closed (#6157)', 'closed (#6003)', 'closed (#5842)', 'closed (#5683)', 'closed (#5911)', 'closed (#5663)', 'closed (#5635)', 'closed (#5625)', 'closed (#5570)', 'closed (#5343)', 'closed (#5110)', 'closed (#4856)', 'closed (#5868)', 'closed (#5712)', 'closed (#5636)', 'closed (#5342)', 'closed (#3771)', 'closed (#3409)', 'closed (#3066)', 'closed (#2697)', 'closed (#2313)', 'closed (#5242)', 'closed (#5206)', 'closed (#5052)', 'closed (#5023)', 'closed (#5000)', 'closed (#4977)', 'closed (#4865)', 'closed (#5664)', 'closed (#5647)', 'closed (#5631)', 'closed (#5423)', 'closed (#5328)', 'closed (#5288)', 'closed (#5782)', 'closed (#5596)', 'closed (#5400)', 'closed (#5381)', 'closed (#5123)', 'closed (#5093)', 'closed (#4258)', 'closed (#3175)', 'closed (#3080)', 'closed (#5323)', 'closed (#4530)', 'closed (#4499)', 'closed (#4397)', 'closed (#4257)', 'closed (#2149)', 'closed (#4545)', 'closed (#4439)', 'closed (#4352)', 'closed (#4248)', 'closed (#4062)', 'closed (#3847)', 'closed (#3686)', 'closed (#2626)', 'closed (#460)', 'closed (#1856)', 'closed (#5422)', 'closed (#5270)', 'closed (#5066)', 'closed (#4796)', 'closed (#4760)', 'closed (#4528)', 'closed (#4093)', 'closed (#4047)', 'closed (#3840)', 'closed (#6469)', 'closed (#5595)', 'closed (#5379)', 'closed (#2595)', 'closed (#2534)', 'closed (#2299)', 'closed (#2198)', 'closed (#1877)', 'closed (#1629)', 'closed (#6446)', 'closed (#6065)', 'closed (#5953)', 'closed (#5666)', 'closed (#5654)', 'closed (#5574)', 'closed (#5515)', 'closed (#2200)', 'closed (#2171)', 'closed (#2166)', 'closed (#776)', 'closed (#5594)', 'closed (#5581)', 'closed (#5337)', 'closed (#5189)', 'closed (#5074)', 'closed (#5072)', 'closed (#5310)', 'closed (#4934)', 'closed (#4836)', 'closed (#4858)', 'closed (#4851)', 'closed (#4789)', 'closed (#4437)', 'closed (#3957)', 'closed (#3831)', 'closed (#3726)', 'closed (#3493)', 'closed (#3349)', 'closed (#2855)', 'closed (#5954)', 'closed (#2784)', 'closed (#4112)', 'closed (#3765)', 'closed (#3375)', 'closed (#3115)', 'closed (#2886)', 'closed (#5166)', 'closed (#2324)', 'closed (#5717)', 'closed (#5539)', 'closed (#5451)', 'closed (#5442)', 'closed (#5434)', 'closed (#4648)', 'closed (#4544)', 'closed (#4331)', 'closed (#4117)', 'closed (#3992)', 'closed (#3976)', 'closed (#3879)', 'closed (#3689)', 'closed (#3645)', 'closed (#3628)', 'closed (#3007)', 'closed (#2849)', 'closed (#2727)', 'closed (#2692)', 'closed (#2308)', 'closed (#4554)', 'closed (#4264)', 'closed (#4209)', 'closed (#4061)', 'closed (#3687)', 'closed (#3685)', 'closed (#3651)', 'closed (#3632)', 'closed (#3232)', 'closed (#2468)', 'closed (#2321)', 'closed (#6465)', 'closed (#4204)', 'closed (#3672)', 'closed (#3502)', 'closed (#3264)', 'closed (#2951)', 'closed (#2787)', 'closed (#5178)', 'closed (#4985)', 'closed (#4639)', 'closed (#3842)', 'closed (#3678)', 'closed (#5662)', 'closed (#5331)', 'closed (#4955)', 'closed (#4925)', 'closed (#5934)', 'closed (#5759)', 'closed (#5648)', 'closed (#5575)', 'closed (#5466)', 'closed (#5413)', 'closed (#5235)', 'closed (#5216)', 'closed (#5050)', 'closed (#5040)']","[121516, 121627, 121692, 122017, 122111, 122145, 122220, 122316, 122735, 126503, 184074, 203167, 209935, 211220, 214046, 222844, 222865, 227237, 231550, 236449, 238469, 241736, 251135, 251150, 255741, 262044, 262802, 270638, 271045, 273321, 273542, 273557, 273581, 275156, 275671, 275686, 277565, 277583, 277601, 277842, 277870, 279507, 284391, 284958, 285908, 285942, 285983, 289078, 290547, 290585, 290605, 290896, 297311, 301457, 301475, 301556, 301589, 307826, 307910, 311246, 311908, 313235, 315754, 316008, 316032, 316305, 316566, 319742, 322675, 322740, 325685, 328086, 328132, 328997, 329520, 330254, 330540, 332342, 339390, 350165, 352532, 353311, 354901, 355598, 360076, 360382, 361199, 361606, 362132, 362286, 362940, 364275, 365537, 367609, 368704, 369571, 371988, 372068, 372750, 374092, 374172, 374712, 376723, 378921, 379785, 379891, 380234, 382339, 383438, 384884, 385610, 386577, 390729, 391542, 391631, 391850, 393017, 398394, 399553, 406942, 423666, 424895, 426859, 436214, 438074, 438089, 438138, 438824, 438901, 442798, 448539, 448645, 451465, 459271, 459808, 462674, 464711, 468927, 469855, 469867, 470920, 471489, 476177, 476644, 481817, 488333, 489298, 489718, 492283, 497553, 497578, 499279, 510062, 511377, 512826, 521651, 522544, 524587, 525165, 525247, 525524, 525889, 528634, 530905, 530930, 531467, 533141, 534526, 537442, 538288, 538943, 539408, 540568, 540721, 540744, 540778, 541254, 541269, 541963, 541982, 543974, 544367, 545143, 545391, 550466, 556780, 557500, 566081, 572150, 575400, 582425, 584915, 588839, 590019, 590036, 590333, 590374, 593506, 593647, 593665, 594729, 595834, 598851, 599443, 600704, 601691, 601835, 602139, 607456, 610697, 611217, 613906, 616288, 616463, 621353, 621428, 625616, 626825, 628549, 633111, 634374, 634736, 641842, 647463, 658352, 658856, 658971, 659397, 659703, 660393, 667582, 667863, 668657, 668707, 672021, 672177, 673356, 674815, 704167, 706404, 713128, 714989, 727458, 817505, 841440, 866183]","[121421, 121534, 121645, 121899, 122035, 122132, 122160, 122238, 122663, 126208, 183658, 203140, 209914, 211182, 214032, 222829, 222847, 227209, 231536, 236415, 238447, 241719, 251120, 251138, 255700, 262026, 262762, 270604, 271010, 273305, 273521, 273545, 273560, 275144, 275652, 275674, 277516, 277568, 277586, 277822, 277845, 279478, 284376, 284937, 285896, 285911, 285945, 289049, 290515, 290550, 290588, 290874, 297266, 301435, 301460, 301533, 301559, 307814, 307829, 311220, 311878, 313212, 315724, 315986, 316011, 316276, 316545, 319730, 322666, 322728, 325649, 328059, 328089, 328967, 329508, 330236, 330493, 332292, 339373, 350147, 352520, 353275, 354791, 355586, 360061, 360324, 361174, 361576, 362120, 362262, 362925, 364204, 365505, 367578, 368651, 369528, 371893, 372041, 372734, 374046, 374150, 374680, 376708, 378901, 379756, 379860, 380177, 382324, 383373, 384860, 385592, 386552, 390717, 391524, 391611, 391829, 392996, 398372, 399528, 406920, 423651, 424807, 426803, 436190, 438047, 438077, 438092, 438803, 438860, 442772, 448524, 448618, 451451, 459259, 459768, 462585, 464693, 468915, 469797, 469858, 470876, 471461, 476168, 476632, 481785, 488321, 489217, 489693, 492225, 497528, 497556, 499265, 510031, 511351, 512790, 521619, 522531, 524538, 525143, 525232, 525500, 525880, 528585, 530891, 530908, 531433, 533104, 534491, 537422, 538270, 538928, 539377, 540541, 540693, 540724, 540747, 541230, 541257, 541933, 541966, 543942, 544314, 545134, 545323, 550454, 556745, 557462, 566055, 572138, 575386, 582373, 584877, 588819, 590005, 590022, 590272, 590336, 593479, 593638, 593650, 594710, 595822, 598836, 599414, 600692, 601657, 601823, 602123, 607408, 610668, 611196, 613894, 616250, 616438, 621304, 621412, 625556, 626781, 628528, 633057, 634349, 634687, 641829, 647440, 658329, 658838, 658936, 659368, 659686, 660368, 667395, 667834, 668638, 668695, 672009, 672164, 673265, 674793, 704145, 706357, 713097, 714953, 727417, 817489, 841416, 866153]","[FR] option load --source CBOE
[IMPROVE] Enable pagination from Polygon API to eliminate being limited to 50,000 results per request.
[FR] integrate socialsentiment.io instead of sentimentinvestor.com
[IMPROVE] Portfolio/PO/plot - As a user, I want to be able to use the plot function with unoptimized portfolios.
[FR] Is there any way to get this working on Replit? Could get folks setup in a few clicks.
[IMPROVE] Add export function to portfolio menu features.
[FR] Expand/Weaponize FRED API capabilities to include ALFRED, and GeoFRED. Enhanced search, map generation, and integration in the QA menu
[FR] Provide/document a way to use this package on Kaggle
[IMPROVE] Portfolio/alloc - Top 10 Assets Allocation --> Assets Allocation
Stocks/disc/ Gainers and Losers
[Bug] Absolute Paths Do Not Work From Forecast Menu When Entered Through Stocks/Crypto, etc.
[IMPROVE] stocks/ba/interest should work with space, e.g. ""interest world cup""
[IMPROVE] Compare with BB terminal
[IMPROVE] Calculate intrinsic and book value of a stock and allow for comparison of the numbers
[IMPROVE] Portfolio should figure out whether ticker is stock or ETF automatically
[Bug] Pip install pulls in wrong version of openai
[FR] V4 - Add OECD Provider for economy extension
[IMPROVE] Vague empty /stocks/ta recom message.
[Bug] Can´t see the stock info (in_drain_helper)
`setuptools<65.5.0` dependency when building on arch
[Bug] Tables - Entering a time for index filtering changes the date, not the time.
[Bug] 3.2 Windows Installer: Chart legends do not display correctly.
[Bug] `/crypto/dd/` - `Coinglass` functions no longer work and prints, ""deprecated"".
[Bug] `/portfolio/load --example` The calculations applied when loading the file are way off.
[FR] Introduce a global risk-free-rate with daily historical data, such as: SOFR/RRPONTSYAWARD/SONIA/ESTR, etc., etc.
[BugFix] Default API Settings
Feature: Investipedia paper trading API
[Bug] 3D Volatility Surface -- axes are off
Want to access a running openBBTerminal container running on my local server through a web browser
[Bug] Hub: Binance Key & Secret do not actually save.
[Improvement] `/crypto/defi` - functions that only do Luna/Terra should be deprecated.
[Bug] OpenBB Hub: PAT copy/paste supplies an invalid parameter name, `pat`, instead of `token`
Inclusion of timeframes in seconds will be benificial for micro scalping
[Bug] `stocks/ta/ema --export` EMA values are not exported, only ""Adj Close"" and ""date"".
[Bug] `stocks/load`  Sources do not agree on what the values for OHLC vs. Adjusted are.
[Bug] `stocks/ba/` - Reddit functions - Error: Maximum recursion level reached.
[Feature] Options Chains From YFinance
[Feature] Add Retail Prices to Economy
[Feature] More OECD - House Price Index, Immediate Interest Rate
[Docs] Make Same PR as the to Main
[Bug] packaged installer crashes on M1 Mac running Sonoma
[FR] V4 - Add ECB Provider for ECB Yield Curve
[IMPROVE] Options/VSurf - Make Independent of Data Source and Return More Data
[FR] SDK - `openbb.common.ta.ema` - `chart = True` is a missing argument in the SDK function.
[IMPROVE] Description of the Insider Trading menu does not reflect its true functionality.
[IMPROVE] etf/news consistent with other news?
[Improve] stocks/ca/ticker doesnt seem to add to list
[IMPROVE] Portfolio - Need a function to create/modify portfolio
[IMPROVE] Create notebook report utilizing forecast on SDK
[IMPROVE] Get rid of stocks/dps/prom
[IMPROVE] Add Support for Non-Sandbox Tradier API Tokens
[Bug] Forecast/Plot - Multiple Columns Doesn't Work
[IMPROVE] Have the ability to add custom CA certificates for SSL inspection of traffic
[Improve] Equity report outputs income in local currency
[Improve] SDK - `openbb.common.ta.ema` - length is not a list like the Terminal function is. Accepts only one value.
[FR] Streaming data to a table in a floating window
[FR] create portfolio using dataframe
[IMPROVE] Display Timestamp When Intraday Data Loaded
[IMPROVE] please add export functionality for portfolio allocation
[IMPROVE] Economy Menu - Be able to enter the Forecast and Econometrics menu with loaded datasets.
[FR] Add news and reddit command to forex menu
[Bug] `/crypto/onchain/hr` Function is dead - Error getting hashrate: 403 Forbidden
[Bug] `obb.stocks.load()` doesn't correctly parse symbols list
[FR] Compare current YTD time series against X years historical average
[FR] V4 - Add FINRA Provider for ATS/OTC data
[Bug] `portfolio/po/mktcap` - Error: argument of type 'int' is not iterable, unsupported operand type for +=: 'int' and 'list'
[Feature] [SDK] `openbb.stocks.options.greeks` - Calculate Greeks based on actual expiration
[Feature] Stocks/Options/exp - autocomplete does not give choices for expiration dates.
[FR] Real Time Data Updates Feature
[IMPROVE] Add timezone info in `candle --raw`
[IMPROVE] `portfolio` and `portfolio.po` functions should use the same portfolio object
[FR] renaming openBB - the bold idea
[BugFix] Fix Empty Build Fail
Adding OECD Endpoints (CPI + Share Price Index)
`news` command doesn't work as documented
[Bug]Adding API keys to the new platform
[Bug] CSV export from `news` GUI doesn't work correctly.
openBB Figma assets
[Bug] `/fixedincome/ecbycrv`: Error: Reindexing only valid with uniquely valued Index objects
[Bug] `/crypto/nft/stats` - Example `--slug` does not find data and it is unclear how to know what a valid choice is.
openBB macro events API failures
[IMPROVE] Regplot of 2 Stocks
[IMPROVE] Remove `update` command from main menu.
[Bug] Current Reddit API appears to be deprecated.  All commands return with: `Wrong Reddit API keys`
[IMPROVE] Missing T/A functions when the menu is entered from anywhere but the Stocks menu.
[FR] model portfolio vs proposed portfolio
[IMPROVE] Add `--remove` parameter to the Terminal `/keys` menu.
[Bug] `/crypto/onchain/gwei`: Function only returns - Error in ethgasstation request.
[Bug] Oanda API
[FR] new ways of creating portfolios - goal to perform backtests faster
[IMPROVE] Installation on Apple M2 CPU
[IMPROVE] No documentation for `TA/ATR` `TA/RSP` `TA/DEMARK` `TA/CLENOW`
[IMPROVE] Stocks/FA - when plotting the Financial Statement Items, include the price on a separate Y-Axis
[IMPROVE] crypto/load using id
Can't Deploy Streamlit Apps because files are being created and modified: PermissionError: [Errno 13] Permission denied
[IMPROVE] Use beautifulsoup4 instead of bs4 in dependencies
[Bug] Errors encountered when running `poetry install -E all` : No such file or directory
[SDK] `openbb.stocks.news()` - No input for `ticker` or `source`.
[Bug] Routines - the `/stocks/scr/set` command does not appear to work in a routine.
[IMPROVE] economy/macro to research topics within OECD database
[Bug] `stocks/ta/macd` Some x-axis labels are 1 day behind the hover read out.
[Bug] `/forex/quote` - YahooFinance and AlphaVantage give opposite From/To pairs.
[Bug] `/stocks/dps/ctb`: socket.py:775: ResourceWarning: unclosed
[Bug] `/crypto/defi/vaults` - Error: Coindix api exception: <html> <head><title>404 Not Found</title></head>
Candlestick and Chart Pattern Recognition [FR]
[FR] Add ISIN Numbers
[Bug] Prompt request prevents installing openbb SDK for CI
[Bug] Stocksera no longer exists.
[Bug] `/keys/quandl` - Series used for testing valid keys is no longer available. :(
[Bug] Entering Forecast Menu from Stocks Menu Doesn't Carry the Loaded Data
[IMPROVE] What's changed  content
[Bug] Connecting to Degiro fails
[Bug] `stocks/ca/tsne` Prompt Toolkit DeprecationWarning: There is no current event loop.
Hedge Fund Mangers Portfolio Data[FR]
[IMPROVE] Allow to go from ETF menu to forecasting menu with data
[IMPROVE] By default, enable normalize on `stocks/ca/historical` and include a trendline
[Bug] `/settings/userdata`: updates the ENV file but does not change any Terminal behaviour.
[IMPROVE] All API Key error messages, especially when using SDK.
Portfolio exposures
[IMPROVE] - Timezone and calendar sync
More Alternative Data for stocks [Website traffic, Mobile App Ranking, Share of search, Social Media Activity, Google Trends, Patents][FR]
[FR] Add TD Ameritrade to Broker List
[Bug] [SDK] `openbb.crypto.dd.candle` has no `_chart` and returns a DataFrame - basically `load` by another name.
[Bug] Portfolio fails to load ETFs - any function requiring metadata does not work.
[Bug] Economy/CPI - does not show up under ""stored datasets""
[Bug] Stocks/FA/shrs - insiders is not an accepted choice
[Bug] Relative strength percentile stock/industry table includes random stocks/industries.
[FR] Adding an optional caching layer
[IMPROVE] Optimization methods progress bar
[IMPROVE] Add in the ability to search for indices within the Economy and Portfolio menu.
Wyckoff and Elliot waves
[FR] Switch from bt to Backtrader + Fastquant
Same feature set across all instrument types [FR]
[Bug] Docs Generation: Reference SDK is showing: `openbb.root.news()` instead of `openbb.news()`
[FR] Chart Feature to Plot Important News Events of a stock on the Chart of the Stock
Attribution of returns
[IMPROVE] `stocks/quote` - add `openbb.stocks.fa.info()` as a source so that no API key is required to return data.
[Bug] No labels for the `season` commands plot in forecast menu
Error installing OpenBB SDK in Mac M1
[IMPROVE] CTRL-C should not kill the terminal
[Improve] Economy/eval can't calculate correctly because it doesn't solve for the scaling in the FRED series.
[Feature] Add Central Bank Holdings (Federal Reserve)
[Bug] Docker image fails to start
[Bug] Portfolio Optimization Template is not usable as a template.
[Improve] Econometrics Menu - Data is lost when the menu is left.
[IMPROVE] behavioural analysis menu commands aren't separate from ticker dependent to not
[IMPROVE] get_macro_data function improvement.
[IMPROVE] Economy/Macro function: Enhance the EconDB Open API connector to add groups of countries and tables
[IMPROVE] Adjust ticker to default when selecting a different exchange
[FR] Add Matrix integration
[Feature] Set provider fallback based on credentials
[Bug] Receiving TypeError after login
[Bug] - Report .html couldn't be created.
[Bug] Interactive Tables attempt to convert any column with enough digits into a Unix Timestamp.
[Bug] `/stocks/th/holidays --name 24/5` - command does not like the `/` in the choice despite being a valid choice.
[FR] Inter/Intra commodities spread charts
[FR] V4 - Add SEC Provider for FTD data
[IMPROVE] Add feature flag that pins the menu to the top
[IMPROVE] Add in total return calculations, including net total return
[IMPROVE] FRED API and Function to include: Categories, Releases, Series, Sources, Tags & Maps
Edgar Filings 13F/D/G search by CUSIP, CRD, CIK, and plain text with math function. [FR]
[Bug] `stocks/fa overview --source Finviz`: No data found for AAPL
[Bug] Entering `/stocks/fa` with a symbol containing an exchange suffix creates a double suffix; e.g., RY.TO.TO
[Bug] Different outputs depending on the OS
[Bug] Tables - Next/Last page buttons are missing, cannot browse pages, from many - but not all - commands.
[FR] New stock comparison analysis - Cointegration Pairs Trading Model
[Fr] `/stocks/options/hist` needs clarity for arguments
[Bug] `/stocks/ins/act` - Chart does not match raw data (or have an explanation for what the bar is)
[FR] Loops in routines
[IMPROVE] Remove logs on logout
[IMPROVE] Remove `stocks/ta/recom` and `summary` because they rely on data not in memory.
[IMPROVE] sdk import takes long time to complete
[IMPROVE] `Econometrics/add` and `eval` - provide clarity within the help dialogue and docstrings with working syntax examples.
[Bug] `econometrics/panel` giving error
[Bug] Getting prices with Pyth price introduces a blocking thread
[IMPROVE] Having a description in front of autocomplete would be a massive improvement in usability
[FR] SDK  - Add missing function: `crypto.dd.liquidations`
[Improve] Error Handling For Stocks Insider Menu When Ticker is not US Exchange-Listed
[IMPROVE] --export-pred-raw flag - please add the ability to save to a custom filename
[FR] Multi-language support
[Bug] Docs Spelling Mistakes
[FR] Define the Equity and Bonds (real) performance as part of the Economy menu
Forex candle graph show two different timelines after a quote command
[Bug] `ETF` When the ETF is not US-listed, holdings and other info are lost, despite being available from YahooFinance.
[IMPROVE] SDK - `openbb.econometrics.panel` make it more intuitive to use this functionality
[FR] Add ability to compare percentage gain of multiple stocks over N period of time
[FR] Keys menu: `remove` Command
[FR] Save API keys to be reused in future docker sessions
[FR]  Addition of Tiingo API support.
[Bug] OpenAI is not included with the Hub API keys
[Bug] Revenue History and Estimations table has incorrectly formatted dates
keeping alive the running container
[Bug] Documentation: `askobb` and `hold` are being put under the Alternative Menu in the Reference section
[FR] Ability to change the position of stored data and temp
[IMPROVE] `stocks/options/hedge/pick` - Underlying asset position should include the stock at a price and number of shares.
[IMPROVE] `economy/index` and `stocks/ca/hist` - flag for `returns` should have selectable trailing period.
[Bug] Docker image is not working
[Bug] Jupiter Notebook not loading the kernel on browser when trying to use the OpenBB SDK
Command /crypto/load BTC/dd/mcapdom BTC percentage share returns incorrect Data
[IMPROVE]Increase number of news pieces output at OpenBBSDK
[FR] Add column styling to print_rich_table
[Bug] Portfolio/PO - MaxUtil returns value as $ when weights do not add up to 100%
[Bug] Reports don't work on `pip install openbb`
[Enhancement] /stocks/ins Return more than 100 results
[IMPROVE] Cache Keys
[IMPROVE] Degiro keys testing
[IMPROVE] Allow news to be real-time
[IMPROVE] Unhide all Presets and Routines by Moving Files to UserData Folder.
Etf Gainers show symbol[FR]
[IMPROVE] [SDK] Where functions have a choice for `source`, return an error message with valid choice instead of Empty.
[IMPROVE] Options Menu - No need for a `source` on functions like OI, or most, because data is already `loaded`
[IMPROVE] Allow historical data to be flexible based on the request of the user
[IMPROVE] OpenBB SDK via Docker
[IMPROVE] '-' arguments with more than one letter
[IMPROVE] Differentiate YoY an MoM figures in the economic calendar
[IMPROVE] create flatpak flathub release
[FR] etf/ta has no `load` function
[FR] Add Commission of Traders (COT) data from Quandl
[FR] List symbols available on OBB
[IMPROVE] Add in a Point-and-Figure (P&F) chart as an option for any asset class
[BugFix] Fix Intrinio Balance Sheet Q4 Labeling
[IMPROVE] Splits/Divs - Add endpoints for every API (Reference Data)
[IMPROVE] Volatility charts and analysis for different options and futures and consecutive expiry dates
[Bug] Windows installer: reports throw a log error after execution
[Improvement] Autocompletion of futures expirations
[IMPROVE]stocks/gov/lasttrades -r can do better on name matching
[IMPROVE] Show performance per asset within `perf`
[Bug] `/crypto/find -c solana --source Coinbase` - Terminal hangs and requires keyboard interrupt.
[IMPROVE] openbb_terminal/reports
[Bug] Installation via source on Windows - ImportError: DLL load failed while importing _ctypes: The specified module could not be found.
[Bug] `/portfolio/ $ attrib` does not work
[Bug] When the portfolio exists for less than a year, the yearly return is wrong
[Bug] `/fixedincome/estr --source ECB` - Returns blank with an x-axis label: ""</html>""
[IMPROVE] `hold`: Allow traces to be added to existing Y-axis by position. i.e., `-y 1`, `-y2`
[Bug] Posthog logs on poor/ no internet connection
[Bug] [3.0.0] Empty data for `China` under `Events` in `reports\economy` and async handler issue
[Bug]: generating extra frames during oauth login using gmail
I had an error message while installing openbb
[Bug] `/stocks/fa/metrics -t AAPL --source AlphaVantage`: Data returned has no labels.
[FR] OpenBB R package?
Futures Data that can utilize Volume Profile/ Market Profile, and harmonic rotations to build stats around.
[Bug] Candle chart fails to zoom if chart has more than 2000 points
[Bug] `/economy/treasury` - The query does not populate ""Stored datasets"" as the others do in the group.
Openbb-nightly requires a libwebkit2gtk-4.0-dev library, else it won't dockerize
[Bug] `/stocks/fa/earnings` --limit argument appears to have no impact.
[Bug] `/stocks/ins/lins` - No insider information found for WMT"
2024-10-14,55,11.0,21.0,10.0,-4.0,36.0,True,high,1.9,55,49,"['[IMPROVE] /assign', '[🕹️] Completed Side Quest:  5 Friends Starred Repositories', '[🕹️]Starry eyed supporter', 'Starry-eyed Supporter (150 Points)', '[🕹️] OSS.gg Social Hero', 'fix: requirements-full.txt to reduce vulnerabilities', '[🕹️] [Bug] LinkedIn logo is not visible in dark mode', '[🕹️] Starry-eyed Supporter', '[FR] suggesting the user what wrong he did in the investments in previous similar trend', '[🕹️] Create a Notebook for Currency Exchange Rate Forecasting', '[🕹️] Write a Use-Case Blog for OpenBB in Fundamental Analysis', '[🕹️]Follow openBB on Twitter', '[🕹️]Publish a linkedin post on OpenBB’s Use in Investment Research', 'Added the notebook for Sentiment Analysis for Stock Prices', 'Added file : Created Notebook for Portfolio Optimization Using Modern Portfolio Theory (Hacktoberfest)', '[🕹️] Write a Article Comparing OpenBB and Other Financial Tools', '[🕹️]Starry-eyed supporter', '[🕹️] Starry-eyed supporter', '[🕹️]  Write a Article Comparing OpenBB and Other Financial Tools', '[Enhancement] Improve FRED Search', '[🕹️]Added the notebook for currency exchange rate prediction', 'Fundamental Analysis', '[🕹️]Starry-eyed Supporter #6795 #6810', 'feat: INTEGRATE OpenBB in a STREAMLIT DASHBOARD', '[🕹️]Publish a LinkedIn post on OpenBB’s Use in Investment Research', 'Update 6-social-hero.md', '[BugFix] Remove Dead Endpoints From Nasdaq Data Link', '[BugFix] Handle Abusively Large Correlation Matrix.', 'Earnings Prediction Notebook', '[🕹️]Publish a LinkedIn post or a Twitter Thread on OpenBB’s Use in Investment Research', 'Following open bb on twitter #6768', 'Side Quest : Record onboarding flow and overview of the app', '[🕹️]Added the notebook for Backtesting Momentum Strategies', '[🕹️]Added the notebook to demonstrate fundamental analysis with openbb', '[🕹️]Write a Article Comparing OpenBB and Other Financial Tools', 'Create blog.md', '[🕹️]What side quest or challenge are you solving?', 'Feat: Follow OpenBB on X #6768', 'Update 6-social-hero.md #6705', '[🕹️] Create a Notebook for Backtesting Momentum Strategies', '[🕹️]Starry-eyed Supporter', '[task] created a cryptocurrency trend analysis notebook | closes #6709', '[🕹️] Lack of Smooth Transition for Hamburger Menu on Mobile', 'Docs: README', '[🕹️]🌟 Starry-eyed Supporter - [Tarandeep-singh1]', '[OSS.GG] Social Hero', '[🕹️] Create a Social Media Post Highlighting OpenBB’s Customizability', 'Risk-Return Tradeoff Model Notebook #6710', 'Create OpenBB Platform Installer with conda constructor']","['closed (#6796)', 'closed (#6790)', 'closed (#6782)', 'closed (#6778)', 'closed (#6772)', 'closed (#6809)', 'closed (#6805)', 'closed (#6775)', 'closed (#6744)', 'closed (#6716)', 'closed (#6776)', 'closed (#6768)', 'closed (#6766)', 'closed (#6748)', 'closed (#6726)', 'closed (#6777)', 'closed (#6799)', 'closed (#6765)', 'closed (#6762)', 'closed (#6801)', 'closed (#6786)', 'closed (#6785)', 'closed (#6743)', 'closed (#6735)', 'closed (#6811)', 'closed (#6792)', 'closed (#6781)', 'closed (#6780)', 'closed (#6773)', 'closed (#6770)', 'closed (#6807)', 'closed (#6803)', 'closed (#6758)', 'closed (#6787)', 'closed (#6779)', 'closed (#6763)', 'closed (#6759)', 'closed (#6824)', 'closed (#6783)', 'closed (#6767)', 'closed (#6793)', 'closed (#6789)', 'closed (#6769)', 'closed (#6756)', 'closed (#6712)', 'closed (#6795)', 'closed (#6728)', 'closed (#6804)', 'closed (#6791)', 'closed (#6755)', 'closed (#6788)', 'closed (#6771)', 'closed (#6802)', 'closed (#6739)', 'closed (#6587)']","[67456, 68159, 68265, 68417, 68572, 68645, 68726, 68807, 68869, 69145, 69239, 69286, 69557, 69585, 69647, 69712, 69759, 69817, 69844, 69887, 70049, 70153, 70238, 70292, 70353, 70391, 70415, 70541, 70709, 70804, 70901, 70964, 71069, 71115, 71173, 71241, 71353, 71473, 71563, 71746, 71807, 72883, 72920, 73091, 73152, 74411, 74572, 74670, 74905, 75743, 77010, 77151, 79030, 79781, 100632]","[67386, 68142, 68234, 68354, 68511, 68600, 68678, 68758, 68849, 69120, 69225, 69242, 69527, 69560, 69588, 69674, 69719, 69796, 69824, 69847, 69924, 70110, 70186, 70271, 70299, 70356, 70394, 70482, 70564, 70754, 70831, 70907, 71044, 71072, 71148, 71176, 71264, 71416, 71506, 71695, 71752, 72784, 72890, 72989, 73094, 74345, 74554, 74575, 74760, 75713, 76903, 77050, 78928, 79708, 99199]","[IMPROVE] /assign
[🕹️] Completed Side Quest:  5 Friends Starred Repositories
[🕹️]Starry eyed supporter
Starry-eyed Supporter (150 Points)
[🕹️] OSS.gg Social Hero
fix: requirements-full.txt to reduce vulnerabilities
[🕹️] [Bug] LinkedIn logo is not visible in dark mode
[🕹️] Starry-eyed Supporter
[FR] suggesting the user what wrong he did in the investments in previous similar trend
[🕹️] Create a Notebook for Currency Exchange Rate Forecasting
[🕹️] Write a Use-Case Blog for OpenBB in Fundamental Analysis
[🕹️]Follow openBB on Twitter
[🕹️]Publish a linkedin post on OpenBB’s Use in Investment Research
Added the notebook for Sentiment Analysis for Stock Prices
Added file : Created Notebook for Portfolio Optimization Using Modern Portfolio Theory (Hacktoberfest)
[🕹️] Write a Article Comparing OpenBB and Other Financial Tools
[🕹️]Starry-eyed supporter
[🕹️] Starry-eyed supporter
[🕹️]  Write a Article Comparing OpenBB and Other Financial Tools
[Enhancement] Improve FRED Search
[🕹️]Added the notebook for currency exchange rate prediction
Fundamental Analysis
[🕹️]Starry-eyed Supporter #6795 #6810
feat: INTEGRATE OpenBB in a STREAMLIT DASHBOARD
[🕹️]Publish a LinkedIn post on OpenBB’s Use in Investment Research
Update 6-social-hero.md
[BugFix] Remove Dead Endpoints From Nasdaq Data Link
[BugFix] Handle Abusively Large Correlation Matrix.
Earnings Prediction Notebook
[🕹️]Publish a LinkedIn post or a Twitter Thread on OpenBB’s Use in Investment Research
Following open bb on twitter #6768
Side Quest : Record onboarding flow and overview of the app
[🕹️]Added the notebook for Backtesting Momentum Strategies
[🕹️]Added the notebook to demonstrate fundamental analysis with openbb
[🕹️]Write a Article Comparing OpenBB and Other Financial Tools
Create blog.md
[🕹️]What side quest or challenge are you solving?
Feat: Follow OpenBB on X #6768
Update 6-social-hero.md #6705
[🕹️] Create a Notebook for Backtesting Momentum Strategies
[🕹️]Starry-eyed Supporter
[task] created a cryptocurrency trend analysis notebook | closes #6709
[🕹️] Lack of Smooth Transition for Hamburger Menu on Mobile
Docs: README
[🕹️]🌟 Starry-eyed Supporter - [Tarandeep-singh1]
[OSS.GG] Social Hero
[🕹️] Create a Social Media Post Highlighting OpenBB’s Customizability
Risk-Return Tradeoff Model Notebook #6710
Create OpenBB Platform Installer with conda constructor"
2024-10-21,56,11.0,21.75,10.75,-5.125,37.875,True,high,1.686046511627907,56,53,"['[oss.gg] financial-post (300 points)', '[🕹️] 🌟 Starry - Eyed Contributer Completed', 'feat: Publish a LinkedIn post or a Twitter Thread on OpenBB’s Use in Investment Research', '[🕹️]Starry-eyed Supporter #6795', '[🕹️]Follow on X', '[🕹️]', '[🕹️]Added new notebook to demonstrate fundamental analysis using openbb', '[🕹️] Side Quest: Write a Use-Case Blog for OpenBB in Fundamental Analysis', 'Oss.gg No Code Side Quest submission (Multiple) and Build a Custom Screener for REITs, Create a Risk-Return Tradeoff Model Notebook', '[BugFix] SecCompanyFilings: Purge `nan` Values & Make `form_type` Match', '[🕹️] No Code Side Quest', '[🕹️]No-Code Side Quests Twitter thread', '[🕹️] Follow on X', '[🕹️]Starry-eyed Supporter (150 Points)', '[oss.gg] social-hero (150-500 points)', '[🕹️]Added the notebook for Sector Rotation Strategies Analysis', '[🕹️] Publish a LinkedIn post or a Twitter Thread (🕹️ 150-500 Points)', '[BugFix] Add Exception Handling For Unauthorized API Key Error.', '[BugFix] Bump `openbb-core` Dependencies In `pyproject.toml`', 'chore:  Publish a LinkedIn post or a Twitter Thread on OpenBB’s Use i…', 'feature/oss-gg-new-side-quest', 'ADDED POSTS LINK IN social-hero-md', '[🕹️] Follow on LinkedIn', '[🕹️] Starry-eyed Supporter', 'Submitting No Code Side Quest', 'Side Quest: Publish a LinkedIn post or a Twitter Thread on OpenBB’s Use in Investment Research', '[🕹️] Starry-eyed supporter', '[🕹️] Create a Sector Rotation Analysis Notebook', '[Release] Release/4.3.4', 'Unlocking Finance for All: Spreading the Word with OpenBB', 'Unlocking Finance for All: Spreading the Word with OpenBB 🚀', '[BugFix] `openbb-yfinance` - Fix Key Error From Change In Response From `yf.download()`', '[🕹️] Side Quest: Publish a Twitter Thread on OpenBB’s Use in Investment Research', 'Add files via upload', '[Feature] Add `openbb-platform-api` To Main `pyproject.toml`', 'Simple Sentiment Analysis for Stock Prices Notebook', '[Bug] tiingo and biztoc providers for world news in SDK and openbb-cli not working', '[🕹️]Side Quest: Publish a LinkedIn post or a Twitter Thread on OpenBB’s Use in Investment Research', '[🕹️]Write a Use-Case Blog for OpenBB in Fundamental Analysis', '[BugFix] Pre-Release Bug Fixes', '[Release] Patch openbb-core-1.3.5', '[ 🕹️]Side Quest: Integrate OpenBB into a dashboard #6867', '[🕹️]Star Eyed Supporter', 'Added M&A Impact Analysis notebook using OpenBB', 'Submitting No Code Side Quest completed #6840', '[oss.gg] fundamental-blog (300 points)', '[oss.gg] social-poster (50 points)', '[🕹️] Completed the side quest - Starred OpenBB repo by 5 Friends', '[🕹️]Added updated notebook to demonstrate fundamental analysis using openbb', '[🕹️] Star Eyed Supporter', 'Submitting Code Side Quest harshraj1512', 'Risk-Return Tradeoff Model Notebook #6710', 'Fetching Senate / HOR financial disclosures']","['closed (#6834)', 'closed (#6895)', 'closed (#6864)', 'closed (#6810)', 'closed (#6889)', 'closed (#6856)', 'closed (#6837)', 'closed (#6806)', 'closed (#6764)', 'closed (#6846)', 'closed (#6843)', 'closed (#6840)', 'closed (#6825)', 'closed (#6813)', 'closed (#6833)', 'closed (#6844)', 'closed (#6817)', 'closed (#6800)', 'closed (#6794)', 'closed (#6871)', 'closed (#6839)', 'closed (#6828)', 'closed (#6826)', 'closed (#6848)', 'closed (#6815)', 'closed (#6821)', 'closed (#6820)', 'closed (#6819)', 'closed (#6823)', 'closed (#6713)', 'closed (#6870)', 'closed (#6858)', 'closed (#6857)', 'closed (#6852)', 'closed (#6847)', 'closed (#6836)', 'closed (#6818)', 'closed (#6808)', 'closed (#6784)', 'closed (#6822)', 'closed (#6814)', 'closed (#6869)', 'closed (#6855)', 'closed (#6868)', 'closed (#6831)', 'closed (#6830)', 'closed (#6841)', 'closed (#6838)', 'closed (#6835)', 'closed (#6812)', 'closed (#6842)', 'closed (#6829)', 'closed (#6827)', 'closed (#6816)', 'closed (#6739)', 'closed (#6674)']","[63432, 63807, 64987, 65336, 65392, 65442, 65681, 65904, 65922, 65937, 65983, 66260, 66445, 66468, 66531, 66660, 66683, 66711, 66751, 66792, 66849, 66878, 66917, 66941, 66986, 67006, 67034, 67178, 67212, 67247, 67308, 67327, 67359, 67383, 67501, 67562, 67601, 67657, 67726, 67826, 67861, 67914, 67941, 67989, 68057, 68110, 68227, 68319, 68508, 69114, 69521, 70107, 71692, 75076, 79705, 84261]","[63415, 63795, 64965, 64993, 65345, 65398, 65635, 65887, 65907, 65925, 65940, 66074, 66424, 66452, 66471, 66587, 66667, 66690, 66714, 66757, 66828, 66852, 66891, 66920, 66944, 66989, 67009, 67144, 67181, 67219, 67260, 67311, 67334, 67362, 67479, 67504, 67580, 67607, 67679, 67758, 67832, 67864, 67917, 67944, 67992, 68064, 68162, 68268, 68423, 68872, 69322, 70055, 71596, 74760, 79485, 84203]","[oss.gg] financial-post (300 points)
[🕹️] 🌟 Starry - Eyed Contributer Completed
feat: Publish a LinkedIn post or a Twitter Thread on OpenBB’s Use in Investment Research
[🕹️]Starry-eyed Supporter #6795
[🕹️]Follow on X
[🕹️]
[🕹️]Added new notebook to demonstrate fundamental analysis using openbb
[🕹️] Side Quest: Write a Use-Case Blog for OpenBB in Fundamental Analysis
Oss.gg No Code Side Quest submission (Multiple) and Build a Custom Screener for REITs, Create a Risk-Return Tradeoff Model Notebook
[BugFix] SecCompanyFilings: Purge `nan` Values & Make `form_type` Match
[🕹️] No Code Side Quest
[🕹️]No-Code Side Quests Twitter thread
[🕹️] Follow on X
[🕹️]Starry-eyed Supporter (150 Points)
[oss.gg] social-hero (150-500 points)
[🕹️]Added the notebook for Sector Rotation Strategies Analysis
[🕹️] Publish a LinkedIn post or a Twitter Thread (🕹️ 150-500 Points)
[BugFix] Add Exception Handling For Unauthorized API Key Error.
[BugFix] Bump `openbb-core` Dependencies In `pyproject.toml`
chore:  Publish a LinkedIn post or a Twitter Thread on OpenBB’s Use i…
feature/oss-gg-new-side-quest
ADDED POSTS LINK IN social-hero-md
[🕹️] Follow on LinkedIn
[🕹️] Starry-eyed Supporter
Submitting No Code Side Quest
Side Quest: Publish a LinkedIn post or a Twitter Thread on OpenBB’s Use in Investment Research
[🕹️] Starry-eyed supporter
[🕹️] Create a Sector Rotation Analysis Notebook
[Release] Release/4.3.4
Unlocking Finance for All: Spreading the Word with OpenBB
Unlocking Finance for All: Spreading the Word with OpenBB 🚀
[BugFix] `openbb-yfinance` - Fix Key Error From Change In Response From `yf.download()`
[🕹️] Side Quest: Publish a Twitter Thread on OpenBB’s Use in Investment Research
Add files via upload
[Feature] Add `openbb-platform-api` To Main `pyproject.toml`
Simple Sentiment Analysis for Stock Prices Notebook
[Bug] tiingo and biztoc providers for world news in SDK and openbb-cli not working
[🕹️]Side Quest: Publish a LinkedIn post or a Twitter Thread on OpenBB’s Use in Investment Research
[🕹️]Write a Use-Case Blog for OpenBB in Fundamental Analysis
[BugFix] Pre-Release Bug Fixes
[Release] Patch openbb-core-1.3.5
[ 🕹️]Side Quest: Integrate OpenBB into a dashboard #6867
[🕹️]Star Eyed Supporter
Added M&A Impact Analysis notebook using OpenBB
Submitting No Code Side Quest completed #6840
[oss.gg] fundamental-blog (300 points)
[oss.gg] social-poster (50 points)
[🕹️] Completed the side quest - Starred OpenBB repo by 5 Friends
[🕹️]Added updated notebook to demonstrate fundamental analysis using openbb
[🕹️] Star Eyed Supporter
Submitting Code Side Quest harshraj1512
Risk-Return Tradeoff Model Notebook #6710
Fetching Senate / HOR financial disclosures"
2024-10-28,87,11.0,22.0,11.0,-5.5,38.5,True,high,4.409090909090909,87,78,"['[🕹️]Starry-eyed supporter', '[🕹️]🌟 Starry - Eyed Contributer Completed', '[BugFix] `openbb-platform-api`: Formatting Fixes', 'chore:Publish a LinkedIn post or a Twitter Thread on OpenBB’s Use in …', 'Publish a post on a Twitter Thread (🕹️ 150-500 Points)', 'docs: update pull_request_template.md', 'Remove ogg.ss folder', '[🕹️]Starry-eyed Supporter (150 Points)', '[🕹️] Build a Custom Screener for REITs', '[🕹️] Create a Notebook for Portfolio Optimization Using Modern Portfolio Theory (MPT)', '[🕹️] Add Example Notebook Demonstrating Fundamental Analysis with OpenBB', '[🕹️] Starry-eyed Supporter', 'add: M&A impact example notebook', 'feat: Article comparing OpenBB to other financial tools', 'feat: Record your onboarding and first steps with OpenBB Terminal', '[🕹️] INTEGRATE OpenBB in a STREAMLIT DASHBOARD', 'Added Quantitative Risk Assesment Model #6715', '[🕹️] Created notebook to Analyze Market Volatility Using Historical Data', 'initial collab file commit', '[Feature] Add EIA Provider & Weekly Petroleum Status Report', '[🕹️ oss.gg] HACKTOBERFEST 2024', '[🕹️] Use OpenBB for Dividend Growth Investing Analysis', '[🕹️] Create a Risk-Return Tradeoff Model Notebook', 'Update 3-custom-copilot.md', '[🕹️] Star eyed supporter', '[🕹️] ossgg side quest submission', '[🕹️] Write a Article Comparing OpenBB and Other Financial Tools', '[🕹️] Side Quest: Integrate OpenBB into a dashboard', '[🕹️] Code Side Quest Submission #issue 6853', '[🕹️] Design a Notebook for Evaluating Mergers & Acquisitions', 'WIP: state fundamental strategy in notebook header', 'feat: Write a Use-Case Blog for OpenBB in Fundamental Analysis', '[🕹️]Starry-eyed Supporter', '[🕹️] Analyze Market Volatility Using Historical Data', 'side quest', 'Update README.md and Enhanced Documentation Layout', 'Update generate_extension_data.py', 'chore: Ossgg Two side quests', 'Task/simple sentiment analysis', '[🕹️] Implement an Example for Building a Quantitative Risk Model', '[🕹️] Create a Cryptocurrency Trend Analysis Notebook', '[🕹️] Publish a LinkedIn post or a Twitter Thread on OpenBB’s Use in Investment Research', 'Create Updated_readme.md', '[🕹️] Starry-eyed supporter', '[🕹️] Side Quest: Starry Eyed supporter', 'feat : [🕹️] Write a Article Comparing OpenBB and Other Financial Tools', 'Added 4 sidequest', '[🕹️] Copilot for Terminal Code Side-QUuest', '[Bug] Incorrect version `4.3.3` in `openbb_platform/pyproject.toml` for release `4.3.4`', '[🕹️]  Starry-eyed Supporter', '[🕹️] Social Media Poster - Meme', '[🕹️] Design an Earnings Surprise Prediction Model in a Notebook', '[🕹️] [oss.gg hackathon] Starry-eyed supporter', '[Release] Merge Release/4.3.4 From Main Into Develop', 'feat: added Social Media Post - Meme', '[🕹️] Code Side Quest Submission: Integrate OpenBB into a Streamlit Dashboard', '[🕹️] Side quest submission', '[🕹️] Starry Eyed [SIDE QUEST]', 'Added Example Notebook Demonstrating Fundamental Analysis with OpenBB', '[🕹️] Create a Social Media Post', '[🕹️]', '[🕹️] Write a Use-Case Blog for OpenBB in Fundamental Analysis', 'Update README.md', 'Added features : enhance extension map test with logging and optional extension support. Please label me for HactoberFest-Accepted.', '[🕹️] Create a Simple Sentiment Analysis for Stock Prices Notebook', ""[🕹️] Integrate DefiLlama's Public API with OpenBB Platform"", 'ossgg: side quest social-poster-here link add to file', '[🕹️ oss.gg Hackathon] Update 5-financial-post.md', '[🕹️][oss.gg hackathon] Starry-eyed Supporter (150 Points)', 'Added file : Created  Custom Screener for REITs Notebook (Hacktoberfest)', 'Update 4-social-poster.md', '[🕹️] Copilot for Terminal Code Side-Quest', 'add: Entry for Side Quest- Technical Article on OpenBB useCase', '[🕹️] No-Code Side Quests Twitter thread']","['closed (#6914)', 'closed (#6908)', 'closed (#6873)', 'closed (#6872)', 'closed (#6798)', 'closed (#6628)', 'closed (#6929)', 'closed (#6918)', 'closed (#6861)', 'closed (#6711)', 'closed (#6708)', 'closed (#6706)', 'closed (#6909)', 'closed (#6893)', 'closed (#6891)', 'closed (#6880)', 'closed (#6760)', 'closed (#6754)', 'closed (#6730)', 'closed (#6732)', 'closed (#6693)', 'closed (#6705)', 'closed (#6717)', 'closed (#6710)', 'closed (#6925)', 'closed (#6923)', 'closed (#6912)', 'closed (#6910)', 'closed (#6900)', 'closed (#6898)', 'closed (#6867)', 'closed (#6854)', 'closed (#6714)', 'closed (#6886)', 'closed (#6882)', 'closed (#6881)', 'closed (#6718)', 'closed (#6928)', 'closed (#6897)', 'closed (#6896)', 'closed (#6890)', 'closed (#6884)', 'closed (#6878)', 'closed (#6865)', 'closed (#6715)', 'closed (#6709)', 'closed (#6920)', 'closed (#6877)', 'closed (#6866)', 'closed (#6879)', 'closed (#6850)', 'closed (#6911)', 'closed (#6905)', 'closed (#6903)', 'closed (#6885)', 'closed (#6883)', 'closed (#6860)', 'closed (#6719)', 'closed (#6921)', 'closed (#6875)', 'closed (#6862)', 'closed (#6853)', 'closed (#6906)', 'closed (#6876)', 'closed (#6927)', 'closed (#6924)', 'closed (#6915)', 'closed (#6904)', 'closed (#6899)', 'closed (#6888)', 'closed (#6863)', 'closed (#6723)', 'closed (#6720)', 'closed (#6707)', 'closed (#6913)', 'closed (#6901)', 'closed (#6919)', 'closed (#6907)', 'closed (#6894)', 'closed (#6859)', 'closed (#6922)', 'closed (#6916)', 'closed (#6902)', 'closed (#6892)', 'closed (#6851)', 'closed (#6849)']","[62028, 62065, 62129, 62217, 62241, 62265, 62290, 62303, 62330, 62364, 62376, 62404, 62462, 62484, 62512, 62685, 62703, 62758, 62790, 62814, 62871, 62914, 62958, 63007, 63035, 63121, 63166, 63244, 63285, 63305, 63338, 63379, 63412, 63515, 63656, 63693, 63764, 63788, 63878, 63964, 64010, 64078, 64106, 64190, 64209, 64254, 64278, 64336, 64379, 64398, 64756, 64901, 64962, 65520, 65544, 65632, 65714, 65786, 65810, 65856, 65880, 66034, 66071, 66312, 66345, 66421, 69222, 72781, 73234, 75899, 76879, 77339, 77809, 78414, 78541, 78925, 79144, 79482, 80125, 80250, 80398, 80532, 80784, 81105, 81292, 82509, 88263]","[61976, 62034, 62071, 62169, 62220, 62244, 62268, 62306, 62333, 62367, 62379, 62416, 62465, 62491, 62519, 62688, 62706, 62764, 62793, 62821, 62893, 62917, 62961, 63014, 63042, 63127, 63194, 63247, 63288, 63308, 63341, 63382, 63435, 63518, 63663, 63696, 63767, 63810, 63911, 63967, 64013, 64085, 64113, 64193, 64216, 64257, 64285, 64349, 64382, 64405, 64793, 64907, 65449, 65523, 65551, 65684, 65717, 65789, 65817, 65859, 65989, 66037, 66266, 66319, 66352, 69148, 72450, 73155, 75873, 76769, 77264, 77485, 77812, 78417, 78544, 79033, 79147, 79784, 80128, 80253, 80401, 80535, 80787, 81133, 82151, 88230]","[🕹️]Starry-eyed supporter
[🕹️]🌟 Starry - Eyed Contributer Completed
[BugFix] `openbb-platform-api`: Formatting Fixes
chore:Publish a LinkedIn post or a Twitter Thread on OpenBB’s Use in …
Publish a post on a Twitter Thread (🕹️ 150-500 Points)
docs: update pull_request_template.md
Remove ogg.ss folder
[🕹️]Starry-eyed Supporter (150 Points)
[🕹️] Build a Custom Screener for REITs
[🕹️] Create a Notebook for Portfolio Optimization Using Modern Portfolio Theory (MPT)
[🕹️] Add Example Notebook Demonstrating Fundamental Analysis with OpenBB
[🕹️] Starry-eyed Supporter
add: M&A impact example notebook
feat: Article comparing OpenBB to other financial tools
feat: Record your onboarding and first steps with OpenBB Terminal
[🕹️] INTEGRATE OpenBB in a STREAMLIT DASHBOARD
Added Quantitative Risk Assesment Model #6715
[🕹️] Created notebook to Analyze Market Volatility Using Historical Data
initial collab file commit
[Feature] Add EIA Provider & Weekly Petroleum Status Report
[🕹️ oss.gg] HACKTOBERFEST 2024
[🕹️] Use OpenBB for Dividend Growth Investing Analysis
[🕹️] Create a Risk-Return Tradeoff Model Notebook
Update 3-custom-copilot.md
[🕹️] Star eyed supporter
[🕹️] ossgg side quest submission
[🕹️] Write a Article Comparing OpenBB and Other Financial Tools
[🕹️] Side Quest: Integrate OpenBB into a dashboard
[🕹️] Code Side Quest Submission #issue 6853
[🕹️] Design a Notebook for Evaluating Mergers & Acquisitions
WIP: state fundamental strategy in notebook header
feat: Write a Use-Case Blog for OpenBB in Fundamental Analysis
[🕹️]Starry-eyed Supporter
[🕹️] Analyze Market Volatility Using Historical Data
side quest
Update README.md and Enhanced Documentation Layout
Update generate_extension_data.py
chore: Ossgg Two side quests
Task/simple sentiment analysis
[🕹️] Implement an Example for Building a Quantitative Risk Model
[🕹️] Create a Cryptocurrency Trend Analysis Notebook
[🕹️] Publish a LinkedIn post or a Twitter Thread on OpenBB’s Use in Investment Research
Create Updated_readme.md
[🕹️] Starry-eyed supporter
[🕹️] Side Quest: Starry Eyed supporter
feat : [🕹️] Write a Article Comparing OpenBB and Other Financial Tools
Added 4 sidequest
[🕹️] Copilot for Terminal Code Side-QUuest
[Bug] Incorrect version `4.3.3` in `openbb_platform/pyproject.toml` for release `4.3.4`
[🕹️]  Starry-eyed Supporter
[🕹️] Social Media Poster - Meme
[🕹️] Design an Earnings Surprise Prediction Model in a Notebook
[🕹️] [oss.gg hackathon] Starry-eyed supporter
[Release] Merge Release/4.3.4 From Main Into Develop
feat: added Social Media Post - Meme
[🕹️] Code Side Quest Submission: Integrate OpenBB into a Streamlit Dashboard
[🕹️] Side quest submission
[🕹️] Starry Eyed [SIDE QUEST]
Added Example Notebook Demonstrating Fundamental Analysis with OpenBB
[🕹️] Create a Social Media Post
[🕹️]
[🕹️] Write a Use-Case Blog for OpenBB in Fundamental Analysis
Update README.md
Added features : enhance extension map test with logging and optional extension support. Please label me for HactoberFest-Accepted.
[🕹️] Create a Simple Sentiment Analysis for Stock Prices Notebook
[🕹️] Integrate DefiLlama's Public API with OpenBB Platform
ossgg: side quest social-poster-here link add to file
[🕹️ oss.gg Hackathon] Update 5-financial-post.md
[🕹️][oss.gg hackathon] Starry-eyed Supporter (150 Points)
Added file : Created  Custom Screener for REITs Notebook (Hacktoberfest)
Update 4-social-poster.md
[🕹️] Copilot for Terminal Code Side-Quest
add: Entry for Side Quest- Technical Article on OpenBB useCase
[🕹️] No-Code Side Quests Twitter thread"
2025-08-18,16,3.0,7.75,4.75,-4.125,14.875,True,high,0.23684210526315788,16,16,"['[Bug] Widget Tool Call Parameter Issue - Frontend Returns Cached Data Instead of Requested Parameters', 'Add congress.gov provider extension', '[IMPROVE] DCF Calculations', 'SPOS Stock Dark Pool Short Interest Chart Formatting Issues', '[FR] V4 - Begin IBKR Provider', 'Create BB', ""AttributeError: 'App' object has no attribute 'commodity'"", '[FR] V4 - Add QuiverQuant provider for government trading extension', '[FR] Source Support', '[FR] V4 - Add OpenInsider Provider for Insider Trading', '[FR] Add Source for gathering Yield Curve and Sovereign CDS from countries other than the USA', '[FR] - add twelvedata and tiingo data sources', '[FR] V4 - Add Messari Provider for Cryptro/DD extension', '[FR] Add: upcoming legislation that may impact the researched stock', '[FR] V4 - Add CCXT Provider for crypto extension', '[FR] V4 - Add mstarpy Provider for mutual fund extension']","['closed (#7203)', 'closed (#7141)', 'closed (#6176)', 'closed (#6535)', 'closed (#5522)', 'closed (#7207)', 'closed (#6684)', 'closed (#5520)', 'closed (#6126)', 'closed (#5513)', 'closed (#3933)', 'closed (#3897)', 'closed (#5519)', 'closed (#959)', 'closed (#5516)', 'closed (#5521)']","[35757, 36086, 41565, 83178, 107019, 181449, 192106, 301284, 301343, 301394, 301432, 301530, 301628, 517042, 521276, 825579]","[35727, 36048, 41201, 83103, 106992, 181435, 192088, 301228, 301287, 301346, 301397, 301478, 301592, 517024, 521258, 825552]","[Bug] Widget Tool Call Parameter Issue - Frontend Returns Cached Data Instead of Requested Parameters
Add congress.gov provider extension
[IMPROVE] DCF Calculations
SPOS Stock Dark Pool Short Interest Chart Formatting Issues
[FR] V4 - Begin IBKR Provider
Create BB
AttributeError: 'App' object has no attribute 'commodity'
[FR] V4 - Add QuiverQuant provider for government trading extension
[FR] Source Support
[FR] V4 - Add OpenInsider Provider for Insider Trading
[FR] Add Source for gathering Yield Curve and Sovereign CDS from countries other than the USA
[FR] - add twelvedata and tiingo data sources
[FR] V4 - Add Messari Provider for Cryptro/DD extension
[FR] Add: upcoming legislation that may impact the researched stock
[FR] V4 - Add CCXT Provider for crypto extension
[FR] V4 - Add mstarpy Provider for mutual fund extension"
2025-10-06,15,3.0,6.0,3.0,-1.5,10.5,True,high,1.5,15,15,"['docs: Fix typo', ""[Bug] [CLI] Argparse can't handle providers where provider #1 field = 'str' and provider #2 field = choices=[CHOICES]."", '[Feature] Remove Python 3.9', '[Release] OpenBB 4.5.0', '[Feature] Remove Endpoints Marked For Removal In V4.5', '[BugFix] `openbb-congress-gov`: Handle Unauthorized Error', '[Feature] Refactor FMP', '[Bug] Import Error: using `obb.equity.price.historical()`', '[Release] Merge Main With 4.5.0 Release Into Develop', ""[Bug]  'OBBject_EquityInfo' from 'openbb_core.app.provider_interface'"", '[Feature] Remove Account Module and HubService', 'remove hub from README file, and update the extension tables', 'Add MseeP.ai badge', ""[IMPROVE] Revising poetry setup to collect whole repository's dependencies in a single pyproject.toml"", ""[Bug]ImportError: cannot import name 'OBBject_EquityInfo' from 'openbb_core.app.provider_interface'""]","['closed (#7228)', 'closed (#6573)', 'closed (#7235)', 'closed (#7232)', 'closed (#7225)', 'closed (#7231)', 'closed (#7217)', 'closed (#7113)', 'closed (#7233)', 'closed (#7149)', 'closed (#7236)', 'closed (#7230)', 'closed (#7227)', 'closed (#7226)', 'closed (#7219)']","[32815, 32957, 33957, 34242, 34292, 34366, 34442, 34476, 34508, 34558, 34862, 35196, 40709, 43586, 101543]","[32755, 32824, 32972, 33963, 34248, 34298, 34397, 34445, 34479, 34511, 34834, 34943, 40661, 43507, 101512]","docs: Fix typo
[Bug] [CLI] Argparse can't handle providers where provider #1 field = 'str' and provider #2 field = choices=[CHOICES].
[Feature] Remove Python 3.9
[Release] OpenBB 4.5.0
[Feature] Remove Endpoints Marked For Removal In V4.5
[BugFix] `openbb-congress-gov`: Handle Unauthorized Error
[Feature] Refactor FMP
[Bug] Import Error: using `obb.equity.price.historical()`
[Release] Merge Main With 4.5.0 Release Into Develop
[Bug]  'OBBject_EquityInfo' from 'openbb_core.app.provider_interface'
[Feature] Remove Account Module and HubService
remove hub from README file, and update the extension tables
Add MseeP.ai badge
[IMPROVE] Revising poetry setup to collect whole repository's dependencies in a single pyproject.toml
[Bug]ImportError: cannot import name 'OBBject_EquityInfo' from 'openbb_core.app.provider_interface'"
2025-12-29,11,3.0,6.0,3.0,-1.5,10.5,True,high,0.16666666666666666,11,11,"[""[BugFix] `openbb-econdb`: Fix Implicit None type for Parameter, 'frequency'"", 'Merge Release/4.6.0 From Main Into Develop', '[Release] OpenBB v.4.6.0', 'Modify ENTRYPOINT in platformAPI Dockerfile', '[BugFix] `openbb-core`: API - Convert `dataclass` to `dict` in API Wrapper Outside of Defaults Block', '[Feature] Add USDA FAS Agriculture Commodity Endpoints', '[Bug] ProcessLookupError on CLI command from quickstart', '[Bug] Copy To> New (blank) tab in application doesn\'t automatically remove the ""Add widgets; Browse Apps; Add your files"" dialogue', '[Release] OpenBB 4.5.1', ""【Historical (Chart)】TypeError: 'IndexHistorical' object does not support item assignment"", '[Bug] MCP output validation fails with ambiguous Union schema when multiple providers return similar data']","['closed (#7295)', 'closed (#7301)', 'closed (#7297)', 'closed (#7299)', 'closed (#7283)', 'closed (#7298)', 'closed (#7005)', 'closed (#7300)', 'closed (#7296)', 'closed (#7294)', 'closed (#7292)']","[27319, 27371, 27410, 27597, 28059, 28099, 28162, 28206, 28280, 29076, 55625]","[26229, 27358, 27374, 27416, 27611, 28065, 28110, 28168, 28209, 28980, 55520]","[BugFix] `openbb-econdb`: Fix Implicit None type for Parameter, 'frequency'
Merge Release/4.6.0 From Main Into Develop
[Release] OpenBB v.4.6.0
Modify ENTRYPOINT in platformAPI Dockerfile
[BugFix] `openbb-core`: API - Convert `dataclass` to `dict` in API Wrapper Outside of Defaults Block
[Feature] Add USDA FAS Agriculture Commodity Endpoints
[Bug] ProcessLookupError on CLI command from quickstart
[Bug] Copy To> New (blank) tab in application doesn't automatically remove the ""Add widgets; Browse Apps; Add your files"" dialogue
[Release] OpenBB 4.5.1
【Historical (Chart)】TypeError: 'IndexHistorical' object does not support item assignment
[Bug] MCP output validation fails with ambiguous Union schema when multiple providers return similar data"
2026-01-05,14,3.0,6.0,3.0,-1.5,10.5,True,high,1.1666666666666667,14,13,"['[Bug] Problem when trying to retrieve historical data using yfinance provider', 'Merge Release/4.6.0 From Main Into Develop', '[FR]', '[FR] Allowing Chart Title customization when adding multiple series data into a single chart widget', '[BugFix] Re-lock the `openbb` Package (Missed in Previous PR)', '[Bug]', '[Security] Update Lock Files for Dependabot (aiohttp, rsa)', 'Close the quote', 'feat(technical): Add Keltner Channels (KC) indicator', '[BugFix] More Lock File Updates', '请求支持 Python 3.13+', 'fix(cli): prevent internal type annotations from leaking into help descriptions', '[Bug] MCP Server returns massive responses that exceed LLM token limits']","['closed (#7317)', 'closed (#7301)', 'closed (#7312)', 'closed (#7305)', 'closed (#7313)', 'closed (#7304)', 'closed (#7316)', 'closed (#7310)', 'closed (#7309)', 'closed (#7303)', 'closed (#7314)', 'closed (#7318)', 'closed (#7302)', 'closed (#7315)']","[24677, 24719, 24731, 24752, 24812, 24871, 24894, 25992, 26044, 26065, 26090, 26122, 26223, 27346]","[24659, 24684, 24722, 24734, 24765, 24818, 24880, 25923, 26004, 26047, 26072, 26093, 26125, 26229]","[Bug] Problem when trying to retrieve historical data using yfinance provider
Merge Release/4.6.0 From Main Into Develop
[FR]
[FR] Allowing Chart Title customization when adding multiple series data into a single chart widget
[BugFix] Re-lock the `openbb` Package (Missed in Previous PR)
[Bug]
[Security] Update Lock Files for Dependabot (aiohttp, rsa)
Close the quote
feat(technical): Add Keltner Channels (KC) indicator
[BugFix] More Lock File Updates
请求支持 Python 3.13+
fix(cli): prevent internal type annotations from leaking into help descriptions
[Bug] MCP Server returns massive responses that exceed LLM token limits"
2026-03-02,21,3.0,7.0,4.0,-3.0,13.0,True,high,2.0,21,20,"['[BugFix] Update `get_user_agent` Utility With Modern User Agent Strings', ""[Bug] Widgets can't be adjusted between backend changes"", 'fix(cli): replace eval with ast.literal_eval in parse_unknown_args_to_dict', 'chore: fix incorrect Tailwind class name', '[Security] CLI results unknown-arg parser executes untrusted input via eval', 'feat(api): server-side auto provider strategy + unified meta + daily regression', '[Security] Async helper disables TLS verification when proxy is configured', 'fix incorrect checkbox state logic in extension selector', '[Feature] Add Korea Investment & Securities (KIS) provider for Korean equity data', '[BugFix] `openbb-core`: Fix Missing Examples In `reference.json`', 'add openbb-app-builder and improve-openbb-skill Claude skills', 'update lock files...', '测试issue1', '[BugFix] Remove `searchCategory` Field From `widgets.json`', 'Small changes', 'Fix various typos', '[Feature] `openbb-sec`: Custom HTML2Markdown Conversion', '[IMPROVE] `obb.equity.screener`: Make Input Of Country & Exchange Uniform Across Providers', 'Fix various typos in the codebase', '[Feature] Add FRED Release Calendar to `economy.calendar` Endpoint']","['closed (#7398)', 'closed (#7272)', 'closed (#7390)', 'closed (#7392)', 'closed (#7388)', 'closed (#7384)', 'closed (#7389)', 'closed (#7387)', 'closed (#7386)', 'closed (#7383)', 'closed (#7402)', 'closed (#7391)', 'closed (#7397)', 'closed (#7400)', 'closed (#7399)', 'closed (#7374)', 'closed (#7361)', 'closed (#6969)', 'closed (#7373)', 'closed (#7366)']","[17406, 17414, 17516, 17578, 17653, 17677, 18279, 18329, 18404, 18431, 18457, 18519, 18544, 19694, 19792, 20641, 20668, 20918, 21391, 29930, 58762]","[17379, 17477, 17522, 17581, 17659, 18235, 18282, 18335, 18413, 18434, 18460, 18522, 18547, 19697, 20327, 20647, 20836, 21090, 29870, 58653]","[BugFix] Update `get_user_agent` Utility With Modern User Agent Strings
[Bug] Widgets can't be adjusted between backend changes
fix(cli): replace eval with ast.literal_eval in parse_unknown_args_to_dict
chore: fix incorrect Tailwind class name
[Security] CLI results unknown-arg parser executes untrusted input via eval
feat(api): server-side auto provider strategy + unified meta + daily regression
[Security] Async helper disables TLS verification when proxy is configured
fix incorrect checkbox state logic in extension selector
[Feature] Add Korea Investment & Securities (KIS) provider for Korean equity data
[BugFix] `openbb-core`: Fix Missing Examples In `reference.json`
add openbb-app-builder and improve-openbb-skill Claude skills
update lock files...
测试issue1
[BugFix] Remove `searchCategory` Field From `widgets.json`
Small changes
Fix various typos
[Feature] `openbb-sec`: Custom HTML2Markdown Conversion
[IMPROVE] `obb.equity.screener`: Make Input Of Country & Exchange Uniform Across Providers
Fix various typos in the codebase
[Feature] Add FRED Release Calendar to `economy.calendar` Endpoint"
2026-03-30,16,3.25,7.0,3.75,-2.375,12.625,True,high,0.9,16,16,"['desktop: finish AI gateway provider integration and packaging', 'fix: add module-level __getattr__ to provider_interface for dynamic OBBject_ imports', 'feat: add CME Group data provider extension', 'ci: pin srvaroa/labeler action to immutable SHA', 'fix: pin 19 unpinned action(s),extract 2 unsafe expression(s) to env vars', '[Bug](yfinance): shares_outstanding returns double/ADR count for NSE/BSE equities', '[Security] Bump Requests Version and Update Repository Lock Files', 'Bug: ImportError on fresh dev install — OBBject_* names not exported from provider_interface', '[BugFix] `openbb-mcp-server`: Fix Test Fixtures for Compatibility With FastMCP >=3.2.0', '[BugFix] `openbb-federal-reserve`: Fix Broken FOMC Image URL in `apps.json`', 'fix(sec): handle unexpected SEC API responses in cik_map', '[BugFix] `openbb-imf`: Resolve Widget Definition Warning in Workspace for `imf_utils.presentation_table`', 'Suggest FinancialReports.eu as data provider for global regulatory filings', 'Flip default tool discovery setting to disabled', '[Bug] Command /regulators/sec/cik_map throws an error', 'Purge incomplete generated assets when openbb-build fails']","['closed (#7438)', 'closed (#7381)', 'closed (#7442)', 'closed (#7439)', 'closed (#7435)', 'closed (#7454)', 'closed (#7447)', 'closed (#7451)', 'closed (#7448)', 'closed (#7431)', 'closed (#7441)', 'closed (#7430)', 'closed (#7453)', 'closed (#7452)', 'closed (#7097)', 'closed (#7446)']","[9916, 9954, 10027, 10054, 10311, 10392, 10432, 11730, 11789, 11864, 12354, 13220, 13971, 14021, 19873, 45416]","[9898, 9919, 9957, 10036, 10226, 10317, 10398, 10600, 11733, 11833, 11867, 13069, 13924, 13977, 19843, 45393]","desktop: finish AI gateway provider integration and packaging
fix: add module-level __getattr__ to provider_interface for dynamic OBBject_ imports
feat: add CME Group data provider extension
ci: pin srvaroa/labeler action to immutable SHA
fix: pin 19 unpinned action(s),extract 2 unsafe expression(s) to env vars
[Bug](yfinance): shares_outstanding returns double/ADR count for NSE/BSE equities
[Security] Bump Requests Version and Update Repository Lock Files
Bug: ImportError on fresh dev install — OBBject_* names not exported from provider_interface
[BugFix] `openbb-mcp-server`: Fix Test Fixtures for Compatibility With FastMCP >=3.2.0
[BugFix] `openbb-federal-reserve`: Fix Broken FOMC Image URL in `apps.json`
fix(sec): handle unexpected SEC API responses in cik_map
[BugFix] `openbb-imf`: Resolve Widget Definition Warning in Workspace for `imf_utils.presentation_table`
Suggest FinancialReports.eu as data provider for global regulatory filings
Flip default tool discovery setting to disabled
[Bug] Command /regulators/sec/cik_map throws an error
Purge incomplete generated assets when openbb-build fails"
2026-05-25,25,3.0,8.5,5.5,-5.25,16.75,True,high,1.5,25,25,"['[BugFix] Backport `OptionsChainsData` API Schema Fix From v5 Branch', '[V5] remove wsj provider and related code', 'Fix structure', 'Refactor theme detection logic for cleaner DOM execution', '[Enhancement] Add **extra_params To POST Router Commands', 'Release/4.7.2 main', '[V5] `openbb-news`: Refactor News for V5 and Add Configurable RSS Endpoint', '[Release] OpenBB V4.7.2', '[V5] `openbb-imf`: Refactor for V5', '[Bug] OptionsChainsData schema/serializer mismatch: columnar schema vs record-list wire format', 'Update README.md', '[Release] Merge Release From Main', '[V5] `openbb-quantitative`: Refactor for V5', 'fix: align OptionsChainsData JSON schema with record-list wire format (#7473)', 'chore: remove unused async helper in AsyncProcess', '[BugFix] Set Default State For **kwargs in API to Make Them Optional.', 'doc: Add links to translated README versions', '[V5] `openbb-oecd`: Rename `oecd_utils` as `oecd`', 'Security/Logic Fix: Autonomous Code Review', '[Security] Update Repository Lock Files', 'fix: align OptionsChainsData JSON schema with serialized wire format', '[BugFix] Remove Bad Validator & Make Fields Optional in `FuturesHistoricalData`', '[V5] remove stockgrid provider', '[BugFix] `openbb-yfinance`: Fix Multi-Index Shape Change for Single Ticker Download', '[V5] `openbb-technical`:  Refactor for V5 & Add More Quick Win Endpoints']","['closed (#7511)', 'closed (#7485)', 'closed (#7440)', 'closed (#7179)', 'closed (#6253)', 'closed (#7515)', 'closed (#7507)', 'closed (#7513)', 'closed (#7508)', 'closed (#7473)', 'closed (#7480)', 'closed (#7516)', 'closed (#7506)', 'closed (#7499)', 'closed (#7396)', 'closed (#6252)', 'closed (#7180)', 'closed (#7509)', 'closed (#7520)', 'closed (#7519)', 'closed (#7487)', 'closed (#7510)', 'closed (#7486)', 'closed (#7512)', 'closed (#7502)']","[3354, 3407, 4666, 5787, 6473, 6542, 6615, 6706, 6752, 6824, 6877, 6933, 7412, 7453, 8453, 8508, 8603, 8999, 9311, 11830, 17703, 37421, 37454, 164228, 164431]","[3323, 3357, 3533, 4672, 5793, 6479, 6548, 6624, 6712, 6758, 6830, 6883, 7306, 7418, 8422, 8456, 8514, 8973, 9267, 11792, 17680, 37384, 37424, 164196, 164234]","[BugFix] Backport `OptionsChainsData` API Schema Fix From v5 Branch
[V5] remove wsj provider and related code
Fix structure
Refactor theme detection logic for cleaner DOM execution
[Enhancement] Add **extra_params To POST Router Commands
Release/4.7.2 main
[V5] `openbb-news`: Refactor News for V5 and Add Configurable RSS Endpoint
[Release] OpenBB V4.7.2
[V5] `openbb-imf`: Refactor for V5
[Bug] OptionsChainsData schema/serializer mismatch: columnar schema vs record-list wire format
Update README.md
[Release] Merge Release From Main
[V5] `openbb-quantitative`: Refactor for V5
fix: align OptionsChainsData JSON schema with record-list wire format (#7473)
chore: remove unused async helper in AsyncProcess
[BugFix] Set Default State For **kwargs in API to Make Them Optional.
doc: Add links to translated README versions
[V5] `openbb-oecd`: Rename `oecd_utils` as `oecd`
Security/Logic Fix: Autonomous Code Review
[Security] Update Repository Lock Files
fix: align OptionsChainsData JSON schema with serialized wire format
[BugFix] Remove Bad Validator & Make Fields Optional in `FuturesHistoricalData`
[V5] remove stockgrid provider
[BugFix] `openbb-yfinance`: Fix Multi-Index Shape Change for Single Ticker Download
[V5] `openbb-technical`:  Refactor for V5 & Add More Quick Win Endpoints"
