id,event_type,event_timestamp,object_id,object_description,object_type
22038,committed,2025-06-10 13:28:04,52,committer:Wei Lee,user
22038,committed,2025-06-10 13:28:04,22040,sha:98a81f89bd3f512067835cfa77fc55701673fbb6,commit
22038,committed,2025-06-10 13:28:04,22029,#1568,issue
22046,committed,2025-06-10 13:30:48,22048,sha:db94c4dbc12f153cb340654ba7f2458c3c652d3d,commit
22046,committed,2025-06-10 13:30:48,52,committer:Wei Lee,user
22046,committed,2025-06-10 13:30:48,22029,#1568,issue
22054,committed,2025-06-10 13:52:08,22056,sha:f80292e15be28014c820eabc5ec652f46fe5a3a4,commit
22054,committed,2025-06-10 13:52:08,52,committer:Wei Lee,user
22054,committed,2025-06-10 13:52:08,22029,#1568,issue
22062,committed,2025-06-12 01:57:02,22064,sha:7ef1f7e8d6519270df63387b50c2c0cd2591c832,commit
22062,committed,2025-06-12 01:57:02,52,committer:Wei Lee,user
22062,committed,2025-06-12 01:57:02,22029,#1568,issue
22070,committed,2025-06-14 03:09:02,52,committer:Wei Lee,user
22070,committed,2025-06-14 03:09:02,22072,sha:2c230107f39778a74d61c2c39a808f0ad76a6cb4,commit
22070,committed,2025-06-14 03:09:02,22029,#1568,issue
22774,created,2025-06-13 15:24:59,36,user:5144808,user
22774,created,2025-06-13 15:24:59,22770,#1554,issue
22779,committed,2025-06-13 15:22:08,22781,sha:c08e61fd81870b31ee2f05f4fb245749bf43ddc6,commit
22779,committed,2025-06-13 15:22:08,52,committer:Wei Lee,user
22779,committed,2025-06-13 15:22:08,22770,#1554,issue
22787,review_requested,2025-06-13 15:25:00,36,user:5144808,user
22787,review_requested,2025-06-13 15:25:00,59,user:2585816,user
22787,review_requested,2025-06-13 15:25:00,22770,#1554,issue
22792,review_requested,2025-06-13 15:25:00,36,user:5144808,user
22792,review_requested,2025-06-13 15:25:00,69,user:15725,user
22792,review_requested,2025-06-13 15:25:00,22770,#1554,issue
22797,labeled,2025-06-13 15:25:12,80,user:41898282,user
22797,labeled,2025-06-13 15:25:12,22770,#1554,issue
22800,commented,2025-06-13 15:26:57,184,user:22429695,user
22800,commented,2025-06-13 15:26:57,22770,#1554,issue
22804,commented,2025-06-14 03:08:56,36,user:5144808,user
22804,commented,2025-06-14 03:08:56,22770,#1554,issue
22808,merged,2025-06-14 03:09:02,36,user:5144808,user
22808,merged,2025-06-14 03:09:02,22770,#1554,issue
22811,closed,2025-06-14 03:09:02,36,user:5144808,user
22811,closed,2025-06-14 03:09:02,22770,#1554,issue
22814,head_ref_deleted,2025-06-14 03:09:03,36,user:5144808,user
22814,head_ref_deleted,2025-06-14 03:09:03,22770,#1554,issue
22817,commented,2025-06-14 03:24:10,36,user:5144808,user
22817,commented,2025-06-14 03:24:10,22770,#1554,issue
22825,created,2025-06-13 13:00:30,22821,#1553,issue
22825,created,2025-06-13 13:00:30,168,user:26526132,user
22830,committed,2025-06-13 13:00:01,219,committer:Yu-Ting Hsiung,user
22830,committed,2025-06-13 13:00:01,22821,#1553,issue
22830,committed,2025-06-13 13:00:01,22832,sha:bcf41fbcf806ef748df29c6d193f8e3e1fcb1611,commit
22838,labeled,2025-06-13 13:00:43,80,user:41898282,user
22838,labeled,2025-06-13 13:00:43,22821,#1553,issue
22841,labeled,2025-06-13 13:00:44,80,user:41898282,user
22841,labeled,2025-06-13 13:00:44,22821,#1553,issue
22844,commented,2025-06-13 13:02:18,22821,#1553,issue
22844,commented,2025-06-13 13:02:18,184,user:22429695,user
22848,ready_for_review,2025-06-13 13:05:21,22821,#1553,issue
22848,ready_for_review,2025-06-13 13:05:21,168,user:26526132,user
22851,review_requested,2025-06-13 13:05:22,22821,#1553,issue
22851,review_requested,2025-06-13 13:05:22,168,user:26526132,user
22851,review_requested,2025-06-13 13:05:22,59,user:2585816,user
22856,review_requested,2025-06-13 13:05:22,36,user:5144808,user
22856,review_requested,2025-06-13 13:05:22,22821,#1553,issue
22856,review_requested,2025-06-13 13:05:22,168,user:26526132,user
22861,review_requested,2025-06-13 13:05:22,22821,#1553,issue
22861,review_requested,2025-06-13 13:05:22,168,user:26526132,user
22861,review_requested,2025-06-13 13:05:22,69,user:15725,user
22866,reviewed,2025-06-13 15:12:35,36,user:5144808,user
22866,reviewed,2025-06-13 15:12:35,22821,#1553,issue
22870,merged,2025-06-13 15:12:48,36,user:5144808,user
22870,merged,2025-06-13 15:12:48,22821,#1553,issue
22873,closed,2025-06-13 15:12:49,36,user:5144808,user
22873,closed,2025-06-13 15:12:49,22821,#1553,issue
22880,created,2025-06-13 12:27:21,168,user:26526132,user
22880,created,2025-06-13 12:27:21,22876,#1552,issue
22885,labeled,2025-06-13 12:27:33,80,user:41898282,user
22885,labeled,2025-06-13 12:27:33,22876,#1552,issue
22888,labeled,2025-06-13 12:27:34,80,user:41898282,user
22888,labeled,2025-06-13 12:27:34,22876,#1552,issue
22891,head_ref_force_pushed,2025-06-13 12:44:44,168,user:26526132,user
22891,head_ref_force_pushed,2025-06-13 12:44:44,22876,#1552,issue
22894,ready_for_review,2025-06-13 12:46:48,168,user:26526132,user
22894,ready_for_review,2025-06-13 12:46:48,22876,#1552,issue
22897,review_requested,2025-06-13 12:46:49,168,user:26526132,user
22897,review_requested,2025-06-13 12:46:49,59,user:2585816,user
22897,review_requested,2025-06-13 12:46:49,22876,#1552,issue
22902,review_requested,2025-06-13 12:46:49,36,user:5144808,user
22902,review_requested,2025-06-13 12:46:49,168,user:26526132,user
22902,review_requested,2025-06-13 12:46:49,22876,#1552,issue
22907,review_requested,2025-06-13 12:46:49,168,user:26526132,user
22907,review_requested,2025-06-13 12:46:49,69,user:15725,user
22907,review_requested,2025-06-13 12:46:49,22876,#1552,issue
22912,commented,2025-06-13 12:46:55,184,user:22429695,user
22912,commented,2025-06-13 12:46:55,22876,#1552,issue
22916,head_ref_force_pushed,2025-06-13 12:50:57,168,user:26526132,user
22916,head_ref_force_pushed,2025-06-13 12:50:57,22876,#1552,issue
22919,renamed,2025-06-13 13:01:21,168,user:26526132,user
22919,renamed,2025-06-13 13:01:21,22876,#1552,issue
22922,head_ref_force_pushed,2025-06-13 13:03:52,168,user:26526132,user
22922,head_ref_force_pushed,2025-06-13 13:03:52,22876,#1552,issue
22925,reviewed,2025-06-13 15:16:06,36,user:5144808,user
22925,reviewed,2025-06-13 15:16:06,22876,#1552,issue
22929,milestoned,2025-06-13 15:28:07,36,user:5144808,user
22929,milestoned,2025-06-13 15:28:07,22876,#1552,issue
22932,committed,2025-06-13 17:53:19,219,committer:Yu-Ting Hsiung,user
22932,committed,2025-06-13 17:53:19,22934,sha:06c83d5c170a582b1a34efb663a3f1d40c3fe03d,commit
22932,committed,2025-06-13 17:53:19,22876,#1552,issue
22940,head_ref_force_pushed,2025-06-13 17:53:25,168,user:26526132,user
22940,head_ref_force_pushed,2025-06-13 17:53:25,22876,#1552,issue
22943,reviewed,2025-06-14 00:49:22,36,user:5144808,user
22943,reviewed,2025-06-14 00:49:22,22876,#1552,issue
22947,merged,2025-06-14 01:06:23,36,user:5144808,user
22947,merged,2025-06-14 01:06:23,22876,#1552,issue
22950,closed,2025-06-14 01:06:23,36,user:5144808,user
22950,closed,2025-06-14 01:06:23,22876,#1552,issue
22953,head_ref_deleted,2025-06-14 03:19:08,168,user:26526132,user
22953,head_ref_deleted,2025-06-14 03:19:08,22876,#1552,issue
22960,created,2025-06-13 12:09:33,22956,#1551,issue
22960,created,2025-06-13 12:09:33,168,user:26526132,user
22965,committed,2025-06-13 12:09:07,22956,#1551,issue
22965,committed,2025-06-13 12:09:07,22967,sha:9b88e7b45d209701ac285d97d5aead44942755a0,commit
22965,committed,2025-06-13 12:09:07,219,committer:Yu-Ting Hsiung,user
22973,labeled,2025-06-13 12:09:46,80,user:41898282,user
22973,labeled,2025-06-13 12:09:46,22956,#1551,issue
22976,labeled,2025-06-13 12:09:47,80,user:41898282,user
22976,labeled,2025-06-13 12:09:47,22956,#1551,issue
22979,commented,2025-06-13 12:11:23,22956,#1551,issue
22979,commented,2025-06-13 12:11:23,184,user:22429695,user
22983,ready_for_review,2025-06-13 12:16:40,22956,#1551,issue
22983,ready_for_review,2025-06-13 12:16:40,168,user:26526132,user
22986,review_requested,2025-06-13 12:16:41,22956,#1551,issue
22986,review_requested,2025-06-13 12:16:41,168,user:26526132,user
22986,review_requested,2025-06-13 12:16:41,59,user:2585816,user
22991,review_requested,2025-06-13 12:16:41,22956,#1551,issue
22991,review_requested,2025-06-13 12:16:41,36,user:5144808,user
22991,review_requested,2025-06-13 12:16:41,168,user:26526132,user
22996,review_requested,2025-06-13 12:16:41,22956,#1551,issue
22996,review_requested,2025-06-13 12:16:41,168,user:26526132,user
22996,review_requested,2025-06-13 12:16:41,69,user:15725,user
23001,milestoned,2025-06-13 15:20:52,22956,#1551,issue
23001,milestoned,2025-06-13 15:20:52,36,user:5144808,user
23018,created,2025-06-13 11:41:13,168,user:26526132,user
23018,created,2025-06-13 11:41:13,23014,#1550,issue
23023,labeled,2025-06-13 11:41:23,80,user:41898282,user
23023,labeled,2025-06-13 11:41:23,23014,#1550,issue
23026,labeled,2025-06-13 11:41:24,80,user:41898282,user
23026,labeled,2025-06-13 11:41:24,23014,#1550,issue
23029,commented,2025-06-13 11:43:18,184,user:22429695,user
23029,commented,2025-06-13 11:43:18,23014,#1550,issue
23033,ready_for_review,2025-06-13 11:48:39,168,user:26526132,user
23033,ready_for_review,2025-06-13 11:48:39,23014,#1550,issue
23036,review_requested,2025-06-13 11:48:40,168,user:26526132,user
23036,review_requested,2025-06-13 11:48:40,59,user:2585816,user
23036,review_requested,2025-06-13 11:48:40,23014,#1550,issue
23041,review_requested,2025-06-13 11:48:40,36,user:5144808,user
23041,review_requested,2025-06-13 11:48:40,168,user:26526132,user
23041,review_requested,2025-06-13 11:48:40,23014,#1550,issue
23046,review_requested,2025-06-13 11:48:40,168,user:26526132,user
23046,review_requested,2025-06-13 11:48:40,69,user:15725,user
23046,review_requested,2025-06-13 11:48:40,23014,#1550,issue
23051,committed,2025-06-13 11:51:11,23053,sha:91055517470200adbe0d6587c22c50df9596bddd,commit
23051,committed,2025-06-13 11:51:11,219,committer:Yu-Ting Hsiung,user
23051,committed,2025-06-13 11:51:11,23014,#1550,issue
23059,head_ref_force_pushed,2025-06-13 11:51:39,168,user:26526132,user
23059,head_ref_force_pushed,2025-06-13 11:51:39,23014,#1550,issue
23062,reviewed,2025-06-13 15:17:41,36,user:5144808,user
23062,reviewed,2025-06-13 15:17:41,23014,#1550,issue
23066,merged,2025-06-13 15:17:52,36,user:5144808,user
23066,merged,2025-06-13 15:17:52,23014,#1550,issue
23069,closed,2025-06-13 15:17:52,36,user:5144808,user
23069,closed,2025-06-13 15:17:52,23014,#1550,issue
23082,created,2025-06-13 06:00:00,168,user:26526132,user
23082,created,2025-06-13 06:00:00,23078,#1549,issue
23087,labeled,2025-06-13 06:00:09,80,user:41898282,user
23087,labeled,2025-06-13 06:00:09,23078,#1549,issue
23090,labeled,2025-06-13 06:00:10,80,user:41898282,user
23090,labeled,2025-06-13 06:00:10,23078,#1549,issue
23093,committed,2025-06-13 06:10:35,219,committer:Yu-Ting Hsiung,user
23093,committed,2025-06-13 06:10:35,23095,sha:9add588d6c031ae22aebe34487768ead9b575f97,commit
23093,committed,2025-06-13 06:10:35,23078,#1549,issue
23101,head_ref_force_pushed,2025-06-13 06:10:50,168,user:26526132,user
23101,head_ref_force_pushed,2025-06-13 06:10:50,23078,#1549,issue
23104,ready_for_review,2025-06-13 06:12:41,168,user:26526132,user
23104,ready_for_review,2025-06-13 06:12:41,23078,#1549,issue
23107,review_requested,2025-06-13 06:12:42,168,user:26526132,user
23107,review_requested,2025-06-13 06:12:42,59,user:2585816,user
23107,review_requested,2025-06-13 06:12:42,23078,#1549,issue
23112,review_requested,2025-06-13 06:12:42,36,user:5144808,user
23112,review_requested,2025-06-13 06:12:42,168,user:26526132,user
23112,review_requested,2025-06-13 06:12:42,23078,#1549,issue
23117,review_requested,2025-06-13 06:12:42,168,user:26526132,user
23117,review_requested,2025-06-13 06:12:42,69,user:15725,user
23117,review_requested,2025-06-13 06:12:42,23078,#1549,issue
23122,commented,2025-06-13 06:12:48,23078,#1549,issue
23122,commented,2025-06-13 06:12:48,184,user:22429695,user
23126,reviewed,2025-06-13 15:19:00,36,user:5144808,user
23126,reviewed,2025-06-13 15:19:00,23078,#1549,issue
23130,merged,2025-06-13 15:19:11,36,user:5144808,user
23130,merged,2025-06-13 15:19:11,23078,#1549,issue
23133,closed,2025-06-13 15:19:11,36,user:5144808,user
23133,closed,2025-06-13 15:19:11,23078,#1549,issue
23140,created,2025-06-12 14:44:23,23136,#1547,issue
23140,created,2025-06-12 14:44:23,168,user:26526132,user
23145,committed,2025-06-12 14:43:30,23136,#1547,issue
23145,committed,2025-06-12 14:43:30,23147,sha:481fc8b64cabc8a725e1f8bd691040d9d5870778,commit
23145,committed,2025-06-12 14:43:30,219,committer:Yu-Ting Hsiung,user
23153,review_requested,2025-06-12 14:44:23,23136,#1547,issue
23153,review_requested,2025-06-12 14:44:23,168,user:26526132,user
23153,review_requested,2025-06-12 14:44:23,59,user:2585816,user
23158,review_requested,2025-06-12 14:44:23,23136,#1547,issue
23158,review_requested,2025-06-12 14:44:23,36,user:5144808,user
23158,review_requested,2025-06-12 14:44:23,168,user:26526132,user
23163,review_requested,2025-06-12 14:44:23,23136,#1547,issue
23163,review_requested,2025-06-12 14:44:23,168,user:26526132,user
23163,review_requested,2025-06-12 14:44:23,69,user:15725,user
23168,labeled,2025-06-12 14:44:34,23136,#1547,issue
23168,labeled,2025-06-12 14:44:34,80,user:41898282,user
23171,labeled,2025-06-12 14:44:35,23136,#1547,issue
23171,labeled,2025-06-12 14:44:35,80,user:41898282,user
23174,commented,2025-06-12 14:46:33,23136,#1547,issue
23174,commented,2025-06-12 14:46:33,184,user:22429695,user
23178,reviewed,2025-06-12 15:09:39,23136,#1547,issue
23178,reviewed,2025-06-12 15:09:39,36,user:5144808,user
23182,reviewed,2025-06-13 03:07:21,23136,#1547,issue
23182,reviewed,2025-06-13 03:07:21,36,user:5144808,user
23186,merged,2025-06-13 03:07:26,23136,#1547,issue
23186,merged,2025-06-13 03:07:26,36,user:5144808,user
23189,closed,2025-06-13 03:07:26,23136,#1547,issue
23189,closed,2025-06-13 03:07:26,36,user:5144808,user
23192,head_ref_deleted,2025-06-13 04:50:16,23136,#1547,issue
23192,head_ref_deleted,2025-06-13 04:50:16,168,user:26526132,user
23199,created,2025-06-12 14:29:21,23195,#1546,issue
23199,created,2025-06-12 14:29:21,168,user:26526132,user
23204,committed,2025-06-12 14:28:57,23195,#1546,issue
23204,committed,2025-06-12 14:28:57,219,committer:Yu-Ting Hsiung,user
23204,committed,2025-06-12 14:28:57,23206,sha:22d1be6cbceaba3452908d94f6e6ddfee4b4fca0,commit
23212,labeled,2025-06-12 14:29:40,23195,#1546,issue
23212,labeled,2025-06-12 14:29:40,80,user:41898282,user
23215,labeled,2025-06-12 14:29:41,23195,#1546,issue
23215,labeled,2025-06-12 14:29:41,80,user:41898282,user
23218,commented,2025-06-12 14:31:13,23195,#1546,issue
23218,commented,2025-06-12 14:31:13,184,user:22429695,user
23222,ready_for_review,2025-06-12 14:45:43,23195,#1546,issue
23222,ready_for_review,2025-06-12 14:45:43,168,user:26526132,user
23225,review_requested,2025-06-12 14:45:43,23195,#1546,issue
23225,review_requested,2025-06-12 14:45:43,168,user:26526132,user
23225,review_requested,2025-06-12 14:45:43,59,user:2585816,user
23230,review_requested,2025-06-12 14:45:43,23195,#1546,issue
23230,review_requested,2025-06-12 14:45:43,36,user:5144808,user
23230,review_requested,2025-06-12 14:45:43,168,user:26526132,user
23235,review_requested,2025-06-12 14:45:44,23195,#1546,issue
23235,review_requested,2025-06-12 14:45:44,168,user:26526132,user
23235,review_requested,2025-06-12 14:45:44,69,user:15725,user
23240,reviewed,2025-06-12 15:08:14,23195,#1546,issue
23240,reviewed,2025-06-12 15:08:14,36,user:5144808,user
23244,merged,2025-06-12 15:08:24,23195,#1546,issue
23244,merged,2025-06-12 15:08:24,36,user:5144808,user
23247,closed,2025-06-12 15:08:24,23195,#1546,issue
23247,closed,2025-06-12 15:08:24,36,user:5144808,user
23254,created,2025-06-12 14:22:42,168,user:26526132,user
23254,created,2025-06-12 14:22:42,23250,#1545,issue
23259,labeled,2025-06-12 14:22:56,80,user:41898282,user
23259,labeled,2025-06-12 14:22:56,23250,#1545,issue
23262,base_ref_changed,2025-06-12 14:22:57,168,user:26526132,user
23262,base_ref_changed,2025-06-12 14:22:57,23250,#1545,issue
23265,labeled,2025-06-12 14:22:57,80,user:41898282,user
23265,labeled,2025-06-12 14:22:57,23250,#1545,issue
23268,commented,2025-06-12 14:25:22,23250,#1545,issue
23268,commented,2025-06-12 14:25:22,184,user:22429695,user
23272,ready_for_review,2025-06-12 14:55:49,168,user:26526132,user
23272,ready_for_review,2025-06-12 14:55:49,23250,#1545,issue
23275,review_requested,2025-06-12 14:55:49,168,user:26526132,user
23275,review_requested,2025-06-12 14:55:49,59,user:2585816,user
23275,review_requested,2025-06-12 14:55:49,23250,#1545,issue
23280,review_requested,2025-06-12 14:55:49,36,user:5144808,user
23280,review_requested,2025-06-12 14:55:49,168,user:26526132,user
23280,review_requested,2025-06-12 14:55:49,23250,#1545,issue
23285,review_requested,2025-06-12 14:55:49,168,user:26526132,user
23285,review_requested,2025-06-12 14:55:49,69,user:15725,user
23285,review_requested,2025-06-12 14:55:49,23250,#1545,issue
23290,convert_to_draft,2025-06-12 14:56:30,168,user:26526132,user
23290,convert_to_draft,2025-06-12 14:56:30,23250,#1545,issue
23293,head_ref_force_pushed,2025-06-12 15:00:41,168,user:26526132,user
23293,head_ref_force_pushed,2025-06-12 15:00:41,23250,#1545,issue
23296,head_ref_force_pushed,2025-06-12 16:14:38,168,user:26526132,user
23296,head_ref_force_pushed,2025-06-12 16:14:38,23250,#1545,issue
23299,head_ref_force_pushed,2025-06-12 16:14:56,168,user:26526132,user
23299,head_ref_force_pushed,2025-06-12 16:14:56,23250,#1545,issue
23302,ready_for_review,2025-06-12 16:15:32,168,user:26526132,user
23302,ready_for_review,2025-06-12 16:15:32,23250,#1545,issue
23305,renamed,2025-06-12 16:16:29,168,user:26526132,user
23305,renamed,2025-06-12 16:16:29,23250,#1545,issue
23308,head_ref_force_pushed,2025-06-12 16:18:47,168,user:26526132,user
23308,head_ref_force_pushed,2025-06-12 16:18:47,23250,#1545,issue
23311,labeled,2025-06-12 16:18:57,80,user:41898282,user
23311,labeled,2025-06-12 16:18:57,23250,#1545,issue
23314,head_ref_force_pushed,2025-06-13 05:32:00,168,user:26526132,user
23314,head_ref_force_pushed,2025-06-13 05:32:00,23250,#1545,issue
23317,milestoned,2025-06-13 15:28:17,36,user:5144808,user
23317,milestoned,2025-06-13 15:28:17,23250,#1545,issue
23364,created,2025-06-12 13:55:08,23360,#1544,issue
23364,created,2025-06-12 13:55:08,168,user:26526132,user
23369,committed,2025-06-12 13:54:37,23360,#1544,issue
23369,committed,2025-06-12 13:54:37,219,committer:Yu-Ting Hsiung,user
23369,committed,2025-06-12 13:54:37,23371,sha:862f0f3c12c26f043129a008c78cf10c56744d4b,commit
23377,labeled,2025-06-12 13:55:20,80,user:41898282,user
23377,labeled,2025-06-12 13:55:20,23360,#1544,issue
23380,labeled,2025-06-12 13:55:21,80,user:41898282,user
23380,labeled,2025-06-12 13:55:21,23360,#1544,issue
23383,commented,2025-06-12 13:57:15,23360,#1544,issue
23383,commented,2025-06-12 13:57:15,184,user:22429695,user
23387,ready_for_review,2025-06-12 14:45:30,23360,#1544,issue
23387,ready_for_review,2025-06-12 14:45:30,168,user:26526132,user
23390,review_requested,2025-06-12 14:45:31,23360,#1544,issue
23390,review_requested,2025-06-12 14:45:31,168,user:26526132,user
23390,review_requested,2025-06-12 14:45:31,59,user:2585816,user
23395,review_requested,2025-06-12 14:45:31,23360,#1544,issue
23395,review_requested,2025-06-12 14:45:31,36,user:5144808,user
23395,review_requested,2025-06-12 14:45:31,168,user:26526132,user
23400,review_requested,2025-06-12 14:45:31,23360,#1544,issue
23400,review_requested,2025-06-12 14:45:31,168,user:26526132,user
23400,review_requested,2025-06-12 14:45:31,69,user:15725,user
23405,reviewed,2025-06-12 15:07:46,23360,#1544,issue
23405,reviewed,2025-06-12 15:07:46,36,user:5144808,user
23409,merged,2025-06-12 15:07:54,23360,#1544,issue
23409,merged,2025-06-12 15:07:54,36,user:5144808,user
23412,closed,2025-06-12 15:07:54,23360,#1544,issue
23412,closed,2025-06-12 15:07:54,36,user:5144808,user
23419,created,2025-06-12 13:43:09,168,user:26526132,user
23419,created,2025-06-12 13:43:09,23415,#1543,issue
23424,committed,2025-06-12 13:42:30,219,committer:Yu-Ting Hsiung,user
23424,committed,2025-06-12 13:42:30,23415,#1543,issue
23424,committed,2025-06-12 13:42:30,23426,sha:1128795347dfd38bb17b3b3236aad3bca1674347,commit
23432,labeled,2025-06-12 13:43:19,80,user:41898282,user
23432,labeled,2025-06-12 13:43:19,23415,#1543,issue
23435,labeled,2025-06-12 13:43:20,80,user:41898282,user
23435,labeled,2025-06-12 13:43:20,23415,#1543,issue
23438,commented,2025-06-12 13:45:20,23415,#1543,issue
23438,commented,2025-06-12 13:45:20,184,user:22429695,user
23442,ready_for_review,2025-06-12 13:55:19,168,user:26526132,user
23442,ready_for_review,2025-06-12 13:55:19,23415,#1543,issue
23445,review_requested,2025-06-12 13:55:20,168,user:26526132,user
23445,review_requested,2025-06-12 13:55:20,23415,#1543,issue
23445,review_requested,2025-06-12 13:55:20,59,user:2585816,user
23450,review_requested,2025-06-12 13:55:20,36,user:5144808,user
23450,review_requested,2025-06-12 13:55:20,168,user:26526132,user
23450,review_requested,2025-06-12 13:55:20,23415,#1543,issue
23455,review_requested,2025-06-12 13:55:20,168,user:26526132,user
23455,review_requested,2025-06-12 13:55:20,23415,#1543,issue
23455,review_requested,2025-06-12 13:55:20,69,user:15725,user
23460,reviewed,2025-06-12 15:04:26,36,user:5144808,user
23460,reviewed,2025-06-12 15:04:26,23415,#1543,issue
23464,merged,2025-06-12 15:11:24,36,user:5144808,user
23464,merged,2025-06-12 15:11:24,23415,#1543,issue
23467,closed,2025-06-12 15:11:24,36,user:5144808,user
23467,closed,2025-06-12 15:11:24,23415,#1543,issue
23474,created,2025-06-12 12:34:29,168,user:26526132,user
23474,created,2025-06-12 12:34:29,23470,#1542,issue
23479,committed,2025-06-12 12:33:13,23481,sha:44c2d91e796664de5532f00ab8593c0fde4cd791,commit
23479,committed,2025-06-12 12:33:13,219,committer:Yu-Ting Hsiung,user
23479,committed,2025-06-12 12:33:13,23470,#1542,issue
23487,labeled,2025-06-12 12:34:39,80,user:41898282,user
23487,labeled,2025-06-12 12:34:39,23470,#1542,issue
23490,labeled,2025-06-12 12:34:39,80,user:41898282,user
23490,labeled,2025-06-12 12:34:39,23470,#1542,issue
23493,commented,2025-06-12 12:36:39,23470,#1542,issue
23493,commented,2025-06-12 12:36:39,184,user:22429695,user
23497,ready_for_review,2025-06-12 13:24:57,168,user:26526132,user
23497,ready_for_review,2025-06-12 13:24:57,23470,#1542,issue
23500,review_requested,2025-06-12 13:24:58,168,user:26526132,user
23500,review_requested,2025-06-12 13:24:58,59,user:2585816,user
23500,review_requested,2025-06-12 13:24:58,23470,#1542,issue
23505,review_requested,2025-06-12 13:24:58,36,user:5144808,user
23505,review_requested,2025-06-12 13:24:58,168,user:26526132,user
23505,review_requested,2025-06-12 13:24:58,23470,#1542,issue
23510,review_requested,2025-06-12 13:24:58,168,user:26526132,user
23510,review_requested,2025-06-12 13:24:58,69,user:15725,user
23510,review_requested,2025-06-12 13:24:58,23470,#1542,issue
23515,milestoned,2025-06-12 15:02:41,36,user:5144808,user
23515,milestoned,2025-06-12 15:02:41,23470,#1542,issue
23532,created,2025-06-12 09:53:20,23528,#1541,issue
23532,created,2025-06-12 09:53:20,168,user:26526132,user
23537,committed,2025-06-12 09:52:46,219,committer:Yu-Ting Hsiung,user
23537,committed,2025-06-12 09:52:46,23528,#1541,issue
23537,committed,2025-06-12 09:52:46,23539,sha:37046b7444985245a19899e49d84b9fa78afad1b,commit
23545,labeled,2025-06-12 09:53:31,80,user:41898282,user
23545,labeled,2025-06-12 09:53:31,23528,#1541,issue
23548,labeled,2025-06-12 09:53:32,80,user:41898282,user
23548,labeled,2025-06-12 09:53:32,23528,#1541,issue
23551,ready_for_review,2025-06-12 09:56:42,23528,#1541,issue
23551,ready_for_review,2025-06-12 09:56:42,168,user:26526132,user
23554,review_requested,2025-06-12 09:56:43,23528,#1541,issue
23554,review_requested,2025-06-12 09:56:43,168,user:26526132,user
23554,review_requested,2025-06-12 09:56:43,59,user:2585816,user
23559,review_requested,2025-06-12 09:56:43,23528,#1541,issue
23559,review_requested,2025-06-12 09:56:43,36,user:5144808,user
23559,review_requested,2025-06-12 09:56:43,168,user:26526132,user
23564,review_requested,2025-06-12 09:56:43,23528,#1541,issue
23564,review_requested,2025-06-12 09:56:43,168,user:26526132,user
23564,review_requested,2025-06-12 09:56:43,69,user:15725,user
23569,milestoned,2025-06-12 15:11:09,23528,#1541,issue
23569,milestoned,2025-06-12 15:11:09,36,user:5144808,user
23593,created,2025-06-12 09:30:19,168,user:26526132,user
23593,created,2025-06-12 09:30:19,23589,#1540,issue
23598,committed,2025-06-12 09:28:11,219,committer:Yu-Ting Hsiung,user
23598,committed,2025-06-12 09:28:11,23600,sha:c1ebd4f2ed4a9c799ec6ff0c7267ec11d354e1f0,commit
23598,committed,2025-06-12 09:28:11,23589,#1540,issue
23606,labeled,2025-06-12 09:30:30,80,user:41898282,user
23606,labeled,2025-06-12 09:30:30,23589,#1540,issue
23609,labeled,2025-06-12 09:30:31,80,user:41898282,user
23609,labeled,2025-06-12 09:30:31,23589,#1540,issue
23612,ready_for_review,2025-06-12 09:33:45,168,user:26526132,user
23612,ready_for_review,2025-06-12 09:33:45,23589,#1540,issue
23615,review_requested,2025-06-12 09:33:46,168,user:26526132,user
23615,review_requested,2025-06-12 09:33:46,59,user:2585816,user
23615,review_requested,2025-06-12 09:33:46,23589,#1540,issue
23620,review_requested,2025-06-12 09:33:46,36,user:5144808,user
23620,review_requested,2025-06-12 09:33:46,168,user:26526132,user
23620,review_requested,2025-06-12 09:33:46,23589,#1540,issue
23625,review_requested,2025-06-12 09:33:46,168,user:26526132,user
23625,review_requested,2025-06-12 09:33:46,69,user:15725,user
23625,review_requested,2025-06-12 09:33:46,23589,#1540,issue
23630,milestoned,2025-06-12 15:10:49,36,user:5144808,user
23630,milestoned,2025-06-12 15:10:49,23589,#1540,issue
23656,created,2025-06-12 08:33:04,23652,#1539,issue
23656,created,2025-06-12 08:33:04,168,user:26526132,user
23661,labeled,2025-06-12 08:33:14,80,user:41898282,user
23661,labeled,2025-06-12 08:33:14,23652,#1539,issue
23664,labeled,2025-06-12 08:33:15,80,user:41898282,user
23664,labeled,2025-06-12 08:33:15,23652,#1539,issue
23667,commented,2025-06-12 08:34:57,23652,#1539,issue
23667,commented,2025-06-12 08:34:57,184,user:22429695,user
23671,ready_for_review,2025-06-12 09:32:56,23652,#1539,issue
23671,ready_for_review,2025-06-12 09:32:56,168,user:26526132,user
23674,review_requested,2025-06-12 09:32:56,23652,#1539,issue
23674,review_requested,2025-06-12 09:32:56,168,user:26526132,user
23674,review_requested,2025-06-12 09:32:56,59,user:2585816,user
23679,review_requested,2025-06-12 09:32:57,23652,#1539,issue
23679,review_requested,2025-06-12 09:32:57,36,user:5144808,user
23679,review_requested,2025-06-12 09:32:57,168,user:26526132,user
23684,review_requested,2025-06-12 09:32:57,23652,#1539,issue
23684,review_requested,2025-06-12 09:32:57,168,user:26526132,user
23684,review_requested,2025-06-12 09:32:57,69,user:15725,user
23689,milestoned,2025-06-12 15:10:39,23652,#1539,issue
23689,milestoned,2025-06-12 15:10:39,36,user:5144808,user
23692,reviewed,2025-06-12 16:21:50,23652,#1539,issue
23692,reviewed,2025-06-12 16:21:50,168,user:26526132,user
23696,head_ref_force_pushed,2025-06-13 03:02:38,23652,#1539,issue
23696,head_ref_force_pushed,2025-06-13 03:02:38,168,user:26526132,user
23699,reviewed,2025-06-13 03:04:28,23652,#1539,issue
23699,reviewed,2025-06-13 03:04:28,168,user:26526132,user
23703,head_ref_force_pushed,2025-06-13 05:42:52,23652,#1539,issue
23703,head_ref_force_pushed,2025-06-13 05:42:52,168,user:26526132,user
23788,created,2025-06-11 14:41:56,168,user:26526132,user
23788,created,2025-06-11 14:41:56,23784,#1538,issue
23793,review_requested,2025-06-11 14:41:56,168,user:26526132,user
23793,review_requested,2025-06-11 14:41:56,23784,#1538,issue
23793,review_requested,2025-06-11 14:41:56,59,user:2585816,user
23798,review_requested,2025-06-11 14:41:57,36,user:5144808,user
23798,review_requested,2025-06-11 14:41:57,168,user:26526132,user
23798,review_requested,2025-06-11 14:41:57,23784,#1538,issue
23803,review_requested,2025-06-11 14:41:57,168,user:26526132,user
23803,review_requested,2025-06-11 14:41:57,23784,#1538,issue
23803,review_requested,2025-06-11 14:41:57,69,user:15725,user
23808,labeled,2025-06-11 14:42:08,80,user:41898282,user
23808,labeled,2025-06-11 14:42:08,23784,#1538,issue
23811,labeled,2025-06-11 14:42:09,80,user:41898282,user
23811,labeled,2025-06-11 14:42:09,23784,#1538,issue
23814,convert_to_draft,2025-06-11 14:43:41,168,user:26526132,user
23814,convert_to_draft,2025-06-11 14:43:41,23784,#1538,issue
23817,milestoned,2025-06-11 14:43:42,36,user:5144808,user
23817,milestoned,2025-06-11 14:43:42,23784,#1538,issue
23820,commented,2025-06-11 14:44:03,23784,#1538,issue
23820,commented,2025-06-11 14:44:03,184,user:22429695,user
23824,committed,2025-06-11 14:47:26,219,committer:Yu-Ting Hsiung,user
23824,committed,2025-06-11 14:47:26,23784,#1538,issue
23824,committed,2025-06-11 14:47:26,23826,sha:ca76a4477d2e790612f04cb65c5bda68f4c94de1,commit
23832,head_ref_force_pushed,2025-06-11 14:47:31,168,user:26526132,user
23832,head_ref_force_pushed,2025-06-11 14:47:31,23784,#1538,issue
23835,ready_for_review,2025-06-11 14:50:36,168,user:26526132,user
23835,ready_for_review,2025-06-11 14:50:36,23784,#1538,issue
23852,created,2025-06-11 07:45:02,168,user:26526132,user
23852,created,2025-06-11 07:45:02,23848,#1537,issue
23857,review_requested,2025-06-11 07:45:03,168,user:26526132,user
23857,review_requested,2025-06-11 07:45:03,59,user:2585816,user
23857,review_requested,2025-06-11 07:45:03,23848,#1537,issue
23862,review_requested,2025-06-11 07:45:03,36,user:5144808,user
23862,review_requested,2025-06-11 07:45:03,168,user:26526132,user
23862,review_requested,2025-06-11 07:45:03,23848,#1537,issue
23867,review_requested,2025-06-11 07:45:03,168,user:26526132,user
23867,review_requested,2025-06-11 07:45:03,69,user:15725,user
23867,review_requested,2025-06-11 07:45:03,23848,#1537,issue
23872,labeled,2025-06-11 07:45:12,80,user:41898282,user
23872,labeled,2025-06-11 07:45:12,23848,#1537,issue
23875,labeled,2025-06-11 07:45:13,80,user:41898282,user
23875,labeled,2025-06-11 07:45:13,23848,#1537,issue
23878,base_ref_changed,2025-06-11 07:45:58,168,user:26526132,user
23878,base_ref_changed,2025-06-11 07:45:58,23848,#1537,issue
23881,milestoned,2025-06-11 07:47:12,36,user:5144808,user
23881,milestoned,2025-06-11 07:47:12,23848,#1537,issue
23884,commented,2025-06-11 07:47:16,184,user:22429695,user
23884,commented,2025-06-11 07:47:16,23848,#1537,issue
23888,head_ref_force_pushed,2025-06-11 07:47:21,168,user:26526132,user
23888,head_ref_force_pushed,2025-06-11 07:47:21,23848,#1537,issue
23891,convert_to_draft,2025-06-11 07:50:12,168,user:26526132,user
23891,convert_to_draft,2025-06-11 07:50:12,23848,#1537,issue
23894,ready_for_review,2025-06-11 07:56:43,168,user:26526132,user
23894,ready_for_review,2025-06-11 07:56:43,23848,#1537,issue
23897,renamed,2025-06-11 08:14:44,168,user:26526132,user
23897,renamed,2025-06-11 08:14:44,23848,#1537,issue
23962,created,2025-06-10 13:11:38,168,user:26526132,user
23962,created,2025-06-10 13:11:38,23958,#1536,issue
23967,review_requested,2025-06-10 13:11:39,168,user:26526132,user
23967,review_requested,2025-06-10 13:11:39,59,user:2585816,user
23967,review_requested,2025-06-10 13:11:39,23958,#1536,issue
23972,review_requested,2025-06-10 13:11:39,36,user:5144808,user
23972,review_requested,2025-06-10 13:11:39,168,user:26526132,user
23972,review_requested,2025-06-10 13:11:39,23958,#1536,issue
23977,review_requested,2025-06-10 13:11:39,168,user:26526132,user
23977,review_requested,2025-06-10 13:11:39,69,user:15725,user
23977,review_requested,2025-06-10 13:11:39,23958,#1536,issue
23982,labeled,2025-06-10 13:11:49,80,user:41898282,user
23982,labeled,2025-06-10 13:11:49,23958,#1536,issue
23985,labeled,2025-06-10 13:11:50,80,user:41898282,user
23985,labeled,2025-06-10 13:11:50,23958,#1536,issue
23988,labeled,2025-06-10 13:11:50,80,user:41898282,user
23988,labeled,2025-06-10 13:11:50,23958,#1536,issue
23991,commented,2025-06-10 13:15:02,184,user:22429695,user
23991,commented,2025-06-10 13:15:02,23958,#1536,issue
23995,reviewed,2025-06-10 13:22:47,36,user:5144808,user
23995,reviewed,2025-06-10 13:22:47,23958,#1536,issue
23999,committed,2025-06-11 06:21:02,219,committer:Yu-Ting Hsiung,user
23999,committed,2025-06-11 06:21:02,24001,sha:68f17aa0bfc1473a860f7b3f552ae30ea296f2cc,commit
23999,committed,2025-06-11 06:21:02,23958,#1536,issue
24007,head_ref_force_pushed,2025-06-11 06:21:08,168,user:26526132,user
24007,head_ref_force_pushed,2025-06-11 06:21:08,23958,#1536,issue
24010,reviewed,2025-06-12 01:51:59,36,user:5144808,user
24010,reviewed,2025-06-12 01:51:59,23958,#1536,issue
24014,merged,2025-06-12 01:57:02,36,user:5144808,user
24014,merged,2025-06-12 01:57:02,23958,#1536,issue
24017,closed,2025-06-12 01:57:02,36,user:5144808,user
24017,closed,2025-06-12 01:57:02,23958,#1536,issue
24020,head_ref_deleted,2025-06-12 07:35:47,168,user:26526132,user
24020,head_ref_deleted,2025-06-12 07:35:47,23958,#1536,issue
24027,created,2025-06-10 12:44:36,24023,#1535,issue
24027,created,2025-06-10 12:44:36,168,user:26526132,user
24032,committed,2025-06-10 12:44:06,219,committer:Yu-Ting Hsiung,user
24032,committed,2025-06-10 12:44:06,24023,#1535,issue
24032,committed,2025-06-10 12:44:06,24034,sha:8f781eec6192d6578178a190cb20fa037d4f6633,commit
24040,review_requested,2025-06-10 12:44:37,24023,#1535,issue
24040,review_requested,2025-06-10 12:44:37,168,user:26526132,user
24040,review_requested,2025-06-10 12:44:37,59,user:2585816,user
24045,review_requested,2025-06-10 12:44:37,24023,#1535,issue
24045,review_requested,2025-06-10 12:44:37,36,user:5144808,user
24045,review_requested,2025-06-10 12:44:37,168,user:26526132,user
24050,review_requested,2025-06-10 12:44:37,24023,#1535,issue
24050,review_requested,2025-06-10 12:44:37,168,user:26526132,user
24050,review_requested,2025-06-10 12:44:37,69,user:15725,user
24055,labeled,2025-06-10 12:44:47,80,user:41898282,user
24055,labeled,2025-06-10 12:44:47,24023,#1535,issue
24058,labeled,2025-06-10 12:44:48,80,user:41898282,user
24058,labeled,2025-06-10 12:44:48,24023,#1535,issue
24061,labeled,2025-06-10 12:44:48,80,user:41898282,user
24061,labeled,2025-06-10 12:44:48,24023,#1535,issue
24064,commented,2025-06-10 12:46:24,24023,#1535,issue
24064,commented,2025-06-10 12:46:24,184,user:22429695,user
24068,reviewed,2025-06-10 13:31:31,24023,#1535,issue
24068,reviewed,2025-06-10 13:31:31,36,user:5144808,user
24072,reviewed,2025-06-10 13:51:58,24023,#1535,issue
24072,reviewed,2025-06-10 13:51:58,36,user:5144808,user
24076,merged,2025-06-10 13:52:08,24023,#1535,issue
24076,merged,2025-06-10 13:52:08,36,user:5144808,user
24079,closed,2025-06-10 13:52:08,24023,#1535,issue
24079,closed,2025-06-10 13:52:08,36,user:5144808,user
24082,head_ref_deleted,2025-06-10 15:07:10,24023,#1535,issue
24082,head_ref_deleted,2025-06-10 15:07:10,168,user:26526132,user
24089,created,2025-06-10 12:21:27,24085,#1534,issue
24089,created,2025-06-10 12:21:27,168,user:26526132,user
24094,review_requested,2025-06-10 12:21:27,24085,#1534,issue
24094,review_requested,2025-06-10 12:21:27,168,user:26526132,user
24094,review_requested,2025-06-10 12:21:27,59,user:2585816,user
24099,review_requested,2025-06-10 12:21:28,24085,#1534,issue
24099,review_requested,2025-06-10 12:21:28,36,user:5144808,user
24099,review_requested,2025-06-10 12:21:28,168,user:26526132,user
24104,review_requested,2025-06-10 12:21:28,24085,#1534,issue
24104,review_requested,2025-06-10 12:21:28,168,user:26526132,user
24104,review_requested,2025-06-10 12:21:28,69,user:15725,user
24109,labeled,2025-06-10 12:21:39,80,user:41898282,user
24109,labeled,2025-06-10 12:21:39,24085,#1534,issue
24112,labeled,2025-06-10 12:21:40,80,user:41898282,user
24112,labeled,2025-06-10 12:21:40,24085,#1534,issue
24115,labeled,2025-06-10 12:21:40,80,user:41898282,user
24115,labeled,2025-06-10 12:21:40,24085,#1534,issue
24118,head_ref_force_pushed,2025-06-10 12:22:01,24085,#1534,issue
24118,head_ref_force_pushed,2025-06-10 12:22:01,168,user:26526132,user
24121,head_ref_force_pushed,2025-06-10 12:23:12,24085,#1534,issue
24121,head_ref_force_pushed,2025-06-10 12:23:12,168,user:26526132,user
24124,commented,2025-06-10 12:25:38,24085,#1534,issue
24124,commented,2025-06-10 12:25:38,184,user:22429695,user
24128,head_ref_force_pushed,2025-06-10 12:28:43,24085,#1534,issue
24128,head_ref_force_pushed,2025-06-10 12:28:43,168,user:26526132,user
24131,head_ref_force_pushed,2025-06-10 12:31:36,24085,#1534,issue
24131,head_ref_force_pushed,2025-06-10 12:31:36,168,user:26526132,user
24134,head_ref_force_pushed,2025-06-11 06:25:45,24085,#1534,issue
24134,head_ref_force_pushed,2025-06-11 06:25:45,168,user:26526132,user
24175,created,2025-06-10 11:32:22,168,user:26526132,user
24175,created,2025-06-10 11:32:22,24171,#1533,issue
24180,review_requested,2025-06-10 11:32:23,168,user:26526132,user
24180,review_requested,2025-06-10 11:32:23,59,user:2585816,user
24180,review_requested,2025-06-10 11:32:23,24171,#1533,issue
24185,review_requested,2025-06-10 11:32:23,36,user:5144808,user
24185,review_requested,2025-06-10 11:32:23,168,user:26526132,user
24185,review_requested,2025-06-10 11:32:23,24171,#1533,issue
24190,review_requested,2025-06-10 11:32:23,168,user:26526132,user
24190,review_requested,2025-06-10 11:32:23,69,user:15725,user
24190,review_requested,2025-06-10 11:32:23,24171,#1533,issue
24195,labeled,2025-06-10 11:32:34,80,user:41898282,user
24195,labeled,2025-06-10 11:32:34,24171,#1533,issue
24198,labeled,2025-06-10 11:32:35,80,user:41898282,user
24198,labeled,2025-06-10 11:32:35,24171,#1533,issue
24201,committed,2025-06-10 11:33:41,24203,sha:0326c22cc6b82befbd0948fd2df3b9940910407f,commit
24201,committed,2025-06-10 11:33:41,219,committer:Yu-Ting Hsiung,user
24201,committed,2025-06-10 11:33:41,24171,#1533,issue
24209,head_ref_force_pushed,2025-06-10 11:33:46,168,user:26526132,user
24209,head_ref_force_pushed,2025-06-10 11:33:46,24171,#1533,issue
24212,commented,2025-06-10 11:35:42,24171,#1533,issue
24212,commented,2025-06-10 11:35:42,184,user:22429695,user
24216,reviewed,2025-06-10 13:29:50,36,user:5144808,user
24216,reviewed,2025-06-10 13:29:50,24171,#1533,issue
24220,merged,2025-06-10 13:30:49,36,user:5144808,user
24220,merged,2025-06-10 13:30:49,24171,#1533,issue
24223,closed,2025-06-10 13:30:49,36,user:5144808,user
24223,closed,2025-06-10 13:30:49,24171,#1533,issue
24230,created,2025-06-10 11:14:01,168,user:26526132,user
24230,created,2025-06-10 11:14:01,24226,#1532,issue
24235,committed,2025-06-10 11:13:10,219,committer:Yu-Ting Hsiung,user
24235,committed,2025-06-10 11:13:10,24237,sha:61deb2ebf3a72bc26c8627d64ef8251718bfb9b5,commit
24235,committed,2025-06-10 11:13:10,24226,#1532,issue
24243,review_requested,2025-06-10 11:14:02,168,user:26526132,user
24243,review_requested,2025-06-10 11:14:02,59,user:2585816,user
24243,review_requested,2025-06-10 11:14:02,24226,#1532,issue
24248,review_requested,2025-06-10 11:14:02,36,user:5144808,user
24248,review_requested,2025-06-10 11:14:02,168,user:26526132,user
24248,review_requested,2025-06-10 11:14:02,24226,#1532,issue
24253,review_requested,2025-06-10 11:14:02,168,user:26526132,user
24253,review_requested,2025-06-10 11:14:02,69,user:15725,user
24253,review_requested,2025-06-10 11:14:02,24226,#1532,issue
24258,labeled,2025-06-10 11:14:12,80,user:41898282,user
24258,labeled,2025-06-10 11:14:12,24226,#1532,issue
24261,commented,2025-06-10 11:15:56,24226,#1532,issue
24261,commented,2025-06-10 11:15:56,184,user:22429695,user
24265,reviewed,2025-06-10 13:27:31,36,user:5144808,user
24265,reviewed,2025-06-10 13:27:31,24226,#1532,issue
24269,merged,2025-06-10 13:28:05,36,user:5144808,user
24269,merged,2025-06-10 13:28:05,24226,#1532,issue
24272,closed,2025-06-10 13:28:05,36,user:5144808,user
24272,closed,2025-06-10 13:28:05,24226,#1532,issue
24275,head_ref_deleted,2025-06-13 05:08:43,168,user:26526132,user
24275,head_ref_deleted,2025-06-13 05:08:43,24226,#1532,issue
24282,created,2025-06-10 04:25:54,168,user:26526132,user
24282,created,2025-06-10 04:25:54,24278,#1529,issue
24287,labeled,2025-06-10 04:26:03,80,user:41898282,user
24287,labeled,2025-06-10 04:26:03,24278,#1529,issue
24290,labeled,2025-06-10 04:26:04,80,user:41898282,user
24290,labeled,2025-06-10 04:26:04,24278,#1529,issue
24293,labeled,2025-06-10 04:26:04,80,user:41898282,user
24293,labeled,2025-06-10 04:26:04,24278,#1529,issue
24296,commented,2025-06-10 04:27:39,24278,#1529,issue
24296,commented,2025-06-10 04:27:39,184,user:22429695,user
24300,milestoned,2025-06-10 04:29:49,36,user:5144808,user
24300,milestoned,2025-06-10 04:29:49,24278,#1529,issue
24303,ready_for_review,2025-06-10 05:26:57,168,user:26526132,user
24303,ready_for_review,2025-06-10 05:26:57,24278,#1529,issue
24306,review_requested,2025-06-10 05:26:58,168,user:26526132,user
24306,review_requested,2025-06-10 05:26:58,24278,#1529,issue
24306,review_requested,2025-06-10 05:26:58,59,user:2585816,user
24311,review_requested,2025-06-10 05:26:58,36,user:5144808,user
24311,review_requested,2025-06-10 05:26:58,168,user:26526132,user
24311,review_requested,2025-06-10 05:26:58,24278,#1529,issue
24316,review_requested,2025-06-10 05:26:58,168,user:26526132,user
24316,review_requested,2025-06-10 05:26:58,69,user:15725,user
24316,review_requested,2025-06-10 05:26:58,24278,#1529,issue
24321,head_ref_force_pushed,2025-06-10 12:56:11,168,user:26526132,user
24321,head_ref_force_pushed,2025-06-10 12:56:11,24278,#1529,issue
24324,committed,2025-06-10 12:57:15,219,committer:Yu-Ting Hsiung,user
24324,committed,2025-06-10 12:57:15,24326,sha:6f9a3d2cd2320398a1f0c42ebf6c137bc9df76d7,commit
24324,committed,2025-06-10 12:57:15,24278,#1529,issue
24332,committed,2025-06-10 12:57:17,219,committer:Yu-Ting Hsiung,user
24332,committed,2025-06-10 12:57:17,24278,#1529,issue
24332,committed,2025-06-10 12:57:17,24334,sha:ae143dbaba645d3f663c1d339b1ba471cd69093c,commit
24340,head_ref_force_pushed,2025-06-10 12:57:23,168,user:26526132,user
24340,head_ref_force_pushed,2025-06-10 12:57:23,24278,#1529,issue
24360,created,2025-06-10 04:07:17,168,user:26526132,user
24360,created,2025-06-10 04:07:17,24356,#1528,issue
24365,labeled,2025-06-10 04:07:29,80,user:41898282,user
24365,labeled,2025-06-10 04:07:29,24356,#1528,issue
24368,labeled,2025-06-10 04:07:30,80,user:41898282,user
24368,labeled,2025-06-10 04:07:30,24356,#1528,issue
24371,commented,2025-06-10 04:09:15,24356,#1528,issue
24371,commented,2025-06-10 04:09:15,184,user:22429695,user
24375,ready_for_review,2025-06-10 04:27:03,168,user:26526132,user
24375,ready_for_review,2025-06-10 04:27:03,24356,#1528,issue
24378,review_requested,2025-06-10 04:27:03,168,user:26526132,user
24378,review_requested,2025-06-10 04:27:03,24356,#1528,issue
24378,review_requested,2025-06-10 04:27:03,59,user:2585816,user
24383,review_requested,2025-06-10 04:27:03,36,user:5144808,user
24383,review_requested,2025-06-10 04:27:03,168,user:26526132,user
24383,review_requested,2025-06-10 04:27:03,24356,#1528,issue
24388,review_requested,2025-06-10 04:27:03,168,user:26526132,user
24388,review_requested,2025-06-10 04:27:03,69,user:15725,user
24388,review_requested,2025-06-10 04:27:03,24356,#1528,issue
24393,milestoned,2025-06-10 04:29:53,36,user:5144808,user
24393,milestoned,2025-06-10 04:29:53,24356,#1528,issue
24396,base_ref_changed,2025-06-10 11:03:05,168,user:26526132,user
24396,base_ref_changed,2025-06-10 11:03:05,24356,#1528,issue
24399,renamed,2025-06-10 11:37:06,168,user:26526132,user
24399,renamed,2025-06-10 11:37:06,24356,#1528,issue
24444,created,2025-06-10 03:47:26,168,user:26526132,user
24444,created,2025-06-10 03:47:26,24440,#1527,issue
24449,labeled,2025-06-10 03:47:36,80,user:41898282,user
24449,labeled,2025-06-10 03:47:36,24440,#1527,issue
24452,labeled,2025-06-10 03:47:37,80,user:41898282,user
24452,labeled,2025-06-10 03:47:37,24440,#1527,issue
24455,milestoned,2025-06-10 03:48:23,36,user:5144808,user
24455,milestoned,2025-06-10 03:48:23,24440,#1527,issue
24458,commented,2025-06-10 03:49:19,24440,#1527,issue
24458,commented,2025-06-10 03:49:19,184,user:22429695,user
24462,ready_for_review,2025-06-10 03:51:38,168,user:26526132,user
24462,ready_for_review,2025-06-10 03:51:38,24440,#1527,issue
24465,review_requested,2025-06-10 03:51:38,168,user:26526132,user
24465,review_requested,2025-06-10 03:51:38,24440,#1527,issue
24465,review_requested,2025-06-10 03:51:38,59,user:2585816,user
24470,review_requested,2025-06-10 03:51:38,36,user:5144808,user
24470,review_requested,2025-06-10 03:51:38,168,user:26526132,user
24470,review_requested,2025-06-10 03:51:38,24440,#1527,issue
24475,review_requested,2025-06-10 03:51:38,168,user:26526132,user
24475,review_requested,2025-06-10 03:51:38,69,user:15725,user
24475,review_requested,2025-06-10 03:51:38,24440,#1527,issue
24480,committed,2025-06-10 04:07:59,219,committer:Yu-Ting Hsiung,user
24480,committed,2025-06-10 04:07:59,24482,sha:f343b31388329960c5dc20e7dbc6c51766f7be93,commit
24480,committed,2025-06-10 04:07:59,24440,#1527,issue
24488,head_ref_force_pushed,2025-06-10 04:08:04,168,user:26526132,user
24488,head_ref_force_pushed,2025-06-10 04:08:04,24440,#1527,issue
24491,base_ref_changed,2025-06-10 04:09:46,168,user:26526132,user
24491,base_ref_changed,2025-06-10 04:09:46,24440,#1527,issue
24494,reviewed,2025-06-13 15:27:29,36,user:5144808,user
24494,reviewed,2025-06-13 15:27:29,24440,#1527,issue
24498,merged,2025-06-13 15:27:44,36,user:5144808,user
24498,merged,2025-06-13 15:27:44,24440,#1527,issue
24501,closed,2025-06-13 15:27:44,36,user:5144808,user
24501,closed,2025-06-13 15:27:44,24440,#1527,issue
24508,created,2025-06-10 03:40:52,168,user:26526132,user
24508,created,2025-06-10 03:40:52,24504,#1526,issue
24513,labeled,2025-06-10 03:41:02,80,user:41898282,user
24513,labeled,2025-06-10 03:41:02,24504,#1526,issue
24516,labeled,2025-06-10 03:41:03,80,user:41898282,user
24516,labeled,2025-06-10 03:41:03,24504,#1526,issue
24519,milestoned,2025-06-10 03:42:12,36,user:5144808,user
24519,milestoned,2025-06-10 03:42:12,24504,#1526,issue
24522,commented,2025-06-10 03:42:53,24504,#1526,issue
24522,commented,2025-06-10 03:42:53,184,user:22429695,user
24526,ready_for_review,2025-06-10 04:09:27,168,user:26526132,user
24526,ready_for_review,2025-06-10 04:09:27,24504,#1526,issue
24529,review_requested,2025-06-10 04:09:27,168,user:26526132,user
24529,review_requested,2025-06-10 04:09:27,59,user:2585816,user
24529,review_requested,2025-06-10 04:09:27,24504,#1526,issue
24534,review_requested,2025-06-10 04:09:27,36,user:5144808,user
24534,review_requested,2025-06-10 04:09:27,168,user:26526132,user
24534,review_requested,2025-06-10 04:09:27,24504,#1526,issue
24539,review_requested,2025-06-10 04:09:27,168,user:26526132,user
24539,review_requested,2025-06-10 04:09:27,69,user:15725,user
24539,review_requested,2025-06-10 04:09:27,24504,#1526,issue
24544,base_ref_changed,2025-06-10 04:09:34,168,user:26526132,user
24544,base_ref_changed,2025-06-10 04:09:34,24504,#1526,issue
24547,renamed,2025-06-11 06:40:04,168,user:26526132,user
24547,renamed,2025-06-11 06:40:04,24504,#1526,issue
24550,head_ref_force_pushed,2025-06-14 03:46:06,168,user:26526132,user
24550,head_ref_force_pushed,2025-06-14 03:46:06,24504,#1526,issue
24553,committed,2025-06-14 03:50:01,219,committer:Yu-Ting Hsiung,user
24553,committed,2025-06-14 03:50:01,24555,sha:e1376d369ad0e08128e87b7c8a364186d19bf443,commit
24553,committed,2025-06-14 03:50:01,24504,#1526,issue
24561,head_ref_force_pushed,2025-06-14 03:50:10,168,user:26526132,user
24561,head_ref_force_pushed,2025-06-14 03:50:10,24504,#1526,issue
24589,created,2025-06-09 19:53:32,24592,user:57402305,user
24589,created,2025-06-09 19:53:32,24585,#1525,issue
24599,labeled,2025-06-09 19:53:34,24592,user:57402305,user
24599,labeled,2025-06-09 19:53:34,24585,#1525,issue
24602,labeled,2025-06-09 19:53:42,80,user:41898282,user
24602,labeled,2025-06-09 19:53:42,24585,#1525,issue
24605,commented,2025-06-09 19:59:26,24592,user:57402305,user
24605,commented,2025-06-09 19:59:26,24585,#1525,issue
24609,commented,2025-06-10 03:04:45,36,user:5144808,user
24609,commented,2025-06-10 03:04:45,24585,#1525,issue
24613,unlabeled,2025-06-10 03:04:55,36,user:5144808,user
24613,unlabeled,2025-06-10 03:04:55,24585,#1525,issue
24616,labeled,2025-06-10 03:04:55,36,user:5144808,user
24616,labeled,2025-06-10 03:04:55,24585,#1525,issue
24619,labeled,2025-06-10 03:04:55,36,user:5144808,user
24619,labeled,2025-06-10 03:04:55,24585,#1525,issue
24622,milestoned,2025-06-10 03:04:58,36,user:5144808,user
24622,milestoned,2025-06-10 03:04:58,24585,#1525,issue
24625,subscribed,2025-06-10 05:04:16,24585,#1525,issue
24625,subscribed,2025-06-10 05:04:16,24627,user:98246499,user
24633,cross-referenced,2025-06-10 11:14:02,168,user:26526132,user
24633,cross-referenced,2025-06-10 11:14:02,24585,#1525,issue
24636,closed,2025-06-10 13:28:06,36,user:5144808,user
24636,closed,2025-06-10 13:28:06,24585,#1525,issue
24643,created,2025-06-09 16:52:17,168,user:26526132,user
24643,created,2025-06-09 16:52:17,24639,#1524,issue
24648,committed,2025-06-09 16:51:31,219,committer:Yu-Ting Hsiung,user
24648,committed,2025-06-09 16:51:31,24639,#1524,issue
24648,committed,2025-06-09 16:51:31,24650,sha:24473f4fc00f4dddc82d31ab3833d1c000d53462,commit
24656,review_requested,2025-06-09 16:52:18,168,user:26526132,user
24656,review_requested,2025-06-09 16:52:18,59,user:2585816,user
24656,review_requested,2025-06-09 16:52:18,24639,#1524,issue
24661,review_requested,2025-06-09 16:52:18,36,user:5144808,user
24661,review_requested,2025-06-09 16:52:18,168,user:26526132,user
24661,review_requested,2025-06-09 16:52:18,24639,#1524,issue
24666,review_requested,2025-06-09 16:52:18,168,user:26526132,user
24666,review_requested,2025-06-09 16:52:18,69,user:15725,user
24666,review_requested,2025-06-09 16:52:18,24639,#1524,issue
24671,labeled,2025-06-09 16:52:29,80,user:41898282,user
24671,labeled,2025-06-09 16:52:29,24639,#1524,issue
24674,labeled,2025-06-09 16:52:30,80,user:41898282,user
24674,labeled,2025-06-09 16:52:30,24639,#1524,issue
24677,commented,2025-06-09 16:54:30,24639,#1524,issue
24677,commented,2025-06-09 16:54:30,184,user:22429695,user
24681,milestoned,2025-06-10 03:02:11,36,user:5144808,user
24681,milestoned,2025-06-10 03:02:11,24639,#1524,issue
24684,base_ref_changed,2025-06-10 03:02:18,36,user:5144808,user
24684,base_ref_changed,2025-06-10 03:02:18,24639,#1524,issue
24701,created,2025-06-09 16:15:34,168,user:26526132,user
24701,created,2025-06-09 16:15:34,24697,#1523,issue
24706,committed,2025-06-09 16:11:54,219,committer:Yu-Ting Hsiung,user
24706,committed,2025-06-09 16:11:54,24708,sha:9f7d53f83d22631ef4a64ac9462eced7b070514a,commit
24706,committed,2025-06-09 16:11:54,24697,#1523,issue
24714,review_requested,2025-06-09 16:15:34,168,user:26526132,user
24714,review_requested,2025-06-09 16:15:34,59,user:2585816,user
24714,review_requested,2025-06-09 16:15:34,24697,#1523,issue
24719,review_requested,2025-06-09 16:15:35,36,user:5144808,user
24719,review_requested,2025-06-09 16:15:35,168,user:26526132,user
24719,review_requested,2025-06-09 16:15:35,24697,#1523,issue
24724,review_requested,2025-06-09 16:15:35,168,user:26526132,user
24724,review_requested,2025-06-09 16:15:35,69,user:15725,user
24724,review_requested,2025-06-09 16:15:35,24697,#1523,issue
24729,labeled,2025-06-09 16:15:46,80,user:41898282,user
24729,labeled,2025-06-09 16:15:46,24697,#1523,issue
24732,labeled,2025-06-09 16:15:47,80,user:41898282,user
24732,labeled,2025-06-09 16:15:47,24697,#1523,issue
24735,commented,2025-06-09 16:17:29,184,user:22429695,user
24735,commented,2025-06-09 16:17:29,24697,#1523,issue
24739,milestoned,2025-06-10 02:59:29,36,user:5144808,user
24739,milestoned,2025-06-10 02:59:29,24697,#1523,issue
24742,base_ref_changed,2025-06-10 02:59:36,36,user:5144808,user
24742,base_ref_changed,2025-06-10 02:59:36,24697,#1523,issue
24745,renamed,2025-06-12 07:37:55,168,user:26526132,user
24745,renamed,2025-06-12 07:37:55,24697,#1523,issue
24748,reviewed,2025-06-13 15:29:43,36,user:5144808,user
24748,reviewed,2025-06-13 15:29:43,24697,#1523,issue
24752,merged,2025-06-13 15:29:50,36,user:5144808,user
24752,merged,2025-06-13 15:29:50,24697,#1523,issue
24755,closed,2025-06-13 15:29:50,36,user:5144808,user
24755,closed,2025-06-13 15:29:50,24697,#1523,issue
24762,created,2025-06-09 14:50:24,168,user:26526132,user
24762,created,2025-06-09 14:50:24,24758,#1522,issue
24767,committed,2025-06-09 14:49:58,219,committer:Yu-Ting Hsiung,user
24767,committed,2025-06-09 14:49:58,24769,sha:6769c9fa01750ab9b6fb7453b98206137a10523c,commit
24767,committed,2025-06-09 14:49:58,24758,#1522,issue
24775,review_requested,2025-06-09 14:50:25,168,user:26526132,user
24775,review_requested,2025-06-09 14:50:25,59,user:2585816,user
24775,review_requested,2025-06-09 14:50:25,24758,#1522,issue
24780,review_requested,2025-06-09 14:50:25,36,user:5144808,user
24780,review_requested,2025-06-09 14:50:25,168,user:26526132,user
24780,review_requested,2025-06-09 14:50:25,24758,#1522,issue
24785,review_requested,2025-06-09 14:50:25,168,user:26526132,user
24785,review_requested,2025-06-09 14:50:25,69,user:15725,user
24785,review_requested,2025-06-09 14:50:25,24758,#1522,issue
24790,labeled,2025-06-09 14:50:36,80,user:41898282,user
24790,labeled,2025-06-09 14:50:36,24758,#1522,issue
24793,labeled,2025-06-09 14:50:37,80,user:41898282,user
24793,labeled,2025-06-09 14:50:37,24758,#1522,issue
24796,labeled,2025-06-09 14:50:37,80,user:41898282,user
24796,labeled,2025-06-09 14:50:37,24758,#1522,issue
24799,commented,2025-06-09 14:52:19,24758,#1522,issue
24799,commented,2025-06-09 14:52:19,184,user:22429695,user
24803,reviewed,2025-06-09 15:03:11,36,user:5144808,user
24803,reviewed,2025-06-09 15:03:11,24758,#1522,issue
24807,merged,2025-06-09 15:03:53,36,user:5144808,user
24807,merged,2025-06-09 15:03:53,24758,#1522,issue
24810,closed,2025-06-09 15:03:53,36,user:5144808,user
24810,closed,2025-06-09 15:03:53,24758,#1522,issue
24813,head_ref_deleted,2025-06-09 15:48:41,168,user:26526132,user
24813,head_ref_deleted,2025-06-09 15:48:41,24758,#1522,issue
24820,created,2025-06-09 14:38:11,24816,#1521,issue
24820,created,2025-06-09 14:38:11,168,user:26526132,user
24825,review_requested,2025-06-09 14:38:12,24816,#1521,issue
24825,review_requested,2025-06-09 14:38:12,168,user:26526132,user
24825,review_requested,2025-06-09 14:38:12,59,user:2585816,user
24830,review_requested,2025-06-09 14:38:12,24816,#1521,issue
24830,review_requested,2025-06-09 14:38:12,36,user:5144808,user
24830,review_requested,2025-06-09 14:38:12,168,user:26526132,user
24835,review_requested,2025-06-09 14:38:12,24816,#1521,issue
24835,review_requested,2025-06-09 14:38:12,168,user:26526132,user
24835,review_requested,2025-06-09 14:38:12,69,user:15725,user
24840,labeled,2025-06-09 14:40:15,80,user:41898282,user
24840,labeled,2025-06-09 14:40:15,24816,#1521,issue
24843,labeled,2025-06-09 14:40:16,80,user:41898282,user
24843,labeled,2025-06-09 14:40:16,24816,#1521,issue
24846,milestoned,2025-06-09 15:14:48,24816,#1521,issue
24846,milestoned,2025-06-09 15:14:48,36,user:5144808,user
24849,head_ref_force_pushed,2025-06-09 17:21:33,24816,#1521,issue
24849,head_ref_force_pushed,2025-06-09 17:21:33,168,user:26526132,user
24852,commented,2025-06-09 17:23:24,24816,#1521,issue
24852,commented,2025-06-09 17:23:24,184,user:22429695,user
24856,committed,2025-06-09 17:32:43,219,committer:Yu-Ting Hsiung,user
24856,committed,2025-06-09 17:32:43,24816,#1521,issue
24856,committed,2025-06-09 17:32:43,24858,sha:ca7d7c455a96d36e9e4d41357cc1e1b826beb034,commit
24864,committed,2025-06-09 17:32:45,24866,sha:3eb31ac01ed8b31311427ee43257186409c45936,commit
24864,committed,2025-06-09 17:32:45,219,committer:Yu-Ting Hsiung,user
24864,committed,2025-06-09 17:32:45,24816,#1521,issue
24872,committed,2025-06-09 17:32:45,219,committer:Yu-Ting Hsiung,user
24872,committed,2025-06-09 17:32:45,24816,#1521,issue
24872,committed,2025-06-09 17:32:45,24874,sha:fb60269617344e547b0732230997958399ffe282,commit
24880,committed,2025-06-09 17:32:45,219,committer:Yu-Ting Hsiung,user
24880,committed,2025-06-09 17:32:45,24816,#1521,issue
24880,committed,2025-06-09 17:32:45,24882,sha:7bc349d7ec8cf02408d85115917330ac6aba3c4c,commit
24888,committed,2025-06-09 17:32:45,219,committer:Yu-Ting Hsiung,user
24888,committed,2025-06-09 17:32:45,24816,#1521,issue
24888,committed,2025-06-09 17:32:45,24890,sha:4568d91b172e7b631011b38afa587d6b80d9adae,commit
24896,head_ref_force_pushed,2025-06-09 17:32:58,24816,#1521,issue
24896,head_ref_force_pushed,2025-06-09 17:32:58,168,user:26526132,user
24899,base_ref_changed,2025-06-10 03:02:42,24816,#1521,issue
24899,base_ref_changed,2025-06-10 03:02:42,36,user:5144808,user
24902,convert_to_draft,2025-06-10 03:15:57,24816,#1521,issue
24902,convert_to_draft,2025-06-10 03:15:57,168,user:26526132,user
24905,commented,2025-06-10 03:21:36,24816,#1521,issue
24905,commented,2025-06-10 03:21:36,168,user:26526132,user
24909,closed,2025-06-10 05:25:23,24816,#1521,issue
24909,closed,2025-06-10 05:25:23,168,user:26526132,user
24912,head_ref_deleted,2025-06-13 05:08:56,24816,#1521,issue
24912,head_ref_deleted,2025-06-13 05:08:56,168,user:26526132,user
24919,created,2025-06-09 14:36:08,168,user:26526132,user
24919,created,2025-06-09 14:36:08,24915,#1520,issue
24924,committed,2025-06-09 14:35:03,219,committer:Yu-Ting Hsiung,user
24924,committed,2025-06-09 14:35:03,24926,sha:7009aef3c6e41a110438817b6fbccb4568b53e75,commit
24924,committed,2025-06-09 14:35:03,24915,#1520,issue
24932,committed,2025-06-09 14:35:03,219,committer:Yu-Ting Hsiung,user
24932,committed,2025-06-09 14:35:03,24934,sha:cdc707a30a0ab0402deb8a5e2920d8e71c84fb18,commit
24932,committed,2025-06-09 14:35:03,24915,#1520,issue
24940,review_requested,2025-06-09 14:36:09,168,user:26526132,user
24940,review_requested,2025-06-09 14:36:09,24915,#1520,issue
24940,review_requested,2025-06-09 14:36:09,59,user:2585816,user
24945,review_requested,2025-06-09 14:36:09,36,user:5144808,user
24945,review_requested,2025-06-09 14:36:09,168,user:26526132,user
24945,review_requested,2025-06-09 14:36:09,24915,#1520,issue
24950,review_requested,2025-06-09 14:36:09,168,user:26526132,user
24950,review_requested,2025-06-09 14:36:09,24915,#1520,issue
24950,review_requested,2025-06-09 14:36:09,69,user:15725,user
24955,labeled,2025-06-09 14:36:19,80,user:41898282,user
24955,labeled,2025-06-09 14:36:19,24915,#1520,issue
24958,labeled,2025-06-09 14:36:20,80,user:41898282,user
24958,labeled,2025-06-09 14:36:20,24915,#1520,issue
24961,milestoned,2025-06-09 15:14:52,36,user:5144808,user
24961,milestoned,2025-06-09 15:14:52,24915,#1520,issue
24964,committed,2025-06-10 03:19:41,24915,#1520,issue
24964,committed,2025-06-10 03:19:41,24966,sha:7a246fa8d8b0cded7c33dc055d9a6239fd785f64,commit
24964,committed,2025-06-10 03:19:41,273,committer:GitHub,user
24972,commented,2025-06-10 03:21:28,24915,#1520,issue
24972,commented,2025-06-10 03:21:28,184,user:22429695,user
24976,convert_to_draft,2025-06-12 07:42:39,168,user:26526132,user
24976,convert_to_draft,2025-06-12 07:42:39,24915,#1520,issue
24979,commented,2025-06-12 07:48:23,168,user:26526132,user
24979,commented,2025-06-12 07:48:23,24915,#1520,issue
24983,closed,2025-06-12 09:59:34,168,user:26526132,user
24983,closed,2025-06-12 09:59:34,24915,#1520,issue
24986,head_ref_deleted,2025-06-13 05:08:25,168,user:26526132,user
24986,head_ref_deleted,2025-06-13 05:08:25,24915,#1520,issue
24993,created,2025-06-09 14:34:11,168,user:26526132,user
24993,created,2025-06-09 14:34:11,24989,#1519,issue
24998,review_requested,2025-06-09 14:34:12,168,user:26526132,user
24998,review_requested,2025-06-09 14:34:12,24989,#1519,issue
24998,review_requested,2025-06-09 14:34:12,59,user:2585816,user
25003,review_requested,2025-06-09 14:34:12,36,user:5144808,user
25003,review_requested,2025-06-09 14:34:12,168,user:26526132,user
25003,review_requested,2025-06-09 14:34:12,24989,#1519,issue
25008,review_requested,2025-06-09 14:34:12,168,user:26526132,user
25008,review_requested,2025-06-09 14:34:12,69,user:15725,user
25008,review_requested,2025-06-09 14:34:12,24989,#1519,issue
25013,labeled,2025-06-09 14:34:23,80,user:41898282,user
25013,labeled,2025-06-09 14:34:23,24989,#1519,issue
25016,labeled,2025-06-09 14:34:24,80,user:41898282,user
25016,labeled,2025-06-09 14:34:24,24989,#1519,issue
25019,milestoned,2025-06-09 15:14:59,36,user:5144808,user
25019,milestoned,2025-06-09 15:14:59,24989,#1519,issue
25022,convert_to_draft,2025-06-09 15:49:31,168,user:26526132,user
25022,convert_to_draft,2025-06-09 15:49:31,24989,#1519,issue
25025,head_ref_force_pushed,2025-06-10 05:35:54,168,user:26526132,user
25025,head_ref_force_pushed,2025-06-10 05:35:54,24989,#1519,issue
25028,commented,2025-06-10 05:37:49,24989,#1519,issue
25028,commented,2025-06-10 05:37:49,184,user:22429695,user
25032,head_ref_force_pushed,2025-06-10 05:39:03,168,user:26526132,user
25032,head_ref_force_pushed,2025-06-10 05:39:03,24989,#1519,issue
25035,head_ref_force_pushed,2025-06-10 05:40:10,168,user:26526132,user
25035,head_ref_force_pushed,2025-06-10 05:40:10,24989,#1519,issue
25038,head_ref_force_pushed,2025-06-10 05:41:16,168,user:26526132,user
25038,head_ref_force_pushed,2025-06-10 05:41:16,24989,#1519,issue
25041,head_ref_force_pushed,2025-06-10 05:48:11,168,user:26526132,user
25041,head_ref_force_pushed,2025-06-10 05:48:11,24989,#1519,issue
25044,head_ref_force_pushed,2025-06-10 05:48:30,168,user:26526132,user
25044,head_ref_force_pushed,2025-06-10 05:48:30,24989,#1519,issue
25047,head_ref_force_pushed,2025-06-10 05:50:20,168,user:26526132,user
25047,head_ref_force_pushed,2025-06-10 05:50:20,24989,#1519,issue
25050,ready_for_review,2025-06-10 05:51:43,168,user:26526132,user
25050,ready_for_review,2025-06-10 05:51:43,24989,#1519,issue
25053,base_ref_changed,2025-06-10 06:06:33,168,user:26526132,user
25053,base_ref_changed,2025-06-10 06:06:33,24989,#1519,issue
25155,reviewed,2025-06-09 00:47:59,25106,#1517,issue
25155,reviewed,2025-06-09 00:47:59,36,user:5144808,user
25159,merged,2025-06-09 00:48:07,25106,#1517,issue
25159,merged,2025-06-09 00:48:07,36,user:5144808,user
25162,closed,2025-06-09 00:48:07,25106,#1517,issue
25162,closed,2025-06-09 00:48:07,36,user:5144808,user
25165,head_ref_deleted,2025-06-09 04:22:18,25106,#1517,issue
25165,head_ref_deleted,2025-06-09 04:22:18,168,user:26526132,user
25204,reviewed,2025-06-09 14:27:01,36,user:5144808,user
25204,reviewed,2025-06-09 14:27:01,25168,#1516,issue
25208,reviewed,2025-06-09 14:27:06,36,user:5144808,user
25208,reviewed,2025-06-09 14:27:06,25168,#1516,issue
25212,reviewed,2025-06-09 14:28:41,36,user:5144808,user
25212,reviewed,2025-06-09 14:28:41,25168,#1516,issue
25216,labeled,2025-06-09 14:28:49,36,user:5144808,user
25216,labeled,2025-06-09 14:28:49,25168,#1516,issue
25219,unlabeled,2025-06-09 14:28:54,36,user:5144808,user
25219,unlabeled,2025-06-09 14:28:54,25168,#1516,issue
25222,reviewed,2025-06-09 14:29:26,36,user:5144808,user
25222,reviewed,2025-06-09 14:29:26,25168,#1516,issue
25339,cross-referenced,2025-06-10 11:36:14,168,user:26526132,user
25339,cross-referenced,2025-06-10 11:36:14,25312,#1514,issue
25342,closed,2025-06-10 13:30:50,36,user:5144808,user
25342,closed,2025-06-10 13:30:50,25312,#1514,issue
26423,head_ref_deleted,2025-06-12 16:28:04,168,user:26526132,user
26423,head_ref_deleted,2025-06-12 16:28:04,25915,#1512,issue
26720,head_ref_deleted,2025-06-12 16:28:16,26426,#1511,issue
26720,head_ref_deleted,2025-06-12 16:28:16,168,user:26526132,user
26794,head_ref_deleted,2025-06-12 16:28:36,26723,#1509,issue
26794,head_ref_deleted,2025-06-12 16:28:36,168,user:26526132,user
26886,head_ref_deleted,2025-06-13 05:10:17,168,user:26526132,user
26886,head_ref_deleted,2025-06-13 05:10:17,26797,#1508,issue
26975,head_ref_deleted,2025-06-13 05:10:31,26889,#1507,issue
26975,head_ref_deleted,2025-06-13 05:10:31,168,user:26526132,user
27048,head_ref_deleted,2025-06-13 05:10:38,26978,#1506,issue
27048,head_ref_deleted,2025-06-13 05:10:38,168,user:26526132,user
27124,head_ref_deleted,2025-06-10 11:38:05,168,user:26526132,user
27124,head_ref_deleted,2025-06-10 11:38:05,27051,#1505,issue
27179,head_ref_deleted,2025-06-13 05:11:26,27127,#1504,issue
27179,head_ref_deleted,2025-06-13 05:11:26,168,user:26526132,user
27206,labeled,2025-06-09 04:59:38,36,user:5144808,user
27206,labeled,2025-06-09 04:59:38,27182,#1503,issue
27209,referenced,2025-06-13 11:40:58,168,user:26526132,user
27209,referenced,2025-06-13 11:40:58,27182,#1503,issue
27212,cross-referenced,2025-06-13 11:41:14,168,user:26526132,user
27212,cross-referenced,2025-06-13 11:41:14,27182,#1503,issue
27215,referenced,2025-06-13 11:51:39,168,user:26526132,user
27215,referenced,2025-06-13 11:51:39,27182,#1503,issue
27218,referenced,2025-06-13 15:17:53,36,user:5144808,user
27218,referenced,2025-06-13 15:17:53,27182,#1503,issue
27284,cross-referenced,2025-06-09 12:39:15,27245,#1501,issue
27284,cross-referenced,2025-06-09 12:39:15,168,user:26526132,user
27287,commented,2025-06-09 14:24:01,27245,#1501,issue
27287,commented,2025-06-09 14:24:01,36,user:5144808,user
27291,closed,2025-06-09 14:24:01,27245,#1501,issue
27291,closed,2025-06-09 14:24:01,36,user:5144808,user
27360,base_ref_deleted,2025-06-09 14:18:09,36,user:5144808,user
27360,base_ref_deleted,2025-06-09 14:18:09,27294,#1499,issue
27363,closed,2025-06-09 14:18:09,36,user:5144808,user
27363,closed,2025-06-09 14:18:09,27294,#1499,issue
27384,cross-referenced,2025-06-09 14:34:12,168,user:26526132,user
27384,cross-referenced,2025-06-09 14:34:12,27366,#1498,issue
27449,head_ref_deleted,2025-06-10 11:38:21,168,user:26526132,user
27449,head_ref_deleted,2025-06-10 11:38:21,27394,#1496,issue
27544,head_ref_deleted,2025-06-13 05:11:20,27452,#1495,issue
27544,head_ref_deleted,2025-06-13 05:11:20,168,user:26526132,user
27642,reviewed,2025-06-09 00:44:00,36,user:5144808,user
27642,reviewed,2025-06-09 00:44:00,27547,#1494,issue
27646,commented,2025-06-09 00:46:08,36,user:5144808,user
27646,commented,2025-06-09 00:46:08,27547,#1494,issue
27650,mentioned,2025-06-09 00:46:10,69,user:15725,user
27650,mentioned,2025-06-09 00:46:10,27547,#1494,issue
27653,subscribed,2025-06-09 00:46:10,69,user:15725,user
27653,subscribed,2025-06-09 00:46:10,27547,#1494,issue
27656,merged,2025-06-09 00:46:11,36,user:5144808,user
27656,merged,2025-06-09 00:46:11,27547,#1494,issue
27659,closed,2025-06-09 00:46:11,36,user:5144808,user
27659,closed,2025-06-09 00:46:11,27547,#1494,issue
27662,head_ref_deleted,2025-06-12 16:27:01,168,user:26526132,user
27662,head_ref_deleted,2025-06-12 16:27:01,27547,#1494,issue
27701,cross-referenced,2025-06-09 12:39:15,168,user:26526132,user
27701,cross-referenced,2025-06-09 12:39:15,27665,#1493,issue
27704,commented,2025-06-09 14:23:09,36,user:5144808,user
27704,commented,2025-06-09 14:23:09,27665,#1493,issue
27708,closed,2025-06-09 14:23:09,36,user:5144808,user
27708,closed,2025-06-09 14:23:09,27665,#1493,issue
27715,created,2025-06-01 17:16:54,27711,#1492,issue
27715,created,2025-06-01 17:16:54,168,user:26526132,user
27720,committed,2025-06-01 17:16:21,219,committer:Yu-Ting Hsiung,user
27720,committed,2025-06-01 17:16:21,27711,#1492,issue
27720,committed,2025-06-01 17:16:21,27722,sha:e85cb289346e0fa938f591a75f10d88adf271215,commit
27728,review_requested,2025-06-01 17:16:54,27711,#1492,issue
27728,review_requested,2025-06-01 17:16:54,168,user:26526132,user
27728,review_requested,2025-06-01 17:16:54,59,user:2585816,user
27733,review_requested,2025-06-01 17:16:54,27711,#1492,issue
27733,review_requested,2025-06-01 17:16:54,168,user:26526132,user
27733,review_requested,2025-06-01 17:16:54,36,user:5144808,user
27738,review_requested,2025-06-01 17:16:54,27711,#1492,issue
27738,review_requested,2025-06-01 17:16:54,168,user:26526132,user
27738,review_requested,2025-06-01 17:16:54,69,user:15725,user
27743,labeled,2025-06-01 17:17:02,80,user:41898282,user
27743,labeled,2025-06-01 17:17:02,27711,#1492,issue
27746,labeled,2025-06-01 17:17:03,80,user:41898282,user
27746,labeled,2025-06-01 17:17:03,27711,#1492,issue
27749,commented,2025-06-01 17:18:35,27711,#1492,issue
27749,commented,2025-06-01 17:18:35,184,user:22429695,user
27753,renamed,2025-06-01 18:20:00,27711,#1492,issue
27753,renamed,2025-06-01 18:20:00,168,user:26526132,user
27769,head_ref_deleted,2025-06-12 16:29:05,27711,#1492,issue
27769,head_ref_deleted,2025-06-12 16:29:05,168,user:26526132,user
27776,created,2025-06-01 16:15:31,168,user:26526132,user
27776,created,2025-06-01 16:15:31,27772,#1491,issue
27781,review_requested,2025-06-01 16:15:32,168,user:26526132,user
27781,review_requested,2025-06-01 16:15:32,27772,#1491,issue
27781,review_requested,2025-06-01 16:15:32,59,user:2585816,user
27786,review_requested,2025-06-01 16:15:32,168,user:26526132,user
27786,review_requested,2025-06-01 16:15:32,27772,#1491,issue
27786,review_requested,2025-06-01 16:15:32,36,user:5144808,user
27791,review_requested,2025-06-01 16:15:32,168,user:26526132,user
27791,review_requested,2025-06-01 16:15:32,69,user:15725,user
27791,review_requested,2025-06-01 16:15:32,27772,#1491,issue
27796,labeled,2025-06-01 16:15:41,80,user:41898282,user
27796,labeled,2025-06-01 16:15:41,27772,#1491,issue
27799,labeled,2025-06-01 16:15:41,80,user:41898282,user
27799,labeled,2025-06-01 16:15:41,27772,#1491,issue
27802,commented,2025-06-01 16:17:21,27772,#1491,issue
27802,commented,2025-06-01 16:17:21,184,user:22429695,user
27806,convert_to_draft,2025-06-01 16:22:16,168,user:26526132,user
27806,convert_to_draft,2025-06-01 16:22:16,27772,#1491,issue
27809,ready_for_review,2025-06-01 16:27:37,168,user:26526132,user
27809,ready_for_review,2025-06-01 16:27:37,27772,#1491,issue
27812,head_ref_force_pushed,2025-06-01 16:31:20,168,user:26526132,user
27812,head_ref_force_pushed,2025-06-01 16:31:20,27772,#1491,issue
27815,renamed,2025-06-01 16:34:29,168,user:26526132,user
27815,renamed,2025-06-01 16:34:29,27772,#1491,issue
27818,head_ref_force_pushed,2025-06-01 16:44:37,168,user:26526132,user
27818,head_ref_force_pushed,2025-06-01 16:44:37,27772,#1491,issue
27869,head_ref_deleted,2025-06-13 05:10:53,168,user:26526132,user
27869,head_ref_deleted,2025-06-13 05:10:53,27772,#1491,issue
27876,created,2025-06-01 15:50:33,27872,#1490,issue
27876,created,2025-06-01 15:50:33,168,user:26526132,user
27881,committed,2025-06-01 15:50:00,27872,#1490,issue
27881,committed,2025-06-01 15:50:00,219,committer:Yu-Ting Hsiung,user
27881,committed,2025-06-01 15:50:00,27883,sha:e76d040bbb150a1b7b5085ac39d904b73e31acd7,commit
27889,review_requested,2025-06-01 15:50:34,27872,#1490,issue
27889,review_requested,2025-06-01 15:50:34,168,user:26526132,user
27889,review_requested,2025-06-01 15:50:34,59,user:2585816,user
27894,review_requested,2025-06-01 15:50:34,27872,#1490,issue
27894,review_requested,2025-06-01 15:50:34,168,user:26526132,user
27894,review_requested,2025-06-01 15:50:34,36,user:5144808,user
27899,review_requested,2025-06-01 15:50:34,27872,#1490,issue
27899,review_requested,2025-06-01 15:50:34,168,user:26526132,user
27899,review_requested,2025-06-01 15:50:34,69,user:15725,user
27904,labeled,2025-06-01 15:50:44,27872,#1490,issue
27904,labeled,2025-06-01 15:50:44,80,user:41898282,user
27907,commented,2025-06-01 15:52:14,27872,#1490,issue
27907,commented,2025-06-01 15:52:14,184,user:22429695,user
27921,head_ref_deleted,2025-06-13 05:11:38,27872,#1490,issue
27921,head_ref_deleted,2025-06-13 05:11:38,168,user:26526132,user
27928,created,2025-06-01 10:27:45,27924,#1489,issue
27928,created,2025-06-01 10:27:45,27931,user:124896245,user
27938,review_requested,2025-06-01 10:27:45,27924,#1489,issue
27938,review_requested,2025-06-01 10:27:45,59,user:2585816,user
27938,review_requested,2025-06-01 10:27:45,27931,user:124896245,user
27943,review_requested,2025-06-01 10:27:45,36,user:5144808,user
27943,review_requested,2025-06-01 10:27:45,27924,#1489,issue
27943,review_requested,2025-06-01 10:27:45,27931,user:124896245,user
27948,review_requested,2025-06-01 10:27:45,69,user:15725,user
27948,review_requested,2025-06-01 10:27:45,27924,#1489,issue
27948,review_requested,2025-06-01 10:27:45,27931,user:124896245,user
27953,labeled,2025-06-01 10:27:56,80,user:41898282,user
27953,labeled,2025-06-01 10:27:56,27924,#1489,issue
27956,head_ref_force_pushed,2025-06-01 10:49:49,27924,#1489,issue
27956,head_ref_force_pushed,2025-06-01 10:49:49,27931,user:124896245,user
27959,commented,2025-06-01 11:12:07,168,user:26526132,user
27959,commented,2025-06-01 11:12:07,27924,#1489,issue
27963,mentioned,2025-06-01 11:12:07,27924,#1489,issue
27963,mentioned,2025-06-01 11:12:07,27931,user:124896245,user
27966,subscribed,2025-06-01 11:12:07,27924,#1489,issue
27966,subscribed,2025-06-01 11:12:07,27931,user:124896245,user
27969,commented,2025-06-01 11:14:43,168,user:26526132,user
27969,commented,2025-06-01 11:14:43,27924,#1489,issue
27973,head_ref_force_pushed,2025-06-01 11:18:27,27924,#1489,issue
27973,head_ref_force_pushed,2025-06-01 11:18:27,27931,user:124896245,user
27976,commented,2025-06-01 12:24:41,27924,#1489,issue
27976,commented,2025-06-01 12:24:41,184,user:22429695,user
28011,created,2025-06-01 07:58:29,168,user:26526132,user
28011,created,2025-06-01 07:58:29,28007,#1488,issue
28016,mentioned,2025-06-01 07:58:31,36,user:5144808,user
28016,mentioned,2025-06-01 07:58:31,28007,#1488,issue
28019,subscribed,2025-06-01 07:58:31,36,user:5144808,user
28019,subscribed,2025-06-01 07:58:31,28007,#1488,issue
28022,labeled,2025-06-01 07:58:38,80,user:41898282,user
28022,labeled,2025-06-01 07:58:38,28007,#1488,issue
28025,labeled,2025-06-01 08:10:48,36,user:5144808,user
28025,labeled,2025-06-01 08:10:48,28007,#1488,issue
28028,labeled,2025-06-01 08:10:52,36,user:5144808,user
28028,labeled,2025-06-01 08:10:52,28007,#1488,issue
28031,unlabeled,2025-06-01 08:10:57,36,user:5144808,user
28031,unlabeled,2025-06-01 08:10:57,28007,#1488,issue
28034,unlabeled,2025-06-01 08:10:57,36,user:5144808,user
28034,unlabeled,2025-06-01 08:10:57,28007,#1488,issue
28037,unlabeled,2025-06-01 08:10:57,36,user:5144808,user
28037,unlabeled,2025-06-01 08:10:57,28007,#1488,issue
28040,labeled,2025-06-01 08:10:57,36,user:5144808,user
28040,labeled,2025-06-01 08:10:57,28007,#1488,issue
28043,labeled,2025-06-01 08:11:05,36,user:5144808,user
28043,labeled,2025-06-01 08:11:05,28007,#1488,issue
28046,labeled,2025-06-01 08:11:05,36,user:5144808,user
28046,labeled,2025-06-01 08:11:05,28007,#1488,issue
28049,cross-referenced,2025-06-01 10:27:46,27931,user:124896245,user
28049,cross-referenced,2025-06-01 10:27:46,28007,#1488,issue
28052,referenced,2025-06-01 11:18:27,27931,user:124896245,user
28052,referenced,2025-06-01 11:18:27,28007,#1488,issue
28055,referenced,2025-06-01 12:22:52,27931,user:124896245,user
28055,referenced,2025-06-01 12:22:52,28007,#1488,issue
28065,created,2025-06-01 06:16:23,28061,#1487,issue
28065,created,2025-06-01 06:16:23,168,user:26526132,user
28070,committed,2025-06-01 06:15:29,28061,#1487,issue
28070,committed,2025-06-01 06:15:29,219,committer:Yu-Ting Hsiung,user
28070,committed,2025-06-01 06:15:29,28072,sha:d41674c9cc261fed138362ced8bc2f590b9fcec0,commit
28078,review_requested,2025-06-01 06:16:24,28061,#1487,issue
28078,review_requested,2025-06-01 06:16:24,168,user:26526132,user
28078,review_requested,2025-06-01 06:16:24,59,user:2585816,user
28083,review_requested,2025-06-01 06:16:24,28061,#1487,issue
28083,review_requested,2025-06-01 06:16:24,168,user:26526132,user
28083,review_requested,2025-06-01 06:16:24,36,user:5144808,user
28088,review_requested,2025-06-01 06:16:24,28061,#1487,issue
28088,review_requested,2025-06-01 06:16:24,168,user:26526132,user
28088,review_requested,2025-06-01 06:16:24,69,user:15725,user
28093,labeled,2025-06-01 06:16:33,80,user:41898282,user
28093,labeled,2025-06-01 06:16:33,28061,#1487,issue
28096,labeled,2025-06-01 06:16:34,80,user:41898282,user
28096,labeled,2025-06-01 06:16:34,28061,#1487,issue
28099,labeled,2025-06-01 06:16:34,80,user:41898282,user
28099,labeled,2025-06-01 06:16:34,28061,#1487,issue
28102,commented,2025-06-01 06:18:15,28061,#1487,issue
28102,commented,2025-06-01 06:18:15,184,user:22429695,user
28106,renamed,2025-06-01 08:12:45,28061,#1487,issue
28106,renamed,2025-06-01 08:12:45,36,user:5144808,user
28109,reviewed,2025-06-01 08:12:57,28061,#1487,issue
28109,reviewed,2025-06-01 08:12:57,36,user:5144808,user
28113,merged,2025-06-01 08:13:40,28061,#1487,issue
28113,merged,2025-06-01 08:13:40,36,user:5144808,user
28116,closed,2025-06-01 08:13:40,28061,#1487,issue
28116,closed,2025-06-01 08:13:40,36,user:5144808,user
28126,created,2025-06-01 06:04:16,28122,#1486,issue
28126,created,2025-06-01 06:04:16,168,user:26526132,user
28131,review_requested,2025-06-01 06:04:17,28122,#1486,issue
28131,review_requested,2025-06-01 06:04:17,168,user:26526132,user
28131,review_requested,2025-06-01 06:04:17,59,user:2585816,user
28136,review_requested,2025-06-01 06:04:17,28122,#1486,issue
28136,review_requested,2025-06-01 06:04:17,168,user:26526132,user
28136,review_requested,2025-06-01 06:04:17,36,user:5144808,user
28141,review_requested,2025-06-01 06:04:17,28122,#1486,issue
28141,review_requested,2025-06-01 06:04:17,168,user:26526132,user
28141,review_requested,2025-06-01 06:04:17,69,user:15725,user
28146,labeled,2025-06-01 06:04:28,80,user:41898282,user
28146,labeled,2025-06-01 06:04:28,28122,#1486,issue
28149,labeled,2025-06-01 06:04:28,80,user:41898282,user
28149,labeled,2025-06-01 06:04:28,28122,#1486,issue
28152,committed,2025-06-01 06:04:41,219,committer:Yu-Ting Hsiung,user
28152,committed,2025-06-01 06:04:41,28122,#1486,issue
28152,committed,2025-06-01 06:04:41,28154,sha:8af4f14137b07838c891006b4faf8233af9c1d8f,commit
28160,head_ref_force_pushed,2025-06-01 06:04:47,28122,#1486,issue
28160,head_ref_force_pushed,2025-06-01 06:04:47,168,user:26526132,user
28163,commented,2025-06-01 06:06:36,28122,#1486,issue
28163,commented,2025-06-01 06:06:36,184,user:22429695,user
28167,reviewed,2025-06-01 08:11:57,28122,#1486,issue
28167,reviewed,2025-06-01 08:11:57,36,user:5144808,user
28171,merged,2025-06-01 08:12:22,28122,#1486,issue
28171,merged,2025-06-01 08:12:22,36,user:5144808,user
28174,closed,2025-06-01 08:12:22,28122,#1486,issue
28174,closed,2025-06-01 08:12:22,36,user:5144808,user
28177,head_ref_deleted,2025-06-01 09:48:27,28122,#1486,issue
28177,head_ref_deleted,2025-06-01 09:48:27,168,user:26526132,user
28184,created,2025-05-31 15:31:21,168,user:26526132,user
28184,created,2025-05-31 15:31:21,28180,#1485,issue
28189,review_requested,2025-05-31 15:31:22,168,user:26526132,user
28189,review_requested,2025-05-31 15:31:22,59,user:2585816,user
28189,review_requested,2025-05-31 15:31:22,28180,#1485,issue
28194,review_requested,2025-05-31 15:31:22,168,user:26526132,user
28194,review_requested,2025-05-31 15:31:22,36,user:5144808,user
28194,review_requested,2025-05-31 15:31:22,28180,#1485,issue
28199,review_requested,2025-05-31 15:31:22,168,user:26526132,user
28199,review_requested,2025-05-31 15:31:22,69,user:15725,user
28199,review_requested,2025-05-31 15:31:22,28180,#1485,issue
28204,labeled,2025-05-31 15:31:30,80,user:41898282,user
28204,labeled,2025-05-31 15:31:30,28180,#1485,issue
28207,labeled,2025-05-31 15:31:30,80,user:41898282,user
28207,labeled,2025-05-31 15:31:30,28180,#1485,issue
28210,reviewed,2025-05-31 15:32:04,168,user:26526132,user
28210,reviewed,2025-05-31 15:32:04,28180,#1485,issue
28214,commented,2025-05-31 15:33:07,28180,#1485,issue
28214,commented,2025-05-31 15:33:07,184,user:22429695,user
28275,head_ref_deleted,2025-06-13 05:10:59,168,user:26526132,user
28275,head_ref_deleted,2025-06-13 05:10:59,28180,#1485,issue
28282,created,2025-05-31 14:43:35,168,user:26526132,user
28282,created,2025-05-31 14:43:35,28278,#1484,issue
28287,review_requested,2025-05-31 14:43:36,168,user:26526132,user
28287,review_requested,2025-05-31 14:43:36,59,user:2585816,user
28287,review_requested,2025-05-31 14:43:36,28278,#1484,issue
28292,review_requested,2025-05-31 14:43:36,168,user:26526132,user
28292,review_requested,2025-05-31 14:43:36,36,user:5144808,user
28292,review_requested,2025-05-31 14:43:36,28278,#1484,issue
28297,review_requested,2025-05-31 14:43:36,168,user:26526132,user
28297,review_requested,2025-05-31 14:43:36,69,user:15725,user
28297,review_requested,2025-05-31 14:43:36,28278,#1484,issue
28302,labeled,2025-05-31 14:43:44,80,user:41898282,user
28302,labeled,2025-05-31 14:43:44,28278,#1484,issue
28305,labeled,2025-05-31 14:43:45,80,user:41898282,user
28305,labeled,2025-05-31 14:43:45,28278,#1484,issue
28308,head_ref_force_pushed,2025-05-31 14:45:11,168,user:26526132,user
28308,head_ref_force_pushed,2025-05-31 14:45:11,28278,#1484,issue
28311,commented,2025-05-31 14:47:06,28278,#1484,issue
28311,commented,2025-05-31 14:47:06,184,user:22429695,user
28315,head_ref_force_pushed,2025-05-31 14:53:58,168,user:26526132,user
28315,head_ref_force_pushed,2025-05-31 14:53:58,28278,#1484,issue
28318,head_ref_force_pushed,2025-05-31 14:55:22,168,user:26526132,user
28318,head_ref_force_pushed,2025-05-31 14:55:22,28278,#1484,issue
28321,committed,2025-05-31 14:58:55,28323,sha:6692599c6c2fb21035fdd87d555c12cf0acdb29f,commit
28321,committed,2025-05-31 14:58:55,219,committer:Yu-Ting Hsiung,user
28321,committed,2025-05-31 14:58:55,28278,#1484,issue
28329,head_ref_force_pushed,2025-05-31 14:59:01,168,user:26526132,user
28329,head_ref_force_pushed,2025-05-31 14:59:01,28278,#1484,issue
28332,committed,2025-06-01 06:26:31,219,committer:Yu-Ting Hsiung,user
28332,committed,2025-06-01 06:26:31,28334,sha:f2748461706c8af79e3d4796d092420e367f37df,commit
28332,committed,2025-06-01 06:26:31,28278,#1484,issue
28340,reviewed,2025-06-01 08:18:17,36,user:5144808,user
28340,reviewed,2025-06-01 08:18:17,28278,#1484,issue
28344,reviewed,2025-06-01 08:19:26,36,user:5144808,user
28344,reviewed,2025-06-01 08:19:26,28278,#1484,issue
28348,labeled,2025-06-01 08:19:48,36,user:5144808,user
28348,labeled,2025-06-01 08:19:48,28278,#1484,issue
28351,unlabeled,2025-06-01 08:19:53,36,user:5144808,user
28351,unlabeled,2025-06-01 08:19:53,28278,#1484,issue
28360,head_ref_deleted,2025-06-12 16:29:30,168,user:26526132,user
28360,head_ref_deleted,2025-06-12 16:29:30,28278,#1484,issue
28367,created,2025-05-31 08:17:39,27256,user:34255899,user
28367,created,2025-05-31 08:17:39,28363,#1483,issue
28372,committed,2025-05-31 05:07:40,52,committer:Wei Lee,user
28372,committed,2025-05-31 05:07:40,28374,sha:985b8b4a0c0188025a4ba08fb0f19f86163ee711,commit
28372,committed,2025-05-31 05:07:40,28363,#1483,issue
28380,committed,2025-05-31 05:07:40,28382,sha:6bba6e723e935583f2d1748cfbc43cbe2070ee58,commit
28380,committed,2025-05-31 05:07:40,52,committer:Wei Lee,user
28380,committed,2025-05-31 05:07:40,28363,#1483,issue
28388,committed,2025-05-31 05:07:40,28390,sha:1088d542e4c303715e5af5a4bf44d72d491dc0d7,commit
28388,committed,2025-05-31 05:07:40,52,committer:Wei Lee,user
28388,committed,2025-05-31 05:07:40,28363,#1483,issue
28396,committed,2025-05-31 05:07:40,28398,sha:220eb0cb5e0ebb82a95dc88e61e27e9b9faeb290,commit
28396,committed,2025-05-31 05:07:40,52,committer:Wei Lee,user
28396,committed,2025-05-31 05:07:40,28363,#1483,issue
28404,committed,2025-05-31 05:07:40,52,committer:Wei Lee,user
28404,committed,2025-05-31 05:07:40,28406,sha:97103071582dccc7175a118161623765c0a2c428,commit
28404,committed,2025-05-31 05:07:40,28363,#1483,issue
28412,committed,2025-05-31 05:07:40,52,committer:Wei Lee,user
28412,committed,2025-05-31 05:07:40,28414,sha:040f4a40051ef72ba033b1910695ac4c323d76bc,commit
28412,committed,2025-05-31 05:07:40,28363,#1483,issue
28420,committed,2025-05-31 05:07:40,28422,sha:416db96cb1f5be6196ad45134e81692179a4502b,commit
28420,committed,2025-05-31 05:07:40,52,committer:Wei Lee,user
28420,committed,2025-05-31 05:07:40,28363,#1483,issue
28428,committed,2025-05-31 05:07:40,28430,sha:1955293477b121cbe4df4b3b53535bf0591b2e74,commit
28428,committed,2025-05-31 05:07:40,52,committer:Wei Lee,user
28428,committed,2025-05-31 05:07:40,28363,#1483,issue
28436,committed,2025-05-31 05:07:40,52,committer:Wei Lee,user
28436,committed,2025-05-31 05:07:40,28438,sha:2aa74b2154d00750030d177966b3a7d21112b8b3,commit
28436,committed,2025-05-31 05:07:40,28363,#1483,issue
28444,committed,2025-05-31 05:07:40,28446,sha:619479dd8e7872cda95e6cd5fe5ce2798c654a99,commit
28444,committed,2025-05-31 05:07:40,52,committer:Wei Lee,user
28444,committed,2025-05-31 05:07:40,28363,#1483,issue
28452,committed,2025-05-31 05:07:40,28454,sha:75d00294256f49456e657c598f2b755d9f95bb70,commit
28452,committed,2025-05-31 05:07:40,52,committer:Wei Lee,user
28452,committed,2025-05-31 05:07:40,28363,#1483,issue
28460,committed,2025-05-31 05:07:40,28462,sha:afce314a169d68cd66c817917db1535f1e47a3cc,commit
28460,committed,2025-05-31 05:07:40,52,committer:Wei Lee,user
28460,committed,2025-05-31 05:07:40,28363,#1483,issue
28468,committed,2025-05-31 05:07:40,28470,sha:3176086421972aa658c23ecf396c744bc833916e,commit
28468,committed,2025-05-31 05:07:40,52,committer:Wei Lee,user
28468,committed,2025-05-31 05:07:40,28363,#1483,issue
28476,committed,2025-05-31 05:07:40,28478,sha:f85d2cf89fb5033fcbeddb236b8b0e76c36b5b69,commit
28476,committed,2025-05-31 05:07:40,52,committer:Wei Lee,user
28476,committed,2025-05-31 05:07:40,28363,#1483,issue
28484,committed,2025-05-31 05:07:40,52,committer:Wei Lee,user
28484,committed,2025-05-31 05:07:40,28486,sha:a75ecac03efc8b4ad72affd89b9433d2192823a2,commit
28484,committed,2025-05-31 05:07:40,28363,#1483,issue
28492,committed,2025-05-31 05:07:40,28494,sha:60f2f0df0802dce0bb3f76d78c60e749c48d6eda,commit
28492,committed,2025-05-31 05:07:40,52,committer:Wei Lee,user
28492,committed,2025-05-31 05:07:40,28363,#1483,issue
28500,committed,2025-05-31 05:07:40,52,committer:Wei Lee,user
28500,committed,2025-05-31 05:07:40,28502,sha:1dc19fa7af6b4e19d01506dcdaf4e10bfeb78692,commit
28500,committed,2025-05-31 05:07:40,28363,#1483,issue
28508,committed,2025-05-31 05:07:40,52,committer:Wei Lee,user
28508,committed,2025-05-31 05:07:40,28510,sha:41f7527fb0d424f66c8cb2e52b7d24f8e8f37ef8,commit
28508,committed,2025-05-31 05:07:40,28363,#1483,issue
28516,committed,2025-05-31 05:07:40,28518,sha:2cc2c12d28a7c06251945f5bec6efaff5fedd85d,commit
28516,committed,2025-05-31 05:07:40,52,committer:Wei Lee,user
28516,committed,2025-05-31 05:07:40,28363,#1483,issue
28524,committed,2025-05-31 05:07:40,52,committer:Wei Lee,user
28524,committed,2025-05-31 05:07:40,28526,sha:2de45e9979cfcc61154900a59525c8ecb2d559e2,commit
28524,committed,2025-05-31 05:07:40,28363,#1483,issue
28532,committed,2025-05-31 05:07:40,52,committer:Wei Lee,user
28532,committed,2025-05-31 05:07:40,28534,sha:56ea0760197b114710234ccd0d1877cd5ae5ffa9,commit
28532,committed,2025-05-31 05:07:40,28363,#1483,issue
28540,committed,2025-05-31 05:07:40,52,committer:Wei Lee,user
28540,committed,2025-05-31 05:07:40,28542,sha:a02aab09075c6ac928307dfd59cc53fea82a5594,commit
28540,committed,2025-05-31 05:07:40,28363,#1483,issue
28548,committed,2025-05-31 05:07:40,28550,sha:81f21812a8597d5eaae684d2798d1cb79aa28d55,commit
28548,committed,2025-05-31 05:07:40,52,committer:Wei Lee,user
28548,committed,2025-05-31 05:07:40,28363,#1483,issue
28556,committed,2025-05-31 05:07:40,52,committer:Wei Lee,user
28556,committed,2025-05-31 05:07:40,28558,sha:c0220cdae408d9ad21ead943655f44de81f265eb,commit
28556,committed,2025-05-31 05:07:40,28363,#1483,issue
28564,committed,2025-05-31 07:08:02,28566,sha:7ab7f55c31d4d3601929b99e1c9ab34655b40fbd,commit
28564,committed,2025-05-31 07:08:02,52,committer:Wei Lee,user
28564,committed,2025-05-31 07:08:02,28363,#1483,issue
28572,committed,2025-05-31 07:08:02,28574,sha:5c9932d601ddccd16cc0b3a53de1513f9ccf1ff6,commit
28572,committed,2025-05-31 07:08:02,52,committer:Wei Lee,user
28572,committed,2025-05-31 07:08:02,28363,#1483,issue
28580,committed,2025-05-31 07:09:01,28582,sha:dedd29cd805a2ed0614fc0f6a4f53fe2f3ab514e,commit
28580,committed,2025-05-31 07:09:01,52,committer:Wei Lee,user
28580,committed,2025-05-31 07:09:01,28363,#1483,issue
28588,committed,2025-05-31 07:09:01,28590,sha:3a88f035d499d19bfb36d79b0515fefbccaa9499,commit
28588,committed,2025-05-31 07:09:01,52,committer:Wei Lee,user
28588,committed,2025-05-31 07:09:01,28363,#1483,issue
28596,committed,2025-05-31 07:09:01,52,committer:Wei Lee,user
28596,committed,2025-05-31 07:09:01,28598,sha:59fd3f5b0d99696ce255e75f27e346f1a711f5c7,commit
28596,committed,2025-05-31 07:09:01,28363,#1483,issue
28604,committed,2025-05-31 08:12:23,28611,committer:gbaian10,user
28604,committed,2025-05-31 08:12:23,28363,#1483,issue
28604,committed,2025-05-31 08:12:23,28606,sha:852b71da722283b938522a694ab964f96cd3f86e,commit
28613,review_requested,2025-05-31 08:17:40,27256,user:34255899,user
28613,review_requested,2025-05-31 08:17:40,59,user:2585816,user
28613,review_requested,2025-05-31 08:17:40,28363,#1483,issue
28618,review_requested,2025-05-31 08:17:40,27256,user:34255899,user
28618,review_requested,2025-05-31 08:17:40,36,user:5144808,user
28618,review_requested,2025-05-31 08:17:40,28363,#1483,issue
28623,review_requested,2025-05-31 08:17:40,27256,user:34255899,user
28623,review_requested,2025-05-31 08:17:40,69,user:15725,user
28623,review_requested,2025-05-31 08:17:40,28363,#1483,issue
28628,labeled,2025-05-31 08:17:50,80,user:41898282,user
28628,labeled,2025-05-31 08:17:50,28363,#1483,issue
28631,commented,2025-05-31 08:19:28,184,user:22429695,user
28631,commented,2025-05-31 08:19:28,28363,#1483,issue
28651,base_ref_deleted,2025-06-09 14:18:09,36,user:5144808,user
28651,base_ref_deleted,2025-06-09 14:18:09,28363,#1483,issue
28654,closed,2025-06-09 14:18:09,36,user:5144808,user
28654,closed,2025-06-09 14:18:09,28363,#1483,issue
28664,created,2025-05-31 07:52:34,27256,user:34255899,user
28664,created,2025-05-31 07:52:34,28660,#1482,issue
28669,committed,2025-05-31 07:25:28,28671,sha:f6093b965c5e8241c6b375bdd03d4a2794cddb95,commit
28669,committed,2025-05-31 07:25:28,28660,#1482,issue
28669,committed,2025-05-31 07:25:28,28611,committer:gbaian10,user
28677,committed,2025-05-31 07:30:28,28679,sha:0e7a06c72d2b6f0402701328f1a70d336d3e28ea,commit
28677,committed,2025-05-31 07:30:28,28660,#1482,issue
28677,committed,2025-05-31 07:30:28,28611,committer:gbaian10,user
28685,committed,2025-05-31 07:40:08,28660,#1482,issue
28685,committed,2025-05-31 07:40:08,28611,committer:gbaian10,user
28685,committed,2025-05-31 07:40:08,28687,sha:ff96e5ef830e2105d9e0098565c1e1d4b0f1603d,commit
28693,committed,2025-05-31 07:41:42,28695,sha:0b99d74104c09070b0db393852dccd3ff4175b26,commit
28693,committed,2025-05-31 07:41:42,28660,#1482,issue
28693,committed,2025-05-31 07:41:42,28611,committer:gbaian10,user
28701,review_requested,2025-05-31 07:52:34,27256,user:34255899,user
28701,review_requested,2025-05-31 07:52:34,28660,#1482,issue
28701,review_requested,2025-05-31 07:52:34,59,user:2585816,user
28706,review_requested,2025-05-31 07:52:35,27256,user:34255899,user
28706,review_requested,2025-05-31 07:52:35,28660,#1482,issue
28706,review_requested,2025-05-31 07:52:35,36,user:5144808,user
28711,review_requested,2025-05-31 07:52:35,27256,user:34255899,user
28711,review_requested,2025-05-31 07:52:35,69,user:15725,user
28711,review_requested,2025-05-31 07:52:35,28660,#1482,issue
28716,labeled,2025-05-31 07:52:45,80,user:41898282,user
28716,labeled,2025-05-31 07:52:45,28660,#1482,issue
28719,commented,2025-05-31 07:54:27,28660,#1482,issue
28719,commented,2025-05-31 07:54:27,184,user:22429695,user
28723,commented,2025-05-31 18:34:35,168,user:26526132,user
28723,commented,2025-05-31 18:34:35,28660,#1482,issue
28727,commented,2025-06-01 11:51:13,168,user:26526132,user
28727,commented,2025-06-01 11:51:13,28660,#1482,issue
28752,created,2025-05-31 04:37:38,27256,user:34255899,user
28752,created,2025-05-31 04:37:38,28748,#1480,issue
28757,review_requested,2025-05-31 04:37:38,27256,user:34255899,user
28757,review_requested,2025-05-31 04:37:38,28748,#1480,issue
28757,review_requested,2025-05-31 04:37:38,59,user:2585816,user
28762,review_requested,2025-05-31 04:37:38,27256,user:34255899,user
28762,review_requested,2025-05-31 04:37:38,28748,#1480,issue
28762,review_requested,2025-05-31 04:37:38,36,user:5144808,user
28767,review_requested,2025-05-31 04:37:39,27256,user:34255899,user
28767,review_requested,2025-05-31 04:37:39,28748,#1480,issue
28767,review_requested,2025-05-31 04:37:39,69,user:15725,user
28772,labeled,2025-05-31 04:37:48,80,user:41898282,user
28772,labeled,2025-05-31 04:37:48,28748,#1480,issue
28775,reviewed,2025-05-31 04:38:16,28748,#1480,issue
28775,reviewed,2025-05-31 04:38:16,36,user:5144808,user
28779,labeled,2025-05-31 04:38:41,28748,#1480,issue
28779,labeled,2025-05-31 04:38:41,36,user:5144808,user
28782,unlabeled,2025-05-31 04:38:45,28748,#1480,issue
28782,unlabeled,2025-05-31 04:38:45,36,user:5144808,user
28785,commented,2025-05-31 04:39:23,28748,#1480,issue
28785,commented,2025-05-31 04:39:23,36,user:5144808,user
28789,labeled,2025-05-31 04:39:33,28748,#1480,issue
28789,labeled,2025-05-31 04:39:33,36,user:5144808,user
28792,unlabeled,2025-05-31 04:39:37,28748,#1480,issue
28792,unlabeled,2025-05-31 04:39:37,36,user:5144808,user
28795,review_requested,2025-05-31 04:39:38,28748,#1480,issue
28795,review_requested,2025-05-31 04:39:38,36,user:5144808,user
28795,review_requested,2025-05-31 04:39:38,36,user:5144808,user
28800,labeled,2025-05-31 04:52:17,80,user:41898282,user
28800,labeled,2025-05-31 04:52:17,28748,#1480,issue
28803,commented,2025-05-31 04:53:49,28748,#1480,issue
28803,commented,2025-05-31 04:53:49,184,user:22429695,user
28807,commented,2025-05-31 05:02:52,27256,user:34255899,user
28807,commented,2025-05-31 05:02:52,28748,#1480,issue
28811,base_ref_force_pushed,2025-05-31 05:07:42,28748,#1480,issue
28811,base_ref_force_pushed,2025-05-31 05:07:42,36,user:5144808,user
28814,committed,2025-05-31 05:28:42,28748,#1480,issue
28814,committed,2025-05-31 05:28:42,28816,sha:b061c2d0e1c047febd982da371f9cd8128e64dbc,commit
28814,committed,2025-05-31 05:28:42,28611,committer:gbaian10,user
28822,committed,2025-05-31 05:28:57,28748,#1480,issue
28822,committed,2025-05-31 05:28:57,28611,committer:gbaian10,user
28822,committed,2025-05-31 05:28:57,28824,sha:952c699e3c356a7bb0d753902bed1b7cc37f952a,commit
28830,head_ref_force_pushed,2025-05-31 05:35:02,27256,user:34255899,user
28830,head_ref_force_pushed,2025-05-31 05:35:02,28748,#1480,issue
28833,reviewed,2025-05-31 07:07:42,28748,#1480,issue
28833,reviewed,2025-05-31 07:07:42,36,user:5144808,user
28837,merged,2025-05-31 07:08:03,28748,#1480,issue
28837,merged,2025-05-31 07:08:03,36,user:5144808,user
28840,closed,2025-05-31 07:08:03,28748,#1480,issue
28840,closed,2025-05-31 07:08:03,36,user:5144808,user
28843,head_ref_deleted,2025-05-31 07:10:47,27256,user:34255899,user
28843,head_ref_deleted,2025-05-31 07:10:47,28748,#1480,issue
28846,cross-referenced,2025-05-31 07:13:38,27256,user:34255899,user
28846,cross-referenced,2025-05-31 07:13:38,28748,#1480,issue
28859,created,2025-05-31 03:18:28,27256,user:34255899,user
28859,created,2025-05-31 03:18:28,28855,#1479,issue
28864,review_requested,2025-05-31 03:18:29,27256,user:34255899,user
28864,review_requested,2025-05-31 03:18:29,28855,#1479,issue
28864,review_requested,2025-05-31 03:18:29,59,user:2585816,user
28869,review_requested,2025-05-31 03:18:29,27256,user:34255899,user
28869,review_requested,2025-05-31 03:18:29,28855,#1479,issue
28869,review_requested,2025-05-31 03:18:29,36,user:5144808,user
28874,review_requested,2025-05-31 03:18:29,27256,user:34255899,user
28874,review_requested,2025-05-31 03:18:29,28855,#1479,issue
28874,review_requested,2025-05-31 03:18:29,69,user:15725,user
28879,labeled,2025-05-31 03:18:39,80,user:41898282,user
28879,labeled,2025-05-31 03:18:39,28855,#1479,issue
28882,reviewed,2025-05-31 04:04:37,28855,#1479,issue
28882,reviewed,2025-05-31 04:04:37,168,user:26526132,user
28886,reviewed,2025-05-31 04:52:52,28855,#1479,issue
28886,reviewed,2025-05-31 04:52:52,36,user:5144808,user
28890,labeled,2025-05-31 04:53:23,28855,#1479,issue
28890,labeled,2025-05-31 04:53:23,36,user:5144808,user
28893,unlabeled,2025-05-31 04:53:27,28855,#1479,issue
28893,unlabeled,2025-05-31 04:53:27,36,user:5144808,user
28896,base_ref_force_pushed,2025-05-31 05:07:42,28855,#1479,issue
28896,base_ref_force_pushed,2025-05-31 05:07:42,36,user:5144808,user
28899,committed,2025-05-31 05:37:30,28855,#1479,issue
28899,committed,2025-05-31 05:37:30,28901,sha:993a8e3601605170eda90b94101e7e91eda8032c,commit
28899,committed,2025-05-31 05:37:30,28611,committer:gbaian10,user
28907,head_ref_force_pushed,2025-05-31 05:38:02,27256,user:34255899,user
28907,head_ref_force_pushed,2025-05-31 05:38:02,28855,#1479,issue
28910,labeled,2025-05-31 05:38:13,80,user:41898282,user
28910,labeled,2025-05-31 05:38:13,28855,#1479,issue
28913,commented,2025-05-31 05:39:51,28855,#1479,issue
28913,commented,2025-05-31 05:39:51,184,user:22429695,user
28917,committed,2025-05-31 05:55:34,28855,#1479,issue
28917,committed,2025-05-31 05:55:34,28611,committer:gbaian10,user
28917,committed,2025-05-31 05:55:34,28919,sha:d427396d94a7b97a1bca3ed6a8426e729aba2fff,commit
28925,committed,2025-05-31 06:24:07,28855,#1479,issue
28925,committed,2025-05-31 06:24:07,28927,sha:b5b76a0647394c82cab9a13435ca29d9a1252859,commit
28925,committed,2025-05-31 06:24:07,28611,committer:gbaian10,user
28933,reviewed,2025-05-31 07:08:54,28855,#1479,issue
28933,reviewed,2025-05-31 07:08:54,36,user:5144808,user
28937,merged,2025-05-31 07:09:01,28855,#1479,issue
28937,merged,2025-05-31 07:09:01,36,user:5144808,user
28940,closed,2025-05-31 07:09:01,28855,#1479,issue
28940,closed,2025-05-31 07:09:01,36,user:5144808,user
28943,head_ref_deleted,2025-05-31 07:10:23,27256,user:34255899,user
28943,head_ref_deleted,2025-05-31 07:10:23,28855,#1479,issue
28946,cross-referenced,2025-05-31 07:13:15,27256,user:34255899,user
28946,cross-referenced,2025-05-31 07:13:15,28855,#1479,issue
28959,created,2025-05-31 03:15:20,27256,user:34255899,user
28959,created,2025-05-31 03:15:20,28955,#1478,issue
29092,committed,2025-05-26 01:11:25,29094,sha:d0db72ceb7585acdf584c1473f9eee9dc02955b9,commit
29092,committed,2025-05-26 01:11:25,28955,#1478,issue
29092,committed,2025-05-26 01:11:25,52,committer:Wei Lee,user
29100,committed,2025-05-26 01:16:46,28955,#1478,issue
29100,committed,2025-05-26 01:16:46,29102,sha:f229e4273922e0e0ab18448a29e3c78c2ce6fe74,commit
29100,committed,2025-05-26 01:16:46,52,committer:Wei Lee,user
29108,committed,2025-05-26 01:16:46,29110,sha:9584c499d59c780ff585247c0e75a8d6bf30c78f,commit
29108,committed,2025-05-26 01:16:46,28955,#1478,issue
29108,committed,2025-05-26 01:16:46,52,committer:Wei Lee,user
29116,committed,2025-05-26 06:05:14,28955,#1478,issue
29116,committed,2025-05-26 06:05:14,52,committer:Wei Lee,user
29116,committed,2025-05-26 06:05:14,29118,sha:83be38a8ec5a193ecfc98fdfae7a06bc8d6f1593,commit
29124,committed,2025-05-27 00:57:12,28955,#1478,issue
29124,committed,2025-05-27 00:57:12,52,committer:Wei Lee,user
29124,committed,2025-05-27 00:57:12,29126,sha:07b68f8fc808687653e2ec6ffabec4ef9a3e76a8,commit
29132,committed,2025-05-27 00:57:12,29134,sha:2259b3adbd161eebd2239403859548f7411cecbc,commit
29132,committed,2025-05-27 00:57:12,28955,#1478,issue
29132,committed,2025-05-27 00:57:12,52,committer:Wei Lee,user
29140,committed,2025-05-27 01:09:55,28955,#1478,issue
29140,committed,2025-05-27 01:09:55,29142,sha:0c7bcb8d6d98a3e8c6bd80bd99ed2bc3be85ee7b,commit
29140,committed,2025-05-27 01:09:55,52,committer:Wei Lee,user
29148,committed,2025-05-28 01:25:48,28955,#1478,issue
29148,committed,2025-05-28 01:25:48,29150,sha:a3919c95be7fd5a0090662cdf30b6d9bb539f01a,commit
29148,committed,2025-05-28 01:25:48,52,committer:Wei Lee,user
29156,committed,2025-05-31 03:08:12,28955,#1478,issue
29156,committed,2025-05-31 03:08:12,29158,sha:8a76b40f48db859a3f23da22bd6984b9f39caa2b,commit
29156,committed,2025-05-31 03:08:12,28611,committer:gbaian10,user
29164,review_requested,2025-05-31 03:15:21,27256,user:34255899,user
29164,review_requested,2025-05-31 03:15:21,28955,#1478,issue
29164,review_requested,2025-05-31 03:15:21,59,user:2585816,user
29169,review_requested,2025-05-31 03:15:21,27256,user:34255899,user
29169,review_requested,2025-05-31 03:15:21,28955,#1478,issue
29169,review_requested,2025-05-31 03:15:21,36,user:5144808,user
29174,review_requested,2025-05-31 03:15:21,27256,user:34255899,user
29174,review_requested,2025-05-31 03:15:21,28955,#1478,issue
29174,review_requested,2025-05-31 03:15:21,69,user:15725,user
29179,labeled,2025-05-31 03:15:30,80,user:41898282,user
29179,labeled,2025-05-31 03:15:30,28955,#1478,issue
29182,closed,2025-05-31 03:15:53,27256,user:34255899,user
29182,closed,2025-05-31 03:15:53,28955,#1478,issue
29185,commented,2025-05-31 03:17:11,28955,#1478,issue
29185,commented,2025-05-31 03:17:11,184,user:22429695,user
29193,created,2025-05-31 02:55:29,27256,user:34255899,user
29193,created,2025-05-31 02:55:29,29189,#1477,issue
29198,labeled,2025-05-31 02:55:30,27256,user:34255899,user
29198,labeled,2025-05-31 02:55:30,29189,#1477,issue
29201,labeled,2025-05-31 02:55:37,80,user:41898282,user
29201,labeled,2025-05-31 02:55:37,29189,#1477,issue
29204,cross-referenced,2025-05-31 03:15:22,27256,user:34255899,user
29204,cross-referenced,2025-05-31 03:15:22,29189,#1477,issue
29207,cross-referenced,2025-05-31 03:18:30,27256,user:34255899,user
29207,cross-referenced,2025-05-31 03:18:30,29189,#1477,issue
29210,commented,2025-05-31 07:13:14,27256,user:34255899,user
29210,commented,2025-05-31 07:13:14,29189,#1477,issue
29214,closed,2025-05-31 07:13:14,27256,user:34255899,user
29214,closed,2025-05-31 07:13:14,29189,#1477,issue
29221,created,2025-05-30 17:30:57,29217,#1476,issue
29221,created,2025-05-30 17:30:57,168,user:26526132,user
29226,labeled,2025-05-30 17:30:58,29217,#1476,issue
29226,labeled,2025-05-30 17:30:58,168,user:26526132,user
29229,labeled,2025-05-30 17:31:06,80,user:41898282,user
29229,labeled,2025-05-30 17:31:06,29217,#1476,issue
29232,commented,2025-05-31 04:10:51,29217,#1476,issue
29232,commented,2025-05-31 04:10:51,168,user:26526132,user
29236,mentioned,2025-05-31 04:10:52,27256,user:34255899,user
29236,mentioned,2025-05-31 04:10:52,29217,#1476,issue
29239,subscribed,2025-05-31 04:10:52,27256,user:34255899,user
29239,subscribed,2025-05-31 04:10:52,29217,#1476,issue
29242,cross-referenced,2025-05-31 04:37:39,27256,user:34255899,user
29242,cross-referenced,2025-05-31 04:37:39,29217,#1476,issue
29245,commented,2025-05-31 07:13:37,27256,user:34255899,user
29245,commented,2025-05-31 07:13:37,29217,#1476,issue
29249,commented,2025-06-01 07:56:12,29217,#1476,issue
29249,commented,2025-06-01 07:56:12,168,user:26526132,user
29253,closed,2025-06-01 07:56:12,29217,#1476,issue
29253,closed,2025-06-01 07:56:12,168,user:26526132,user
29260,created,2025-05-30 16:48:38,168,user:26526132,user
29260,created,2025-05-30 16:48:38,29256,#1475,issue
29265,labeled,2025-05-30 16:48:47,80,user:41898282,user
29265,labeled,2025-05-30 16:48:47,29256,#1475,issue
29268,labeled,2025-05-30 16:48:48,80,user:41898282,user
29268,labeled,2025-05-30 16:48:48,29256,#1475,issue
29271,commented,2025-05-30 16:50:34,29256,#1475,issue
29271,commented,2025-05-30 16:50:34,184,user:22429695,user
29275,base_ref_force_pushed,2025-05-31 05:07:42,29256,#1475,issue
29275,base_ref_force_pushed,2025-05-31 05:07:42,36,user:5144808,user
29278,labeled,2025-05-31 05:08:20,29256,#1475,issue
29278,labeled,2025-05-31 05:08:20,36,user:5144808,user
29281,unlabeled,2025-05-31 05:08:32,29256,#1475,issue
29281,unlabeled,2025-05-31 05:08:32,36,user:5144808,user
29284,committed,2025-05-31 07:49:18,219,committer:Yu-Ting Hsiung,user
29284,committed,2025-05-31 07:49:18,29286,sha:f4b81b7eca374fd2b388ad03ccdf5cb4b90c31ea,commit
29284,committed,2025-05-31 07:49:18,29256,#1475,issue
29292,committed,2025-05-31 07:49:18,219,committer:Yu-Ting Hsiung,user
29292,committed,2025-05-31 07:49:18,29294,sha:8b4a5fdcbc0ad8cb78ba3e23033d55c3ef02f7ee,commit
29292,committed,2025-05-31 07:49:18,29256,#1475,issue
29300,committed,2025-05-31 07:49:18,219,committer:Yu-Ting Hsiung,user
29300,committed,2025-05-31 07:49:18,29302,sha:51fdc4fad8379e2dfcb4f4efd76eb5bac8540c73,commit
29300,committed,2025-05-31 07:49:18,29256,#1475,issue
29308,committed,2025-05-31 07:49:18,219,committer:Yu-Ting Hsiung,user
29308,committed,2025-05-31 07:49:18,29310,sha:2ec92cc10e0b142486d93ec1d93d9a4c36f7d851,commit
29308,committed,2025-05-31 07:49:18,29256,#1475,issue
29316,committed,2025-05-31 07:49:18,219,committer:Yu-Ting Hsiung,user
29316,committed,2025-05-31 07:49:18,29256,#1475,issue
29316,committed,2025-05-31 07:49:18,29318,sha:7ca5f7983991b27ac4e72445a67f301440bbccd8,commit
29324,committed,2025-05-31 07:49:18,219,committer:Yu-Ting Hsiung,user
29324,committed,2025-05-31 07:49:18,29326,sha:7179dd3067f40ab8fcd63ffa8761bb28c2c3370a,commit
29324,committed,2025-05-31 07:49:18,29256,#1475,issue
29332,committed,2025-05-31 07:49:18,219,committer:Yu-Ting Hsiung,user
29332,committed,2025-05-31 07:49:18,29256,#1475,issue
29332,committed,2025-05-31 07:49:18,29334,sha:9b133868a008aeca018274ee1d787525ac96b83e,commit
29340,committed,2025-05-31 07:49:18,219,committer:Yu-Ting Hsiung,user
29340,committed,2025-05-31 07:49:18,29342,sha:b99918981149cadfc1028752bfcbf889f7f7b7a3,commit
29340,committed,2025-05-31 07:49:18,29256,#1475,issue
29348,committed,2025-05-31 07:49:18,219,committer:Yu-Ting Hsiung,user
29348,committed,2025-05-31 07:49:18,29350,sha:ea22ca4ba00aab9afd2e19dd8eaffd499fc49c94,commit
29348,committed,2025-05-31 07:49:18,29256,#1475,issue
29356,committed,2025-05-31 07:49:18,29358,sha:ce055625d02a315307498e88e1060bae95a39159,commit
29356,committed,2025-05-31 07:49:18,219,committer:Yu-Ting Hsiung,user
29356,committed,2025-05-31 07:49:18,29256,#1475,issue
29364,committed,2025-05-31 07:49:18,29366,sha:28ac03b75e7a0f9b60679e6f0dbee17a9d8850bb,commit
29364,committed,2025-05-31 07:49:18,219,committer:Yu-Ting Hsiung,user
29364,committed,2025-05-31 07:49:18,29256,#1475,issue
29372,committed,2025-05-31 10:49:09,219,committer:Yu-Ting Hsiung,user
29372,committed,2025-05-31 10:49:09,29374,sha:95c50e397d10423fa602988eaaf308f831665f56,commit
29372,committed,2025-05-31 10:49:09,29256,#1475,issue
29380,committed,2025-05-31 14:04:10,219,committer:Yu-Ting Hsiung,user
29380,committed,2025-05-31 14:04:10,29256,#1475,issue
29380,committed,2025-05-31 14:04:10,29382,sha:32836b2e7d645fc70ae42977c5910633edf82da2,commit
29388,committed,2025-05-31 16:39:24,219,committer:Yu-Ting Hsiung,user
29388,committed,2025-05-31 16:39:24,29390,sha:d60d7c6c0ae3c326e6fd38254d011cbc429c495d,commit
29388,committed,2025-05-31 16:39:24,29256,#1475,issue
29396,head_ref_force_pushed,2025-05-31 16:39:43,168,user:26526132,user
29396,head_ref_force_pushed,2025-05-31 16:39:43,29256,#1475,issue
29399,labeled,2025-05-31 16:39:54,80,user:41898282,user
29399,labeled,2025-05-31 16:39:54,29256,#1475,issue
29402,closed,2025-05-31 16:41:16,168,user:26526132,user
29402,closed,2025-05-31 16:41:16,29256,#1475,issue
29405,head_ref_deleted,2025-06-01 05:36:51,168,user:26526132,user
29405,head_ref_deleted,2025-06-01 05:36:51,29256,#1475,issue
29412,created,2025-05-30 15:56:44,27256,user:34255899,user
29412,created,2025-05-30 15:56:44,29408,#1474,issue
29417,labeled,2025-05-30 15:56:46,27256,user:34255899,user
29417,labeled,2025-05-30 15:56:46,29408,#1474,issue
29420,labeled,2025-05-30 15:56:53,80,user:41898282,user
29420,labeled,2025-05-30 15:56:53,29408,#1474,issue
29423,commented,2025-05-30 17:19:36,168,user:26526132,user
29423,commented,2025-05-30 17:19:36,29408,#1474,issue
29427,commented,2025-05-31 01:55:43,36,user:5144808,user
29427,commented,2025-05-31 01:55:43,29408,#1474,issue
29431,labeled,2025-05-31 01:55:53,36,user:5144808,user
29431,labeled,2025-05-31 01:55:53,29408,#1474,issue
29434,cross-referenced,2025-05-31 05:44:52,59,user:2585816,user
29434,cross-referenced,2025-05-31 05:44:52,29408,#1474,issue
29437,cross-referenced,2025-05-31 07:52:35,27256,user:34255899,user
29437,cross-referenced,2025-05-31 07:52:35,29408,#1474,issue
29440,cross-referenced,2025-06-09 12:39:15,168,user:26526132,user
29440,cross-referenced,2025-06-09 12:39:15,29408,#1474,issue
29443,commented,2025-06-09 14:23:40,36,user:5144808,user
29443,commented,2025-06-09 14:23:40,29408,#1474,issue
29447,closed,2025-06-09 14:23:40,36,user:5144808,user
29447,closed,2025-06-09 14:23:40,29408,#1474,issue
29454,created,2025-05-30 15:53:16,29450,#1473,issue
29454,created,2025-05-30 15:53:16,168,user:26526132,user
29459,labeled,2025-05-30 15:53:17,29450,#1473,issue
29459,labeled,2025-05-30 15:53:17,168,user:26526132,user
29462,labeled,2025-05-30 15:53:25,80,user:41898282,user
29462,labeled,2025-05-30 15:53:25,29450,#1473,issue
29465,cross-referenced,2025-05-31 14:57:01,29450,#1473,issue
29465,cross-referenced,2025-05-31 14:57:01,168,user:26526132,user
29488,created,2025-05-30 14:07:40,29484,#1472,issue
29488,created,2025-05-30 14:07:40,168,user:26526132,user
29493,review_requested,2025-05-30 14:07:41,29484,#1472,issue
29493,review_requested,2025-05-30 14:07:41,168,user:26526132,user
29493,review_requested,2025-05-30 14:07:41,59,user:2585816,user
29498,review_requested,2025-05-30 14:07:41,29484,#1472,issue
29498,review_requested,2025-05-30 14:07:41,168,user:26526132,user
29498,review_requested,2025-05-30 14:07:41,36,user:5144808,user
29503,review_requested,2025-05-30 14:07:41,29484,#1472,issue
29503,review_requested,2025-05-30 14:07:41,168,user:26526132,user
29503,review_requested,2025-05-30 14:07:41,69,user:15725,user
29508,labeled,2025-05-30 14:07:52,80,user:41898282,user
29508,labeled,2025-05-30 14:07:52,29484,#1472,issue
29511,labeled,2025-05-30 14:07:53,80,user:41898282,user
29511,labeled,2025-05-30 14:07:53,29484,#1472,issue
29514,head_ref_force_pushed,2025-05-30 14:14:24,29484,#1472,issue
29514,head_ref_force_pushed,2025-05-30 14:14:24,168,user:26526132,user
29517,commented,2025-05-30 14:16:42,29484,#1472,issue
29517,commented,2025-05-30 14:16:42,184,user:22429695,user
29521,reviewed,2025-05-31 04:36:28,29484,#1472,issue
29521,reviewed,2025-05-31 04:36:28,36,user:5144808,user
29525,reviewed,2025-05-31 04:36:35,29484,#1472,issue
29525,reviewed,2025-05-31 04:36:35,36,user:5144808,user
29529,labeled,2025-05-31 04:53:52,29484,#1472,issue
29529,labeled,2025-05-31 04:53:52,36,user:5144808,user
29532,unlabeled,2025-05-31 04:53:56,29484,#1472,issue
29532,unlabeled,2025-05-31 04:53:56,36,user:5144808,user
29535,base_ref_force_pushed,2025-05-31 05:07:42,29484,#1472,issue
29535,base_ref_force_pushed,2025-05-31 05:07:42,36,user:5144808,user
29538,milestoned,2025-05-31 07:11:49,29484,#1472,issue
29538,milestoned,2025-05-31 07:11:49,36,user:5144808,user
29541,head_ref_force_pushed,2025-05-31 10:36:21,29484,#1472,issue
29541,head_ref_force_pushed,2025-05-31 10:36:21,168,user:26526132,user
29544,labeled,2025-05-31 10:36:32,80,user:41898282,user
29544,labeled,2025-05-31 10:36:32,29484,#1472,issue
29547,head_ref_force_pushed,2025-05-31 10:40:15,29484,#1472,issue
29547,head_ref_force_pushed,2025-05-31 10:40:15,168,user:26526132,user
29550,review_requested,2025-05-31 13:55:55,29484,#1472,issue
29550,review_requested,2025-05-31 13:55:55,168,user:26526132,user
29550,review_requested,2025-05-31 13:55:55,36,user:5144808,user
29637,cross-referenced,2025-06-09 14:34:12,29484,#1472,issue
29637,cross-referenced,2025-06-09 14:34:12,168,user:26526132,user
29640,head_ref_deleted,2025-06-12 16:27:43,29484,#1472,issue
29640,head_ref_deleted,2025-06-12 16:27:43,168,user:26526132,user
29647,created,2025-05-30 13:11:46,168,user:26526132,user
29647,created,2025-05-30 13:11:46,29643,#1471,issue
29652,review_requested,2025-05-30 13:11:47,168,user:26526132,user
29652,review_requested,2025-05-30 13:11:47,59,user:2585816,user
29652,review_requested,2025-05-30 13:11:47,29643,#1471,issue
29657,review_requested,2025-05-30 13:11:47,168,user:26526132,user
29657,review_requested,2025-05-30 13:11:47,36,user:5144808,user
29657,review_requested,2025-05-30 13:11:47,29643,#1471,issue
29662,review_requested,2025-05-30 13:11:47,168,user:26526132,user
29662,review_requested,2025-05-30 13:11:47,69,user:15725,user
29662,review_requested,2025-05-30 13:11:47,29643,#1471,issue
29667,labeled,2025-05-30 13:11:57,80,user:41898282,user
29667,labeled,2025-05-30 13:11:57,29643,#1471,issue
29670,labeled,2025-05-30 13:11:57,80,user:41898282,user
29670,labeled,2025-05-30 13:11:57,29643,#1471,issue
29673,commented,2025-05-30 13:13:28,29643,#1471,issue
29673,commented,2025-05-30 13:13:28,184,user:22429695,user
29677,reviewed,2025-05-31 04:56:02,36,user:5144808,user
29677,reviewed,2025-05-31 04:56:02,29643,#1471,issue
29681,labeled,2025-05-31 04:56:10,36,user:5144808,user
29681,labeled,2025-05-31 04:56:10,29643,#1471,issue
29684,unlabeled,2025-05-31 04:56:14,36,user:5144808,user
29684,unlabeled,2025-05-31 04:56:14,29643,#1471,issue
29687,base_ref_force_pushed,2025-05-31 05:07:42,36,user:5144808,user
29687,base_ref_force_pushed,2025-05-31 05:07:42,29643,#1471,issue
29690,milestoned,2025-05-31 07:11:55,36,user:5144808,user
29690,milestoned,2025-05-31 07:11:55,29643,#1471,issue
29693,head_ref_force_pushed,2025-05-31 10:26:43,168,user:26526132,user
29693,head_ref_force_pushed,2025-05-31 10:26:43,29643,#1471,issue
29696,labeled,2025-05-31 10:26:52,80,user:41898282,user
29696,labeled,2025-05-31 10:26:52,29643,#1471,issue
29699,head_ref_force_pushed,2025-05-31 10:32:25,168,user:26526132,user
29699,head_ref_force_pushed,2025-05-31 10:32:25,29643,#1471,issue
29702,renamed,2025-06-01 05:43:11,168,user:26526132,user
29702,renamed,2025-06-01 05:43:11,29643,#1471,issue
29762,head_ref_deleted,2025-06-12 16:27:36,168,user:26526132,user
29762,head_ref_deleted,2025-06-12 16:27:36,29643,#1471,issue
29769,created,2025-05-30 04:39:32,168,user:26526132,user
29769,created,2025-05-30 04:39:32,29765,#1470,issue
29774,labeled,2025-05-30 04:39:43,80,user:41898282,user
29774,labeled,2025-05-30 04:39:43,29765,#1470,issue
29777,labeled,2025-05-30 04:39:43,80,user:41898282,user
29777,labeled,2025-05-30 04:39:43,29765,#1470,issue
29780,head_ref_force_pushed,2025-05-30 04:40:52,168,user:26526132,user
29780,head_ref_force_pushed,2025-05-30 04:40:52,29765,#1470,issue
29783,head_ref_force_pushed,2025-05-30 04:44:37,168,user:26526132,user
29783,head_ref_force_pushed,2025-05-30 04:44:37,29765,#1470,issue
29786,commented,2025-05-30 04:46:44,29765,#1470,issue
29786,commented,2025-05-30 04:46:44,184,user:22429695,user
29790,head_ref_force_pushed,2025-05-30 04:50:49,168,user:26526132,user
29790,head_ref_force_pushed,2025-05-30 04:50:49,29765,#1470,issue
29793,ready_for_review,2025-05-30 04:51:50,168,user:26526132,user
29793,ready_for_review,2025-05-30 04:51:50,29765,#1470,issue
29796,review_requested,2025-05-30 04:51:50,168,user:26526132,user
29796,review_requested,2025-05-30 04:51:50,59,user:2585816,user
29796,review_requested,2025-05-30 04:51:50,29765,#1470,issue
29801,review_requested,2025-05-30 04:51:50,168,user:26526132,user
29801,review_requested,2025-05-30 04:51:50,36,user:5144808,user
29801,review_requested,2025-05-30 04:51:50,29765,#1470,issue
29806,review_requested,2025-05-30 04:51:50,168,user:26526132,user
29806,review_requested,2025-05-30 04:51:50,69,user:15725,user
29806,review_requested,2025-05-30 04:51:50,29765,#1470,issue
29811,reviewed,2025-05-31 04:58:49,36,user:5144808,user
29811,reviewed,2025-05-31 04:58:49,29765,#1470,issue
29815,base_ref_force_pushed,2025-05-31 05:07:42,36,user:5144808,user
29815,base_ref_force_pushed,2025-05-31 05:07:42,29765,#1470,issue
29818,labeled,2025-05-31 05:07:58,36,user:5144808,user
29818,labeled,2025-05-31 05:07:58,29765,#1470,issue
29821,unlabeled,2025-05-31 05:08:06,36,user:5144808,user
29821,unlabeled,2025-05-31 05:08:06,29765,#1470,issue
29824,milestoned,2025-05-31 07:12:01,36,user:5144808,user
29824,milestoned,2025-05-31 07:12:01,29765,#1470,issue
29827,commented,2025-05-31 13:48:40,168,user:26526132,user
29827,commented,2025-05-31 13:48:40,29765,#1470,issue
29831,head_ref_force_pushed,2025-05-31 13:50:40,168,user:26526132,user
29831,head_ref_force_pushed,2025-05-31 13:50:40,29765,#1470,issue
29834,labeled,2025-05-31 13:50:51,80,user:41898282,user
29834,labeled,2025-05-31 13:50:51,29765,#1470,issue
29837,head_ref_force_pushed,2025-05-31 13:51:47,168,user:26526132,user
29837,head_ref_force_pushed,2025-05-31 13:51:47,29765,#1470,issue
29840,review_requested,2025-05-31 13:52:03,168,user:26526132,user
29840,review_requested,2025-05-31 13:52:03,36,user:5144808,user
29840,review_requested,2025-05-31 13:52:03,29765,#1470,issue
29845,commented,2025-05-31 13:53:57,168,user:26526132,user
29845,commented,2025-05-31 13:53:57,29765,#1470,issue
29849,renamed,2025-05-31 18:14:16,168,user:26526132,user
29849,renamed,2025-05-31 18:14:16,29765,#1470,issue
29902,head_ref_deleted,2025-06-13 05:11:06,168,user:26526132,user
29902,head_ref_deleted,2025-06-13 05:11:06,29765,#1470,issue
29909,created,2025-05-30 04:38:12,29905,#1469,issue
29909,created,2025-05-30 04:38:12,168,user:26526132,user
29914,labeled,2025-05-30 04:38:22,80,user:41898282,user
29914,labeled,2025-05-30 04:38:22,29905,#1469,issue
29917,labeled,2025-05-30 04:38:23,80,user:41898282,user
29917,labeled,2025-05-30 04:38:23,29905,#1469,issue
29920,commented,2025-05-30 04:40:10,29905,#1469,issue
29920,commented,2025-05-30 04:40:10,184,user:22429695,user
29924,ready_for_review,2025-05-30 04:43:42,29905,#1469,issue
29924,ready_for_review,2025-05-30 04:43:42,168,user:26526132,user
29927,review_requested,2025-05-30 04:43:43,29905,#1469,issue
29927,review_requested,2025-05-30 04:43:43,168,user:26526132,user
29927,review_requested,2025-05-30 04:43:43,59,user:2585816,user
29932,review_requested,2025-05-30 04:43:43,29905,#1469,issue
29932,review_requested,2025-05-30 04:43:43,168,user:26526132,user
29932,review_requested,2025-05-30 04:43:43,36,user:5144808,user
29937,review_requested,2025-05-30 04:43:43,29905,#1469,issue
29937,review_requested,2025-05-30 04:43:43,168,user:26526132,user
29937,review_requested,2025-05-30 04:43:43,69,user:15725,user
29942,base_ref_force_pushed,2025-05-31 05:07:42,29905,#1469,issue
29942,base_ref_force_pushed,2025-05-31 05:07:42,36,user:5144808,user
29945,milestoned,2025-05-31 07:12:08,29905,#1469,issue
29945,milestoned,2025-05-31 07:12:08,36,user:5144808,user
29988,head_ref_deleted,2025-06-12 16:27:20,29905,#1469,issue
29988,head_ref_deleted,2025-06-12 16:27:20,168,user:26526132,user
29995,created,2025-05-30 04:11:23,168,user:26526132,user
29995,created,2025-05-30 04:11:23,29991,#1468,issue
30000,review_requested,2025-05-30 04:11:24,168,user:26526132,user
30000,review_requested,2025-05-30 04:11:24,59,user:2585816,user
30000,review_requested,2025-05-30 04:11:24,29991,#1468,issue
30005,review_requested,2025-05-30 04:11:24,168,user:26526132,user
30005,review_requested,2025-05-30 04:11:24,36,user:5144808,user
30005,review_requested,2025-05-30 04:11:24,29991,#1468,issue
30010,review_requested,2025-05-30 04:11:24,168,user:26526132,user
30010,review_requested,2025-05-30 04:11:24,69,user:15725,user
30010,review_requested,2025-05-30 04:11:24,29991,#1468,issue
30015,labeled,2025-05-30 04:11:33,80,user:41898282,user
30015,labeled,2025-05-30 04:11:33,29991,#1468,issue
30018,labeled,2025-05-30 04:11:34,80,user:41898282,user
30018,labeled,2025-05-30 04:11:34,29991,#1468,issue
30021,mentioned,2025-05-30 04:12:59,36,user:5144808,user
30021,mentioned,2025-05-30 04:12:59,29991,#1468,issue
30024,subscribed,2025-05-30 04:12:59,36,user:5144808,user
30024,subscribed,2025-05-30 04:12:59,29991,#1468,issue
30027,commented,2025-05-30 04:13:24,184,user:22429695,user
30027,commented,2025-05-30 04:13:24,29991,#1468,issue
30031,base_ref_force_pushed,2025-05-31 05:07:42,36,user:5144808,user
30031,base_ref_force_pushed,2025-05-31 05:07:42,29991,#1468,issue
30034,milestoned,2025-05-31 07:12:13,36,user:5144808,user
30034,milestoned,2025-05-31 07:12:13,29991,#1468,issue
30037,head_ref_force_pushed,2025-05-31 07:46:51,168,user:26526132,user
30037,head_ref_force_pushed,2025-05-31 07:46:51,29991,#1468,issue
30040,committed,2025-05-31 07:47:29,219,committer:Yu-Ting Hsiung,user
30040,committed,2025-05-31 07:47:29,30042,sha:8540e1f3d2a418e34fd14be0ebbae2819314d8b3,commit
30040,committed,2025-05-31 07:47:29,29991,#1468,issue
30048,head_ref_force_pushed,2025-05-31 07:47:33,168,user:26526132,user
30048,head_ref_force_pushed,2025-05-31 07:47:33,29991,#1468,issue
30061,head_ref_deleted,2025-06-12 16:29:54,168,user:26526132,user
30061,head_ref_deleted,2025-06-12 16:29:54,29991,#1468,issue
30068,created,2025-05-29 19:14:39,168,user:26526132,user
30068,created,2025-05-29 19:14:39,30064,#1467,issue
30201,committed,2025-05-26 01:11:25,30064,#1467,issue
30201,committed,2025-05-26 01:11:25,30203,sha:d0db72ceb7585acdf584c1473f9eee9dc02955b9,commit
30201,committed,2025-05-26 01:11:25,52,committer:Wei Lee,user
30209,committed,2025-05-26 01:16:46,30064,#1467,issue
30209,committed,2025-05-26 01:16:46,30211,sha:f229e4273922e0e0ab18448a29e3c78c2ce6fe74,commit
30209,committed,2025-05-26 01:16:46,52,committer:Wei Lee,user
30217,committed,2025-05-26 01:16:46,30219,sha:9584c499d59c780ff585247c0e75a8d6bf30c78f,commit
30217,committed,2025-05-26 01:16:46,30064,#1467,issue
30217,committed,2025-05-26 01:16:46,52,committer:Wei Lee,user
30225,committed,2025-05-26 06:05:14,30227,sha:83be38a8ec5a193ecfc98fdfae7a06bc8d6f1593,commit
30225,committed,2025-05-26 06:05:14,30064,#1467,issue
30225,committed,2025-05-26 06:05:14,52,committer:Wei Lee,user
30233,committed,2025-05-27 00:57:12,30235,sha:07b68f8fc808687653e2ec6ffabec4ef9a3e76a8,commit
30233,committed,2025-05-27 00:57:12,30064,#1467,issue
30233,committed,2025-05-27 00:57:12,52,committer:Wei Lee,user
30241,committed,2025-05-27 00:57:12,30243,sha:2259b3adbd161eebd2239403859548f7411cecbc,commit
30241,committed,2025-05-27 00:57:12,30064,#1467,issue
30241,committed,2025-05-27 00:57:12,52,committer:Wei Lee,user
30249,committed,2025-05-27 01:09:55,30064,#1467,issue
30249,committed,2025-05-27 01:09:55,30251,sha:0c7bcb8d6d98a3e8c6bd80bd99ed2bc3be85ee7b,commit
30249,committed,2025-05-27 01:09:55,52,committer:Wei Lee,user
30257,committed,2025-05-28 01:25:48,30064,#1467,issue
30257,committed,2025-05-28 01:25:48,52,committer:Wei Lee,user
30257,committed,2025-05-28 01:25:48,30259,sha:a3919c95be7fd5a0090662cdf30b6d9bb539f01a,commit
30265,review_requested,2025-05-29 19:14:40,168,user:26526132,user
30265,review_requested,2025-05-29 19:14:40,30064,#1467,issue
30265,review_requested,2025-05-29 19:14:40,59,user:2585816,user
30270,review_requested,2025-05-29 19:14:40,168,user:26526132,user
30270,review_requested,2025-05-29 19:14:40,30064,#1467,issue
30270,review_requested,2025-05-29 19:14:40,36,user:5144808,user
30275,review_requested,2025-05-29 19:14:40,168,user:26526132,user
30275,review_requested,2025-05-29 19:14:40,30064,#1467,issue
30275,review_requested,2025-05-29 19:14:40,69,user:15725,user
30280,labeled,2025-05-29 19:14:48,80,user:41898282,user
30280,labeled,2025-05-29 19:14:48,30064,#1467,issue
30283,labeled,2025-05-29 19:14:49,80,user:41898282,user
30283,labeled,2025-05-29 19:14:49,30064,#1467,issue
30286,head_ref_force_pushed,2025-05-29 19:19:13,168,user:26526132,user
30286,head_ref_force_pushed,2025-05-29 19:19:13,30064,#1467,issue
30289,reviewed,2025-05-29 19:21:00,168,user:26526132,user
30289,reviewed,2025-05-29 19:21:00,30064,#1467,issue
30293,commented,2025-05-29 19:21:17,30064,#1467,issue
30293,commented,2025-05-29 19:21:17,184,user:22429695,user
30297,cross-referenced,2025-05-29 19:27:59,168,user:26526132,user
30297,cross-referenced,2025-05-29 19:27:59,30064,#1467,issue
30300,reviewed,2025-05-29 19:32:03,168,user:26526132,user
30300,reviewed,2025-05-29 19:32:03,30064,#1467,issue
30304,renamed,2025-05-29 19:32:44,168,user:26526132,user
30304,renamed,2025-05-29 19:32:44,30064,#1467,issue
30307,committed,2025-05-29 19:32:55,219,committer:Yu-Ting Hsiung,user
30307,committed,2025-05-29 19:32:55,30309,sha:c9b2ba7bf4cbff7177c54e5de356c4ed90374dc1,commit
30307,committed,2025-05-29 19:32:55,30064,#1467,issue
30315,head_ref_force_pushed,2025-05-29 19:33:04,168,user:26526132,user
30315,head_ref_force_pushed,2025-05-29 19:33:04,30064,#1467,issue
30318,labeled,2025-05-29 19:33:14,80,user:41898282,user
30318,labeled,2025-05-29 19:33:14,30064,#1467,issue
30321,commented,2025-05-30 02:51:42,168,user:26526132,user
30321,commented,2025-05-30 02:51:42,30064,#1467,issue
30325,commented,2025-05-30 03:02:33,30064,#1467,issue
30325,commented,2025-05-30 03:02:33,36,user:5144808,user
30329,mentioned,2025-05-30 03:02:34,30064,#1467,issue
30329,mentioned,2025-05-30 03:02:34,59,user:2585816,user
30332,subscribed,2025-05-30 03:02:34,30064,#1467,issue
30332,subscribed,2025-05-30 03:02:34,59,user:2585816,user
30335,committed,2025-05-30 03:19:29,219,committer:Yu-Ting Hsiung,user
30335,committed,2025-05-30 03:19:29,30064,#1467,issue
30335,committed,2025-05-30 03:19:29,30337,sha:148babcc13caeccaf18a287dd58703ca6c6fe0dd,commit
30343,head_ref_force_pushed,2025-05-30 03:19:35,168,user:26526132,user
30343,head_ref_force_pushed,2025-05-30 03:19:35,30064,#1467,issue
30346,commented,2025-05-30 03:26:29,168,user:26526132,user
30346,commented,2025-05-30 03:26:29,30064,#1467,issue
30350,base_ref_force_pushed,2025-05-31 05:07:42,30064,#1467,issue
30350,base_ref_force_pushed,2025-05-31 05:07:42,36,user:5144808,user
30353,commented,2025-05-31 05:44:51,30064,#1467,issue
30353,commented,2025-05-31 05:44:51,59,user:2585816,user
30357,commented,2025-05-31 07:59:45,27256,user:34255899,user
30357,commented,2025-05-31 07:59:45,30064,#1467,issue
30361,commented,2025-05-31 08:46:31,30064,#1467,issue
30361,commented,2025-05-31 08:46:31,59,user:2585816,user
30365,commented,2025-05-31 13:47:20,168,user:26526132,user
30365,commented,2025-05-31 13:47:20,30064,#1467,issue
30369,closed,2025-05-31 13:47:20,168,user:26526132,user
30369,closed,2025-05-31 13:47:20,30064,#1467,issue
30372,cross-referenced,2025-05-31 18:07:00,168,user:26526132,user
30372,cross-referenced,2025-05-31 18:07:00,30064,#1467,issue
30375,commented,2025-06-01 03:45:36,30064,#1467,issue
30375,commented,2025-06-01 03:45:36,36,user:5144808,user
30379,head_ref_deleted,2025-06-01 05:33:16,168,user:26526132,user
30379,head_ref_deleted,2025-06-01 05:33:16,30064,#1467,issue
30382,cross-referenced,2025-06-01 07:58:30,168,user:26526132,user
30382,cross-referenced,2025-06-01 07:58:30,30064,#1467,issue
30389,created,2025-05-29 14:14:10,30385,#1466,issue
30389,created,2025-05-29 14:14:10,168,user:26526132,user
30394,review_requested,2025-05-29 14:14:11,30385,#1466,issue
30394,review_requested,2025-05-29 14:14:11,168,user:26526132,user
30394,review_requested,2025-05-29 14:14:11,59,user:2585816,user
30399,review_requested,2025-05-29 14:14:11,30385,#1466,issue
30399,review_requested,2025-05-29 14:14:11,168,user:26526132,user
30399,review_requested,2025-05-29 14:14:11,36,user:5144808,user
30404,review_requested,2025-05-29 14:14:11,30385,#1466,issue
30404,review_requested,2025-05-29 14:14:11,168,user:26526132,user
30404,review_requested,2025-05-29 14:14:11,69,user:15725,user
30409,labeled,2025-05-29 14:14:22,80,user:41898282,user
30409,labeled,2025-05-29 14:14:22,30385,#1466,issue
30412,head_ref_force_pushed,2025-05-29 14:15:27,30385,#1466,issue
30412,head_ref_force_pushed,2025-05-29 14:15:27,168,user:26526132,user
30415,commented,2025-05-29 14:17:41,30385,#1466,issue
30415,commented,2025-05-29 14:17:41,184,user:22429695,user
30419,renamed,2025-05-29 14:20:03,30385,#1466,issue
30419,renamed,2025-05-29 14:20:03,168,user:26526132,user
30422,reviewed,2025-05-29 15:24:09,30385,#1466,issue
30422,reviewed,2025-05-29 15:24:09,168,user:26526132,user
30426,renamed,2025-05-29 15:24:50,30385,#1466,issue
30426,renamed,2025-05-29 15:24:50,168,user:26526132,user
30429,head_ref_force_pushed,2025-05-29 15:32:18,30385,#1466,issue
30429,head_ref_force_pushed,2025-05-29 15:32:18,168,user:26526132,user
30432,labeled,2025-05-29 15:32:26,80,user:41898282,user
30432,labeled,2025-05-29 15:32:26,30385,#1466,issue
30435,head_ref_force_pushed,2025-05-29 15:35:50,30385,#1466,issue
30435,head_ref_force_pushed,2025-05-29 15:35:50,168,user:26526132,user
30438,reviewed,2025-05-29 15:37:24,30385,#1466,issue
30438,reviewed,2025-05-29 15:37:24,168,user:26526132,user
30442,convert_to_draft,2025-05-29 15:39:11,30385,#1466,issue
30442,convert_to_draft,2025-05-29 15:39:11,168,user:26526132,user
30445,head_ref_force_pushed,2025-05-29 16:14:12,30385,#1466,issue
30445,head_ref_force_pushed,2025-05-29 16:14:12,168,user:26526132,user
30448,ready_for_review,2025-05-29 16:16:20,30385,#1466,issue
30448,ready_for_review,2025-05-29 16:16:20,168,user:26526132,user
30451,head_ref_force_pushed,2025-05-29 16:19:07,30385,#1466,issue
30451,head_ref_force_pushed,2025-05-29 16:19:07,168,user:26526132,user
30454,head_ref_force_pushed,2025-05-29 16:19:55,30385,#1466,issue
30454,head_ref_force_pushed,2025-05-29 16:19:55,168,user:26526132,user
30457,reviewed,2025-05-29 16:21:51,30385,#1466,issue
30457,reviewed,2025-05-29 16:21:51,168,user:26526132,user
30461,reviewed,2025-05-29 16:32:55,30385,#1466,issue
30461,reviewed,2025-05-29 16:32:55,168,user:26526132,user
30465,head_ref_force_pushed,2025-05-29 16:35:08,30385,#1466,issue
30465,head_ref_force_pushed,2025-05-29 16:35:08,168,user:26526132,user
30468,renamed,2025-05-29 16:36:37,30385,#1466,issue
30468,renamed,2025-05-29 16:36:37,168,user:26526132,user
30471,head_ref_force_pushed,2025-05-29 16:38:44,30385,#1466,issue
30471,head_ref_force_pushed,2025-05-29 16:38:44,168,user:26526132,user
30474,labeled,2025-05-29 16:38:55,80,user:41898282,user
30474,labeled,2025-05-29 16:38:55,30385,#1466,issue
30477,renamed,2025-05-29 16:41:58,30385,#1466,issue
30477,renamed,2025-05-29 16:41:58,168,user:26526132,user
30480,cross-referenced,2025-05-29 16:43:16,30385,#1466,issue
30480,cross-referenced,2025-05-29 16:43:16,168,user:26526132,user
30483,renamed,2025-05-29 19:32:23,30385,#1466,issue
30483,renamed,2025-05-29 19:32:23,168,user:26526132,user
30486,reviewed,2025-05-29 19:44:51,30385,#1466,issue
30486,reviewed,2025-05-29 19:44:51,168,user:26526132,user
30490,reviewed,2025-05-29 19:47:00,30385,#1466,issue
30490,reviewed,2025-05-29 19:47:00,168,user:26526132,user
30494,head_ref_force_pushed,2025-05-30 06:53:23,30385,#1466,issue
30494,head_ref_force_pushed,2025-05-30 06:53:23,168,user:26526132,user
30497,head_ref_force_pushed,2025-05-30 06:59:38,30385,#1466,issue
30497,head_ref_force_pushed,2025-05-30 06:59:38,168,user:26526132,user
30500,head_ref_force_pushed,2025-05-30 07:00:44,30385,#1466,issue
30500,head_ref_force_pushed,2025-05-30 07:00:44,168,user:26526132,user
30503,reviewed,2025-05-30 07:07:36,30385,#1466,issue
30503,reviewed,2025-05-30 07:07:36,168,user:26526132,user
30507,head_ref_force_pushed,2025-05-30 14:39:12,30385,#1466,issue
30507,head_ref_force_pushed,2025-05-30 14:39:12,168,user:26526132,user
30510,head_ref_force_pushed,2025-05-30 14:39:56,30385,#1466,issue
30510,head_ref_force_pushed,2025-05-30 14:39:56,168,user:26526132,user
30513,cross-referenced,2025-05-30 16:50:27,30385,#1466,issue
30513,cross-referenced,2025-05-30 16:50:27,168,user:26526132,user
30516,commented,2025-05-31 02:37:55,27256,user:34255899,user
30516,commented,2025-05-31 02:37:55,30385,#1466,issue
30520,base_ref_force_pushed,2025-05-31 05:07:42,30385,#1466,issue
30520,base_ref_force_pushed,2025-05-31 05:07:42,36,user:5144808,user
30523,milestoned,2025-05-31 07:12:19,30385,#1466,issue
30523,milestoned,2025-05-31 07:12:19,36,user:5144808,user
30526,head_ref_force_pushed,2025-05-31 07:42:48,30385,#1466,issue
30526,head_ref_force_pushed,2025-05-31 07:42:48,168,user:26526132,user
30529,committed,2025-05-31 07:49:18,30531,sha:f4b81b7eca374fd2b388ad03ccdf5cb4b90c31ea,commit
30529,committed,2025-05-31 07:49:18,219,committer:Yu-Ting Hsiung,user
30529,committed,2025-05-31 07:49:18,30385,#1466,issue
30537,committed,2025-05-31 07:49:18,219,committer:Yu-Ting Hsiung,user
30537,committed,2025-05-31 07:49:18,30385,#1466,issue
30537,committed,2025-05-31 07:49:18,30539,sha:8b4a5fdcbc0ad8cb78ba3e23033d55c3ef02f7ee,commit
30545,committed,2025-05-31 07:49:18,219,committer:Yu-Ting Hsiung,user
30545,committed,2025-05-31 07:49:18,30385,#1466,issue
30545,committed,2025-05-31 07:49:18,30547,sha:51fdc4fad8379e2dfcb4f4efd76eb5bac8540c73,commit
30553,committed,2025-05-31 07:49:18,219,committer:Yu-Ting Hsiung,user
30553,committed,2025-05-31 07:49:18,30385,#1466,issue
30553,committed,2025-05-31 07:49:18,30555,sha:2ec92cc10e0b142486d93ec1d93d9a4c36f7d851,commit
30561,committed,2025-05-31 07:49:18,219,committer:Yu-Ting Hsiung,user
30561,committed,2025-05-31 07:49:18,30385,#1466,issue
30561,committed,2025-05-31 07:49:18,30563,sha:7ca5f7983991b27ac4e72445a67f301440bbccd8,commit
30569,committed,2025-05-31 07:49:18,219,committer:Yu-Ting Hsiung,user
30569,committed,2025-05-31 07:49:18,30385,#1466,issue
30569,committed,2025-05-31 07:49:18,30571,sha:7179dd3067f40ab8fcd63ffa8761bb28c2c3370a,commit
30577,committed,2025-05-31 07:49:18,219,committer:Yu-Ting Hsiung,user
30577,committed,2025-05-31 07:49:18,30385,#1466,issue
30577,committed,2025-05-31 07:49:18,30579,sha:9b133868a008aeca018274ee1d787525ac96b83e,commit
30585,committed,2025-05-31 07:49:18,30587,sha:b99918981149cadfc1028752bfcbf889f7f7b7a3,commit
30585,committed,2025-05-31 07:49:18,219,committer:Yu-Ting Hsiung,user
30585,committed,2025-05-31 07:49:18,30385,#1466,issue
30593,committed,2025-05-31 07:49:18,219,committer:Yu-Ting Hsiung,user
30593,committed,2025-05-31 07:49:18,30385,#1466,issue
30593,committed,2025-05-31 07:49:18,30595,sha:ea22ca4ba00aab9afd2e19dd8eaffd499fc49c94,commit
30601,committed,2025-05-31 07:49:18,219,committer:Yu-Ting Hsiung,user
30601,committed,2025-05-31 07:49:18,30385,#1466,issue
30601,committed,2025-05-31 07:49:18,30603,sha:ce055625d02a315307498e88e1060bae95a39159,commit
30609,committed,2025-05-31 07:49:18,30611,sha:28ac03b75e7a0f9b60679e6f0dbee17a9d8850bb,commit
30609,committed,2025-05-31 07:49:18,219,committer:Yu-Ting Hsiung,user
30609,committed,2025-05-31 07:49:18,30385,#1466,issue
30617,head_ref_force_pushed,2025-05-31 07:49:29,30385,#1466,issue
30617,head_ref_force_pushed,2025-05-31 07:49:29,168,user:26526132,user
30620,committed,2025-05-31 10:49:09,219,committer:Yu-Ting Hsiung,user
30620,committed,2025-05-31 10:49:09,30385,#1466,issue
30620,committed,2025-05-31 10:49:09,30622,sha:95c50e397d10423fa602988eaaf308f831665f56,commit
30628,head_ref_force_pushed,2025-05-31 10:49:34,30385,#1466,issue
30628,head_ref_force_pushed,2025-05-31 10:49:34,168,user:26526132,user
30631,reviewed,2025-05-31 11:33:56,27256,user:34255899,user
30631,reviewed,2025-05-31 11:33:56,30385,#1466,issue
30635,reviewed,2025-05-31 14:01:54,30385,#1466,issue
30635,reviewed,2025-05-31 14:01:54,168,user:26526132,user
30639,committed,2025-05-31 14:04:10,219,committer:Yu-Ting Hsiung,user
30639,committed,2025-05-31 14:04:10,30385,#1466,issue
30639,committed,2025-05-31 14:04:10,30641,sha:32836b2e7d645fc70ae42977c5910633edf82da2,commit
30647,committed,2025-05-31 16:44:07,219,committer:Yu-Ting Hsiung,user
30647,committed,2025-05-31 16:44:07,30385,#1466,issue
30647,committed,2025-05-31 16:44:07,30649,sha:f0bdd55108c45641273770eb6a5f163b6287f273,commit
30655,head_ref_force_pushed,2025-05-31 16:44:13,30385,#1466,issue
30655,head_ref_force_pushed,2025-05-31 16:44:13,168,user:26526132,user
30658,committed,2025-05-31 16:57:10,219,committer:Yu-Ting Hsiung,user
30658,committed,2025-05-31 16:57:10,30385,#1466,issue
30658,committed,2025-05-31 16:57:10,30660,sha:32d7adb24a9a97da7af8977fed78d424cd5bb140,commit
30666,committed,2025-05-31 16:59:21,30668,sha:a4b9ae963749da49ba7f921159e24fc1e0599dac,commit
30666,committed,2025-05-31 16:59:21,219,committer:Yu-Ting Hsiung,user
30666,committed,2025-05-31 16:59:21,30385,#1466,issue
30674,committed,2025-05-31 17:01:08,219,committer:Yu-Ting Hsiung,user
30674,committed,2025-05-31 17:01:08,30385,#1466,issue
30674,committed,2025-05-31 17:01:08,30676,sha:04937658081b27805016d5f81e8a41b51e819acb,commit
30682,committed,2025-05-31 17:22:50,219,committer:Yu-Ting Hsiung,user
30682,committed,2025-05-31 17:22:50,30385,#1466,issue
30682,committed,2025-05-31 17:22:50,30684,sha:e67ba232f99bded76a3054c84e9078ea89115ac0,commit
30690,committed,2025-05-31 17:22:55,30692,sha:1f8c4bc299dc6f0f9e830b388b16490d9f2c20a0,commit
30690,committed,2025-05-31 17:22:55,219,committer:Yu-Ting Hsiung,user
30690,committed,2025-05-31 17:22:55,30385,#1466,issue
30698,head_ref_force_pushed,2025-05-31 17:23:00,30385,#1466,issue
30698,head_ref_force_pushed,2025-05-31 17:23:00,168,user:26526132,user
30701,committed,2025-05-31 17:47:53,219,committer:Yu-Ting Hsiung,user
30701,committed,2025-05-31 17:47:53,30385,#1466,issue
30701,committed,2025-05-31 17:47:53,30703,sha:f771da3ebad56fd9cf2449ea87542c5d6f88859e,commit
30709,committed,2025-05-31 17:47:54,219,committer:Yu-Ting Hsiung,user
30709,committed,2025-05-31 17:47:54,30385,#1466,issue
30709,committed,2025-05-31 17:47:54,30711,sha:d72e7ec581c44db0a2589bd68cc93b7e1de43770,commit
30717,committed,2025-05-31 17:47:54,30719,sha:856220922e6eb4ace4d6f3ce58a4faaf68a5c981,commit
30717,committed,2025-05-31 17:47:54,219,committer:Yu-Ting Hsiung,user
30717,committed,2025-05-31 17:47:54,30385,#1466,issue
30725,head_ref_force_pushed,2025-05-31 17:48:20,30385,#1466,issue
30725,head_ref_force_pushed,2025-05-31 17:48:20,168,user:26526132,user
30728,committed,2025-05-31 17:50:37,30730,sha:9b99924701c55d1e50fe78d2a4642d7f506a6680,commit
30728,committed,2025-05-31 17:50:37,219,committer:Yu-Ting Hsiung,user
30728,committed,2025-05-31 17:50:37,30385,#1466,issue
30736,committed,2025-05-31 17:52:12,219,committer:Yu-Ting Hsiung,user
30736,committed,2025-05-31 17:52:12,30385,#1466,issue
30736,committed,2025-05-31 17:52:12,30738,sha:92a92bcdd1721728e8832c6048a5588573ec9e08,commit
30744,committed,2025-05-31 17:57:18,30746,sha:95a9140e2d5f290cf6773fad8b88d77e981c513d,commit
30744,committed,2025-05-31 17:57:18,219,committer:Yu-Ting Hsiung,user
30744,committed,2025-05-31 17:57:18,30385,#1466,issue
30752,head_ref_force_pushed,2025-05-31 17:57:24,30385,#1466,issue
30752,head_ref_force_pushed,2025-05-31 17:57:24,168,user:26526132,user
30755,committed,2025-05-31 18:05:23,30757,sha:19efaa846235df2527007d92726d866c11018b92,commit
30755,committed,2025-05-31 18:05:23,219,committer:Yu-Ting Hsiung,user
30755,committed,2025-05-31 18:05:23,30385,#1466,issue
30862,created,2025-05-28 10:32:55,168,user:26526132,user
30862,created,2025-05-28 10:32:55,30858,#1465,issue
30867,committed,2025-05-28 10:31:53,219,committer:Yu-Ting Hsiung,user
30867,committed,2025-05-28 10:31:53,30869,sha:a05f6f1681ca90c42cdf3ca8f815c6d41359b0b7,commit
30867,committed,2025-05-28 10:31:53,30858,#1465,issue
30875,review_requested,2025-05-28 10:32:56,168,user:26526132,user
30875,review_requested,2025-05-28 10:32:56,59,user:2585816,user
30875,review_requested,2025-05-28 10:32:56,30858,#1465,issue
30880,review_requested,2025-05-28 10:32:56,168,user:26526132,user
30880,review_requested,2025-05-28 10:32:56,36,user:5144808,user
30880,review_requested,2025-05-28 10:32:56,30858,#1465,issue
30885,review_requested,2025-05-28 10:32:56,168,user:26526132,user
30885,review_requested,2025-05-28 10:32:56,69,user:15725,user
30885,review_requested,2025-05-28 10:32:56,30858,#1465,issue
30890,mentioned,2025-05-28 10:32:57,36,user:5144808,user
30890,mentioned,2025-05-28 10:32:57,30858,#1465,issue
30893,subscribed,2025-05-28 10:32:57,36,user:5144808,user
30893,subscribed,2025-05-28 10:32:57,30858,#1465,issue
30896,labeled,2025-05-28 10:33:08,80,user:41898282,user
30896,labeled,2025-05-28 10:33:08,30858,#1465,issue
30899,labeled,2025-05-28 10:33:09,80,user:41898282,user
30899,labeled,2025-05-28 10:33:09,30858,#1465,issue
30902,commented,2025-05-28 10:34:50,30858,#1465,issue
30902,commented,2025-05-28 10:34:50,184,user:22429695,user
30906,reviewed,2025-05-28 13:00:04,36,user:5144808,user
30906,reviewed,2025-05-28 13:00:04,30858,#1465,issue
30910,merged,2025-05-28 13:00:31,36,user:5144808,user
30910,merged,2025-05-28 13:00:31,30858,#1465,issue
30913,closed,2025-05-28 13:00:31,36,user:5144808,user
30913,closed,2025-05-28 13:00:31,30858,#1465,issue
30916,head_ref_deleted,2025-06-01 05:37:18,168,user:26526132,user
30916,head_ref_deleted,2025-06-01 05:37:18,30858,#1465,issue
30923,created,2025-05-28 10:25:58,30919,#1464,issue
30923,created,2025-05-28 10:25:58,168,user:26526132,user
30928,review_requested,2025-05-28 10:25:59,30919,#1464,issue
30928,review_requested,2025-05-28 10:25:59,168,user:26526132,user
30928,review_requested,2025-05-28 10:25:59,59,user:2585816,user
30933,review_requested,2025-05-28 10:25:59,30919,#1464,issue
30933,review_requested,2025-05-28 10:25:59,168,user:26526132,user
30933,review_requested,2025-05-28 10:25:59,36,user:5144808,user
30938,review_requested,2025-05-28 10:25:59,30919,#1464,issue
30938,review_requested,2025-05-28 10:25:59,168,user:26526132,user
30938,review_requested,2025-05-28 10:25:59,69,user:15725,user
30943,labeled,2025-05-28 10:26:09,30919,#1464,issue
30943,labeled,2025-05-28 10:26:09,80,user:41898282,user
30946,labeled,2025-05-28 10:26:10,30919,#1464,issue
30946,labeled,2025-05-28 10:26:10,80,user:41898282,user
30949,commented,2025-05-28 10:27:50,30919,#1464,issue
30949,commented,2025-05-28 10:27:50,184,user:22429695,user
30953,reviewed,2025-05-28 12:59:34,30919,#1464,issue
30953,reviewed,2025-05-28 12:59:34,36,user:5144808,user
30957,committed,2025-05-28 13:07:55,30919,#1464,issue
30957,committed,2025-05-28 13:07:55,30959,sha:984765ab5d29cfd7591195f030227f7cbd33e702,commit
30957,committed,2025-05-28 13:07:55,219,committer:Yu-Ting Hsiung,user
30965,head_ref_force_pushed,2025-05-28 13:08:00,30919,#1464,issue
30965,head_ref_force_pushed,2025-05-28 13:08:00,168,user:26526132,user
30968,reviewed,2025-05-28 13:10:49,30919,#1464,issue
30968,reviewed,2025-05-28 13:10:49,36,user:5144808,user
30972,merged,2025-05-28 13:20:30,30919,#1464,issue
30972,merged,2025-05-28 13:20:30,36,user:5144808,user
30975,closed,2025-05-28 13:20:30,30919,#1464,issue
30975,closed,2025-05-28 13:20:30,36,user:5144808,user
30978,head_ref_deleted,2025-06-01 05:37:15,30919,#1464,issue
30978,head_ref_deleted,2025-06-01 05:37:15,168,user:26526132,user
30985,created,2025-05-28 10:16:56,168,user:26526132,user
30985,created,2025-05-28 10:16:56,30981,#1463,issue
30990,review_requested,2025-05-28 10:16:57,168,user:26526132,user
30990,review_requested,2025-05-28 10:16:57,30981,#1463,issue
30990,review_requested,2025-05-28 10:16:57,59,user:2585816,user
30995,review_requested,2025-05-28 10:16:57,168,user:26526132,user
30995,review_requested,2025-05-28 10:16:57,30981,#1463,issue
30995,review_requested,2025-05-28 10:16:57,36,user:5144808,user
31000,review_requested,2025-05-28 10:16:57,168,user:26526132,user
31000,review_requested,2025-05-28 10:16:57,69,user:15725,user
31000,review_requested,2025-05-28 10:16:57,30981,#1463,issue
31005,labeled,2025-05-28 10:17:06,80,user:41898282,user
31005,labeled,2025-05-28 10:17:06,30981,#1463,issue
31008,labeled,2025-05-28 10:17:06,80,user:41898282,user
31008,labeled,2025-05-28 10:17:06,30981,#1463,issue
31011,commented,2025-05-28 10:18:50,30981,#1463,issue
31011,commented,2025-05-28 10:18:50,184,user:22429695,user
31015,head_ref_force_pushed,2025-05-28 10:36:27,168,user:26526132,user
31015,head_ref_force_pushed,2025-05-28 10:36:27,30981,#1463,issue
31018,reviewed,2025-05-28 13:03:08,30981,#1463,issue
31018,reviewed,2025-05-28 13:03:08,36,user:5144808,user
31022,head_ref_force_pushed,2025-05-28 13:11:31,168,user:26526132,user
31022,head_ref_force_pushed,2025-05-28 13:11:31,30981,#1463,issue
31025,head_ref_force_pushed,2025-05-28 13:13:18,168,user:26526132,user
31025,head_ref_force_pushed,2025-05-28 13:13:18,30981,#1463,issue
31028,committed,2025-05-28 13:15:13,31030,sha:224b091bb448c4f7c6f9641779e82bf7f819e13e,commit
31028,committed,2025-05-28 13:15:13,219,committer:Yu-Ting Hsiung,user
31028,committed,2025-05-28 13:15:13,30981,#1463,issue
31036,head_ref_force_pushed,2025-05-28 13:15:18,168,user:26526132,user
31036,head_ref_force_pushed,2025-05-28 13:15:18,30981,#1463,issue
31039,reviewed,2025-05-28 13:50:00,30981,#1463,issue
31039,reviewed,2025-05-28 13:50:00,36,user:5144808,user
31043,merged,2025-05-28 13:50:35,30981,#1463,issue
31043,merged,2025-05-28 13:50:35,36,user:5144808,user
31046,closed,2025-05-28 13:50:35,30981,#1463,issue
31046,closed,2025-05-28 13:50:35,36,user:5144808,user
31049,head_ref_deleted,2025-05-29 06:25:45,168,user:26526132,user
31049,head_ref_deleted,2025-05-29 06:25:45,30981,#1463,issue
31056,created,2025-05-28 10:05:18,31052,#1462,issue
31056,created,2025-05-28 10:05:18,168,user:26526132,user
31061,committed,2025-05-28 10:04:31,219,committer:Yu-Ting Hsiung,user
31061,committed,2025-05-28 10:04:31,31052,#1462,issue
31061,committed,2025-05-28 10:04:31,31063,sha:6a021682de6de5567048f5cc169c660b609ebd3d,commit
31069,labeled,2025-05-28 10:05:29,80,user:41898282,user
31069,labeled,2025-05-28 10:05:29,31052,#1462,issue
31072,labeled,2025-05-28 10:05:30,80,user:41898282,user
31072,labeled,2025-05-28 10:05:30,31052,#1462,issue
31075,labeled,2025-05-28 10:05:30,80,user:41898282,user
31075,labeled,2025-05-28 10:05:30,31052,#1462,issue
31078,ready_for_review,2025-05-28 10:06:32,31052,#1462,issue
31078,ready_for_review,2025-05-28 10:06:32,168,user:26526132,user
31081,review_requested,2025-05-28 10:06:33,31052,#1462,issue
31081,review_requested,2025-05-28 10:06:33,168,user:26526132,user
31081,review_requested,2025-05-28 10:06:33,59,user:2585816,user
31086,review_requested,2025-05-28 10:06:33,31052,#1462,issue
31086,review_requested,2025-05-28 10:06:33,168,user:26526132,user
31086,review_requested,2025-05-28 10:06:33,36,user:5144808,user
31091,review_requested,2025-05-28 10:06:33,31052,#1462,issue
31091,review_requested,2025-05-28 10:06:33,168,user:26526132,user
31091,review_requested,2025-05-28 10:06:33,69,user:15725,user
31096,commented,2025-05-28 10:07:13,31052,#1462,issue
31096,commented,2025-05-28 10:07:13,184,user:22429695,user
31100,reviewed,2025-05-28 12:56:12,31052,#1462,issue
31100,reviewed,2025-05-28 12:56:12,36,user:5144808,user
31104,merged,2025-05-28 12:56:33,31052,#1462,issue
31104,merged,2025-05-28 12:56:33,36,user:5144808,user
31107,closed,2025-05-28 12:56:33,31052,#1462,issue
31107,closed,2025-05-28 12:56:33,36,user:5144808,user
31110,head_ref_deleted,2025-06-01 05:37:31,31052,#1462,issue
31110,head_ref_deleted,2025-06-01 05:37:31,168,user:26526132,user
31117,created,2025-05-28 09:54:30,168,user:26526132,user
31117,created,2025-05-28 09:54:30,31113,#1461,issue
31122,review_requested,2025-05-28 09:54:30,168,user:26526132,user
31122,review_requested,2025-05-28 09:54:30,59,user:2585816,user
31122,review_requested,2025-05-28 09:54:30,31113,#1461,issue
31127,review_requested,2025-05-28 09:54:30,168,user:26526132,user
31127,review_requested,2025-05-28 09:54:30,36,user:5144808,user
31127,review_requested,2025-05-28 09:54:30,31113,#1461,issue
31132,review_requested,2025-05-28 09:54:30,168,user:26526132,user
31132,review_requested,2025-05-28 09:54:30,69,user:15725,user
31132,review_requested,2025-05-28 09:54:30,31113,#1461,issue
31137,labeled,2025-05-28 09:54:40,80,user:41898282,user
31137,labeled,2025-05-28 09:54:40,31113,#1461,issue
31140,labeled,2025-05-28 09:54:41,80,user:41898282,user
31140,labeled,2025-05-28 09:54:41,31113,#1461,issue
31143,head_ref_force_pushed,2025-05-28 09:55:25,168,user:26526132,user
31143,head_ref_force_pushed,2025-05-28 09:55:25,31113,#1461,issue
31146,commented,2025-05-28 09:57:43,31113,#1461,issue
31146,commented,2025-05-28 09:57:43,184,user:22429695,user
31150,reviewed,2025-05-28 12:57:54,36,user:5144808,user
31150,reviewed,2025-05-28 12:57:54,31113,#1461,issue
31154,committed,2025-05-28 13:06:48,219,committer:Yu-Ting Hsiung,user
31154,committed,2025-05-28 13:06:48,31156,sha:094e61631cb6e387665b17c835ba0a3e6c33321e,commit
31154,committed,2025-05-28 13:06:48,31113,#1461,issue
31162,head_ref_force_pushed,2025-05-28 13:06:54,168,user:26526132,user
31162,head_ref_force_pushed,2025-05-28 13:06:54,31113,#1461,issue
31165,reviewed,2025-05-28 13:11:33,36,user:5144808,user
31165,reviewed,2025-05-28 13:11:33,31113,#1461,issue
31169,merged,2025-05-28 13:20:01,36,user:5144808,user
31169,merged,2025-05-28 13:20:01,31113,#1461,issue
31172,closed,2025-05-28 13:20:01,36,user:5144808,user
31172,closed,2025-05-28 13:20:01,31113,#1461,issue
31175,head_ref_deleted,2025-06-01 05:37:40,168,user:26526132,user
31175,head_ref_deleted,2025-06-01 05:37:40,31113,#1461,issue
31182,created,2025-05-28 07:07:04,31178,#1460,issue
31182,created,2025-05-28 07:07:04,168,user:26526132,user
31187,committed,2025-05-28 05:15:29,219,committer:Yu-Ting Hsiung,user
31187,committed,2025-05-28 05:15:29,31189,sha:741c1e7575532755251a9c2017f1bdb2c7b572b0,commit
31187,committed,2025-05-28 05:15:29,31178,#1460,issue
31195,committed,2025-05-28 06:46:35,219,committer:Yu-Ting Hsiung,user
31195,committed,2025-05-28 06:46:35,31178,#1460,issue
31195,committed,2025-05-28 06:46:35,31197,sha:1ae2d1247b6ba7d5840acde4e4d0fb48a6103fe3,commit
31203,committed,2025-05-28 07:06:16,31205,sha:23a9e3883071cb8a2ebdcfa096feaf8e689eaa35,commit
31203,committed,2025-05-28 07:06:16,219,committer:Yu-Ting Hsiung,user
31203,committed,2025-05-28 07:06:16,31178,#1460,issue
31211,labeled,2025-05-28 07:07:20,80,user:41898282,user
31211,labeled,2025-05-28 07:07:20,31178,#1460,issue
31214,labeled,2025-05-28 07:07:21,80,user:41898282,user
31214,labeled,2025-05-28 07:07:21,31178,#1460,issue
31217,commented,2025-05-28 07:09:11,31178,#1460,issue
31217,commented,2025-05-28 07:09:11,184,user:22429695,user
31221,closed,2025-06-12 16:30:57,31178,#1460,issue
31221,closed,2025-06-12 16:30:57,168,user:26526132,user
31224,head_ref_deleted,2025-06-12 16:30:58,31178,#1460,issue
31224,head_ref_deleted,2025-06-12 16:30:58,168,user:26526132,user
31231,created,2025-05-28 06:49:53,168,user:26526132,user
31231,created,2025-05-28 06:49:53,31227,#1459,issue
31236,labeled,2025-05-28 06:50:06,80,user:41898282,user
31236,labeled,2025-05-28 06:50:06,31227,#1459,issue
31239,labeled,2025-05-28 06:50:06,80,user:41898282,user
31239,labeled,2025-05-28 06:50:06,31227,#1459,issue
31242,commented,2025-05-28 06:51:56,184,user:22429695,user
31242,commented,2025-05-28 06:51:56,31227,#1459,issue
31246,base_ref_changed,2025-05-30 12:14:36,168,user:26526132,user
31246,base_ref_changed,2025-05-30 12:14:36,31227,#1459,issue
31249,head_ref_force_pushed,2025-05-30 12:15:55,168,user:26526132,user
31249,head_ref_force_pushed,2025-05-30 12:15:55,31227,#1459,issue
31252,head_ref_force_pushed,2025-05-30 12:17:13,168,user:26526132,user
31252,head_ref_force_pushed,2025-05-30 12:17:13,31227,#1459,issue
31255,base_ref_force_pushed,2025-05-31 05:07:42,36,user:5144808,user
31255,base_ref_force_pushed,2025-05-31 05:07:42,31227,#1459,issue
31291,base_ref_deleted,2025-06-09 14:18:08,36,user:5144808,user
31291,base_ref_deleted,2025-06-09 14:18:08,31227,#1459,issue
31294,closed,2025-06-09 14:18:08,36,user:5144808,user
31294,closed,2025-06-09 14:18:08,31227,#1459,issue
31301,created,2025-05-26 23:48:43,31297,#1458,issue
31301,created,2025-05-26 23:48:43,31304,user:3059371,user
31311,committed,2025-05-26 23:45:10,31313,sha:87a48a4e586b4ff371af6e39295358ef035c1ed8,commit
31311,committed,2025-05-26 23:45:10,31297,#1458,issue
31311,committed,2025-05-26 23:45:10,273,committer:GitHub,user
31319,review_requested,2025-05-26 23:48:44,31297,#1458,issue
31319,review_requested,2025-05-26 23:48:44,31304,user:3059371,user
31319,review_requested,2025-05-26 23:48:44,59,user:2585816,user
31324,review_requested,2025-05-26 23:48:44,31297,#1458,issue
31324,review_requested,2025-05-26 23:48:44,31304,user:3059371,user
31324,review_requested,2025-05-26 23:48:44,36,user:5144808,user
31329,review_requested,2025-05-26 23:48:44,31297,#1458,issue
31329,review_requested,2025-05-26 23:48:44,31304,user:3059371,user
31329,review_requested,2025-05-26 23:48:44,69,user:15725,user
31334,labeled,2025-05-26 23:48:54,80,user:41898282,user
31334,labeled,2025-05-26 23:48:54,31297,#1458,issue
31337,labeled,2025-05-26 23:48:55,80,user:41898282,user
31337,labeled,2025-05-26 23:48:55,31297,#1458,issue
31340,commented,2025-05-26 23:50:35,31297,#1458,issue
31340,commented,2025-05-26 23:50:35,184,user:22429695,user
31344,reviewed,2025-05-27 00:55:09,31297,#1458,issue
31344,reviewed,2025-05-27 00:55:09,36,user:5144808,user
31348,commented,2025-05-27 00:55:43,31297,#1458,issue
31348,commented,2025-05-27 00:55:43,36,user:5144808,user
31352,mentioned,2025-05-27 00:55:44,31297,#1458,issue
31352,mentioned,2025-05-27 00:55:44,31304,user:3059371,user
31355,subscribed,2025-05-27 00:55:44,31297,#1458,issue
31355,subscribed,2025-05-27 00:55:44,31304,user:3059371,user
31358,mentioned,2025-05-27 00:55:44,168,user:26526132,user
31358,mentioned,2025-05-27 00:55:44,31297,#1458,issue
31361,subscribed,2025-05-27 00:55:44,168,user:26526132,user
31361,subscribed,2025-05-27 00:55:44,31297,#1458,issue
31364,merged,2025-05-27 00:55:47,31297,#1458,issue
31364,merged,2025-05-27 00:55:47,36,user:5144808,user
31367,closed,2025-05-27 00:55:47,31297,#1458,issue
31367,closed,2025-05-27 00:55:47,36,user:5144808,user
31370,commented,2025-05-27 01:59:58,31297,#1458,issue
31370,commented,2025-05-27 01:59:58,31304,user:3059371,user
31374,mentioned,2025-05-27 01:59:59,31297,#1458,issue
31374,mentioned,2025-05-27 01:59:59,36,user:5144808,user
31377,subscribed,2025-05-27 01:59:59,31297,#1458,issue
31377,subscribed,2025-05-27 01:59:59,36,user:5144808,user
31380,mentioned,2025-05-27 01:59:59,168,user:26526132,user
31380,mentioned,2025-05-27 01:59:59,31297,#1458,issue
31383,subscribed,2025-05-27 02:00:00,168,user:26526132,user
31383,subscribed,2025-05-27 02:00:00,31297,#1458,issue
31386,commented,2025-05-27 02:01:47,168,user:26526132,user
31386,commented,2025-05-27 02:01:47,31297,#1458,issue
31390,mentioned,2025-05-27 02:01:48,31297,#1458,issue
31390,mentioned,2025-05-27 02:01:48,36,user:5144808,user
31393,subscribed,2025-05-27 02:01:48,31297,#1458,issue
31393,subscribed,2025-05-27 02:01:48,36,user:5144808,user
31396,mentioned,2025-05-27 02:01:48,168,user:26526132,user
31396,mentioned,2025-05-27 02:01:48,31297,#1458,issue
31399,subscribed,2025-05-27 02:01:48,168,user:26526132,user
31399,subscribed,2025-05-27 02:01:48,31297,#1458,issue
31402,commented,2025-05-27 02:04:52,31297,#1458,issue
31402,commented,2025-05-27 02:04:52,31304,user:3059371,user
31406,mentioned,2025-05-27 02:04:53,31297,#1458,issue
31406,mentioned,2025-05-27 02:04:53,36,user:5144808,user
31409,subscribed,2025-05-27 02:04:53,31297,#1458,issue
31409,subscribed,2025-05-27 02:04:53,36,user:5144808,user
31412,mentioned,2025-05-27 02:04:53,168,user:26526132,user
31412,mentioned,2025-05-27 02:04:53,31297,#1458,issue
31415,subscribed,2025-05-27 02:04:54,168,user:26526132,user
31415,subscribed,2025-05-27 02:04:54,31297,#1458,issue
31418,commented,2025-05-27 02:17:04,168,user:26526132,user
31418,commented,2025-05-27 02:17:04,31297,#1458,issue
31493,commented,2025-05-29 16:43:15,168,user:26526132,user
31493,commented,2025-05-29 16:43:15,31422,#1457,issue
31497,milestoned,2025-05-31 05:07:33,31422,#1457,issue
31497,milestoned,2025-05-31 05:07:33,36,user:5144808,user
31500,head_ref_force_pushed,2025-05-31 05:07:42,31422,#1457,issue
31500,head_ref_force_pushed,2025-05-31 05:07:42,36,user:5144808,user
32211,committed,2025-06-09 00:46:11,31422,#1457,issue
32211,committed,2025-06-09 00:46:11,32213,sha:7f41db3a9daac9b9493cacabf21226b2ed98e77b,commit
32211,committed,2025-06-09 00:46:11,52,committer:Wei Lee,user
32219,committed,2025-06-09 00:46:11,31422,#1457,issue
32219,committed,2025-06-09 00:46:11,32221,sha:b2d1e92ffa3da4c8bfdf72b3854fb48254bb2426,commit
32219,committed,2025-06-09 00:46:11,52,committer:Wei Lee,user
32227,committed,2025-06-09 00:48:07,32229,sha:79404a4947841ffc0d358b0f860230bf91aa46a1,commit
32227,committed,2025-06-09 00:48:07,31422,#1457,issue
32227,committed,2025-06-09 00:48:07,52,committer:Wei Lee,user
32235,commented,2025-06-09 01:22:02,36,user:5144808,user
32235,commented,2025-06-09 01:22:02,31422,#1457,issue
32239,commented,2025-06-09 12:39:15,168,user:26526132,user
32239,commented,2025-06-09 12:39:15,31422,#1457,issue
32243,merged,2025-06-09 14:18:04,36,user:5144808,user
32243,merged,2025-06-09 14:18:04,31422,#1457,issue
32246,closed,2025-06-09 14:18:04,36,user:5144808,user
32246,closed,2025-06-09 14:18:04,31422,#1457,issue
32249,head_ref_deleted,2025-06-09 14:18:06,36,user:5144808,user
32249,head_ref_deleted,2025-06-09 14:18:06,31422,#1457,issue
32252,cross-referenced,2025-06-09 14:34:12,168,user:26526132,user
32252,cross-referenced,2025-06-09 14:34:12,31422,#1457,issue
32315,head_ref_force_pushed,2025-05-31 18:23:17,168,user:26526132,user
32315,head_ref_force_pushed,2025-05-31 18:23:17,32255,#1456,issue
32318,labeled,2025-05-31 18:23:26,80,user:41898282,user
32318,labeled,2025-05-31 18:23:26,32255,#1456,issue
32321,committed,2025-06-14 03:37:42,219,committer:Yu-Ting Hsiung,user
32321,committed,2025-06-14 03:37:42,32255,#1456,issue
32321,committed,2025-06-14 03:37:42,32323,sha:df9a2f224451e8ba9c5aadd6cc0105f1dcf0a89a,commit
32329,committed,2025-06-14 03:37:43,219,committer:Yu-Ting Hsiung,user
32329,committed,2025-06-14 03:37:43,32331,sha:d4f4352f09b0cd400439d81318a148c3201cbf6f,commit
32329,committed,2025-06-14 03:37:43,32255,#1456,issue
32337,head_ref_force_pushed,2025-06-14 03:37:50,168,user:26526132,user
32337,head_ref_force_pushed,2025-06-14 03:37:50,32255,#1456,issue
32340,base_ref_changed,2025-06-14 03:38:04,168,user:26526132,user
32340,base_ref_changed,2025-06-14 03:38:04,32255,#1456,issue
32343,commented,2025-06-14 03:55:55,36,user:5144808,user
32343,commented,2025-06-14 03:55:55,32255,#1456,issue
32347,merged,2025-06-14 03:55:57,36,user:5144808,user
32347,merged,2025-06-14 03:55:57,32255,#1456,issue
32350,closed,2025-06-14 03:55:57,36,user:5144808,user
32350,closed,2025-06-14 03:55:57,32255,#1456,issue
32405,commented,2025-05-31 18:38:34,168,user:26526132,user
32405,commented,2025-05-31 18:38:34,32353,#1455,issue
32409,closed,2025-05-31 18:38:34,168,user:26526132,user
32409,closed,2025-05-31 18:38:34,32353,#1455,issue
32412,head_ref_deleted,2025-06-01 05:38:09,168,user:26526132,user
32412,head_ref_deleted,2025-06-01 05:38:09,32353,#1455,issue
32462,head_ref_deleted,2025-06-13 05:11:50,168,user:26526132,user
32462,head_ref_deleted,2025-06-13 05:11:50,32415,#1454,issue
32540,reviewed,2025-05-26 01:31:37,32465,#1453,issue
32540,reviewed,2025-05-26 01:31:37,36,user:5144808,user
32544,base_ref_changed,2025-05-26 01:31:46,32465,#1453,issue
32544,base_ref_changed,2025-05-26 01:31:46,36,user:5144808,user
32547,labeled,2025-05-26 01:32:01,32465,#1453,issue
32547,labeled,2025-05-26 01:32:01,36,user:5144808,user
32550,unlabeled,2025-05-26 01:32:05,32465,#1453,issue
32550,unlabeled,2025-05-26 01:32:05,36,user:5144808,user
32553,commented,2025-05-26 01:33:18,32465,#1453,issue
32553,commented,2025-05-26 01:33:18,36,user:5144808,user
32557,mentioned,2025-05-26 01:33:20,32465,#1453,issue
32557,mentioned,2025-05-26 01:33:20,69,user:15725,user
32560,subscribed,2025-05-26 01:33:20,32465,#1453,issue
32560,subscribed,2025-05-26 01:33:20,69,user:15725,user
32563,mentioned,2025-05-26 01:33:20,32465,#1453,issue
32563,mentioned,2025-05-26 01:33:20,59,user:2585816,user
32566,subscribed,2025-05-26 01:33:20,32465,#1453,issue
32566,subscribed,2025-05-26 01:33:20,59,user:2585816,user
32569,commented,2025-05-28 01:25:43,32465,#1453,issue
32569,commented,2025-05-28 01:25:43,36,user:5144808,user
32573,merged,2025-05-28 01:25:49,32465,#1453,issue
32573,merged,2025-05-28 01:25:49,36,user:5144808,user
32576,closed,2025-05-28 01:25:49,32465,#1453,issue
32576,closed,2025-05-28 01:25:49,36,user:5144808,user
32579,head_ref_deleted,2025-05-28 10:51:52,32465,#1453,issue
32579,head_ref_deleted,2025-05-28 10:51:52,168,user:26526132,user
32622,reviewed,2025-05-28 01:29:47,32582,#1452,issue
32622,reviewed,2025-05-28 01:29:47,36,user:5144808,user
32626,commented,2025-05-28 01:30:12,32582,#1452,issue
32626,commented,2025-05-28 01:30:12,36,user:5144808,user
32630,mentioned,2025-05-28 01:30:14,32582,#1452,issue
32630,mentioned,2025-05-28 01:30:14,168,user:26526132,user
32633,subscribed,2025-05-28 01:30:14,32582,#1452,issue
32633,subscribed,2025-05-28 01:30:14,168,user:26526132,user
32636,unlabeled,2025-05-28 01:30:40,32582,#1452,issue
32636,unlabeled,2025-05-28 01:30:40,36,user:5144808,user
32639,unlabeled,2025-05-28 01:30:40,32582,#1452,issue
32639,unlabeled,2025-05-28 01:30:40,36,user:5144808,user
32642,labeled,2025-05-28 01:30:40,32582,#1452,issue
32642,labeled,2025-05-28 01:30:40,36,user:5144808,user
32645,committed,2025-05-28 05:03:32,219,committer:Yu-Ting Hsiung,user
32645,committed,2025-05-28 05:03:32,32582,#1452,issue
32645,committed,2025-05-28 05:03:32,32647,sha:f2ee7ffd0606e9b9a53e3c9825efdd0c9ece2a09,commit
32653,head_ref_force_pushed,2025-05-28 05:03:50,32582,#1452,issue
32653,head_ref_force_pushed,2025-05-28 05:03:50,168,user:26526132,user
32656,labeled,2025-05-28 05:03:58,80,user:41898282,user
32656,labeled,2025-05-28 05:03:58,32582,#1452,issue
32659,labeled,2025-05-28 05:03:58,80,user:41898282,user
32659,labeled,2025-05-28 05:03:58,32582,#1452,issue
32662,commented,2025-05-28 05:05:08,32582,#1452,issue
32662,commented,2025-05-28 05:05:08,168,user:26526132,user
32666,reviewed,2025-05-28 12:55:25,32582,#1452,issue
32666,reviewed,2025-05-28 12:55:25,36,user:5144808,user
32670,merged,2025-05-28 12:55:39,32582,#1452,issue
32670,merged,2025-05-28 12:55:39,36,user:5144808,user
32673,closed,2025-05-28 12:55:39,32582,#1452,issue
32673,closed,2025-05-28 12:55:39,36,user:5144808,user
32676,head_ref_deleted,2025-06-01 05:38:16,32582,#1452,issue
32676,head_ref_deleted,2025-06-01 05:38:16,168,user:26526132,user
32679,cross-referenced,2025-06-09 12:54:29,32582,#1452,issue
32679,cross-referenced,2025-06-09 12:54:29,168,user:26526132,user
32747,unlabeled,2025-05-28 01:27:46,36,user:5144808,user
32747,unlabeled,2025-05-28 01:27:46,32685,#1451,issue
32750,reviewed,2025-05-28 01:28:05,36,user:5144808,user
32750,reviewed,2025-05-28 01:28:05,32685,#1451,issue
32754,merged,2025-05-28 01:28:11,36,user:5144808,user
32754,merged,2025-05-28 01:28:11,32685,#1451,issue
32757,closed,2025-05-28 01:28:12,36,user:5144808,user
32757,closed,2025-05-28 01:28:12,32685,#1451,issue
32760,head_ref_deleted,2025-06-01 05:35:09,168,user:26526132,user
32760,head_ref_deleted,2025-06-01 05:35:09,32685,#1451,issue
32904,reviewed,2025-05-26 01:13:09,32763,#1450,issue
32904,reviewed,2025-05-26 01:13:09,36,user:5144808,user
32908,head_ref_force_pushed,2025-05-26 01:53:37,32763,#1450,issue
32908,head_ref_force_pushed,2025-05-26 01:53:37,168,user:26526132,user
32911,head_ref_force_pushed,2025-05-26 01:55:26,32763,#1450,issue
32911,head_ref_force_pushed,2025-05-26 01:55:26,168,user:26526132,user
32914,reviewed,2025-05-26 06:04:43,32763,#1450,issue
32914,reviewed,2025-05-26 06:04:43,36,user:5144808,user
32918,committed,2025-05-26 08:24:38,32763,#1450,issue
32918,committed,2025-05-26 08:24:38,219,committer:Yu-Ting Hsiung,user
32918,committed,2025-05-26 08:24:38,32920,sha:e765065781e23476e7f3f6129f0241c01009c1f3,commit
32926,committed,2025-05-26 08:24:38,32763,#1450,issue
32926,committed,2025-05-26 08:24:38,219,committer:Yu-Ting Hsiung,user
32926,committed,2025-05-26 08:24:38,32928,sha:b16d901a0945fe609d701059935dcf86645a9522,commit
32934,head_ref_force_pushed,2025-05-26 08:24:44,32763,#1450,issue
32934,head_ref_force_pushed,2025-05-26 08:24:44,168,user:26526132,user
32937,reviewed,2025-05-27 00:56:42,32763,#1450,issue
32937,reviewed,2025-05-27 00:56:42,36,user:5144808,user
32941,merged,2025-05-27 00:57:12,32763,#1450,issue
32941,merged,2025-05-27 00:57:12,36,user:5144808,user
32944,closed,2025-05-27 00:57:12,32763,#1450,issue
32944,closed,2025-05-27 00:57:12,36,user:5144808,user
32947,head_ref_deleted,2025-06-01 05:38:39,32763,#1450,issue
32947,head_ref_deleted,2025-06-01 05:38:39,168,user:26526132,user
32988,reviewed,2025-05-26 01:29:00,36,user:5144808,user
32988,reviewed,2025-05-26 01:29:00,32950,#1449,issue
32992,base_ref_changed,2025-05-26 01:29:20,36,user:5144808,user
32992,base_ref_changed,2025-05-26 01:29:20,32950,#1449,issue
32995,labeled,2025-05-26 01:29:54,36,user:5144808,user
32995,labeled,2025-05-26 01:29:54,32950,#1449,issue
32998,committed,2025-05-26 02:00:29,219,committer:Yu-Ting Hsiung,user
32998,committed,2025-05-26 02:00:29,32950,#1449,issue
32998,committed,2025-05-26 02:00:29,33000,sha:02a3fe8ceb18d4b2343d7457b52b52d1d02ec2a1,commit
33006,head_ref_force_pushed,2025-05-26 02:00:36,168,user:26526132,user
33006,head_ref_force_pushed,2025-05-26 02:00:36,32950,#1449,issue
33009,labeled,2025-05-26 02:00:47,80,user:41898282,user
33009,labeled,2025-05-26 02:00:47,32950,#1449,issue
33012,reviewed,2025-05-26 06:05:04,36,user:5144808,user
33012,reviewed,2025-05-26 06:05:04,32950,#1449,issue
33016,merged,2025-05-26 06:05:14,36,user:5144808,user
33016,merged,2025-05-26 06:05:14,32950,#1449,issue
33019,closed,2025-05-26 06:05:14,36,user:5144808,user
33019,closed,2025-05-26 06:05:14,32950,#1449,issue
33022,head_ref_deleted,2025-06-01 05:39:00,168,user:26526132,user
33022,head_ref_deleted,2025-06-01 05:39:00,32950,#1449,issue
33089,head_ref_deleted,2025-06-01 05:35:08,168,user:26526132,user
33089,head_ref_deleted,2025-06-01 05:35:08,33025,#1448,issue
33170,head_ref_deleted,2025-06-01 05:39:05,168,user:26526132,user
33170,head_ref_deleted,2025-06-01 05:39:05,33092,#1447,issue
33271,head_ref_deleted,2025-06-01 05:39:10,168,user:26526132,user
33271,head_ref_deleted,2025-06-01 05:39:10,33173,#1444,issue
33340,head_ref_deleted,2025-06-01 05:39:12,33274,#1443,issue
33340,head_ref_deleted,2025-06-01 05:39:12,168,user:26526132,user
33437,reviewed,2025-05-26 01:16:35,33343,#1442,issue
33437,reviewed,2025-05-26 01:16:35,36,user:5144808,user
33441,merged,2025-05-26 01:16:47,33343,#1442,issue
33441,merged,2025-05-26 01:16:47,36,user:5144808,user
33444,closed,2025-05-26 01:16:47,33343,#1442,issue
33444,closed,2025-05-26 01:16:47,36,user:5144808,user
33447,head_ref_deleted,2025-06-01 05:39:15,33343,#1442,issue
33447,head_ref_deleted,2025-06-01 05:39:15,168,user:26526132,user
33875,commented,2025-06-09 14:21:46,33857,#1433,issue
33875,commented,2025-06-09 14:21:46,36,user:5144808,user
33879,closed,2025-06-09 14:21:46,33857,#1433,issue
33879,closed,2025-06-09 14:21:46,36,user:5144808,user
33985,head_ref_deleted,2025-06-01 05:35:24,168,user:26526132,user
33985,head_ref_deleted,2025-06-01 05:35:24,33882,#1432,issue
34092,head_ref_force_pushed,2025-05-29 13:45:22,33988,#1431,issue
34092,head_ref_force_pushed,2025-05-29 13:45:22,168,user:26526132,user
34095,labeled,2025-05-29 13:45:33,80,user:41898282,user
34095,labeled,2025-05-29 13:45:33,33988,#1431,issue
34098,head_ref_force_pushed,2025-05-29 13:53:08,33988,#1431,issue
34098,head_ref_force_pushed,2025-05-29 13:53:08,168,user:26526132,user
34101,renamed,2025-05-29 13:54:50,33988,#1431,issue
34101,renamed,2025-05-29 13:54:50,168,user:26526132,user
34104,head_ref_force_pushed,2025-05-31 18:11:38,33988,#1431,issue
34104,head_ref_force_pushed,2025-05-31 18:11:38,168,user:26526132,user
34107,base_ref_changed,2025-05-31 18:11:42,33988,#1431,issue
34107,base_ref_changed,2025-05-31 18:11:42,168,user:26526132,user
34110,labeled,2025-05-31 18:11:47,80,user:41898282,user
34110,labeled,2025-05-31 18:11:47,33988,#1431,issue
34113,head_ref_force_pushed,2025-05-31 18:13:44,33988,#1431,issue
34113,head_ref_force_pushed,2025-05-31 18:13:44,168,user:26526132,user
34152,base_ref_deleted,2025-06-09 14:18:08,36,user:5144808,user
34152,base_ref_deleted,2025-06-09 14:18:08,33988,#1431,issue
34155,closed,2025-06-09 14:18:08,36,user:5144808,user
34155,closed,2025-06-09 14:18:08,33988,#1431,issue
34158,cross-referenced,2025-06-09 14:30:23,33988,#1431,issue
34158,cross-referenced,2025-06-09 14:30:23,168,user:26526132,user
34219,head_ref_deleted,2025-06-01 05:35:21,168,user:26526132,user
34219,head_ref_deleted,2025-06-01 05:35:21,34161,#1430,issue
34284,head_ref_deleted,2025-06-01 05:39:57,34222,#1429,issue
34284,head_ref_deleted,2025-06-01 05:39:57,168,user:26526132,user
34354,merged,2025-05-26 01:11:25,34287,#1428,issue
34354,merged,2025-05-26 01:11:25,36,user:5144808,user
34357,closed,2025-05-26 01:11:25,34287,#1428,issue
34357,closed,2025-05-26 01:11:25,36,user:5144808,user
34360,head_ref_deleted,2025-06-01 05:40:05,34287,#1428,issue
34360,head_ref_deleted,2025-06-01 05:40:05,168,user:26526132,user
34429,head_ref_deleted,2025-06-01 05:40:07,168,user:26526132,user
34429,head_ref_deleted,2025-06-01 05:40:07,34363,#1427,issue
34510,head_ref_deleted,2025-06-01 05:40:09,34432,#1426,issue
34510,head_ref_deleted,2025-06-01 05:40:09,168,user:26526132,user
34560,reviewed,2025-05-28 01:47:22,34513,#1425,issue
34560,reviewed,2025-05-28 01:47:22,36,user:5144808,user
34564,head_ref_force_pushed,2025-05-28 05:15:50,34513,#1425,issue
34564,head_ref_force_pushed,2025-05-28 05:15:50,168,user:26526132,user
34567,labeled,2025-05-28 05:16:01,34513,#1425,issue
34567,labeled,2025-05-28 05:16:01,80,user:41898282,user
34570,head_ref_force_pushed,2025-05-28 06:37:02,34513,#1425,issue
34570,head_ref_force_pushed,2025-05-28 06:37:02,168,user:26526132,user
34573,head_ref_force_pushed,2025-05-28 06:46:55,34513,#1425,issue
34573,head_ref_force_pushed,2025-05-28 06:46:55,168,user:26526132,user
34576,head_ref_force_pushed,2025-05-31 18:27:40,34513,#1425,issue
34576,head_ref_force_pushed,2025-05-31 18:27:40,168,user:26526132,user
34579,base_ref_changed,2025-05-31 18:27:45,34513,#1425,issue
34579,base_ref_changed,2025-05-31 18:27:45,168,user:26526132,user
34582,review_requested,2025-05-31 18:29:36,34513,#1425,issue
34582,review_requested,2025-05-31 18:29:36,168,user:26526132,user
34582,review_requested,2025-05-31 18:29:36,36,user:5144808,user
34621,base_ref_deleted,2025-06-09 14:18:07,34513,#1425,issue
34621,base_ref_deleted,2025-06-09 14:18:07,36,user:5144808,user
34624,closed,2025-06-09 14:18:07,34513,#1425,issue
34624,closed,2025-06-09 14:18:07,36,user:5144808,user
34685,base_ref_force_pushed,2025-05-31 05:07:42,34627,#1424,issue
34685,base_ref_force_pushed,2025-05-31 05:07:42,36,user:5144808,user
34729,base_ref_deleted,2025-06-09 14:18:07,34627,#1424,issue
34729,base_ref_deleted,2025-06-09 14:18:07,36,user:5144808,user
34732,closed,2025-06-09 14:18:07,34627,#1424,issue
34732,closed,2025-06-09 14:18:07,36,user:5144808,user
34735,cross-referenced,2025-06-09 14:38:27,34627,#1424,issue
34735,cross-referenced,2025-06-09 14:38:27,168,user:26526132,user
34802,head_ref_deleted,2025-06-01 05:34:56,34738,#1423,issue
34802,head_ref_deleted,2025-06-01 05:34:56,168,user:26526132,user
34898,head_ref_deleted,2025-06-01 05:40:13,34805,#1422,issue
34898,head_ref_deleted,2025-06-01 05:40:13,168,user:26526132,user
34987,cross-referenced,2025-06-09 12:39:15,168,user:26526132,user
34987,cross-referenced,2025-06-09 12:39:15,34963,#1420,issue
34990,commented,2025-06-09 14:23:46,36,user:5144808,user
34990,commented,2025-06-09 14:23:46,34963,#1420,issue
34994,closed,2025-06-09 14:23:47,36,user:5144808,user
34994,closed,2025-06-09 14:23:47,34963,#1420,issue
34997,commented,2025-06-09 19:49:58,34963,#1420,issue
34997,commented,2025-06-09 19:49:58,34970,user:2711700,user
35001,mentioned,2025-06-09 19:49:59,36,user:5144808,user
35001,mentioned,2025-06-09 19:49:59,34963,#1420,issue
35004,subscribed,2025-06-09 19:49:59,36,user:5144808,user
35004,subscribed,2025-06-09 19:49:59,34963,#1420,issue
35007,mentioned,2025-06-09 19:49:59,168,user:26526132,user
35007,mentioned,2025-06-09 19:49:59,34963,#1420,issue
35010,subscribed,2025-06-09 19:49:59,168,user:26526132,user
35010,subscribed,2025-06-09 19:49:59,34963,#1420,issue
35308,head_ref_deleted,2025-06-13 05:12:56,35078,#1417,issue
35308,head_ref_deleted,2025-06-13 05:12:56,168,user:26526132,user
35416,head_ref_deleted,2025-06-01 05:40:28,35311,#1416,issue
35416,head_ref_deleted,2025-06-01 05:40:28,168,user:26526132,user
35465,head_ref_deleted,2025-06-01 05:34:38,35419,#1415,issue
35465,head_ref_deleted,2025-06-01 05:34:38,168,user:26526132,user
35582,referenced,2025-05-28 01:27:06,36,user:5144808,user
35582,referenced,2025-05-28 01:27:06,35552,#1413,issue
35585,closed,2025-05-28 01:27:06,36,user:5144808,user
35585,closed,2025-05-28 01:27:06,35552,#1413,issue
35588,referenced,2025-05-30 12:15:55,168,user:26526132,user
35588,referenced,2025-05-30 12:15:55,35552,#1413,issue
35689,head_ref_deleted,2025-06-01 05:34:36,35591,#1412,issue
35689,head_ref_deleted,2025-06-01 05:34:36,168,user:26526132,user
35886,head_ref_deleted,2025-06-01 05:34:35,35817,#1408,issue
35886,head_ref_deleted,2025-06-01 05:34:35,168,user:26526132,user
35978,head_ref_deleted,2025-06-01 05:34:32,168,user:26526132,user
35978,head_ref_deleted,2025-06-01 05:34:32,35889,#1407,issue
36026,closed,2025-05-28 01:27:05,36,user:5144808,user
36026,closed,2025-05-28 01:27:05,35981,#1405,issue
36029,closed,2025-05-28 01:27:06,36,user:5144808,user
36029,closed,2025-05-28 01:27:06,35981,#1405,issue
36032,referenced,2025-05-28 03:11:27,19066,user:39814207,user
36032,referenced,2025-05-28 03:11:27,35981,#1405,issue
36035,referenced,2025-05-30 12:15:54,168,user:26526132,user
36035,referenced,2025-05-30 12:15:54,35981,#1405,issue
36438,commented,2025-05-28 01:27:01,36038,#1404,issue
36438,commented,2025-05-28 01:27:01,36,user:5144808,user
36442,merged,2025-05-28 01:27:04,36038,#1404,issue
36442,merged,2025-05-28 01:27:04,36,user:5144808,user
36445,closed,2025-05-28 01:27:05,36038,#1404,issue
36445,closed,2025-05-28 01:27:05,36,user:5144808,user
36448,head_ref_deleted,2025-06-01 05:35:15,36038,#1404,issue
36448,head_ref_deleted,2025-06-01 05:35:15,168,user:26526132,user
36512,head_ref_deleted,2025-06-01 05:34:33,36451,#1403,issue
36512,head_ref_deleted,2025-06-01 05:34:33,168,user:26526132,user
36727,cross-referenced,2025-05-31 18:37:00,168,user:26526132,user
36727,cross-referenced,2025-05-31 18:37:00,36672,#1400,issue
36740,cross-referenced,2025-06-09 14:34:12,168,user:26526132,user
36740,cross-referenced,2025-06-09 14:34:12,36672,#1400,issue
37579,cross-referenced,2025-05-29 19:21:01,168,user:26526132,user
37579,cross-referenced,2025-05-29 19:21:01,37438,#1381,issue
37582,cross-referenced,2025-06-11 14:15:58,168,user:26526132,user
37582,cross-referenced,2025-06-11 14:15:58,37438,#1381,issue
38250,commented,2025-06-11 14:15:58,168,user:26526132,user
38250,commented,2025-06-11 14:15:58,38198,#1370,issue
38254,commented,2025-06-11 14:43:00,36,user:5144808,user
38254,commented,2025-06-11 14:43:00,38198,#1370,issue
38258,closed,2025-06-11 14:43:00,36,user:5144808,user
38258,closed,2025-06-11 14:43:00,38198,#1370,issue
50819,created,2024-05-24 01:38:12,50815,#1142,issue
50819,created,2024-05-24 01:38:12,259,user:49699333,user
50824,committed,2024-05-24 01:38:11,50815,#1142,issue
50824,committed,2024-05-24 01:38:11,50826,sha:6a067d9fae6c5728dfb5bf83f3d042a79494b23d,commit
50824,committed,2024-05-24 01:38:11,273,committer:GitHub,user
50832,review_requested,2024-05-24 01:38:13,50815,#1142,issue
50832,review_requested,2024-05-24 01:38:13,259,user:49699333,user
50832,review_requested,2024-05-24 01:38:13,59,user:2585816,user
50837,labeled,2024-05-24 01:38:13,50815,#1142,issue
50837,labeled,2024-05-24 01:38:13,259,user:49699333,user
50840,review_requested,2024-05-24 01:38:13,50815,#1142,issue
50840,review_requested,2024-05-24 01:38:13,259,user:49699333,user
50840,review_requested,2024-05-24 01:38:13,36,user:5144808,user
50845,review_requested,2024-05-24 01:38:13,50815,#1142,issue
50845,review_requested,2024-05-24 01:38:13,259,user:49699333,user
50845,review_requested,2024-05-24 01:38:13,69,user:15725,user
50850,labeled,2024-05-24 01:38:26,80,user:41898282,user
50850,labeled,2024-05-24 01:38:26,50815,#1142,issue
50853,reviewed,2024-05-25 01:01:38,50815,#1142,issue
50853,reviewed,2024-05-25 01:01:38,36,user:5144808,user
50857,merged,2024-05-25 01:02:00,50815,#1142,issue
50857,merged,2024-05-25 01:02:00,36,user:5144808,user
50860,closed,2024-05-25 01:02:00,50815,#1142,issue
50860,closed,2024-05-25 01:02:00,36,user:5144808,user
50863,head_ref_deleted,2024-05-25 01:02:00,50815,#1142,issue
50863,head_ref_deleted,2024-05-25 01:02:00,36,user:5144808,user
50870,created,2024-05-23 01:52:04,259,user:49699333,user
50870,created,2024-05-23 01:52:04,50866,#1140,issue
50875,committed,2024-05-23 01:52:03,50866,#1140,issue
50875,committed,2024-05-23 01:52:03,273,committer:GitHub,user
50875,committed,2024-05-23 01:52:03,50877,sha:3842c50e68abd01ba8ce14775861a4b7530338bd,commit
50883,review_requested,2024-05-23 01:52:04,259,user:49699333,user
50883,review_requested,2024-05-23 01:52:04,50866,#1140,issue
50883,review_requested,2024-05-23 01:52:04,59,user:2585816,user
50888,review_requested,2024-05-23 01:52:04,259,user:49699333,user
50888,review_requested,2024-05-23 01:52:04,50866,#1140,issue
50888,review_requested,2024-05-23 01:52:04,36,user:5144808,user
50893,review_requested,2024-05-23 01:52:05,259,user:49699333,user
50893,review_requested,2024-05-23 01:52:05,69,user:15725,user
50893,review_requested,2024-05-23 01:52:05,50866,#1140,issue
50898,labeled,2024-05-23 01:52:05,259,user:49699333,user
50898,labeled,2024-05-23 01:52:05,50866,#1140,issue
50901,labeled,2024-05-23 01:52:15,80,user:41898282,user
50901,labeled,2024-05-23 01:52:15,50866,#1140,issue
50904,reviewed,2024-05-23 01:59:27,50866,#1140,issue
50904,reviewed,2024-05-23 01:59:27,36,user:5144808,user
50908,merged,2024-05-23 01:59:33,50866,#1140,issue
50908,merged,2024-05-23 01:59:33,36,user:5144808,user
50911,closed,2024-05-23 01:59:33,50866,#1140,issue
50911,closed,2024-05-23 01:59:33,36,user:5144808,user
50914,head_ref_deleted,2024-05-23 01:59:33,50866,#1140,issue
50914,head_ref_deleted,2024-05-23 01:59:33,36,user:5144808,user
50921,created,2024-05-22 12:43:27,50917,#1139,issue
50921,created,2024-05-22 12:43:27,50655,user:48416792,user
50926,labeled,2024-05-22 12:43:42,80,user:41898282,user
50926,labeled,2024-05-22 12:43:42,50917,#1139,issue
50929,commented,2024-05-22 12:46:28,50917,#1139,issue
50929,commented,2024-05-22 12:46:28,184,user:22429695,user
50933,ready_for_review,2024-05-22 14:06:46,50917,#1139,issue
50933,ready_for_review,2024-05-22 14:06:46,50655,user:48416792,user
50936,review_requested,2024-05-22 14:06:46,50917,#1139,issue
50936,review_requested,2024-05-22 14:06:46,50655,user:48416792,user
50936,review_requested,2024-05-22 14:06:46,59,user:2585816,user
50941,review_requested,2024-05-22 14:06:46,50917,#1139,issue
50941,review_requested,2024-05-22 14:06:46,50655,user:48416792,user
50941,review_requested,2024-05-22 14:06:46,36,user:5144808,user
50946,review_requested,2024-05-22 14:06:46,50917,#1139,issue
50946,review_requested,2024-05-22 14:06:46,50655,user:48416792,user
50946,review_requested,2024-05-22 14:06:46,69,user:15725,user
50951,reviewed,2024-05-23 01:34:09,50917,#1139,issue
50951,reviewed,2024-05-23 01:34:09,36,user:5144808,user
50955,committed,2024-05-23 01:43:27,50917,#1139,issue
50955,committed,2024-05-23 01:43:27,50957,sha:608368c4529f160ca9d1ee8d6e7db1a1db7d72ae,commit
50955,committed,2024-05-23 01:43:27,50701,committer:Marcos Martins,user
50963,renamed,2024-05-23 01:43:58,50917,#1139,issue
50963,renamed,2024-05-23 01:43:58,50655,user:48416792,user
50966,commented,2024-05-23 01:47:17,50917,#1139,issue
50966,commented,2024-05-23 01:47:17,50655,user:48416792,user
50970,reviewed,2024-05-23 01:51:47,50917,#1139,issue
50970,reviewed,2024-05-23 01:51:47,36,user:5144808,user
50974,merged,2024-05-23 01:52:05,50917,#1139,issue
50974,merged,2024-05-23 01:52:05,36,user:5144808,user
50977,closed,2024-05-23 01:52:05,50917,#1139,issue
50977,closed,2024-05-23 01:52:05,36,user:5144808,user
50984,created,2024-05-22 03:25:06,36,user:5144808,user
50984,created,2024-05-22 03:25:06,50980,#1138,issue
50989,labeled,2024-05-22 03:25:06,36,user:5144808,user
50989,labeled,2024-05-22 03:25:06,50980,#1138,issue
50992,labeled,2024-05-22 03:25:14,36,user:5144808,user
50992,labeled,2024-05-22 03:25:14,50980,#1138,issue
50995,labeled,2024-05-22 03:25:16,80,user:41898282,user
50995,labeled,2024-05-22 03:25:16,50980,#1138,issue
50998,unlabeled,2024-05-22 03:25:19,36,user:5144808,user
50998,unlabeled,2024-05-22 03:25:19,50980,#1138,issue
51001,labeled,2024-05-22 03:25:19,36,user:5144808,user
51001,labeled,2024-05-22 03:25:19,50980,#1138,issue
51004,commented,2024-05-22 11:57:26,50655,user:48416792,user
51004,commented,2024-05-22 11:57:26,50980,#1138,issue
51008,mentioned,2024-05-22 11:57:28,36,user:5144808,user
51008,mentioned,2024-05-22 11:57:28,50980,#1138,issue
51011,subscribed,2024-05-22 11:57:28,36,user:5144808,user
51011,subscribed,2024-05-22 11:57:28,50980,#1138,issue
51014,commented,2024-05-22 12:05:03,36,user:5144808,user
51014,commented,2024-05-22 12:05:03,50980,#1138,issue
51018,mentioned,2024-05-22 12:05:05,36,user:5144808,user
51018,mentioned,2024-05-22 12:05:05,50980,#1138,issue
51021,subscribed,2024-05-22 12:05:05,36,user:5144808,user
51021,subscribed,2024-05-22 12:05:05,50980,#1138,issue
51024,assigned,2024-05-22 12:05:34,50655,user:48416792,user
51024,assigned,2024-05-22 12:05:34,36,user:5144808,user
51024,assigned,2024-05-22 12:05:34,50980,#1138,issue
51029,cross-referenced,2024-05-22 14:07:16,50655,user:48416792,user
51029,cross-referenced,2024-05-22 14:07:16,50980,#1138,issue
51032,closed,2024-05-23 01:52:06,36,user:5144808,user
51032,closed,2024-05-23 01:52:06,50980,#1138,issue
51039,created,2024-05-21 18:18:53,51035,#1137,issue
51039,created,2024-05-21 18:18:53,51042,user:39889,user
51049,committed,2024-05-21 18:15:55,51035,#1137,issue
51049,committed,2024-05-21 18:15:55,51051,sha:61e53a0b389c1a02c6b727de4f54115e1193832d,commit
51049,committed,2024-05-21 18:15:55,51056,committer:Yaroslav Halchenko,user
51058,review_requested,2024-05-21 18:18:54,51035,#1137,issue
51058,review_requested,2024-05-21 18:18:54,51042,user:39889,user
51058,review_requested,2024-05-21 18:18:54,59,user:2585816,user
51063,review_requested,2024-05-21 18:18:54,51035,#1137,issue
51063,review_requested,2024-05-21 18:18:54,51042,user:39889,user
51063,review_requested,2024-05-21 18:18:54,36,user:5144808,user
51068,review_requested,2024-05-21 18:18:54,51035,#1137,issue
51068,review_requested,2024-05-21 18:18:54,51042,user:39889,user
51068,review_requested,2024-05-21 18:18:54,69,user:15725,user
51073,labeled,2024-05-21 18:19:06,80,user:41898282,user
51073,labeled,2024-05-21 18:19:06,51035,#1137,issue
51076,commented,2024-05-21 18:22:06,51035,#1137,issue
51076,commented,2024-05-21 18:22:06,184,user:22429695,user
51080,reviewed,2024-05-22 03:00:20,51035,#1137,issue
51080,reviewed,2024-05-22 03:00:20,36,user:5144808,user
51084,merged,2024-05-22 03:00:29,51035,#1137,issue
51084,merged,2024-05-22 03:00:29,36,user:5144808,user
51087,closed,2024-05-22 03:00:29,51035,#1137,issue
51087,closed,2024-05-22 03:00:29,36,user:5144808,user
51094,created,2024-05-21 18:14:27,51090,#1136,issue
51094,created,2024-05-21 18:14:27,51042,user:39889,user
51099,review_requested,2024-05-21 18:14:28,51090,#1136,issue
51099,review_requested,2024-05-21 18:14:28,51042,user:39889,user
51099,review_requested,2024-05-21 18:14:28,59,user:2585816,user
51104,review_requested,2024-05-21 18:14:28,51090,#1136,issue
51104,review_requested,2024-05-21 18:14:28,51042,user:39889,user
51104,review_requested,2024-05-21 18:14:28,36,user:5144808,user
51109,review_requested,2024-05-21 18:14:28,51090,#1136,issue
51109,review_requested,2024-05-21 18:14:28,51042,user:39889,user
51109,review_requested,2024-05-21 18:14:28,69,user:15725,user
51114,labeled,2024-05-21 18:14:40,80,user:41898282,user
51114,labeled,2024-05-21 18:14:40,51090,#1136,issue
51117,cross-referenced,2024-05-21 18:18:53,51090,#1136,issue
51117,cross-referenced,2024-05-21 18:18:53,51042,user:39889,user
51120,commented,2024-05-22 03:00:01,51090,#1136,issue
51120,commented,2024-05-22 03:00:01,36,user:5144808,user
51124,mentioned,2024-05-22 03:00:02,51090,#1136,issue
51124,mentioned,2024-05-22 03:00:02,51042,user:39889,user
51127,subscribed,2024-05-22 03:00:02,51090,#1136,issue
51127,subscribed,2024-05-22 03:00:02,51042,user:39889,user
51130,head_ref_force_pushed,2024-05-22 03:01:19,51090,#1136,issue
51130,head_ref_force_pushed,2024-05-22 03:01:19,36,user:5144808,user
51133,committed,2024-05-22 03:04:46,51090,#1136,issue
51133,committed,2024-05-22 03:04:46,51135,sha:2a1118eac8fda95551515d474c820a83f2cc4a66,commit
51133,committed,2024-05-22 03:04:46,52,committer:Wei Lee,user
51141,head_ref_force_pushed,2024-05-22 03:04:48,51090,#1136,issue
51141,head_ref_force_pushed,2024-05-22 03:04:48,36,user:5144808,user
51144,commented,2024-05-22 03:06:05,51090,#1136,issue
51144,commented,2024-05-22 03:06:05,184,user:22429695,user
51148,commented,2024-05-22 03:14:20,51090,#1136,issue
51148,commented,2024-05-22 03:14:20,36,user:5144808,user
51152,mentioned,2024-05-22 03:14:21,51090,#1136,issue
51152,mentioned,2024-05-22 03:14:21,51042,user:39889,user
51155,subscribed,2024-05-22 03:14:21,51090,#1136,issue
51155,subscribed,2024-05-22 03:14:21,51042,user:39889,user
51158,labeled,2024-05-22 03:14:25,51090,#1136,issue
51158,labeled,2024-05-22 03:14:25,36,user:5144808,user
51161,unlabeled,2024-05-22 03:25:33,51090,#1136,issue
51161,unlabeled,2024-05-22 03:25:33,36,user:5144808,user
51164,labeled,2024-05-22 04:01:03,80,user:41898282,user
51164,labeled,2024-05-22 04:01:03,51090,#1136,issue
51167,commented,2024-05-22 07:57:16,51090,#1136,issue
51167,commented,2024-05-22 07:57:16,51042,user:39889,user
51171,committed,2024-05-22 15:58:11,51173,sha:fd659826af26577d8a30715d040c6373cf9732f4,commit
51171,committed,2024-05-22 15:58:11,51090,#1136,issue
51171,committed,2024-05-22 15:58:11,51056,committer:Yaroslav Halchenko,user
51179,head_ref_force_pushed,2024-05-22 15:58:26,51090,#1136,issue
51179,head_ref_force_pushed,2024-05-22 15:58:26,51042,user:39889,user
51182,commented,2024-05-22 16:07:18,51090,#1136,issue
51182,commented,2024-05-22 16:07:18,51042,user:39889,user
51186,reviewed,2024-05-23 01:30:51,51090,#1136,issue
51186,reviewed,2024-05-23 01:30:51,36,user:5144808,user
51190,merged,2024-05-23 01:31:01,51090,#1136,issue
51190,merged,2024-05-23 01:31:01,36,user:5144808,user
51193,closed,2024-05-23 01:31:01,51090,#1136,issue
51193,closed,2024-05-23 01:31:01,36,user:5144808,user
51200,created,2024-05-21 18:09:55,51042,user:39889,user
51200,created,2024-05-21 18:09:55,51196,#1135,issue
51205,labeled,2024-05-21 18:10:08,80,user:41898282,user
51205,labeled,2024-05-21 18:10:08,51196,#1135,issue
51208,labeled,2024-05-22 03:19:51,51196,#1135,issue
51208,labeled,2024-05-22 03:19:51,36,user:5144808,user
51211,labeled,2024-05-22 03:19:57,51196,#1135,issue
51211,labeled,2024-05-22 03:19:57,36,user:5144808,user
51214,labeled,2024-05-22 03:20:00,51196,#1135,issue
51214,labeled,2024-05-22 03:20:00,36,user:5144808,user
51217,unlabeled,2024-05-22 03:20:03,51196,#1135,issue
51217,unlabeled,2024-05-22 03:20:03,36,user:5144808,user
51220,labeled,2024-05-22 03:20:06,51196,#1135,issue
51220,labeled,2024-05-22 03:20:06,36,user:5144808,user
51223,commented,2024-05-22 03:20:24,51196,#1135,issue
51223,commented,2024-05-22 03:20:24,36,user:5144808,user
51227,mentioned,2024-05-22 03:20:25,51042,user:39889,user
51227,mentioned,2024-05-22 03:20:25,51196,#1135,issue
51230,subscribed,2024-05-22 03:20:25,51042,user:39889,user
51230,subscribed,2024-05-22 03:20:25,51196,#1135,issue
51233,commented,2024-05-23 17:25:12,50655,user:48416792,user
51233,commented,2024-05-23 17:25:12,51196,#1135,issue
51237,mentioned,2024-05-23 17:25:13,51196,#1135,issue
51237,mentioned,2024-05-23 17:25:13,36,user:5144808,user
51240,subscribed,2024-05-23 17:25:14,51196,#1135,issue
51240,subscribed,2024-05-23 17:25:14,36,user:5144808,user
51243,commented,2024-05-23 17:38:14,51196,#1135,issue
51243,commented,2024-05-23 17:38:14,36,user:5144808,user
51247,assigned,2024-05-23 17:38:24,50655,user:48416792,user
51247,assigned,2024-05-23 17:38:24,51196,#1135,issue
51247,assigned,2024-05-23 17:38:24,36,user:5144808,user
51252,commented,2024-05-24 00:58:22,50655,user:48416792,user
51252,commented,2024-05-24 00:58:22,51196,#1135,issue
51256,mentioned,2024-05-24 00:58:24,51042,user:39889,user
51256,mentioned,2024-05-24 00:58:24,51196,#1135,issue
51259,subscribed,2024-05-24 00:58:24,51042,user:39889,user
51259,subscribed,2024-05-24 00:58:24,51196,#1135,issue
51262,mentioned,2024-05-24 00:58:24,51196,#1135,issue
51262,mentioned,2024-05-24 00:58:24,36,user:5144808,user
51265,subscribed,2024-05-24 00:58:24,51196,#1135,issue
51265,subscribed,2024-05-24 00:58:24,36,user:5144808,user
51281,commented,2025-06-01 15:59:41,168,user:26526132,user
51281,commented,2025-06-01 15:59:41,51196,#1135,issue
51285,commented,2025-06-01 16:02:34,168,user:26526132,user
51285,commented,2025-06-01 16:02:34,51196,#1135,issue
51289,cross-referenced,2025-06-01 16:15:59,168,user:26526132,user
51289,cross-referenced,2025-06-01 16:15:59,51196,#1135,issue
51292,referenced,2025-06-01 16:44:36,168,user:26526132,user
51292,referenced,2025-06-01 16:44:36,51196,#1135,issue
51304,cross-referenced,2025-06-09 12:39:15,168,user:26526132,user
51304,cross-referenced,2025-06-09 12:39:15,51196,#1135,issue
51307,closed,2025-06-09 14:18:06,36,user:5144808,user
51307,closed,2025-06-09 14:18:06,51196,#1135,issue
51310,referenced,2025-06-09 14:26:03,168,user:26526132,user
51310,referenced,2025-06-09 14:26:03,51196,#1135,issue
51317,created,2024-05-21 18:08:06,51042,user:39889,user
51317,created,2024-05-21 18:08:06,51313,#1134,issue
51322,labeled,2024-05-21 18:08:17,80,user:41898282,user
51322,labeled,2024-05-21 18:08:17,51313,#1134,issue
51325,cross-referenced,2024-05-21 18:09:55,51042,user:39889,user
51325,cross-referenced,2024-05-21 18:09:55,51313,#1134,issue
51328,commented,2024-05-22 03:18:38,36,user:5144808,user
51328,commented,2024-05-22 03:18:38,51313,#1134,issue
51332,labeled,2024-05-22 03:18:43,36,user:5144808,user
51332,labeled,2024-05-22 03:18:43,51313,#1134,issue
51335,labeled,2024-05-22 03:18:47,36,user:5144808,user
51335,labeled,2024-05-22 03:18:47,51313,#1134,issue
51338,unlabeled,2024-05-22 03:18:49,36,user:5144808,user
51338,unlabeled,2024-05-22 03:18:49,51313,#1134,issue
51341,labeled,2024-05-22 03:18:55,36,user:5144808,user
51341,labeled,2024-05-22 03:18:55,51313,#1134,issue
51370,created,2024-05-21 14:54:48,51366,#1133,issue
51370,created,2024-05-21 14:54:48,51373,user:6921552,user
51380,committed,2024-05-21 14:41:54,51366,#1133,issue
51380,committed,2024-05-21 14:41:54,51387,committer:Tim Tsai,user
51380,committed,2024-05-21 14:41:54,51382,sha:b0d6b72d0170bbf89045050b4cb160424a4f3902,commit
51389,review_requested,2024-05-21 14:54:49,51366,#1133,issue
51389,review_requested,2024-05-21 14:54:49,51373,user:6921552,user
51389,review_requested,2024-05-21 14:54:49,59,user:2585816,user
51394,review_requested,2024-05-21 14:54:49,51366,#1133,issue
51394,review_requested,2024-05-21 14:54:49,51373,user:6921552,user
51394,review_requested,2024-05-21 14:54:49,36,user:5144808,user
51399,review_requested,2024-05-21 14:54:49,51366,#1133,issue
51399,review_requested,2024-05-21 14:54:49,51373,user:6921552,user
51399,review_requested,2024-05-21 14:54:49,69,user:15725,user
51404,labeled,2024-05-21 14:55:02,80,user:41898282,user
51404,labeled,2024-05-21 14:55:02,51366,#1133,issue
51407,commented,2024-05-21 14:57:47,51366,#1133,issue
51407,commented,2024-05-21 14:57:47,184,user:22429695,user
51411,reviewed,2024-05-21 16:12:37,51366,#1133,issue
51411,reviewed,2024-05-21 16:12:37,59,user:2585816,user
51415,commented,2024-05-21 16:12:53,51366,#1133,issue
51415,commented,2024-05-21 16:12:53,59,user:2585816,user
51419,mentioned,2024-05-21 16:12:54,51366,#1133,issue
51419,mentioned,2024-05-21 16:12:54,36,user:5144808,user
51422,subscribed,2024-05-21 16:12:54,51366,#1133,issue
51422,subscribed,2024-05-21 16:12:54,36,user:5144808,user
51425,reviewed,2024-05-21 16:15:05,51366,#1133,issue
51425,reviewed,2024-05-21 16:15:05,36,user:5144808,user
51429,labeled,2024-05-22 02:55:20,51366,#1133,issue
51429,labeled,2024-05-22 02:55:20,36,user:5144808,user
51432,unlabeled,2024-05-22 03:00:53,51366,#1133,issue
51432,unlabeled,2024-05-22 03:00:53,36,user:5144808,user
51435,merged,2024-05-22 03:01:58,51366,#1133,issue
51435,merged,2024-05-22 03:01:58,36,user:5144808,user
51438,closed,2024-05-22 03:01:59,51366,#1133,issue
51438,closed,2024-05-22 03:01:59,36,user:5144808,user
51441,cross-referenced,2024-05-22 03:02:56,51366,#1133,issue
51441,cross-referenced,2024-05-22 03:02:56,36,user:5144808,user
51448,created,2024-05-21 05:46:59,259,user:49699333,user
51448,created,2024-05-21 05:46:59,51444,#1132,issue
51453,committed,2024-05-21 05:46:59,51444,#1132,issue
51453,committed,2024-05-21 05:46:59,51455,sha:1a0d12e72ce0e0523b40e8bca5c7e4d66babf0b4,commit
51453,committed,2024-05-21 05:46:59,273,committer:GitHub,user
51461,review_requested,2024-05-21 05:47:00,259,user:49699333,user
51461,review_requested,2024-05-21 05:47:00,51444,#1132,issue
51461,review_requested,2024-05-21 05:47:00,59,user:2585816,user
51466,labeled,2024-05-21 05:47:00,259,user:49699333,user
51466,labeled,2024-05-21 05:47:00,51444,#1132,issue
51469,review_requested,2024-05-21 05:47:00,259,user:49699333,user
51469,review_requested,2024-05-21 05:47:00,51444,#1132,issue
51469,review_requested,2024-05-21 05:47:00,36,user:5144808,user
51474,review_requested,2024-05-21 05:47:00,259,user:49699333,user
51474,review_requested,2024-05-21 05:47:00,51444,#1132,issue
51474,review_requested,2024-05-21 05:47:00,69,user:15725,user
51479,labeled,2024-05-21 05:47:13,80,user:41898282,user
51479,labeled,2024-05-21 05:47:13,51444,#1132,issue
51482,commented,2024-05-21 14:20:33,51444,#1132,issue
51482,commented,2024-05-21 14:20:33,36,user:5144808,user
51486,closed,2024-05-21 14:20:33,51444,#1132,issue
51486,closed,2024-05-21 14:20:33,36,user:5144808,user
51489,commented,2024-05-21 14:20:36,259,user:49699333,user
51489,commented,2024-05-21 14:20:36,51444,#1132,issue
51493,head_ref_deleted,2024-05-21 14:20:43,259,user:49699333,user
51493,head_ref_deleted,2024-05-21 14:20:43,51444,#1132,issue
51500,created,2024-05-21 01:36:26,259,user:49699333,user
51500,created,2024-05-21 01:36:26,51496,#1131,issue
51505,committed,2024-05-21 01:36:25,51507,sha:a115eca202bb345a70f029f186b0955dd0c5f0cf,commit
51505,committed,2024-05-21 01:36:25,51496,#1131,issue
51505,committed,2024-05-21 01:36:25,273,committer:GitHub,user
51513,review_requested,2024-05-21 01:36:26,259,user:49699333,user
51513,review_requested,2024-05-21 01:36:26,51496,#1131,issue
51513,review_requested,2024-05-21 01:36:26,59,user:2585816,user
51518,labeled,2024-05-21 01:36:26,259,user:49699333,user
51518,labeled,2024-05-21 01:36:26,51496,#1131,issue
51521,review_requested,2024-05-21 01:36:26,259,user:49699333,user
51521,review_requested,2024-05-21 01:36:26,51496,#1131,issue
51521,review_requested,2024-05-21 01:36:26,36,user:5144808,user
51526,review_requested,2024-05-21 01:36:26,259,user:49699333,user
51526,review_requested,2024-05-21 01:36:26,51496,#1131,issue
51526,review_requested,2024-05-21 01:36:26,69,user:15725,user
51531,labeled,2024-05-21 01:38:44,80,user:41898282,user
51531,labeled,2024-05-21 01:38:44,51496,#1131,issue
51534,commented,2024-05-21 14:20:39,51496,#1131,issue
51534,commented,2024-05-21 14:20:39,36,user:5144808,user
51538,closed,2024-05-21 14:20:39,51496,#1131,issue
51538,closed,2024-05-21 14:20:39,36,user:5144808,user
51541,commented,2024-05-21 14:20:41,259,user:49699333,user
51541,commented,2024-05-21 14:20:41,51496,#1131,issue
51545,head_ref_deleted,2024-05-21 14:20:49,259,user:49699333,user
51545,head_ref_deleted,2024-05-21 14:20:49,51496,#1131,issue
51552,created,2024-05-20 22:21:43,50655,user:48416792,user
51552,created,2024-05-20 22:21:43,51548,#1130,issue
51557,review_requested,2024-05-20 22:21:43,50655,user:48416792,user
51557,review_requested,2024-05-20 22:21:43,51548,#1130,issue
51557,review_requested,2024-05-20 22:21:43,59,user:2585816,user
51562,review_requested,2024-05-20 22:21:43,50655,user:48416792,user
51562,review_requested,2024-05-20 22:21:43,51548,#1130,issue
51562,review_requested,2024-05-20 22:21:43,36,user:5144808,user
51567,review_requested,2024-05-20 22:21:44,50655,user:48416792,user
51567,review_requested,2024-05-20 22:21:44,51548,#1130,issue
51567,review_requested,2024-05-20 22:21:44,69,user:15725,user
51572,labeled,2024-05-20 22:21:56,80,user:41898282,user
51572,labeled,2024-05-20 22:21:56,51548,#1130,issue
51575,commented,2024-05-20 22:21:58,50655,user:48416792,user
51575,commented,2024-05-20 22:21:58,51548,#1130,issue
51579,commented,2024-05-20 22:24:01,51548,#1130,issue
51579,commented,2024-05-20 22:24:01,184,user:22429695,user
51583,commented,2024-05-21 06:45:26,51548,#1130,issue
51583,commented,2024-05-21 06:45:26,59,user:2585816,user
51587,committed,2024-05-21 13:34:45,51589,sha:23206e1d06bf009614f2e26962e70a048b8730b8,commit
51587,committed,2024-05-21 13:34:45,51548,#1130,issue
51587,committed,2024-05-21 13:34:45,50701,committer:Marcos Martins,user
51595,committed,2024-05-21 13:43:04,51597,sha:08f6d0c9e52179c8176914a6e37c7d4d946f11ca,commit
51595,committed,2024-05-21 13:43:04,51548,#1130,issue
51595,committed,2024-05-21 13:43:04,50701,committer:Marcos Martins,user
51603,commented,2024-05-21 13:51:29,50655,user:48416792,user
51603,commented,2024-05-21 13:51:29,51548,#1130,issue
51607,mentioned,2024-05-21 13:51:31,51548,#1130,issue
51607,mentioned,2024-05-21 13:51:31,59,user:2585816,user
51610,subscribed,2024-05-21 13:51:31,51548,#1130,issue
51610,subscribed,2024-05-21 13:51:31,59,user:2585816,user
51613,reviewed,2024-05-21 14:19:11,51548,#1130,issue
51613,reviewed,2024-05-21 14:19:11,36,user:5144808,user
51617,labeled,2024-05-21 14:19:19,51548,#1130,issue
51617,labeled,2024-05-21 14:19:19,36,user:5144808,user
51620,unlabeled,2024-05-22 02:58:39,51548,#1130,issue
51620,unlabeled,2024-05-22 02:58:39,36,user:5144808,user
51623,merged,2024-05-22 03:05:41,51548,#1130,issue
51623,merged,2024-05-22 03:05:41,36,user:5144808,user
51626,closed,2024-05-22 03:05:42,51548,#1130,issue
51626,closed,2024-05-22 03:05:42,36,user:5144808,user
51633,created,2024-05-20 21:58:19,51629,#1129,issue
51633,created,2024-05-20 21:58:19,36,user:5144808,user
51638,labeled,2024-05-20 21:58:31,80,user:41898282,user
51638,labeled,2024-05-20 21:58:31,51629,#1129,issue
51641,labeled,2024-05-20 21:58:45,51629,#1129,issue
51641,labeled,2024-05-20 21:58:45,36,user:5144808,user
51644,unlabeled,2024-05-20 21:58:48,51629,#1129,issue
51644,unlabeled,2024-05-20 21:58:48,36,user:5144808,user
51647,labeled,2024-05-20 21:58:54,51629,#1129,issue
51647,labeled,2024-05-20 21:58:54,36,user:5144808,user
51650,renamed,2024-05-20 21:58:55,51629,#1129,issue
51650,renamed,2024-05-20 21:58:55,36,user:5144808,user
51653,labeled,2024-05-20 21:59:03,51629,#1129,issue
51653,labeled,2024-05-20 21:59:03,36,user:5144808,user
51656,commented,2024-05-21 14:24:52,51629,#1129,issue
51656,commented,2024-05-21 14:24:52,36,user:5144808,user
51660,commented,2024-05-21 14:25:37,51629,#1129,issue
51660,commented,2024-05-21 14:25:37,36,user:5144808,user
51676,closed,2025-05-28 01:28:12,51629,#1129,issue
51676,closed,2025-05-28 01:28:12,36,user:5144808,user
51679,closed,2025-05-28 01:28:13,51629,#1129,issue
51679,closed,2025-05-28 01:28:13,36,user:5144808,user
51682,referenced,2025-05-28 03:11:27,51629,#1129,issue
51682,referenced,2025-05-28 03:11:27,19066,user:39814207,user
51685,referenced,2025-05-30 12:15:55,51629,#1129,issue
51685,referenced,2025-05-30 12:15:55,168,user:26526132,user
51692,created,2024-05-20 20:03:20,51688,#1128,issue
51692,created,2024-05-20 20:03:20,36,user:5144808,user
51697,review_requested,2024-05-20 20:03:21,51688,#1128,issue
51697,review_requested,2024-05-20 20:03:21,36,user:5144808,user
51697,review_requested,2024-05-20 20:03:21,59,user:2585816,user
51702,review_requested,2024-05-20 20:03:21,51688,#1128,issue
51702,review_requested,2024-05-20 20:03:21,69,user:15725,user
51702,review_requested,2024-05-20 20:03:21,36,user:5144808,user
51707,labeled,2024-05-20 20:03:32,80,user:41898282,user
51707,labeled,2024-05-20 20:03:32,51688,#1128,issue
51710,commented,2024-05-20 20:05:32,51688,#1128,issue
51710,commented,2024-05-20 20:05:32,184,user:22429695,user
51714,reviewed,2024-05-21 06:02:28,51688,#1128,issue
51714,reviewed,2024-05-21 06:02:28,59,user:2585816,user
51718,reviewed,2024-05-21 06:02:52,51688,#1128,issue
51718,reviewed,2024-05-21 06:02:52,59,user:2585816,user
51722,cross-referenced,2024-05-21 14:20:34,51688,#1128,issue
51722,cross-referenced,2024-05-21 14:20:34,36,user:5144808,user
51725,cross-referenced,2024-05-21 14:20:40,51688,#1128,issue
51725,cross-referenced,2024-05-21 14:20:40,36,user:5144808,user
51728,committed,2024-05-22 03:06:19,51688,#1128,issue
51728,committed,2024-05-22 03:06:19,51730,sha:f94bd60383fc3d8644170ecb46916d7cc4dd39a0,commit
51728,committed,2024-05-22 03:06:19,52,committer:Wei Lee,user
51736,committed,2024-05-22 03:09:17,51688,#1128,issue
51736,committed,2024-05-22 03:09:17,51738,sha:7bc20552b2425ab6c2ce9bfa3de726c695d79bcc,commit
51736,committed,2024-05-22 03:09:17,52,committer:Wei Lee,user
51744,committed,2024-05-22 03:09:17,51746,sha:795edc9d65653f1be08340331263ed322d18221f,commit
51744,committed,2024-05-22 03:09:17,51688,#1128,issue
51744,committed,2024-05-22 03:09:17,52,committer:Wei Lee,user
51752,committed,2024-05-22 03:09:36,51688,#1128,issue
51752,committed,2024-05-22 03:09:36,51754,sha:93c97b7b53872658327be8195a44643613c1b4b3,commit
51752,committed,2024-05-22 03:09:36,52,committer:Wei Lee,user
51760,head_ref_force_pushed,2024-05-22 03:14:29,51688,#1128,issue
51760,head_ref_force_pushed,2024-05-22 03:14:29,36,user:5144808,user
51763,merged,2024-05-22 03:25:46,51688,#1128,issue
51763,merged,2024-05-22 03:25:46,36,user:5144808,user
51766,closed,2024-05-22 03:25:46,51688,#1128,issue
51766,closed,2024-05-22 03:25:46,36,user:5144808,user
51769,head_ref_deleted,2024-05-22 03:25:47,51688,#1128,issue
51769,head_ref_deleted,2024-05-22 03:25:47,36,user:5144808,user
51776,created,2024-05-20 15:09:48,51779,user:24376333,user
51776,created,2024-05-20 15:09:48,51772,#1127,issue
51786,review_requested,2024-05-20 15:09:48,51779,user:24376333,user
51786,review_requested,2024-05-20 15:09:48,51772,#1127,issue
51786,review_requested,2024-05-20 15:09:48,59,user:2585816,user
51791,review_requested,2024-05-20 15:09:48,51779,user:24376333,user
51791,review_requested,2024-05-20 15:09:48,51772,#1127,issue
51791,review_requested,2024-05-20 15:09:48,36,user:5144808,user
51796,review_requested,2024-05-20 15:09:48,51779,user:24376333,user
51796,review_requested,2024-05-20 15:09:48,69,user:15725,user
51796,review_requested,2024-05-20 15:09:48,51772,#1127,issue
51801,labeled,2024-05-20 15:10:01,80,user:41898282,user
51801,labeled,2024-05-20 15:10:01,51772,#1127,issue
51804,head_ref_force_pushed,2024-05-20 15:12:39,51779,user:24376333,user
51804,head_ref_force_pushed,2024-05-20 15:12:39,51772,#1127,issue
51807,head_ref_force_pushed,2024-05-20 15:13:15,51779,user:24376333,user
51807,head_ref_force_pushed,2024-05-20 15:13:15,51772,#1127,issue
51810,commented,2024-05-20 15:18:30,51779,user:24376333,user
51810,commented,2024-05-20 15:18:30,51772,#1127,issue
51814,reviewed,2024-05-20 15:29:32,51772,#1127,issue
51814,reviewed,2024-05-20 15:29:32,59,user:2585816,user
51818,commented,2024-05-20 16:06:07,51772,#1127,issue
51818,commented,2024-05-20 16:06:07,36,user:5144808,user
51822,head_ref_force_pushed,2024-05-20 16:39:47,51772,#1127,issue
51822,head_ref_force_pushed,2024-05-20 16:39:47,36,user:5144808,user
51825,commented,2024-05-20 16:42:32,51772,#1127,issue
51825,commented,2024-05-20 16:42:32,184,user:22429695,user
51829,reviewed,2024-05-20 16:46:42,51772,#1127,issue
51829,reviewed,2024-05-20 16:46:42,36,user:5144808,user
51833,mentioned,2024-05-20 16:48:37,51779,user:24376333,user
51833,mentioned,2024-05-20 16:48:37,51772,#1127,issue
51836,subscribed,2024-05-20 16:48:37,51779,user:24376333,user
51836,subscribed,2024-05-20 16:48:37,51772,#1127,issue
51839,reviewed,2024-05-20 16:50:18,51772,#1127,issue
51839,reviewed,2024-05-20 16:50:18,36,user:5144808,user
51843,labeled,2024-05-20 17:51:29,51772,#1127,issue
51843,labeled,2024-05-20 17:51:29,36,user:5144808,user
51846,labeled,2024-05-20 17:51:29,51772,#1127,issue
51846,labeled,2024-05-20 17:51:29,36,user:5144808,user
51849,unlabeled,2024-05-20 17:51:32,51772,#1127,issue
51849,unlabeled,2024-05-20 17:51:32,36,user:5144808,user
51852,committed,2024-05-20 18:03:58,51859,committer:Stefanie Molin,user
51852,committed,2024-05-20 18:03:58,51772,#1127,issue
51852,committed,2024-05-20 18:03:58,51854,sha:a7d41894dde5030c66dfea6d48988c59844c472e,commit
51861,head_ref_force_pushed,2024-05-20 18:04:22,51779,user:24376333,user
51861,head_ref_force_pushed,2024-05-20 18:04:22,51772,#1127,issue
51864,labeled,2024-05-20 18:04:34,80,user:41898282,user
51864,labeled,2024-05-20 18:04:34,51772,#1127,issue
51867,reviewed,2024-05-20 18:26:42,51772,#1127,issue
51867,reviewed,2024-05-20 18:26:42,36,user:5144808,user
51871,merged,2024-05-20 18:26:55,51772,#1127,issue
51871,merged,2024-05-20 18:26:55,36,user:5144808,user
51874,closed,2024-05-20 18:26:55,51772,#1127,issue
51874,closed,2024-05-20 18:26:55,36,user:5144808,user
51877,commented,2024-05-20 18:27:38,51772,#1127,issue
51877,commented,2024-05-20 18:27:38,36,user:5144808,user
51881,mentioned,2024-05-20 18:27:40,51779,user:24376333,user
51881,mentioned,2024-05-20 18:27:40,51772,#1127,issue
51884,subscribed,2024-05-20 18:27:40,51779,user:24376333,user
51884,subscribed,2024-05-20 18:27:40,51772,#1127,issue
51887,head_ref_deleted,2024-05-20 18:27:56,51779,user:24376333,user
51887,head_ref_deleted,2024-05-20 18:27:56,51772,#1127,issue
51894,created,2024-05-20 13:54:56,50655,user:48416792,user
51894,created,2024-05-20 13:54:56,51890,#1126,issue
51899,mentioned,2024-05-20 13:54:57,36,user:5144808,user
51899,mentioned,2024-05-20 13:54:57,51890,#1126,issue
51902,subscribed,2024-05-20 13:54:57,36,user:5144808,user
51902,subscribed,2024-05-20 13:54:57,51890,#1126,issue
51905,review_requested,2024-05-20 13:54:57,50655,user:48416792,user
51905,review_requested,2024-05-20 13:54:57,51890,#1126,issue
51905,review_requested,2024-05-20 13:54:57,59,user:2585816,user
51910,review_requested,2024-05-20 13:54:57,50655,user:48416792,user
51910,review_requested,2024-05-20 13:54:57,36,user:5144808,user
51910,review_requested,2024-05-20 13:54:57,51890,#1126,issue
51915,review_requested,2024-05-20 13:54:57,50655,user:48416792,user
51915,review_requested,2024-05-20 13:54:57,69,user:15725,user
51915,review_requested,2024-05-20 13:54:57,51890,#1126,issue
51920,labeled,2024-05-20 13:55:10,80,user:41898282,user
51920,labeled,2024-05-20 13:55:10,51890,#1126,issue
51923,commented,2024-05-20 13:55:41,50655,user:48416792,user
51923,commented,2024-05-20 13:55:41,51890,#1126,issue
51927,mentioned,2024-05-20 13:55:43,36,user:5144808,user
51927,mentioned,2024-05-20 13:55:43,51890,#1126,issue
51930,subscribed,2024-05-20 13:55:43,36,user:5144808,user
51930,subscribed,2024-05-20 13:55:43,51890,#1126,issue
51933,commented,2024-05-20 13:58:03,51890,#1126,issue
51933,commented,2024-05-20 13:58:03,184,user:22429695,user
51937,reviewed,2024-05-20 13:59:42,36,user:5144808,user
51937,reviewed,2024-05-20 13:59:42,51890,#1126,issue
51941,labeled,2024-05-20 13:59:59,36,user:5144808,user
51941,labeled,2024-05-20 13:59:59,51890,#1126,issue
51944,unlabeled,2024-05-20 14:03:28,36,user:5144808,user
51944,unlabeled,2024-05-20 14:03:28,51890,#1126,issue
51947,committed,2024-05-20 14:07:28,51949,sha:9865f7314ca4d756a0f03da6bf8de9365da2ceec,commit
51947,committed,2024-05-20 14:07:28,51890,#1126,issue
51947,committed,2024-05-20 14:07:28,50701,committer:Marcos Martins,user
51955,labeled,2024-05-20 14:07:51,80,user:41898282,user
51955,labeled,2024-05-20 14:07:51,51890,#1126,issue
51958,labeled,2024-05-20 14:20:36,36,user:5144808,user
51958,labeled,2024-05-20 14:20:36,51890,#1126,issue
51961,unlabeled,2024-05-20 14:20:42,36,user:5144808,user
51961,unlabeled,2024-05-20 14:20:42,51890,#1126,issue
51964,committed,2024-05-20 14:38:18,51966,sha:09c6ba78110138075b4c0fe495ce795c3b14091a,commit
51964,committed,2024-05-20 14:38:18,51890,#1126,issue
51964,committed,2024-05-20 14:38:18,50701,committer:Marcos Martins,user
51972,labeled,2024-05-20 14:39:33,80,user:41898282,user
51972,labeled,2024-05-20 14:39:33,51890,#1126,issue
51975,unlabeled,2024-05-20 14:40:08,36,user:5144808,user
51975,unlabeled,2024-05-20 14:40:08,51890,#1126,issue
51978,cross-referenced,2024-05-20 14:53:19,50655,user:48416792,user
51978,cross-referenced,2024-05-20 14:53:19,51890,#1126,issue
51981,reviewed,2024-05-20 15:55:31,36,user:5144808,user
51981,reviewed,2024-05-20 15:55:31,51890,#1126,issue
51985,committed,2024-05-20 16:04:23,51987,sha:4f0569d5ad960a2cfc1c48ce00514da9cfc2ae96,commit
51985,committed,2024-05-20 16:04:23,51890,#1126,issue
51985,committed,2024-05-20 16:04:23,273,committer:GitHub,user
51993,cross-referenced,2024-05-20 16:06:07,36,user:5144808,user
51993,cross-referenced,2024-05-20 16:06:07,51890,#1126,issue
51996,reviewed,2024-05-20 16:12:42,36,user:5144808,user
51996,reviewed,2024-05-20 16:12:42,51890,#1126,issue
52000,merged,2024-05-20 16:15:53,36,user:5144808,user
52000,merged,2024-05-20 16:15:53,51890,#1126,issue
52003,closed,2024-05-20 16:15:53,36,user:5144808,user
52003,closed,2024-05-20 16:15:53,51890,#1126,issue
52010,created,2024-05-20 12:41:48,50655,user:48416792,user
52010,created,2024-05-20 12:41:48,52006,#1125,issue
52015,labeled,2024-05-20 12:41:59,80,user:41898282,user
52015,labeled,2024-05-20 12:41:59,52006,#1125,issue
52018,cross-referenced,2024-05-20 13:54:57,50655,user:48416792,user
52018,cross-referenced,2024-05-20 13:54:57,52006,#1125,issue
52021,commented,2024-05-20 14:03:13,50655,user:48416792,user
52021,commented,2024-05-20 14:03:13,52006,#1125,issue
52025,mentioned,2024-05-20 14:03:15,52006,#1125,issue
52025,mentioned,2024-05-20 14:03:15,36,user:5144808,user
52028,subscribed,2024-05-20 14:03:15,52006,#1125,issue
52028,subscribed,2024-05-20 14:03:15,36,user:5144808,user
52031,assigned,2024-05-20 14:04:04,50655,user:48416792,user
52031,assigned,2024-05-20 14:04:04,52006,#1125,issue
52031,assigned,2024-05-20 14:04:04,36,user:5144808,user
52036,commented,2024-05-20 14:04:10,52006,#1125,issue
52036,commented,2024-05-20 14:04:10,36,user:5144808,user
52040,labeled,2024-05-20 14:04:27,52006,#1125,issue
52040,labeled,2024-05-20 14:04:27,36,user:5144808,user
52043,unlabeled,2024-05-20 14:04:33,52006,#1125,issue
52043,unlabeled,2024-05-20 14:04:33,36,user:5144808,user
52046,closed,2024-05-20 16:15:54,52006,#1125,issue
52046,closed,2024-05-20 16:15:54,36,user:5144808,user
52053,created,2024-05-20 09:49:08,52049,#1124,issue
52053,created,2024-05-20 09:49:08,52056,user:10064103,user
52063,committed,2024-05-20 09:47:44,52049,#1124,issue
52063,committed,2024-05-20 09:47:44,52065,sha:d0fdb2f55b5f927d3c558898cc60c22fb4d1f937,commit
52063,committed,2024-05-20 09:47:44,273,committer:GitHub,user
52071,review_requested,2024-05-20 09:49:08,52049,#1124,issue
52071,review_requested,2024-05-20 09:49:08,52056,user:10064103,user
52071,review_requested,2024-05-20 09:49:08,59,user:2585816,user
52076,review_requested,2024-05-20 09:49:09,52049,#1124,issue
52076,review_requested,2024-05-20 09:49:09,52056,user:10064103,user
52076,review_requested,2024-05-20 09:49:09,36,user:5144808,user
52081,review_requested,2024-05-20 09:49:09,52049,#1124,issue
52081,review_requested,2024-05-20 09:49:09,52056,user:10064103,user
52081,review_requested,2024-05-20 09:49:09,69,user:15725,user
52086,labeled,2024-05-20 09:49:21,52049,#1124,issue
52086,labeled,2024-05-20 09:49:21,80,user:41898282,user
52089,commented,2024-05-20 09:51:05,52049,#1124,issue
52089,commented,2024-05-20 09:51:05,184,user:22429695,user
52093,cross-referenced,2024-05-20 09:51:19,52049,#1124,issue
52093,cross-referenced,2024-05-20 09:51:19,52056,user:10064103,user
52096,commented,2024-05-20 14:21:48,52049,#1124,issue
52096,commented,2024-05-20 14:21:48,36,user:5144808,user
52100,labeled,2024-05-20 14:21:57,52049,#1124,issue
52100,labeled,2024-05-20 14:21:57,36,user:5144808,user
52103,unlabeled,2024-05-20 14:22:00,52049,#1124,issue
52103,unlabeled,2024-05-20 14:22:00,36,user:5144808,user
52116,created,2024-05-20 01:23:35,259,user:49699333,user
52116,created,2024-05-20 01:23:35,52112,#1123,issue
52121,committed,2024-05-20 01:23:34,52123,sha:d15871635fe0ae6456e3d11022602a28cd70ec5d,commit
52121,committed,2024-05-20 01:23:34,52112,#1123,issue
52121,committed,2024-05-20 01:23:34,273,committer:GitHub,user
52129,review_requested,2024-05-20 01:23:36,259,user:49699333,user
52129,review_requested,2024-05-20 01:23:36,52112,#1123,issue
52129,review_requested,2024-05-20 01:23:36,59,user:2585816,user
52134,labeled,2024-05-20 01:23:36,259,user:49699333,user
52134,labeled,2024-05-20 01:23:36,52112,#1123,issue
52137,review_requested,2024-05-20 01:23:36,259,user:49699333,user
52137,review_requested,2024-05-20 01:23:36,52112,#1123,issue
52137,review_requested,2024-05-20 01:23:36,36,user:5144808,user
52142,review_requested,2024-05-20 01:23:36,259,user:49699333,user
52142,review_requested,2024-05-20 01:23:36,52112,#1123,issue
52142,review_requested,2024-05-20 01:23:36,69,user:15725,user
52147,labeled,2024-05-20 01:23:48,80,user:41898282,user
52147,labeled,2024-05-20 01:23:48,52112,#1123,issue
52150,reviewed,2024-05-20 13:58:01,52112,#1123,issue
52150,reviewed,2024-05-20 13:58:01,36,user:5144808,user
52154,merged,2024-05-20 13:58:11,52112,#1123,issue
52154,merged,2024-05-20 13:58:11,36,user:5144808,user
52157,closed,2024-05-20 13:58:11,52112,#1123,issue
52157,closed,2024-05-20 13:58:11,36,user:5144808,user
52160,head_ref_deleted,2024-05-20 13:58:11,52112,#1123,issue
52160,head_ref_deleted,2024-05-20 13:58:11,36,user:5144808,user
52283,cross-referenced,2024-05-20 12:41:49,50655,user:48416792,user
52283,cross-referenced,2024-05-20 12:41:49,52163,#1122,issue
52286,cross-referenced,2024-05-20 13:55:41,50655,user:48416792,user
52286,cross-referenced,2024-05-20 13:55:41,52163,#1122,issue
52331,renamed,2024-05-20 09:47:08,52056,user:10064103,user
52331,renamed,2024-05-20 09:47:08,52289,#1121,issue
52334,commented,2024-05-20 09:51:18,52056,user:10064103,user
52334,commented,2024-05-20 09:51:18,52289,#1121,issue
52405,review_requested,2024-05-20 01:48:23,50655,user:48416792,user
52405,review_requested,2024-05-20 01:48:23,52338,#1120,issue
52405,review_requested,2024-05-20 01:48:23,36,user:5144808,user
52410,review_requested,2024-05-20 01:48:28,50655,user:48416792,user
52410,review_requested,2024-05-20 01:48:28,52338,#1120,issue
52410,review_requested,2024-05-20 01:48:28,59,user:2585816,user
52415,labeled,2024-05-20 16:25:06,80,user:41898282,user
52415,labeled,2024-05-20 16:25:06,52338,#1120,issue
52418,unlabeled,2024-05-20 16:47:06,52338,#1120,issue
52418,unlabeled,2024-05-20 16:47:06,36,user:5144808,user
52421,labeled,2024-05-20 18:02:00,80,user:41898282,user
52421,labeled,2024-05-20 18:02:00,52338,#1120,issue
52424,committed,2024-05-20 18:33:35,52338,#1120,issue
52424,committed,2024-05-20 18:33:35,50701,committer:Marcos Martins,user
52424,committed,2024-05-20 18:33:35,52426,sha:d6d0b42ac0f0523f584f93e10951a70dadccc3ad,commit
52432,committed,2024-05-20 18:33:35,52434,sha:6eb870429742cfb423610f69f0bb6dfe0070903c,commit
52432,committed,2024-05-20 18:33:35,52338,#1120,issue
52432,committed,2024-05-20 18:33:35,50701,committer:Marcos Martins,user
52440,committed,2024-05-20 18:33:35,52338,#1120,issue
52440,committed,2024-05-20 18:33:35,52442,sha:1da181c68339c1712347ca8708a38e64517dc5aa,commit
52440,committed,2024-05-20 18:33:35,50701,committer:Marcos Martins,user
52448,commented,2024-05-20 18:38:37,50655,user:48416792,user
52448,commented,2024-05-20 18:38:37,52338,#1120,issue
52452,mentioned,2024-05-20 18:38:38,52338,#1120,issue
52452,mentioned,2024-05-20 18:38:38,36,user:5144808,user
52455,subscribed,2024-05-20 18:38:38,52338,#1120,issue
52455,subscribed,2024-05-20 18:38:38,36,user:5144808,user
52458,commented,2024-05-20 18:39:55,52338,#1120,issue
52458,commented,2024-05-20 18:39:55,36,user:5144808,user
52462,mentioned,2024-05-20 18:39:57,52338,#1120,issue
52462,mentioned,2024-05-20 18:39:57,36,user:5144808,user
52465,subscribed,2024-05-20 18:39:57,52338,#1120,issue
52465,subscribed,2024-05-20 18:39:57,36,user:5144808,user
52468,commented,2024-05-20 18:41:25,52338,#1120,issue
52468,commented,2024-05-20 18:41:25,36,user:5144808,user
52472,commented,2024-05-20 18:49:21,50655,user:48416792,user
52472,commented,2024-05-20 18:49:21,52338,#1120,issue
52476,commented,2024-05-20 19:01:23,52338,#1120,issue
52476,commented,2024-05-20 19:01:23,36,user:5144808,user
52480,commented,2024-05-20 19:08:30,52338,#1120,issue
52480,commented,2024-05-20 19:08:30,36,user:5144808,user
52484,commented,2024-05-20 19:16:21,52338,#1120,issue
52484,commented,2024-05-20 19:16:21,36,user:5144808,user
52488,mentioned,2024-05-20 19:17:06,50655,user:48416792,user
52488,mentioned,2024-05-20 19:17:06,52338,#1120,issue
52491,subscribed,2024-05-20 19:17:06,50655,user:48416792,user
52491,subscribed,2024-05-20 19:17:06,52338,#1120,issue
52494,commented,2024-05-20 19:18:39,50655,user:48416792,user
52494,commented,2024-05-20 19:18:39,52338,#1120,issue
52498,mentioned,2024-05-20 19:18:40,50655,user:48416792,user
52498,mentioned,2024-05-20 19:18:40,52338,#1120,issue
52501,subscribed,2024-05-20 19:18:40,50655,user:48416792,user
52501,subscribed,2024-05-20 19:18:40,52338,#1120,issue
52504,commented,2024-05-20 19:21:07,52338,#1120,issue
52504,commented,2024-05-20 19:21:07,36,user:5144808,user
52508,mentioned,2024-05-20 19:21:08,50655,user:48416792,user
52508,mentioned,2024-05-20 19:21:08,52338,#1120,issue
52511,subscribed,2024-05-20 19:21:08,50655,user:48416792,user
52511,subscribed,2024-05-20 19:21:08,52338,#1120,issue
52514,committed,2024-05-20 19:51:22,52338,#1120,issue
52514,committed,2024-05-20 19:51:22,52,committer:Wei Lee,user
52514,committed,2024-05-20 19:51:22,52516,sha:bbf19ad69d26f515ec8f38080c6df6f14647eeec,commit
52522,commented,2024-05-20 19:59:12,52338,#1120,issue
52522,commented,2024-05-20 19:59:12,36,user:5144808,user
52526,mentioned,2024-05-20 19:59:13,50655,user:48416792,user
52526,mentioned,2024-05-20 19:59:13,52338,#1120,issue
52529,subscribed,2024-05-20 19:59:13,50655,user:48416792,user
52529,subscribed,2024-05-20 19:59:13,52338,#1120,issue
52532,reviewed,2024-05-20 20:04:55,52338,#1120,issue
52532,reviewed,2024-05-20 20:04:55,36,user:5144808,user
52536,labeled,2024-05-20 20:05:07,52338,#1120,issue
52536,labeled,2024-05-20 20:05:07,36,user:5144808,user
52539,unlabeled,2024-05-20 20:09:44,52338,#1120,issue
52539,unlabeled,2024-05-20 20:09:44,36,user:5144808,user
52542,unlabeled,2024-05-20 20:09:44,52338,#1120,issue
52542,unlabeled,2024-05-20 20:09:44,36,user:5144808,user
52545,commented,2024-05-20 20:46:44,50655,user:48416792,user
52545,commented,2024-05-20 20:46:44,52338,#1120,issue
52549,mentioned,2024-05-20 20:46:45,50655,user:48416792,user
52549,mentioned,2024-05-20 20:46:45,52338,#1120,issue
52552,subscribed,2024-05-20 20:46:45,50655,user:48416792,user
52552,subscribed,2024-05-20 20:46:45,52338,#1120,issue
52555,commented,2024-05-20 21:17:48,52338,#1120,issue
52555,commented,2024-05-20 21:17:48,36,user:5144808,user
52559,mentioned,2024-05-20 21:17:49,52338,#1120,issue
52559,mentioned,2024-05-20 21:17:49,69,user:15725,user
52562,subscribed,2024-05-20 21:17:49,52338,#1120,issue
52562,subscribed,2024-05-20 21:17:49,69,user:15725,user
52565,mentioned,2024-05-20 21:17:49,52338,#1120,issue
52565,mentioned,2024-05-20 21:17:49,59,user:2585816,user
52568,subscribed,2024-05-20 21:17:49,52338,#1120,issue
52568,subscribed,2024-05-20 21:17:49,59,user:2585816,user
52571,merged,2024-05-22 02:58:03,52338,#1120,issue
52571,merged,2024-05-22 02:58:03,36,user:5144808,user
52574,closed,2024-05-22 02:58:03,52338,#1120,issue
52574,closed,2024-05-22 02:58:03,36,user:5144808,user
52610,cross-referenced,2024-05-20 09:49:08,52577,#1118,issue
52610,cross-referenced,2024-05-20 09:49:08,52056,user:10064103,user
52613,assigned,2024-05-20 14:16:21,52577,#1118,issue
52613,assigned,2024-05-20 14:16:21,36,user:5144808,user
52613,assigned,2024-05-20 14:16:21,36,user:5144808,user
52618,assigned,2024-05-20 14:16:27,52577,#1118,issue
52618,assigned,2024-05-20 14:16:27,52056,user:10064103,user
52618,assigned,2024-05-20 14:16:27,36,user:5144808,user
52623,unassigned,2024-05-20 14:16:27,52577,#1118,issue
52623,unassigned,2024-05-20 14:16:27,36,user:5144808,user
52623,unassigned,2024-05-20 14:16:27,36,user:5144808,user
52628,labeled,2024-05-20 14:16:43,52577,#1118,issue
52628,labeled,2024-05-20 14:16:43,36,user:5144808,user
52631,unlabeled,2024-05-20 14:16:46,52577,#1118,issue
52631,unlabeled,2024-05-20 14:16:46,36,user:5144808,user
52634,labeled,2024-05-20 20:08:18,52577,#1118,issue
52634,labeled,2024-05-20 20:08:18,36,user:5144808,user
52658,cross-referenced,2024-05-20 09:49:08,52646,#1117,issue
52658,cross-referenced,2024-05-20 09:49:08,52056,user:10064103,user
52661,assigned,2024-05-20 14:17:49,52646,#1117,issue
52661,assigned,2024-05-20 14:17:49,52056,user:10064103,user
52661,assigned,2024-05-20 14:17:49,36,user:5144808,user
52666,labeled,2024-05-20 14:17:56,52646,#1117,issue
52666,labeled,2024-05-20 14:17:56,36,user:5144808,user
52669,unlabeled,2024-05-20 14:17:59,52646,#1117,issue
52669,unlabeled,2024-05-20 14:17:59,36,user:5144808,user
52672,labeled,2024-05-20 20:08:29,52646,#1117,issue
52672,labeled,2024-05-20 20:08:29,36,user:5144808,user
52785,cross-referenced,2024-05-20 01:58:28,50655,user:48416792,user
52785,cross-referenced,2024-05-20 01:58:28,52732,#1115,issue
52788,labeled,2024-05-20 20:07:21,36,user:5144808,user
52788,labeled,2024-05-20 20:07:21,52732,#1115,issue
52791,unlabeled,2024-05-20 20:08:43,36,user:5144808,user
52791,unlabeled,2024-05-20 20:08:43,52732,#1115,issue
52906,labeled,2024-05-20 20:08:53,36,user:5144808,user
52906,labeled,2024-05-20 20:08:53,52885,#1113,issue
52996,labeled,2024-05-20 14:23:34,52984,#1111,issue
52996,labeled,2024-05-20 14:23:34,36,user:5144808,user
52999,unlabeled,2024-05-20 14:23:48,52984,#1111,issue
52999,unlabeled,2024-05-20 14:23:48,36,user:5144808,user
53002,labeled,2024-05-20 14:23:48,52984,#1111,issue
53002,labeled,2024-05-20 14:23:48,36,user:5144808,user
53005,unlabeled,2024-05-20 14:23:52,52984,#1111,issue
53005,unlabeled,2024-05-20 14:23:52,36,user:5144808,user
53008,commented,2024-05-20 14:24:28,52984,#1111,issue
53008,commented,2024-05-20 14:24:28,36,user:5144808,user
53012,mentioned,2024-05-20 14:24:29,52984,#1111,issue
53012,mentioned,2024-05-20 14:24:29,69,user:15725,user
53015,subscribed,2024-05-20 14:24:29,52984,#1111,issue
53015,subscribed,2024-05-20 14:24:29,69,user:15725,user
53018,mentioned,2024-05-20 14:24:29,52984,#1111,issue
53018,mentioned,2024-05-20 14:24:29,59,user:2585816,user
53021,subscribed,2024-05-20 14:24:30,52984,#1111,issue
53021,subscribed,2024-05-20 14:24:30,59,user:2585816,user
53024,commented,2024-05-20 15:33:06,52984,#1111,issue
53024,commented,2024-05-20 15:33:06,59,user:2585816,user
53028,labeled,2024-05-20 15:36:36,52984,#1111,issue
53028,labeled,2024-05-20 15:36:36,36,user:5144808,user
53031,commented,2024-05-20 16:48:44,52984,#1111,issue
53031,commented,2024-05-20 16:48:44,50655,user:48416792,user
53035,mentioned,2024-05-20 16:48:45,52984,#1111,issue
53035,mentioned,2024-05-20 16:48:45,36,user:5144808,user
53038,subscribed,2024-05-20 16:48:45,52984,#1111,issue
53038,subscribed,2024-05-20 16:48:45,36,user:5144808,user
53041,unlabeled,2024-05-20 16:51:01,52984,#1111,issue
53041,unlabeled,2024-05-20 16:51:01,36,user:5144808,user
53044,labeled,2024-05-20 16:51:01,52984,#1111,issue
53044,labeled,2024-05-20 16:51:01,36,user:5144808,user
53047,assigned,2024-05-20 17:11:55,52984,#1111,issue
53047,assigned,2024-05-20 17:11:55,50655,user:48416792,user
53047,assigned,2024-05-20 17:11:55,36,user:5144808,user
53052,commented,2024-05-20 17:12:08,52984,#1111,issue
53052,commented,2024-05-20 17:12:08,36,user:5144808,user
53056,labeled,2024-05-20 21:32:05,52984,#1111,issue
53056,labeled,2024-05-20 21:32:05,36,user:5144808,user
53059,cross-referenced,2024-05-20 22:21:58,52984,#1111,issue
53059,cross-referenced,2024-05-20 22:21:58,50655,user:48416792,user
53062,closed,2024-05-22 03:05:43,52984,#1111,issue
53062,closed,2024-05-22 03:05:43,36,user:5144808,user
53082,commented,2024-05-20 20:14:25,53065,#1110,issue
53082,commented,2024-05-20 20:14:25,36,user:5144808,user
53086,mentioned,2024-05-20 20:14:27,53072,user:45911852,user
53086,mentioned,2024-05-20 20:14:27,53065,#1110,issue
53089,subscribed,2024-05-20 20:14:27,53072,user:45911852,user
53089,subscribed,2024-05-20 20:14:27,53065,#1110,issue
53092,labeled,2024-05-20 20:14:30,53065,#1110,issue
53092,labeled,2024-05-20 20:14:30,36,user:5144808,user
53095,labeled,2024-05-20 20:14:37,53065,#1110,issue
53095,labeled,2024-05-20 20:14:37,36,user:5144808,user
53098,unlabeled,2024-05-20 20:14:41,53065,#1110,issue
53098,unlabeled,2024-05-20 20:14:41,36,user:5144808,user
53101,labeled,2024-05-20 20:14:57,53065,#1110,issue
53101,labeled,2024-05-20 20:14:57,36,user:5144808,user
53104,cross-referenced,2024-05-20 20:21:00,53065,#1110,issue
53104,cross-referenced,2024-05-20 20:21:00,36,user:5144808,user
53107,commented,2024-05-20 20:21:08,53065,#1110,issue
53107,commented,2024-05-20 20:21:08,36,user:5144808,user
53111,renamed,2024-05-21 13:26:08,53065,#1110,issue
53111,renamed,2024-05-21 13:26:08,36,user:5144808,user
53114,referenced,2024-05-21 14:49:07,51373,user:6921552,user
53114,referenced,2024-05-21 14:49:07,53065,#1110,issue
53117,cross-referenced,2024-05-21 14:54:49,51373,user:6921552,user
53117,cross-referenced,2024-05-21 14:54:49,53065,#1110,issue
53120,referenced,2024-05-22 03:02:00,53065,#1110,issue
53120,referenced,2024-05-22 03:02:00,36,user:5144808,user
53123,commented,2024-05-22 03:02:56,53065,#1110,issue
53123,commented,2024-05-22 03:02:56,36,user:5144808,user
53127,closed,2024-05-22 03:02:56,53065,#1110,issue
53127,closed,2024-05-22 03:02:56,36,user:5144808,user
53130,mentioned,2024-05-22 03:02:57,53072,user:45911852,user
53130,mentioned,2024-05-22 03:02:57,53065,#1110,issue
53133,subscribed,2024-05-22 03:02:57,53072,user:45911852,user
53133,subscribed,2024-05-22 03:02:57,53065,#1110,issue
53136,commented,2024-05-23 05:45:49,53072,user:45911852,user
53136,commented,2024-05-23 05:45:49,53065,#1110,issue
53140,mentioned,2024-05-23 05:45:50,53065,#1110,issue
53140,mentioned,2024-05-23 05:45:50,36,user:5144808,user
53143,subscribed,2024-05-23 05:45:50,53065,#1110,issue
53143,subscribed,2024-05-23 05:45:50,36,user:5144808,user
53253,cross-referenced,2024-05-20 20:06:46,53190,#1107,issue
53253,cross-referenced,2024-05-20 20:06:46,36,user:5144808,user
53277,commented,2024-05-20 14:53:10,51779,user:24376333,user
53277,commented,2024-05-20 14:53:10,53256,#1106,issue
53281,cross-referenced,2024-05-20 15:09:48,51779,user:24376333,user
53281,cross-referenced,2024-05-20 15:09:48,53256,#1106,issue
53284,assigned,2024-05-20 16:41:07,51779,user:24376333,user
53284,assigned,2024-05-20 16:41:07,53256,#1106,issue
53284,assigned,2024-05-20 16:41:07,36,user:5144808,user
53289,labeled,2024-05-20 16:41:13,53256,#1106,issue
53289,labeled,2024-05-20 16:41:13,36,user:5144808,user
53292,closed,2024-05-20 18:26:56,53256,#1106,issue
53292,closed,2024-05-20 18:26:56,36,user:5144808,user
53802,commented,2024-05-20 20:06:46,36,user:5144808,user
53802,commented,2024-05-20 20:06:46,53758,#1095,issue
53806,closed,2024-05-20 20:06:46,36,user:5144808,user
53806,closed,2024-05-20 20:06:46,53758,#1095,issue
55050,cross-referenced,2024-05-20 21:06:20,54997,#1073,issue
55050,cross-referenced,2024-05-20 21:06:20,36,user:5144808,user
55053,commented,2024-05-20 21:33:20,54997,#1073,issue
55053,commented,2024-05-20 21:33:20,36,user:5144808,user
55057,cross-referenced,2024-05-20 21:54:01,54997,#1073,issue
55057,cross-referenced,2024-05-20 21:54:01,36,user:5144808,user
55084,cross-referenced,2025-05-30 02:51:43,54997,#1073,issue
55084,cross-referenced,2025-05-30 02:51:43,168,user:26526132,user
55087,cross-referenced,2025-05-31 05:05:46,54997,#1073,issue
55087,cross-referenced,2025-05-31 05:05:46,36,user:5144808,user
55090,commented,2025-05-31 05:06:28,54997,#1073,issue
55090,commented,2025-05-31 05:06:28,36,user:5144808,user
55094,closed,2025-05-31 05:06:28,54997,#1073,issue
55094,closed,2025-05-31 05:06:28,36,user:5144808,user
55097,unsubscribed,2025-06-01 09:13:08,54997,#1073,issue
55097,unsubscribed,2025-06-01 09:13:08,55099,user:8073510,user
56125,labeled,2024-05-20 21:34:10,56093,#1053,issue
56125,labeled,2024-05-20 21:34:10,36,user:5144808,user
57485,renamed,2024-05-20 20:24:25,57468,#1032,issue
57485,renamed,2024-05-20 20:24:25,36,user:5144808,user
57488,commented,2024-05-20 20:27:49,57468,#1032,issue
57488,commented,2024-05-20 20:27:49,36,user:5144808,user
57492,mentioned,2024-05-20 20:27:50,57468,#1032,issue
57492,mentioned,2024-05-20 20:27:50,69,user:15725,user
57495,subscribed,2024-05-20 20:27:50,57468,#1032,issue
57495,subscribed,2024-05-20 20:27:50,69,user:15725,user
57498,mentioned,2024-05-20 20:27:50,57468,#1032,issue
57498,mentioned,2024-05-20 20:27:50,59,user:2585816,user
57501,subscribed,2024-05-20 20:27:50,57468,#1032,issue
57501,subscribed,2024-05-20 20:27:50,59,user:2585816,user
57504,mentioned,2024-05-20 20:27:50,57468,#1032,issue
57504,mentioned,2024-05-20 20:27:50,57475,user:23682192,user
57507,subscribed,2024-05-20 20:27:50,57468,#1032,issue
57507,subscribed,2024-05-20 20:27:50,57475,user:23682192,user
57510,labeled,2024-05-20 20:27:56,57468,#1032,issue
57510,labeled,2024-05-20 20:27:56,36,user:5144808,user
57513,unlabeled,2024-05-20 20:27:58,57468,#1032,issue
57513,unlabeled,2024-05-20 20:27:58,36,user:5144808,user
57516,labeled,2024-05-20 21:34:22,57468,#1032,issue
57516,labeled,2024-05-20 21:34:22,36,user:5144808,user
57519,commented,2024-05-23 11:42:03,57468,#1032,issue
57519,commented,2024-05-23 11:42:03,57475,user:23682192,user
57523,mentioned,2024-05-23 11:42:04,57468,#1032,issue
57523,mentioned,2024-05-23 11:42:04,36,user:5144808,user
57526,subscribed,2024-05-23 11:42:04,57468,#1032,issue
57526,subscribed,2024-05-23 11:42:04,36,user:5144808,user
59881,unlabeled,2024-05-20 14:22:40,59750,#995,issue
59881,unlabeled,2024-05-20 14:22:40,36,user:5144808,user
59884,reviewed,2024-05-20 18:34:12,59750,#995,issue
59884,reviewed,2024-05-20 18:34:12,36,user:5144808,user
59888,assigned,2024-05-20 18:34:29,59750,#995,issue
59888,assigned,2024-05-20 18:34:29,36,user:5144808,user
59888,assigned,2024-05-20 18:34:29,36,user:5144808,user
59893,unassigned,2024-05-20 18:34:32,59750,#995,issue
59893,unassigned,2024-05-20 18:34:32,36,user:5144808,user
59893,unassigned,2024-05-20 18:34:32,36,user:5144808,user
59898,assigned,2024-05-20 18:34:37,59750,#995,issue
59898,assigned,2024-05-20 18:34:37,69,user:15725,user
59898,assigned,2024-05-20 18:34:37,36,user:5144808,user
59903,assigned,2024-05-20 18:34:37,59750,#995,issue
59903,assigned,2024-05-20 18:34:37,36,user:5144808,user
59903,assigned,2024-05-20 18:34:37,59,user:2585816,user
59908,commented,2024-05-20 18:36:37,59750,#995,issue
59908,commented,2024-05-20 18:36:37,36,user:5144808,user
59912,labeled,2024-05-20 18:36:47,59750,#995,issue
59912,labeled,2024-05-20 18:36:47,36,user:5144808,user
59915,reviewed,2024-05-21 05:59:08,59750,#995,issue
59915,reviewed,2024-05-21 05:59:08,59,user:2585816,user
59919,unassigned,2024-05-22 03:21:08,59750,#995,issue
59919,unassigned,2024-05-22 03:21:08,36,user:5144808,user
59919,unassigned,2024-05-22 03:21:08,59,user:2585816,user
59924,commented,2024-05-22 04:34:29,59750,#995,issue
59924,commented,2024-05-22 04:34:29,59757,user:904991,user
59928,mentioned,2024-05-22 04:34:30,59750,#995,issue
59928,mentioned,2024-05-22 04:34:30,69,user:15725,user
59931,subscribed,2024-05-22 04:34:30,59750,#995,issue
59931,subscribed,2024-05-22 04:34:30,69,user:15725,user
59934,mentioned,2024-05-22 04:34:30,59750,#995,issue
59934,mentioned,2024-05-22 04:34:30,59,user:2585816,user
59937,subscribed,2024-05-22 04:34:30,59750,#995,issue
59937,subscribed,2024-05-22 04:34:30,59,user:2585816,user
62332,labeled,2024-05-20 21:34:44,62293,#955,issue
62332,labeled,2024-05-20 21:34:44,36,user:5144808,user
62335,assigned,2024-05-20 21:35:04,62293,#955,issue
62335,assigned,2024-05-20 21:35:04,69,user:15725,user
62335,assigned,2024-05-20 21:35:04,36,user:5144808,user
62340,assigned,2024-05-20 21:35:04,62293,#955,issue
62340,assigned,2024-05-20 21:35:04,36,user:5144808,user
62340,assigned,2024-05-20 21:35:04,59,user:2585816,user
62345,commented,2024-05-21 06:39:15,62293,#955,issue
62345,commented,2024-05-21 06:39:15,59,user:2585816,user
62349,closed,2024-05-21 06:39:15,62293,#955,issue
62349,closed,2024-05-21 06:39:15,59,user:2585816,user
62352,unlabeled,2024-05-21 14:25:33,62293,#955,issue
62352,unlabeled,2024-05-21 14:25:33,36,user:5144808,user
62355,labeled,2024-05-21 14:25:33,62293,#955,issue
62355,labeled,2024-05-21 14:25:33,36,user:5144808,user
62358,cross-referenced,2024-05-21 14:25:37,62293,#955,issue
62358,cross-referenced,2024-05-21 14:25:37,36,user:5144808,user
64134,commented,2024-05-20 21:11:25,36,user:5144808,user
64134,commented,2024-05-20 21:11:25,64117,#916,issue
64138,closed,2024-05-20 21:11:25,36,user:5144808,user
64138,closed,2024-05-20 21:11:25,64117,#916,issue
64154,commented,2025-06-09 11:58:35,64144,user:63246960,user
64154,commented,2025-06-09 11:58:35,64117,#916,issue
64158,commented,2025-06-09 13:28:07,36,user:5144808,user
64158,commented,2025-06-09 13:28:07,64117,#916,issue
64162,commented,2025-06-10 05:14:21,64144,user:63246960,user
64162,commented,2025-06-10 05:14:21,64117,#916,issue
64166,mentioned,2025-06-10 05:14:21,36,user:5144808,user
64166,mentioned,2025-06-10 05:14:21,64117,#916,issue
64169,subscribed,2025-06-10 05:14:21,36,user:5144808,user
64169,subscribed,2025-06-10 05:14:21,64117,#916,issue
64172,commented,2025-06-12 14:39:07,64175,user:64271472,user
64172,commented,2025-06-12 14:39:07,64117,#916,issue
64181,commented,2025-06-12 15:13:08,36,user:5144808,user
64181,commented,2025-06-12 15:13:08,64117,#916,issue
66016,commented,2024-05-20 21:22:15,65992,#871,issue
66016,commented,2024-05-20 21:22:15,36,user:5144808,user
66020,closed,2024-05-20 21:22:15,65992,#871,issue
66020,closed,2024-05-20 21:22:15,36,user:5144808,user
66023,mentioned,2024-05-20 21:22:16,65992,#871,issue
66023,mentioned,2024-05-20 21:22:16,65999,user:76724118,user
66026,subscribed,2024-05-20 21:22:17,65992,#871,issue
66026,subscribed,2024-05-20 21:22:17,65999,user:76724118,user
67083,commented,2024-05-20 20:49:15,67060,#841,issue
67083,commented,2024-05-20 20:49:15,36,user:5144808,user
67087,closed,2024-05-20 20:49:19,67060,#841,issue
67087,closed,2024-05-20 20:49:19,36,user:5144808,user
67090,commented,2024-05-21 07:57:52,66641,user:19695588,user
67090,commented,2024-05-21 07:57:52,67060,#841,issue
67094,mentioned,2024-05-21 07:57:53,67060,#841,issue
67094,mentioned,2024-05-21 07:57:53,36,user:5144808,user
67097,subscribed,2024-05-21 07:57:53,67060,#841,issue
67097,subscribed,2024-05-21 07:57:53,36,user:5144808,user
67100,commented,2024-05-21 14:14:33,67060,#841,issue
67100,commented,2024-05-21 14:14:33,36,user:5144808,user
67104,mentioned,2024-05-21 14:14:34,66641,user:19695588,user
67104,mentioned,2024-05-21 14:14:34,67060,#841,issue
67107,subscribed,2024-05-21 14:14:34,66641,user:19695588,user
67107,subscribed,2024-05-21 14:14:34,67060,#841,issue
67110,commented,2024-05-23 08:49:49,66641,user:19695588,user
67110,commented,2024-05-23 08:49:49,67060,#841,issue
67114,mentioned,2024-05-23 08:52:15,67060,#841,issue
67114,mentioned,2024-05-23 08:52:15,36,user:5144808,user
67117,subscribed,2024-05-23 08:52:15,67060,#841,issue
67117,subscribed,2024-05-23 08:52:15,36,user:5144808,user
68138,commented,2024-05-20 20:55:26,68118,#827,issue
68138,commented,2024-05-20 20:55:26,36,user:5144808,user
68142,closed,2024-05-20 20:55:26,68118,#827,issue
68142,closed,2024-05-20 20:55:26,36,user:5144808,user
68161,commented,2024-05-20 20:20:59,68145,#826,issue
68161,commented,2024-05-20 20:20:59,36,user:5144808,user
68165,closed,2024-05-20 20:21:00,68145,#826,issue
68165,closed,2024-05-20 20:21:00,36,user:5144808,user
68168,cross-referenced,2024-05-20 20:21:08,68145,#826,issue
68168,cross-referenced,2024-05-20 20:21:08,36,user:5144808,user
70195,commented,2024-05-20 21:02:26,70146,#798,issue
70195,commented,2024-05-20 21:02:26,36,user:5144808,user
70199,closed,2024-05-20 21:02:26,70146,#798,issue
70199,closed,2024-05-20 21:02:26,36,user:5144808,user
70202,mentioned,2024-05-20 21:02:28,70146,#798,issue
70202,mentioned,2024-05-20 21:02:28,69,user:15725,user
70205,subscribed,2024-05-20 21:02:28,70146,#798,issue
70205,subscribed,2024-05-20 21:02:28,69,user:15725,user
70473,labeled,2024-05-20 21:15:37,36,user:5144808,user
70473,labeled,2024-05-20 21:15:37,70456,#790,issue
70476,labeled,2024-05-20 21:15:41,36,user:5144808,user
70476,labeled,2024-05-20 21:15:41,70456,#790,issue
70479,unlabeled,2024-05-20 21:15:44,36,user:5144808,user
70479,unlabeled,2024-05-20 21:15:44,70456,#790,issue
70482,commented,2024-05-20 21:38:30,36,user:5144808,user
70482,commented,2024-05-20 21:38:30,70456,#790,issue
70486,mentioned,2024-05-20 21:38:31,69,user:15725,user
70486,mentioned,2024-05-20 21:38:31,70456,#790,issue
70489,subscribed,2024-05-20 21:38:31,69,user:15725,user
70489,subscribed,2024-05-20 21:38:31,70456,#790,issue
70492,mentioned,2024-05-20 21:38:31,70456,#790,issue
70492,mentioned,2024-05-20 21:38:31,59,user:2585816,user
70495,subscribed,2024-05-20 21:38:32,70456,#790,issue
70495,subscribed,2024-05-20 21:38:32,59,user:2585816,user
70498,mentioned,2024-05-20 21:38:32,70463,user:22591887,user
70498,mentioned,2024-05-20 21:38:32,70456,#790,issue
70501,subscribed,2024-05-20 21:38:32,70463,user:22591887,user
70501,subscribed,2024-05-20 21:38:32,70456,#790,issue
70504,assigned,2024-05-20 21:38:35,69,user:15725,user
70504,assigned,2024-05-20 21:38:35,36,user:5144808,user
70504,assigned,2024-05-20 21:38:35,70456,#790,issue
70509,assigned,2024-05-20 21:38:35,36,user:5144808,user
70509,assigned,2024-05-20 21:38:35,70456,#790,issue
70509,assigned,2024-05-20 21:38:35,59,user:2585816,user
70514,commented,2024-05-21 06:42:31,70456,#790,issue
70514,commented,2024-05-21 06:42:31,59,user:2585816,user
70518,closed,2024-05-21 06:42:31,70456,#790,issue
70518,closed,2024-05-21 06:42:31,59,user:2585816,user
70521,unlabeled,2024-05-21 14:24:44,36,user:5144808,user
70521,unlabeled,2024-05-21 14:24:44,70456,#790,issue
70524,labeled,2024-05-21 14:24:45,36,user:5144808,user
70524,labeled,2024-05-21 14:24:45,70456,#790,issue
70527,cross-referenced,2024-05-21 14:24:52,36,user:5144808,user
70527,cross-referenced,2024-05-21 14:24:52,70456,#790,issue
70597,commented,2024-05-20 21:39:56,70567,#788,issue
70597,commented,2024-05-20 21:39:56,36,user:5144808,user
70601,closed,2024-05-20 21:39:56,70567,#788,issue
70601,closed,2024-05-20 21:39:56,36,user:5144808,user
71062,referenced,2025-05-28 05:03:49,168,user:26526132,user
71062,referenced,2025-05-28 05:03:49,70923,#781,issue
71065,closed,2025-05-28 12:55:40,36,user:5144808,user
71065,closed,2025-05-28 12:55:40,70923,#781,issue
71068,referenced,2025-05-28 12:55:40,36,user:5144808,user
71068,referenced,2025-05-28 12:55:40,70923,#781,issue
72037,commented,2024-05-20 21:47:43,72010,#757,issue
72037,commented,2024-05-20 21:47:43,36,user:5144808,user
72041,closed,2024-05-20 21:47:43,72010,#757,issue
72041,closed,2024-05-20 21:47:43,36,user:5144808,user
72244,commented,2024-05-20 21:52:03,72217,#751,issue
72244,commented,2024-05-20 21:52:03,36,user:5144808,user
72248,closed,2024-05-20 21:52:03,72217,#751,issue
72248,closed,2024-05-20 21:52:03,36,user:5144808,user
72957,created,2023-04-30 16:07:33,57798,user:51329644,user
72957,created,2023-04-30 16:07:33,72953,#732,issue
72962,labeled,2023-04-30 16:07:33,57798,user:51329644,user
72962,labeled,2023-04-30 16:07:33,72953,#732,issue
73001,created,2023-04-28 16:20:03,57798,user:51329644,user
73001,created,2023-04-28 16:20:03,72997,#731,issue
73006,renamed,2023-04-28 16:21:59,57798,user:51329644,user
73006,renamed,2023-04-28 16:21:59,72997,#731,issue
73009,commented,2023-04-28 16:27:15,72997,#731,issue
73009,commented,2023-04-28 16:27:15,184,user:22429695,user
73013,reviewed,2023-04-28 16:27:56,57798,user:51329644,user
73013,reviewed,2023-04-28 16:27:56,72997,#731,issue
73017,reviewed,2023-04-28 16:29:31,57798,user:51329644,user
73017,reviewed,2023-04-28 16:29:31,72997,#731,issue
73021,committed,2023-04-28 16:57:39,73023,sha:ff56b4e6928c56f08875042d21f859645bf67e3e,commit
73021,committed,2023-04-28 16:57:39,72997,#731,issue
73021,committed,2023-04-28 16:57:39,57812,committer:crai0,user
73029,committed,2023-04-28 16:57:42,72997,#731,issue
73029,committed,2023-04-28 16:57:42,73031,sha:af8e276eeceed8868a43a62fbffe87dc96444525,commit
73029,committed,2023-04-28 16:57:42,57812,committer:crai0,user
73037,committed,2023-04-28 16:57:43,73039,sha:a2d0cb897e998ab2768c8b57e4c3a47d3d67de9d,commit
73037,committed,2023-04-28 16:57:43,72997,#731,issue
73037,committed,2023-04-28 16:57:43,57812,committer:crai0,user
73045,committed,2023-04-28 16:57:47,72997,#731,issue
73045,committed,2023-04-28 16:57:47,73047,sha:dc0c86fe3ab295a140aaa4c8126597e5e7c6751a,commit
73045,committed,2023-04-28 16:57:47,57812,committer:crai0,user
73053,committed,2023-04-28 16:58:20,73055,sha:cd93206f37c38dd4392cb8d7589f84d31db67836,commit
73053,committed,2023-04-28 16:58:20,72997,#731,issue
73053,committed,2023-04-28 16:58:20,57812,committer:crai0,user
73061,reviewed,2023-04-29 05:17:38,72997,#731,issue
73061,reviewed,2023-04-29 05:17:38,59,user:2585816,user
73065,reviewed,2023-04-29 05:20:12,72997,#731,issue
73065,reviewed,2023-04-29 05:20:12,59,user:2585816,user
73069,reviewed,2023-04-29 05:26:54,72997,#731,issue
73069,reviewed,2023-04-29 05:26:54,59,user:2585816,user
73073,commented,2023-04-29 05:27:54,72997,#731,issue
73073,commented,2023-04-29 05:27:54,59,user:2585816,user
73077,committed,2023-04-29 05:33:15,73079,sha:14fac5b12581f799a8b122b6e6f6830fc8c301a1,commit
73077,committed,2023-04-29 05:33:15,72997,#731,issue
73077,committed,2023-04-29 05:33:15,57812,committer:crai0,user
73085,commented,2023-04-29 06:51:35,57798,user:51329644,user
73085,commented,2023-04-29 06:51:35,72997,#731,issue
73089,committed,2023-04-29 06:54:54,73091,sha:4e280758acf6e2e2c8e01831d475a538e7e99d0b,commit
73089,committed,2023-04-29 06:54:54,72997,#731,issue
73089,committed,2023-04-29 06:54:54,57812,committer:crai0,user
73097,reviewed,2023-04-29 07:21:39,57798,user:51329644,user
73097,reviewed,2023-04-29 07:21:39,72997,#731,issue
73101,commented,2023-04-29 09:03:44,72997,#731,issue
73101,commented,2023-04-29 09:03:44,59,user:2585816,user
73105,commented,2023-04-29 09:06:33,57798,user:51329644,user
73105,commented,2023-04-29 09:06:33,72997,#731,issue
73109,committed,2023-04-30 11:45:53,73111,sha:ea3ecce7ab3e06d5a30c085e5e3aa9e6c286e68e,commit
73109,committed,2023-04-30 11:45:53,72997,#731,issue
73109,committed,2023-04-30 11:45:53,57812,committer:crai0,user
73117,committed,2023-04-30 11:46:17,73119,sha:ab42fd4e42ef01f99196987f89cc029378e8bccc,commit
73117,committed,2023-04-30 11:46:17,72997,#731,issue
73117,committed,2023-04-30 11:46:17,57812,committer:crai0,user
73125,commented,2023-04-30 11:47:56,57798,user:51329644,user
73125,commented,2023-04-30 11:47:56,72997,#731,issue
73129,committed,2023-04-30 15:49:14,72997,#731,issue
73129,committed,2023-04-30 15:49:14,57812,committer:crai0,user
73129,committed,2023-04-30 15:49:14,73131,sha:5b4f94469da93463a7357aea6678525068cf313d,commit
73137,committed,2023-04-30 15:49:41,72997,#731,issue
73137,committed,2023-04-30 15:49:41,73139,sha:f04a719746594e9f4906dd44cc75f773fccd4e1f,commit
73137,committed,2023-04-30 15:49:41,57812,committer:crai0,user
73145,commented,2023-04-30 16:05:08,57798,user:51329644,user
73145,commented,2023-04-30 16:05:08,72997,#731,issue
73149,commented,2023-04-30 17:24:24,72997,#731,issue
73149,commented,2023-04-30 17:24:24,59,user:2585816,user
73169,created,2023-04-28 10:04:17,73165,#729,issue
73169,created,2023-04-28 10:04:17,59,user:2585816,user
73174,review_requested,2023-04-28 10:04:22,36,user:5144808,user
73174,review_requested,2023-04-28 10:04:22,73165,#729,issue
73174,review_requested,2023-04-28 10:04:22,59,user:2585816,user
73179,committed,2023-04-28 10:07:42,17037,committer:Santiago Fraire Willemoes,user
73179,committed,2023-04-28 10:07:42,73165,#729,issue
73179,committed,2023-04-28 10:07:42,73181,sha:93874fcb2df2830cbed5d905d1c707f0dba1342b,commit
73187,commented,2023-04-28 10:07:45,73165,#729,issue
73187,commented,2023-04-28 10:07:45,184,user:22429695,user
73191,committed,2023-04-28 10:08:00,17037,committer:Santiago Fraire Willemoes,user
73191,committed,2023-04-28 10:08:00,73165,#729,issue
73191,committed,2023-04-28 10:08:00,73193,sha:51f9d9744cfc78c1374da4fb1529048b5da09ba6,commit
73199,committed,2023-04-28 10:08:00,17037,committer:Santiago Fraire Willemoes,user
73199,committed,2023-04-28 10:08:00,73165,#729,issue
73199,committed,2023-04-28 10:08:00,73201,sha:b0d87783e1f16fa6e33e54d460d37999b1b21ae1,commit
73207,head_ref_force_pushed,2023-04-28 10:08:10,73165,#729,issue
73207,head_ref_force_pushed,2023-04-28 10:08:10,59,user:2585816,user
73210,committed,2023-04-28 10:31:18,17037,committer:Santiago Fraire Willemoes,user
73210,committed,2023-04-28 10:31:18,73212,sha:b7b96f60b1aded8b74e9ee27ca2955b62bd401b6,commit
73210,committed,2023-04-28 10:31:18,73165,#729,issue
73218,committed,2023-04-28 12:52:43,17037,committer:Santiago Fraire Willemoes,user
73218,committed,2023-04-28 12:52:43,73165,#729,issue
73218,committed,2023-04-28 12:52:43,73220,sha:fbd2e21a7f44583af1abe9b43376d0755c277af3,commit
73226,head_ref_force_pushed,2023-04-28 13:10:45,73165,#729,issue
73226,head_ref_force_pushed,2023-04-28 13:10:45,59,user:2585816,user
73229,committed,2023-04-28 13:14:27,17037,committer:Santiago Fraire Willemoes,user
73229,committed,2023-04-28 13:14:27,73231,sha:f87a3af03ccd3a029267ad105a9ae8f0cad3e0e3,commit
73229,committed,2023-04-28 13:14:27,73165,#729,issue
73237,head_ref_force_pushed,2023-04-28 13:14:37,73165,#729,issue
73237,head_ref_force_pushed,2023-04-28 13:14:37,59,user:2585816,user
73240,committed,2023-04-28 13:27:42,17037,committer:Santiago Fraire Willemoes,user
73240,committed,2023-04-28 13:27:42,73242,sha:6e104cad351a8f145a7214b38387d401eca2f94d,commit
73240,committed,2023-04-28 13:27:42,73165,#729,issue
73248,committed,2023-04-29 05:35:37,17037,committer:Santiago Fraire Willemoes,user
73248,committed,2023-04-29 05:35:37,73165,#729,issue
73248,committed,2023-04-29 05:35:37,73250,sha:ec52a23f50c11d00e20258fdc573836754735250,commit
73272,created,2023-04-28 06:47:11,73268,#728,issue
73272,created,2023-04-28 06:47:11,59,user:2585816,user
73277,committed,2023-04-28 06:46:20,17037,committer:Santiago Fraire Willemoes,user
73277,committed,2023-04-28 06:46:20,73268,#728,issue
73277,committed,2023-04-28 06:46:20,73279,sha:ae75dd552dd78054310317a4ca5229b83ea9ed4d,commit
73285,commented,2023-04-28 07:14:13,73268,#728,issue
73285,commented,2023-04-28 07:14:13,184,user:22429695,user
73289,committed,2023-04-28 07:28:33,17037,committer:Santiago Fraire Willemoes,user
73289,committed,2023-04-28 07:28:33,73268,#728,issue
73289,committed,2023-04-28 07:28:33,73291,sha:e37c0a90ef9dab0ced7d922fd9a26b89b50ba3fe,commit
73297,committed,2023-04-28 07:28:39,17037,committer:Santiago Fraire Willemoes,user
73297,committed,2023-04-28 07:28:39,73268,#728,issue
73297,committed,2023-04-28 07:28:39,73299,sha:87a5c98d7b3e882bee74cde85b83f47f52f756f1,commit
73305,head_ref_force_pushed,2023-04-28 07:28:49,73268,#728,issue
73305,head_ref_force_pushed,2023-04-28 07:28:49,59,user:2585816,user
73308,review_requested,2023-04-28 07:29:11,36,user:5144808,user
73308,review_requested,2023-04-28 07:29:11,73268,#728,issue
73308,review_requested,2023-04-28 07:29:11,59,user:2585816,user
73313,committed,2023-04-28 07:29:45,17037,committer:Santiago Fraire Willemoes,user
73313,committed,2023-04-28 07:29:45,73268,#728,issue
73313,committed,2023-04-28 07:29:45,73315,sha:8bfc98dffe221d0598b55272bc9a402cf14add94,commit
73321,head_ref_force_pushed,2023-04-28 07:29:56,73268,#728,issue
73321,head_ref_force_pushed,2023-04-28 07:29:56,59,user:2585816,user
73324,reviewed,2023-04-28 07:31:31,73268,#728,issue
73324,reviewed,2023-04-28 07:31:31,59,user:2585816,user
73328,committed,2023-04-28 12:13:57,17037,committer:Santiago Fraire Willemoes,user
73328,committed,2023-04-28 12:13:57,73268,#728,issue
73328,committed,2023-04-28 12:13:57,73330,sha:c20cb5cc76aba40700c70bcfa945c5c7c99b5d35,commit
73336,committed,2023-04-28 12:14:42,17037,committer:Santiago Fraire Willemoes,user
73336,committed,2023-04-28 12:14:42,73268,#728,issue
73336,committed,2023-04-28 12:14:42,73338,sha:92115055da9456f6e227aab3fc77f198059f3d1e,commit
73344,head_ref_force_pushed,2023-04-28 12:33:19,73268,#728,issue
73344,head_ref_force_pushed,2023-04-28 12:33:19,59,user:2585816,user
73347,committed,2023-04-28 12:35:41,17037,committer:Santiago Fraire Willemoes,user
73347,committed,2023-04-28 12:35:41,73268,#728,issue
73347,committed,2023-04-28 12:35:41,73349,sha:376427c9f219dddbd68061d40c76a8f98c1d38bf,commit
73355,head_ref_force_pushed,2023-04-28 12:35:58,73268,#728,issue
73355,head_ref_force_pushed,2023-04-28 12:35:58,59,user:2585816,user
73358,commented,2023-04-30 09:16:56,73268,#728,issue
73358,commented,2023-04-30 09:16:56,59,user:2585816,user
73362,mentioned,2023-04-30 09:16:57,36,user:5144808,user
73362,mentioned,2023-04-30 09:16:57,73268,#728,issue
73365,subscribed,2023-04-30 09:16:57,36,user:5144808,user
73365,subscribed,2023-04-30 09:16:57,73268,#728,issue
73381,created,2023-04-27 00:50:54,73377,#727,issue
73381,created,2023-04-27 00:50:54,259,user:49699333,user
73386,labeled,2023-04-27 00:50:55,73377,#727,issue
73386,labeled,2023-04-27 00:50:55,259,user:49699333,user
73389,cross-referenced,2023-04-27 00:50:57,73377,#727,issue
73389,cross-referenced,2023-04-27 00:50:57,259,user:49699333,user
73392,commented,2023-04-27 00:55:49,73377,#727,issue
73392,commented,2023-04-27 00:55:49,184,user:22429695,user
73421,created,2023-04-25 14:07:25,59,user:2585816,user
73421,created,2023-04-25 14:07:25,73417,#726,issue
73426,committed,2023-04-25 13:58:44,17037,committer:Santiago Fraire Willemoes,user
73426,committed,2023-04-25 13:58:44,73428,sha:d11ee9648c92b6e49cecb9094efc58bf396df424,commit
73426,committed,2023-04-25 13:58:44,73417,#726,issue
73434,committed,2023-04-25 14:03:37,17037,committer:Santiago Fraire Willemoes,user
73434,committed,2023-04-25 14:03:37,73417,#726,issue
73434,committed,2023-04-25 14:03:37,73436,sha:6096b680561b94e188a70edfd61c318524f4e3aa,commit
73442,review_requested,2023-04-25 14:07:35,36,user:5144808,user
73442,review_requested,2023-04-25 14:07:35,59,user:2585816,user
73442,review_requested,2023-04-25 14:07:35,73417,#726,issue
73447,commented,2023-04-25 14:12:28,73417,#726,issue
73447,commented,2023-04-25 14:12:28,184,user:22429695,user
73451,reviewed,2023-04-25 15:14:58,36,user:5144808,user
73451,reviewed,2023-04-25 15:14:58,73417,#726,issue
73455,merged,2023-04-25 17:04:02,59,user:2585816,user
73455,merged,2023-04-25 17:04:02,73417,#726,issue
73458,closed,2023-04-25 17:04:02,59,user:2585816,user
73458,closed,2023-04-25 17:04:02,73417,#726,issue
73461,head_ref_deleted,2023-04-25 17:04:03,59,user:2585816,user
73461,head_ref_deleted,2023-04-25 17:04:03,73417,#726,issue
73468,created,2023-04-24 18:48:29,73471,user:125883319,user
73468,created,2023-04-24 18:48:29,73464,#725,issue
73478,committed,2023-04-24 18:25:29,73485,committer:Tal Lederman,user
73478,committed,2023-04-24 18:25:29,73464,#725,issue
73478,committed,2023-04-24 18:25:29,73480,sha:2e90a739816b9523558521fc9cb36e0c0624f3d0,commit
73487,commented,2023-04-24 18:53:27,73464,#725,issue
73487,commented,2023-04-24 18:53:27,184,user:22429695,user
73491,commented,2023-04-27 00:48:56,36,user:5144808,user
73491,commented,2023-04-27 00:48:56,73464,#725,issue
73495,mentioned,2023-04-27 00:48:56,73471,user:125883319,user
73495,mentioned,2023-04-27 00:48:56,73464,#725,issue
73498,subscribed,2023-04-27 00:48:56,73471,user:125883319,user
73498,subscribed,2023-04-27 00:48:56,73464,#725,issue
73501,closed,2023-04-27 00:48:59,36,user:5144808,user
73501,closed,2023-04-27 00:48:59,73464,#725,issue
73504,unsubscribed,2023-04-27 04:59:19,73464,#725,issue
73504,unsubscribed,2023-04-27 04:59:19,73506,user:30182903,user
73516,created,2023-04-24 05:18:50,73512,#724,issue
73516,created,2023-04-24 05:18:50,73519,user:12596392,user
73526,committed,2023-04-24 05:10:38,73512,#724,issue
73526,committed,2023-04-24 05:10:38,73533,committer:Pierrick Rambaud,user
73526,committed,2023-04-24 05:10:38,73528,sha:8f4ba0a9c1dc66312bb2da9af879d7e14224e101,commit
73535,committed,2023-04-24 05:13:20,73512,#724,issue
73535,committed,2023-04-24 05:13:20,73533,committer:Pierrick Rambaud,user
73535,committed,2023-04-24 05:13:20,73537,sha:e8b20355f6c0934999005df150e0c58b04c685cf,commit
73543,committed,2023-04-24 05:14:30,73512,#724,issue
73543,committed,2023-04-24 05:14:30,73533,committer:Pierrick Rambaud,user
73543,committed,2023-04-24 05:14:30,73545,sha:8e027211e7a1e49bf822aab0eb269bf8f6d3a879,commit
73551,commented,2023-04-24 13:23:37,73512,#724,issue
73551,commented,2023-04-24 13:23:37,59,user:2585816,user
73555,commented,2023-04-24 13:53:43,73512,#724,issue
73555,commented,2023-04-24 13:53:43,73519,user:12596392,user
73559,mentioned,2023-04-24 13:53:44,73512,#724,issue
73559,mentioned,2023-04-24 13:53:44,59,user:2585816,user
73562,subscribed,2023-04-24 13:53:44,73512,#724,issue
73562,subscribed,2023-04-24 13:53:44,59,user:2585816,user
73671,created,2023-04-24 05:04:22,73519,user:12596392,user
73671,created,2023-04-24 05:04:22,73667,#723,issue
73676,commented,2023-04-24 05:07:13,73667,#723,issue
73676,commented,2023-04-24 05:07:13,184,user:22429695,user
73680,commented,2023-04-24 13:25:36,59,user:2585816,user
73680,commented,2023-04-24 13:25:36,73667,#723,issue
73684,commented,2023-04-24 13:54:55,73519,user:12596392,user
73684,commented,2023-04-24 13:54:55,73667,#723,issue
73688,review_requested,2023-04-28 07:42:42,36,user:5144808,user
73688,review_requested,2023-04-28 07:42:42,59,user:2585816,user
73688,review_requested,2023-04-28 07:42:42,73667,#723,issue
73774,assigned,2024-05-20 17:04:31,69,user:15725,user
73774,assigned,2024-05-20 17:04:31,36,user:5144808,user
73774,assigned,2024-05-20 17:04:31,73667,#723,issue
73779,assigned,2024-05-20 17:04:31,36,user:5144808,user
73779,assigned,2024-05-20 17:04:31,59,user:2585816,user
73779,assigned,2024-05-20 17:04:31,73667,#723,issue
73784,head_ref_force_pushed,2024-05-20 17:58:49,36,user:5144808,user
73784,head_ref_force_pushed,2024-05-20 17:58:49,73667,#723,issue
73891,created,2023-04-24 02:12:05,73887,#722,issue
73891,created,2023-04-24 02:12:05,259,user:49699333,user
73896,labeled,2023-04-24 02:12:06,73887,#722,issue
73896,labeled,2023-04-24 02:12:06,259,user:49699333,user
73899,cross-referenced,2023-04-24 02:12:08,73887,#722,issue
73899,cross-referenced,2023-04-24 02:12:08,259,user:49699333,user
73902,commented,2023-04-24 02:16:06,73887,#722,issue
73902,commented,2023-04-24 02:16:06,184,user:22429695,user
73906,head_ref_force_pushed,2023-04-27 00:51:22,73887,#722,issue
73906,head_ref_force_pushed,2023-04-27 00:51:22,259,user:49699333,user
73959,commented,2023-04-27 00:46:55,36,user:5144808,user
73959,commented,2023-04-27 00:46:55,73933,#721,issue
73963,mentioned,2023-04-27 00:46:55,73933,#721,issue
73963,mentioned,2023-04-27 00:46:55,59,user:2585816,user
73966,subscribed,2023-04-27 00:46:56,73933,#721,issue
73966,subscribed,2023-04-27 00:46:56,59,user:2585816,user
73969,merged,2023-04-27 06:43:19,73933,#721,issue
73969,merged,2023-04-27 06:43:19,59,user:2585816,user
73972,closed,2023-04-27 06:43:19,73933,#721,issue
73972,closed,2023-04-27 06:43:19,59,user:2585816,user
73975,head_ref_deleted,2023-04-27 06:43:19,73933,#721,issue
73975,head_ref_deleted,2023-04-27 06:43:19,59,user:2585816,user
74004,head_ref_force_pushed,2023-04-27 00:51:23,259,user:49699333,user
74004,head_ref_force_pushed,2023-04-27 00:51:23,73978,#720,issue
74007,unsubscribed,2023-04-27 04:59:05,73506,user:30182903,user
74007,unsubscribed,2023-04-27 04:59:05,73978,#720,issue
74059,head_ref_force_pushed,2023-04-27 00:51:22,74037,#719,issue
74059,head_ref_force_pushed,2023-04-27 00:51:22,259,user:49699333,user
74119,commented,2023-04-24 02:12:08,259,user:49699333,user
74119,commented,2023-04-24 02:12:08,74089,#718,issue
74123,closed,2023-04-24 02:12:09,259,user:49699333,user
74123,closed,2023-04-24 02:12:09,74089,#718,issue
74126,head_ref_deleted,2023-04-24 02:12:10,259,user:49699333,user
74126,head_ref_deleted,2023-04-24 02:12:10,74089,#718,issue
74159,commented,2023-04-27 00:50:57,259,user:49699333,user
74159,commented,2023-04-27 00:50:57,74129,#717,issue
74163,closed,2023-04-27 00:50:58,259,user:49699333,user
74163,closed,2023-04-27 00:50:58,74129,#717,issue
74166,head_ref_deleted,2023-04-27 00:51:00,259,user:49699333,user
74166,head_ref_deleted,2023-04-27 00:51:00,74129,#717,issue
74187,head_ref_force_pushed,2023-04-27 00:50:52,74169,#716,issue
74187,head_ref_force_pushed,2023-04-27 00:50:52,259,user:49699333,user
75195,labeled,2023-04-28 11:46:33,75178,#704,issue
75195,labeled,2023-04-28 11:46:33,59,user:2585816,user
75438,merged,2023-04-27 00:49:54,36,user:5144808,user
75438,merged,2023-04-27 00:49:54,75404,#702,issue
75441,closed,2023-04-27 00:49:55,36,user:5144808,user
75441,closed,2023-04-27 00:49:55,75404,#702,issue
75444,head_ref_deleted,2023-04-27 07:00:55,24592,user:57402305,user
75444,head_ref_deleted,2023-04-27 07:00:55,75404,#702,issue
75459,commented,2023-04-28 11:47:51,75447,#701,issue
75459,commented,2023-04-28 11:47:51,59,user:2585816,user
75463,closed,2023-04-28 11:47:51,75447,#701,issue
75463,closed,2023-04-28 11:47:51,59,user:2585816,user
75478,commented,2023-04-28 11:48:36,75466,#700,issue
75478,commented,2023-04-28 11:48:36,59,user:2585816,user
75482,closed,2023-04-28 11:48:36,75466,#700,issue
75482,closed,2023-04-28 11:48:36,59,user:2585816,user
75905,cross-referenced,2023-04-24 05:04:22,75639,#696,issue
75905,cross-referenced,2023-04-24 05:04:22,73519,user:12596392,user
75957,commented,2023-04-28 12:11:04,75908,#695,issue
75957,commented,2023-04-28 12:11:04,59,user:2585816,user
75961,referenced,2023-04-28 12:15:08,75908,#695,issue
75961,referenced,2023-04-28 12:15:08,59,user:2585816,user
76005,closed,2023-04-28 11:44:52,59,user:2585816,user
76005,closed,2023-04-28 11:44:52,75975,#694,issue
76008,commented,2023-04-28 11:46:01,59,user:2585816,user
76008,commented,2023-04-28 11:46:01,75975,#694,issue
76192,commented,2024-05-24 16:47:46,76066,#692,issue
76192,commented,2024-05-24 16:47:46,76195,user:20610690,user
76201,cross-referenced,2024-05-24 16:55:41,76066,#692,issue
76201,cross-referenced,2024-05-24 16:55:41,76195,user:20610690,user
76246,labeled,2023-04-28 12:17:45,76229,#691,issue
76246,labeled,2023-04-28 12:17:45,59,user:2585816,user
76258,commented,2024-05-26 00:14:17,76229,#691,issue
76258,commented,2024-05-26 00:14:17,76236,user:82721542,user
76262,mentioned,2024-05-26 00:14:18,76229,#691,issue
76262,mentioned,2024-05-26 00:14:18,76252,user:97551096,user
76265,subscribed,2024-05-26 00:14:18,76229,#691,issue
76265,subscribed,2024-05-26 00:14:18,76252,user:97551096,user
76441,closed,2023-04-24 08:36:42,76281,#690,issue
76441,closed,2023-04-24 08:36:42,24592,user:57402305,user
76444,head_ref_deleted,2023-04-24 08:36:50,76281,#690,issue
76444,head_ref_deleted,2023-04-24 08:36:50,24592,user:57402305,user
76468,commented,2023-04-27 19:16:41,57798,user:51329644,user
76468,commented,2023-04-27 19:16:41,76447,#689,issue
76472,mentioned,2023-04-27 19:16:41,76454,user:5008962,user
76472,mentioned,2023-04-27 19:16:41,76447,#689,issue
76475,subscribed,2023-04-27 19:16:42,76454,user:5008962,user
76475,subscribed,2023-04-27 19:16:42,76447,#689,issue
76478,commented,2023-04-28 12:12:50,76447,#689,issue
76478,commented,2023-04-28 12:12:50,59,user:2585816,user
76482,labeled,2023-04-28 12:18:02,76447,#689,issue
76482,labeled,2023-04-28 12:18:02,59,user:2585816,user
76485,commented,2023-04-28 16:02:18,57798,user:51329644,user
76485,commented,2023-04-28 16:02:18,76447,#689,issue
76489,cross-referenced,2023-04-28 16:20:03,57798,user:51329644,user
76489,cross-referenced,2023-04-28 16:20:03,76447,#689,issue
76492,commented,2023-04-28 17:21:59,57798,user:51329644,user
76492,commented,2023-04-28 17:21:59,76447,#689,issue
76526,commented,2023-04-28 12:19:24,59,user:2585816,user
76526,commented,2023-04-28 12:19:24,76499,#687,issue
76530,closed,2023-04-28 12:19:24,59,user:2585816,user
76530,closed,2023-04-28 12:19:24,76499,#687,issue
76937,referenced,2023-04-28 12:27:15,76913,#682,issue
76937,referenced,2023-04-28 12:27:15,59,user:2585816,user
76940,referenced,2023-04-28 12:33:18,76913,#682,issue
76940,referenced,2023-04-28 12:33:18,59,user:2585816,user
76943,commented,2023-04-28 12:34:22,76913,#682,issue
76943,commented,2023-04-28 12:34:22,59,user:2585816,user
76947,referenced,2023-04-28 12:35:57,76913,#682,issue
76947,referenced,2023-04-28 12:35:57,59,user:2585816,user
76986,head_ref_force_pushed,2023-04-24 18:40:07,69593,user:8000420,user
76986,head_ref_force_pushed,2023-04-24 18:40:07,76953,#681,issue
76989,committed,2023-04-24 19:04:43,76991,sha:ca725f21b8220896f2b387a07e6c501f2dba20a4,commit
76989,committed,2023-04-24 19:04:43,76996,committer:Eduardo Cardoso,user
76989,committed,2023-04-24 19:04:43,76953,#681,issue
76998,head_ref_force_pushed,2023-04-24 19:04:49,69593,user:8000420,user
76998,head_ref_force_pushed,2023-04-24 19:04:49,76953,#681,issue
77001,commented,2023-04-24 19:10:30,184,user:22429695,user
77001,commented,2023-04-24 19:10:30,76953,#681,issue
77005,commented,2023-04-24 19:20:13,69593,user:8000420,user
77005,commented,2023-04-24 19:20:13,76953,#681,issue
77009,mentioned,2023-04-24 19:20:13,59,user:2585816,user
77009,mentioned,2023-04-24 19:20:13,76953,#681,issue
77012,subscribed,2023-04-24 19:20:13,59,user:2585816,user
77012,subscribed,2023-04-24 19:20:13,76953,#681,issue
77015,commented,2023-04-27 20:51:32,60771,user:12053937,user
77015,commented,2023-04-27 20:51:32,76953,#681,issue
77019,mentioned,2023-04-27 20:51:32,59,user:2585816,user
77019,mentioned,2023-04-27 20:51:32,76953,#681,issue
77022,subscribed,2023-04-27 20:51:32,59,user:2585816,user
77022,subscribed,2023-04-27 20:51:32,76953,#681,issue
77025,review_requested,2023-04-28 07:38:55,36,user:5144808,user
77025,review_requested,2023-04-28 07:38:55,59,user:2585816,user
77025,review_requested,2023-04-28 07:38:55,76953,#681,issue
77030,merged,2023-04-28 07:41:21,59,user:2585816,user
77030,merged,2023-04-28 07:41:21,76953,#681,issue
77033,closed,2023-04-28 07:41:21,59,user:2585816,user
77033,closed,2023-04-28 07:41:21,76953,#681,issue
77125,commented,2023-04-28 12:37:35,59,user:2585816,user
77125,commented,2023-04-28 12:37:35,77105,#678,issue
77202,cross-referenced,2024-05-20 21:55:50,36,user:5144808,user
77202,cross-referenced,2024-05-20 21:55:50,77105,#678,issue
77413,commented,2023-04-27 20:52:36,77398,#673,issue
77413,commented,2023-04-27 20:52:36,60771,user:12053937,user
77417,mentioned,2023-04-27 20:52:37,59,user:2585816,user
77417,mentioned,2023-04-27 20:52:37,77398,#673,issue
77420,subscribed,2023-04-27 20:52:37,59,user:2585816,user
77420,subscribed,2023-04-27 20:52:37,77398,#673,issue
77423,mentioned,2023-04-27 20:52:37,36,user:5144808,user
77423,mentioned,2023-04-27 20:52:37,77398,#673,issue
77426,subscribed,2023-04-27 20:52:37,36,user:5144808,user
77426,subscribed,2023-04-27 20:52:37,77398,#673,issue
77429,commented,2023-04-27 21:02:27,59,user:2585816,user
77429,commented,2023-04-27 21:02:27,77398,#673,issue
77433,commented,2023-04-27 21:03:38,77398,#673,issue
77433,commented,2023-04-27 21:03:38,60771,user:12053937,user
77437,cross-referenced,2023-04-28 06:47:11,59,user:2585816,user
77437,cross-referenced,2023-04-28 06:47:11,77398,#673,issue
77440,commented,2023-04-28 06:54:06,59,user:2585816,user
77440,commented,2023-04-28 06:54:06,77398,#673,issue
77503,commented,2024-05-20 21:55:49,77485,#672,issue
77503,commented,2024-05-20 21:55:49,36,user:5144808,user
77507,closed,2024-05-20 21:55:49,77485,#672,issue
77507,closed,2024-05-20 21:55:49,36,user:5144808,user
77609,commented,2023-04-28 12:21:04,77556,#670,issue
77609,commented,2023-04-28 12:21:04,59,user:2585816,user
77613,closed,2023-04-28 12:21:05,77556,#670,issue
77613,closed,2023-04-28 12:21:05,59,user:2585816,user
77616,cross-referenced,2025-05-27 00:22:03,77556,#670,issue
77616,cross-referenced,2025-05-27 00:22:03,31304,user:3059371,user
77619,commented,2025-05-27 00:24:21,77556,#670,issue
77619,commented,2025-05-27 00:24:21,31304,user:3059371,user
77623,mentioned,2025-05-27 00:24:22,77556,#670,issue
77623,mentioned,2025-05-27 00:24:22,59,user:2585816,user
77626,subscribed,2025-05-27 00:24:22,77556,#670,issue
77626,subscribed,2025-05-27 00:24:22,59,user:2585816,user
77629,mentioned,2025-05-27 00:24:22,77563,user:4344253,user
77629,mentioned,2025-05-27 00:24:22,77556,#670,issue
77632,subscribed,2025-05-27 00:24:22,77563,user:4344253,user
77632,subscribed,2025-05-27 00:24:22,77556,#670,issue
77635,mentioned,2025-05-27 00:24:22,77556,#670,issue
77635,mentioned,2025-05-27 00:24:22,36,user:5144808,user
77638,subscribed,2025-05-27 00:24:22,77556,#670,issue
77638,subscribed,2025-05-27 00:24:22,36,user:5144808,user
77833,commented,2023-04-28 12:38:21,77783,#665,issue
77833,commented,2023-04-28 12:38:21,59,user:2585816,user
77837,closed,2023-04-28 12:38:21,77783,#665,issue
77837,closed,2023-04-28 12:38:21,59,user:2585816,user
78023,cross-referenced,2023-04-24 05:04:22,73519,user:12596392,user
78023,cross-referenced,2023-04-24 05:04:22,77925,#662,issue
78209,commented,2023-04-28 12:41:16,78143,#658,issue
78209,commented,2023-04-28 12:41:16,59,user:2585816,user
78213,closed,2023-04-28 12:41:16,78143,#658,issue
78213,closed,2023-04-28 12:41:16,59,user:2585816,user
78282,head_ref_deleted,2023-04-24 04:50:23,73519,user:12596392,user
78282,head_ref_deleted,2023-04-24 04:50:23,78216,#657,issue
78404,commented,2023-04-28 12:42:14,59,user:2585816,user
78404,commented,2023-04-28 12:42:14,78387,#652,issue
78408,closed,2023-04-28 12:42:14,59,user:2585816,user
78408,closed,2023-04-28 12:42:14,78387,#652,issue
80315,commented,2025-06-09 14:17:17,36,user:5144808,user
80315,commented,2025-06-09 14:17:17,80297,#637,issue
80319,closed,2025-06-09 14:17:18,36,user:5144808,user
80319,closed,2025-06-09 14:17:18,80297,#637,issue
80322,mentioned,2025-06-09 14:17:18,168,user:26526132,user
80322,mentioned,2025-06-09 14:17:18,80297,#637,issue
80325,subscribed,2025-06-09 14:17:18,168,user:26526132,user
80325,subscribed,2025-06-09 14:17:18,80297,#637,issue
81356,commented,2023-04-28 13:19:17,81240,#629,issue
81356,commented,2023-04-28 13:19:17,59,user:2585816,user
81716,commented,2023-04-28 12:49:46,81701,#625,issue
81716,commented,2023-04-28 12:49:46,59,user:2585816,user
81720,closed,2023-04-28 12:49:46,81701,#625,issue
81720,closed,2023-04-28 12:49:46,59,user:2585816,user
81898,commented,2023-04-28 13:34:25,81873,#621,issue
81898,commented,2023-04-28 13:34:25,59,user:2585816,user
81902,commented,2023-04-28 16:39:50,81873,#621,issue
81902,commented,2023-04-28 16:39:50,81880,user:12095783,user
82971,locked,2023-04-28 12:50:36,38327,user:62252524,user
82971,locked,2023-04-28 12:50:36,82921,#612,issue
82974,converted_to_discussion,2023-04-28 12:50:36,82921,#612,issue
82974,converted_to_discussion,2023-04-28 12:50:36,59,user:2585816,user
83000,referenced,2023-04-28 12:53:01,82977,#610,issue
83000,referenced,2023-04-28 12:53:01,59,user:2585816,user
83517,cross-referenced,2023-04-28 12:54:38,83151,#605,issue
83517,cross-referenced,2023-04-28 12:54:38,59,user:2585816,user
83579,commented,2023-04-28 12:54:38,83520,#604,issue
83579,commented,2023-04-28 12:54:38,59,user:2585816,user
83583,closed,2023-04-28 12:54:38,83520,#604,issue
83583,closed,2023-04-28 12:54:38,59,user:2585816,user
83815,commented,2023-04-28 12:55:52,83791,#600,issue
83815,commented,2023-04-28 12:55:52,59,user:2585816,user
83819,closed,2023-04-28 12:55:52,83791,#600,issue
83819,closed,2023-04-28 12:55:52,59,user:2585816,user
84017,commented,2023-04-28 12:56:31,83962,#598,issue
84017,commented,2023-04-28 12:56:31,59,user:2585816,user
84021,closed,2023-04-28 12:56:31,83962,#598,issue
84021,closed,2023-04-28 12:56:31,59,user:2585816,user
84074,labeled,2024-05-20 21:56:39,84024,#597,issue
84074,labeled,2024-05-20 21:56:39,36,user:5144808,user
84077,commented,2024-05-20 21:57:25,84024,#597,issue
84077,commented,2024-05-20 21:57:25,36,user:5144808,user
84081,closed,2024-05-20 21:57:25,84024,#597,issue
84081,closed,2024-05-20 21:57:25,36,user:5144808,user
84084,cross-referenced,2024-05-20 21:58:20,84024,#597,issue
84084,cross-referenced,2024-05-20 21:58:20,36,user:5144808,user
84249,commented,2025-06-09 04:25:56,168,user:26526132,user
84249,commented,2025-06-09 04:25:56,84135,#592,issue
85061,head_ref_deleted,2023-04-29 13:11:30,66499,user:16890663,user
85061,head_ref_deleted,2023-04-29 13:11:30,84891,#578,issue
85118,referenced,2023-04-28 10:31:32,85089,#576,issue
85118,referenced,2023-04-28 10:31:32,59,user:2585816,user
85335,closed,2023-04-28 12:58:13,59,user:2585816,user
85335,closed,2023-04-28 12:58:13,85275,#570,issue
85338,commented,2023-04-28 13:01:13,59,user:2585816,user
85338,commented,2023-04-28 13:01:13,85275,#570,issue
85342,mentioned,2023-04-28 13:01:13,65826,user:722120,user
85342,mentioned,2023-04-28 13:01:13,85275,#570,issue
85345,subscribed,2023-04-28 13:01:13,65826,user:722120,user
85345,subscribed,2023-04-28 13:01:13,85275,#570,issue
85958,commented,2023-04-28 10:10:35,85919,#557,issue
85958,commented,2023-04-28 10:10:35,59,user:2585816,user
86087,commented,2023-04-28 13:05:19,86052,#555,issue
86087,commented,2023-04-28 13:05:19,59,user:2585816,user
86091,closed,2023-04-28 13:05:19,86052,#555,issue
86091,closed,2023-04-28 13:05:19,59,user:2585816,user
86484,commented,2023-04-28 13:03:57,86447,#549,issue
86484,commented,2023-04-28 13:03:57,59,user:2585816,user
86488,closed,2023-04-28 13:03:57,86447,#549,issue
86488,closed,2023-04-28 13:03:57,59,user:2585816,user
87567,closed,2023-04-28 13:05:49,87540,#531,issue
87567,closed,2023-04-28 13:05:49,59,user:2585816,user
87605,commented,2023-04-28 13:17:32,87570,#529,issue
87605,commented,2023-04-28 13:17:32,59,user:2585816,user
87609,closed,2023-04-28 13:17:32,87570,#529,issue
87609,closed,2023-04-28 13:17:32,59,user:2585816,user
89580,commented,2023-04-28 13:26:31,89518,#496,issue
89580,commented,2023-04-28 13:26:31,59,user:2585816,user
89584,closed,2023-04-28 13:26:31,89518,#496,issue
89584,closed,2023-04-28 13:26:31,59,user:2585816,user
91306,commented,2023-04-28 13:15:13,59,user:2585816,user
91306,commented,2023-04-28 13:15:13,91154,#463,issue
91310,closed,2023-04-28 13:15:13,59,user:2585816,user
91310,closed,2023-04-28 13:15:13,91154,#463,issue
91441,commented,2023-04-28 13:32:40,91420,#461,issue
91441,commented,2023-04-28 13:32:40,59,user:2585816,user
91445,closed,2023-04-28 13:32:40,91420,#461,issue
91445,closed,2023-04-28 13:32:40,59,user:2585816,user
91898,commented,2023-04-28 14:34:35,91865,user:34156963,user
91898,commented,2023-04-28 14:34:35,91858,#454,issue
91902,closed,2023-04-28 14:34:35,91865,user:34156963,user
91902,closed,2023-04-28 14:34:35,91858,#454,issue
92485,commented,2023-04-28 13:33:37,92402,#444,issue
92485,commented,2023-04-28 13:33:37,59,user:2585816,user
92489,closed,2023-04-28 13:33:37,92402,#444,issue
92489,closed,2023-04-28 13:33:37,59,user:2585816,user
93047,commented,2023-04-28 13:36:22,92968,#436,issue
93047,commented,2023-04-28 13:36:22,59,user:2585816,user
93051,closed,2023-04-28 13:36:22,92968,#436,issue
93051,closed,2023-04-28 13:36:22,59,user:2585816,user
93726,commented,2023-04-28 10:24:01,59,user:2585816,user
93726,commented,2023-04-28 10:24:01,93658,#428,issue
93730,commented,2023-04-29 13:11:33,66499,user:16890663,user
93730,commented,2023-04-29 13:11:33,93658,#428,issue
93734,closed,2023-04-29 13:11:34,66499,user:16890663,user
93734,closed,2023-04-29 13:11:34,93658,#428,issue
93933,commented,2023-04-28 13:38:14,59,user:2585816,user
93933,commented,2023-04-28 13:38:14,93876,#425,issue
93937,closed,2023-04-28 13:38:14,59,user:2585816,user
93937,closed,2023-04-28 13:38:14,93876,#425,issue
94053,commented,2023-04-28 13:38:44,94006,#423,issue
94053,commented,2023-04-28 13:38:44,59,user:2585816,user
94057,closed,2023-04-28 13:38:44,94006,#423,issue
94057,closed,2023-04-28 13:38:44,59,user:2585816,user
94473,commented,2025-05-30 11:36:00,36,user:5144808,user
94473,commented,2025-05-30 11:36:00,94389,#414,issue
94477,mentioned,2025-05-30 11:36:01,168,user:26526132,user
94477,mentioned,2025-05-30 11:36:01,94389,#414,issue
94480,subscribed,2025-05-30 11:36:01,168,user:26526132,user
94480,subscribed,2025-05-30 11:36:01,94389,#414,issue
94483,closed,2025-05-30 11:36:02,36,user:5144808,user
94483,closed,2025-05-30 11:36:02,94389,#414,issue
95585,closed,2023-04-28 10:20:27,95474,#395,issue
95585,closed,2023-04-28 10:20:27,59,user:2585816,user
97426,commented,2023-04-28 10:19:29,97392,#364,issue
97426,commented,2023-04-28 10:19:29,59,user:2585816,user
97430,closed,2023-04-28 10:19:29,97392,#364,issue
97430,closed,2023-04-28 10:19:29,59,user:2585816,user
98361,commented,2023-04-28 13:41:11,59,user:2585816,user
98361,commented,2023-04-28 13:41:11,98326,#345,issue
98365,closed,2023-04-28 13:41:11,59,user:2585816,user
98365,closed,2023-04-28 13:41:11,98326,#345,issue
98818,closed,2023-04-28 10:16:46,98774,#334,issue
98818,closed,2023-04-28 10:16:46,59,user:2585816,user
101201,commented,2023-04-28 10:16:29,101142,#286,issue
101201,commented,2023-04-28 10:16:29,59,user:2585816,user
101205,closed,2023-04-28 10:16:29,101142,#286,issue
101205,closed,2023-04-28 10:16:29,59,user:2585816,user
102184,commented,2023-04-28 13:41:42,102148,#268,issue
102184,commented,2023-04-28 13:41:42,59,user:2585816,user
103435,cross-referenced,2023-04-28 16:20:03,57798,user:51329644,user
103435,cross-referenced,2023-04-28 16:20:03,103243,#250,issue
103716,commented,2023-04-28 10:12:44,103597,#249,issue
103716,commented,2023-04-28 10:12:44,59,user:2585816,user
103720,cross-referenced,2023-04-28 16:20:03,57798,user:51329644,user
103720,cross-referenced,2023-04-28 16:20:03,103597,#249,issue
103886,commented,2023-04-28 10:11:56,103748,#248,issue
103886,commented,2023-04-28 10:11:56,59,user:2585816,user
103890,closed,2023-04-28 10:11:56,103748,#248,issue
103890,closed,2023-04-28 10:11:56,59,user:2585816,user
103988,commented,2025-05-30 11:33:38,103942,#247,issue
103988,commented,2025-05-30 11:33:38,36,user:5144808,user
103992,closed,2025-05-30 11:33:38,103942,#247,issue
103992,closed,2025-05-30 11:33:38,36,user:5144808,user
103995,mentioned,2025-05-30 11:33:39,103942,#247,issue
103995,mentioned,2025-05-30 11:33:39,168,user:26526132,user
103998,subscribed,2025-05-30 11:33:39,103942,#247,issue
103998,subscribed,2025-05-30 11:33:39,168,user:26526132,user
108221,cross-referenced,2025-05-30 04:12:39,107907,#179,issue
108221,cross-referenced,2025-05-30 04:12:39,168,user:26526132,user
109703,referenced,2023-04-28 10:03:26,109655,#153,issue
109703,referenced,2023-04-28 10:03:26,59,user:2585816,user
109706,cross-referenced,2023-04-28 10:04:17,109655,#153,issue
109706,cross-referenced,2023-04-28 10:04:17,59,user:2585816,user
109709,referenced,2023-04-28 10:08:09,109655,#153,issue
109709,referenced,2023-04-28 10:08:09,59,user:2585816,user
109712,commented,2023-04-28 10:08:50,109655,#153,issue
109712,commented,2023-04-28 10:08:50,59,user:2585816,user
109716,closed,2023-04-28 10:08:50,109655,#153,issue
109716,closed,2023-04-28 10:08:50,59,user:2585816,user
109902,commented,2023-04-28 07:56:12,109779,#150,issue
109902,commented,2023-04-28 07:56:12,59,user:2585816,user
109906,closed,2023-04-28 07:56:14,109779,#150,issue
109906,closed,2023-04-28 07:56:14,59,user:2585816,user
111032,commented,2023-04-28 08:01:39,110989,#130,issue
111032,commented,2023-04-28 08:01:39,59,user:2585816,user
111036,closed,2023-04-28 08:01:39,110989,#130,issue
111036,closed,2023-04-28 08:01:39,59,user:2585816,user
113296,created,2019-11-23 04:33:39,36,user:5144808,user
113296,created,2019-11-23 04:33:39,113292,#90,issue
113301,committed,2019-11-23 04:33:06,113303,sha:3ad87a5f9b561bc452807ec66a6c38d658d0eec6,commit
113301,committed,2019-11-23 04:33:06,52,committer:Wei Lee,user
113301,committed,2019-11-23 04:33:06,113292,#90,issue
113309,renamed,2019-11-23 04:34:07,36,user:5144808,user
113309,renamed,2019-11-23 04:34:07,113292,#90,issue
113312,committed,2019-11-23 04:47:08,52,committer:Wei Lee,user
113312,committed,2019-11-23 04:47:08,113292,#90,issue
113312,committed,2019-11-23 04:47:08,113314,sha:c8ea3281d845e38218ee08dba949a33f17936b96,commit
113320,merged,2019-11-23 10:20:45,59,user:2585816,user
113320,merged,2019-11-23 10:20:45,113292,#90,issue
113323,closed,2019-11-23 10:20:45,59,user:2585816,user
113323,closed,2019-11-23 10:20:45,113292,#90,issue
113333,created,2019-11-23 04:22:13,113329,#89,issue
113333,created,2019-11-23 04:22:13,36,user:5144808,user
113338,committed,2019-11-23 04:21:01,113329,#89,issue
113338,committed,2019-11-23 04:21:01,113340,sha:1dd2af8ea7931e77732f88b400ecea9031c8b792,commit
113338,committed,2019-11-23 04:21:01,52,committer:Wei Lee,user
113346,committed,2019-11-23 04:47:55,113329,#89,issue
113346,committed,2019-11-23 04:47:55,113348,sha:2be7a95e953af3b9a9fd8dc50fb58f76edbd6edc,commit
113346,committed,2019-11-23 04:47:55,52,committer:Wei Lee,user
113354,merged,2019-11-23 10:18:17,113329,#89,issue
113354,merged,2019-11-23 10:18:17,59,user:2585816,user
113357,closed,2019-11-23 10:18:17,113329,#89,issue
113357,closed,2019-11-23 10:18:17,59,user:2585816,user
113367,created,2019-11-22 18:59:03,113363,#88,issue
113367,created,2019-11-22 18:59:03,59,user:2585816,user
113372,committed,2019-11-22 18:56:08,113374,sha:033c8d1d80a575c51ad4e92b21ec6b7ba0f52357,commit
113372,committed,2019-11-22 18:56:08,17037,committer:Santiago Fraire Willemoes,user
113372,committed,2019-11-22 18:56:08,113363,#88,issue
113380,committed,2019-11-22 18:56:23,17037,committer:Santiago Fraire Willemoes,user
113380,committed,2019-11-22 18:56:23,113363,#88,issue
113380,committed,2019-11-22 18:56:23,113382,sha:65f837dab506e3aee825a6c12da8156e2f5509fb,commit
113388,merged,2019-11-22 18:59:09,113363,#88,issue
113388,merged,2019-11-22 18:59:09,59,user:2585816,user
113391,closed,2019-11-22 18:59:09,113363,#88,issue
113391,closed,2019-11-22 18:59:09,59,user:2585816,user
113401,created,2019-11-22 18:45:24,59,user:2585816,user
113401,created,2019-11-22 18:45:24,113397,#87,issue
113406,committed,2019-11-22 18:44:38,17037,committer:Santiago Fraire Willemoes,user
113406,committed,2019-11-22 18:44:38,113408,sha:9f4010162a8774350fcac2035d94d657224aeb5c,commit
113406,committed,2019-11-22 18:44:38,113397,#87,issue
113414,merged,2019-11-22 18:45:31,59,user:2585816,user
113414,merged,2019-11-22 18:45:31,113397,#87,issue
113417,closed,2019-11-22 18:45:31,59,user:2585816,user
113417,closed,2019-11-22 18:45:31,113397,#87,issue
113424,created,2019-11-22 18:33:14,59,user:2585816,user
113424,created,2019-11-22 18:33:14,113420,#86,issue
113429,committed,2019-11-22 18:30:06,17037,committer:Santiago Fraire Willemoes,user
113429,committed,2019-11-22 18:30:06,113431,sha:c96fd8d0c3b51b6b8414f1b9651b9ba19a4c39d9,commit
113429,committed,2019-11-22 18:30:06,113420,#86,issue
113437,committed,2019-11-22 18:32:05,17037,committer:Santiago Fraire Willemoes,user
113437,committed,2019-11-22 18:32:05,113420,#86,issue
113437,committed,2019-11-22 18:32:05,113439,sha:1217216950a92099196fe025f360cc7964c812a5,commit
113445,commented,2019-11-22 18:36:15,113420,#86,issue
113445,commented,2019-11-22 18:36:15,184,user:22429695,user
113449,merged,2019-11-22 18:39:48,59,user:2585816,user
113449,merged,2019-11-22 18:39:48,113420,#86,issue
113452,closed,2019-11-22 18:39:48,59,user:2585816,user
113452,closed,2019-11-22 18:39:48,113420,#86,issue
113459,created,2019-11-20 11:52:01,61929,user:2828842,user
113459,created,2019-11-20 11:52:01,113455,#85,issue
113464,commented,2019-11-20 11:54:32,61929,user:2828842,user
113464,commented,2019-11-20 11:54:32,113455,#85,issue
113468,commented,2019-11-20 13:25:23,59,user:2585816,user
113468,commented,2019-11-20 13:25:23,113455,#85,issue
113472,committed,2019-11-20 14:19:01,113474,sha:82ae6fd8d63a4ada7c52fbabb57d5b014f3a400b,commit
113472,committed,2019-11-20 14:19:01,113455,#85,issue
113472,committed,2019-11-20 14:19:01,113479,committer:marcosschroh,user
113481,head_ref_force_pushed,2019-11-20 14:19:12,61929,user:2828842,user
113481,head_ref_force_pushed,2019-11-20 14:19:12,113455,#85,issue
113484,merged,2019-11-20 14:43:27,59,user:2585816,user
113484,merged,2019-11-20 14:43:27,113455,#85,issue
113487,closed,2019-11-20 14:43:27,59,user:2585816,user
113487,closed,2019-11-20 14:43:27,113455,#85,issue
113494,created,2019-11-19 21:16:52,63970,user:12239167,user
113494,created,2019-11-19 21:16:52,113490,#84,issue
113499,committed,2019-11-19 21:16:07,113501,sha:221f5285f5b2799d08d418c631c348120dfdebc6,commit
113499,committed,2019-11-19 21:16:07,113490,#84,issue
113499,committed,2019-11-19 21:16:07,63984,committer:Daniel Omar Vergara Pérez,user
113507,commented,2019-11-20 09:17:59,59,user:2585816,user
113507,commented,2019-11-20 09:17:59,113490,#84,issue
113511,merged,2019-11-20 09:18:02,59,user:2585816,user
113511,merged,2019-11-20 09:18:02,113490,#84,issue
113514,closed,2019-11-20 09:18:03,59,user:2585816,user
113514,closed,2019-11-20 09:18:03,113490,#84,issue
113517,commented,2019-11-20 21:33:35,63970,user:12239167,user
113517,commented,2019-11-20 21:33:35,113490,#84,issue
113525,created,2019-11-19 19:28:44,113521,#83,issue
113525,created,2019-11-19 19:28:44,36,user:5144808,user
113530,committed,2019-11-19 19:25:38,113532,sha:47c7ce8ffb8a69f7af5d1d40c477234c4ad201d4,commit
113530,committed,2019-11-19 19:25:38,113521,#83,issue
113530,committed,2019-11-19 19:25:38,52,committer:Wei Lee,user
113538,committed,2019-11-19 19:27:40,113540,sha:f153019c4f130f543d2c69134f1327d6c9f1c2a4,commit
113538,committed,2019-11-19 19:27:40,113521,#83,issue
113538,committed,2019-11-19 19:27:40,52,committer:Wei Lee,user
113546,merged,2019-11-20 09:14:20,59,user:2585816,user
113546,merged,2019-11-20 09:14:20,113521,#83,issue
113549,closed,2019-11-20 09:14:20,59,user:2585816,user
113549,closed,2019-11-20 09:14:20,113521,#83,issue
113559,created,2019-11-19 19:13:10,113555,#82,issue
113559,created,2019-11-19 19:13:10,36,user:5144808,user
113564,commented,2019-11-20 09:18:55,113555,#82,issue
113564,commented,2019-11-20 09:18:55,59,user:2585816,user
113568,labeled,2019-11-20 09:18:59,113555,#82,issue
113568,labeled,2019-11-20 09:18:59,59,user:2585816,user
113616,created,2019-11-19 19:06:07,113619,user:410202,user
113616,created,2019-11-19 19:06:07,113612,#81,issue
113626,committed,2019-11-19 19:03:06,113633,committer:Gabe Campanella,user
113626,committed,2019-11-19 19:03:06,113628,sha:6bbf412726aa817547962b6ccd68ff56a03083a2,commit
113626,committed,2019-11-19 19:03:06,113612,#81,issue
113635,merged,2019-11-20 09:13:37,59,user:2585816,user
113635,merged,2019-11-20 09:13:37,113612,#81,issue
113638,closed,2019-11-20 09:13:37,59,user:2585816,user
113638,closed,2019-11-20 09:13:37,113612,#81,issue
113645,created,2019-11-19 18:55:32,113619,user:410202,user
113645,created,2019-11-19 18:55:32,113641,#80,issue
113663,created,2019-11-19 18:39:06,113619,user:410202,user
113663,created,2019-11-19 18:39:06,113659,#79,issue
113668,committed,2019-11-18 19:15:24,113633,committer:Gabe Campanella,user
113668,committed,2019-11-18 19:15:24,113659,#79,issue
113668,committed,2019-11-18 19:15:24,113670,sha:fee7920873c4f53b9ddef7145be6c0e792d8735d,commit
113676,committed,2019-11-18 19:42:00,113633,committer:Gabe Campanella,user
113676,committed,2019-11-18 19:42:00,113659,#79,issue
113676,committed,2019-11-18 19:42:00,113678,sha:aeffb101c7343af417c518f33371f386eb5ce26e,commit
113684,committed,2019-11-18 19:42:53,113633,committer:Gabe Campanella,user
113684,committed,2019-11-18 19:42:53,113659,#79,issue
113684,committed,2019-11-18 19:42:53,113686,sha:7f2995d710e56accb5e2bbb3b21666d49e8bc364,commit
113692,committed,2019-11-18 19:59:29,113633,committer:Gabe Campanella,user
113692,committed,2019-11-18 19:59:29,113659,#79,issue
113692,committed,2019-11-18 19:59:29,113694,sha:6aad31aef9b613e052bb897865e5056a3f48a52a,commit
113700,committed,2019-11-18 20:02:20,113633,committer:Gabe Campanella,user
113700,committed,2019-11-18 20:02:20,113659,#79,issue
113700,committed,2019-11-18 20:02:20,113702,sha:3f43413c0b61a474677b315bcfc127d8b90599ff,commit
113708,committed,2019-11-18 20:27:56,113710,sha:62bacc68563f9f106b111cdb24764b7534b55c94,commit
113708,committed,2019-11-18 20:27:56,113633,committer:Gabe Campanella,user
113708,committed,2019-11-18 20:27:56,113659,#79,issue
113716,committed,2019-11-19 18:37:44,113633,committer:Gabe Campanella,user
113716,committed,2019-11-19 18:37:44,113718,sha:08db6ba1998e845bace70cec14429970b3f154f5,commit
113716,committed,2019-11-19 18:37:44,113659,#79,issue
113724,committed,2019-11-19 18:40:25,113726,sha:ec585b8fdf7ebe13ecc061bd0b33dad3351e10a5,commit
113724,committed,2019-11-19 18:40:25,113659,#79,issue
113724,committed,2019-11-19 18:40:25,273,committer:GitHub,user
113732,commented,2019-11-19 18:44:43,59,user:2585816,user
113732,commented,2019-11-19 18:44:43,113659,#79,issue
113736,mentioned,2019-11-19 18:44:43,113619,user:410202,user
113736,mentioned,2019-11-19 18:44:43,113659,#79,issue
113739,subscribed,2019-11-19 18:44:43,113619,user:410202,user
113739,subscribed,2019-11-19 18:44:43,113659,#79,issue
113742,commented,2019-11-19 19:00:48,113619,user:410202,user
113742,commented,2019-11-19 19:00:48,113659,#79,issue
113746,closed,2019-11-20 09:12:57,59,user:2585816,user
113746,closed,2019-11-20 09:12:57,113659,#79,issue
113753,created,2019-11-19 18:25:12,113749,#78,issue
113753,created,2019-11-19 18:25:12,59,user:2585816,user
113771,created,2019-11-19 18:24:46,59,user:2585816,user
113771,created,2019-11-19 18:24:46,113767,#77,issue
113776,renamed,2019-11-22 17:25:47,59,user:2585816,user
113776,renamed,2019-11-22 17:25:47,113767,#77,issue
113779,cross-referenced,2019-11-22 18:33:14,59,user:2585816,user
113779,cross-referenced,2019-11-22 18:33:14,113767,#77,issue
113782,closed,2019-11-22 18:39:48,59,user:2585816,user
113782,closed,2019-11-22 18:39:48,113767,#77,issue
113789,created,2019-11-19 18:23:54,113785,#76,issue
113789,created,2019-11-19 18:23:54,59,user:2585816,user
113794,cross-referenced,2019-11-20 11:54:32,113785,#76,issue
113794,cross-referenced,2019-11-20 11:54:32,61929,user:2828842,user
113797,closed,2019-11-20 14:43:32,113785,#76,issue
113797,closed,2019-11-20 14:43:32,59,user:2585816,user
113804,created,2019-11-19 18:17:58,59,user:2585816,user
113804,created,2019-11-19 18:17:58,113800,#75,issue
113809,committed,2019-11-19 18:17:07,17037,committer:Santiago Fraire Willemoes,user
113809,committed,2019-11-19 18:17:07,113811,sha:425197ad58111513ea386ffce135f293fc3e99c0,commit
113809,committed,2019-11-19 18:17:07,113800,#75,issue
113817,merged,2019-11-19 18:21:32,59,user:2585816,user
113817,merged,2019-11-19 18:21:32,113800,#75,issue
113820,closed,2019-11-19 18:21:32,59,user:2585816,user
113820,closed,2019-11-19 18:21:32,113800,#75,issue
113830,created,2019-11-19 16:14:32,113826,#74,issue
113830,created,2019-11-19 16:14:32,36,user:5144808,user
113835,commented,2019-11-19 18:33:14,59,user:2585816,user
113835,commented,2019-11-19 18:33:14,113826,#74,issue
113839,committed,2019-11-19 18:38:03,113826,#74,issue
113839,committed,2019-11-19 18:38:03,113841,sha:d968daf1271e3cb1126be1eb62939a2b41badbf0,commit
113839,committed,2019-11-19 18:38:03,52,committer:Wei Lee,user
113847,committed,2019-11-19 18:38:05,113826,#74,issue
113847,committed,2019-11-19 18:38:05,113849,sha:4aeb28cba7d1390ae0c6b6219b1de12441fcdbea,commit
113847,committed,2019-11-19 18:38:05,52,committer:Wei Lee,user
113855,committed,2019-11-19 18:38:05,113857,sha:948150d1222c969201a8e663393f1ae7b58c6c05,commit
113855,committed,2019-11-19 18:38:05,113826,#74,issue
113855,committed,2019-11-19 18:38:05,52,committer:Wei Lee,user
113863,committed,2019-11-19 18:38:05,113826,#74,issue
113863,committed,2019-11-19 18:38:05,52,committer:Wei Lee,user
113863,committed,2019-11-19 18:38:05,113865,sha:c130d5ed100310ecf146729ec195d504c53e5be2,commit
113871,committed,2019-11-19 18:38:05,113873,sha:d44ade8d0f78ca94b1e3b67dd40c760b09f202fb,commit
113871,committed,2019-11-19 18:38:05,113826,#74,issue
113871,committed,2019-11-19 18:38:05,52,committer:Wei Lee,user
113879,head_ref_force_pushed,2019-11-19 18:38:46,113826,#74,issue
113879,head_ref_force_pushed,2019-11-19 18:38:46,36,user:5144808,user
113882,commented,2019-11-19 18:39:10,59,user:2585816,user
113882,commented,2019-11-19 18:39:10,113826,#74,issue
113886,committed,2019-11-19 18:53:17,113826,#74,issue
113886,committed,2019-11-19 18:53:17,52,committer:Wei Lee,user
113886,committed,2019-11-19 18:53:17,113888,sha:aa7bc28b12885c98ae59e708526ab96a529134cf,commit
113894,committed,2019-11-19 19:00:15,113826,#74,issue
113894,committed,2019-11-19 19:00:15,52,committer:Wei Lee,user
113894,committed,2019-11-19 19:00:15,113896,sha:0286e7bfff2666ea3f127da8bf3866b8f1faef92,commit
113902,commented,2019-11-19 19:04:36,113826,#74,issue
113902,commented,2019-11-19 19:04:36,36,user:5144808,user
113906,merged,2019-11-20 09:12:30,59,user:2585816,user
113906,merged,2019-11-20 09:12:30,113826,#74,issue
113909,closed,2019-11-20 09:12:31,59,user:2585816,user
113909,closed,2019-11-20 09:12:31,113826,#74,issue
113912,commented,2019-11-20 11:24:34,113826,#74,issue
113912,commented,2019-11-20 11:24:34,36,user:5144808,user
113929,created,2019-11-19 02:00:44,113925,#73,issue
113929,created,2019-11-19 02:00:44,36,user:5144808,user
113963,created,2019-11-18 22:02:44,113959,#72,issue
113963,created,2019-11-18 22:02:44,36,user:5144808,user
113968,committed,2019-11-18 20:37:17,113959,#72,issue
113968,committed,2019-11-18 20:37:17,113970,sha:746dd87314b422665094a590854aa6394c86ff5f,commit
113968,committed,2019-11-18 20:37:17,52,committer:Wei Lee,user
113976,committed,2019-11-18 20:53:16,113959,#72,issue
113976,committed,2019-11-18 20:53:16,52,committer:Wei Lee,user
113976,committed,2019-11-18 20:53:16,113978,sha:78aa985f24765b7d44f1f708bbd0a9b7dc51df0a,commit
113984,committed,2019-11-18 21:10:00,113986,sha:088e24f531feaee1be9f2ac5371dab61dc304e1c,commit
113984,committed,2019-11-18 21:10:00,113959,#72,issue
113984,committed,2019-11-18 21:10:00,52,committer:Wei Lee,user
113992,committed,2019-11-18 21:56:06,113994,sha:c1f323564330d5a28867816f0730c1c1b966c466,commit
113992,committed,2019-11-18 21:56:06,113959,#72,issue
113992,committed,2019-11-18 21:56:06,52,committer:Wei Lee,user
114000,committed,2019-11-18 22:00:32,114002,sha:f863eaef1e473f83e6e80941eec5a6e66137e273,commit
114000,committed,2019-11-18 22:00:32,113959,#72,issue
114000,committed,2019-11-18 22:00:32,52,committer:Wei Lee,user
114008,renamed,2019-11-18 22:03:29,113959,#72,issue
114008,renamed,2019-11-18 22:03:29,36,user:5144808,user
114011,committed,2019-11-18 22:08:29,113959,#72,issue
114011,committed,2019-11-18 22:08:29,114013,sha:e4c93d0fa5624e4d5d1171f5dce6e4efa489aa3e,commit
114011,committed,2019-11-18 22:08:29,52,committer:Wei Lee,user
114019,reviewed,2019-11-18 22:16:00,59,user:2585816,user
114019,reviewed,2019-11-18 22:16:00,113959,#72,issue
114023,commented,2019-11-19 08:55:07,59,user:2585816,user
114023,commented,2019-11-19 08:55:07,113959,#72,issue
114027,merged,2019-11-19 08:55:14,59,user:2585816,user
114027,merged,2019-11-19 08:55:14,113959,#72,issue
114030,closed,2019-11-19 08:55:14,59,user:2585816,user
114030,closed,2019-11-19 08:55:14,113959,#72,issue
114040,created,2019-11-18 20:54:40,114036,#71,issue
114040,created,2019-11-18 20:54:40,114043,user:44857095,user
114050,committed,2019-11-18 20:36:01,114036,#71,issue
114050,committed,2019-11-18 20:36:01,114052,sha:df29af8d185ad50c466b239f9e5a3830740ad3c1,commit
114050,committed,2019-11-18 20:36:01,114057,committer:Robert Lin,user
114059,merged,2019-11-19 08:49:37,114036,#71,issue
114059,merged,2019-11-19 08:49:37,59,user:2585816,user
114062,closed,2019-11-19 08:49:37,114036,#71,issue
114062,closed,2019-11-19 08:49:37,59,user:2585816,user
114069,created,2019-11-18 20:32:54,114043,user:44857095,user
114069,created,2019-11-18 20:32:54,114065,#70,issue
114074,referenced,2019-11-18 20:40:04,114043,user:44857095,user
114074,referenced,2019-11-18 20:40:04,114065,#70,issue
114077,cross-referenced,2019-11-18 20:54:40,114043,user:44857095,user
114077,cross-referenced,2019-11-18 20:54:40,114065,#70,issue
114080,closed,2019-11-19 08:49:37,59,user:2585816,user
114080,closed,2019-11-19 08:49:37,114065,#70,issue
114083,referenced,2019-11-19 08:49:38,59,user:2585816,user
114083,referenced,2019-11-19 08:49:38,114065,#70,issue
114090,created,2019-11-18 20:19:10,113619,user:410202,user
114090,created,2019-11-18 20:19:10,114086,#69,issue
114095,committed,2019-11-18 19:15:24,113633,committer:Gabe Campanella,user
114095,committed,2019-11-18 19:15:24,114097,sha:fee7920873c4f53b9ddef7145be6c0e792d8735d,commit
114095,committed,2019-11-18 19:15:24,114086,#69,issue
114103,committed,2019-11-18 19:42:00,114105,sha:aeffb101c7343af417c518f33371f386eb5ce26e,commit
114103,committed,2019-11-18 19:42:00,113633,committer:Gabe Campanella,user
114103,committed,2019-11-18 19:42:00,114086,#69,issue
114111,committed,2019-11-18 19:42:53,114113,sha:7f2995d710e56accb5e2bbb3b21666d49e8bc364,commit
114111,committed,2019-11-18 19:42:53,113633,committer:Gabe Campanella,user
114111,committed,2019-11-18 19:42:53,114086,#69,issue
114119,committed,2019-11-18 19:59:29,114121,sha:6aad31aef9b613e052bb897865e5056a3f48a52a,commit
114119,committed,2019-11-18 19:59:29,113633,committer:Gabe Campanella,user
114119,committed,2019-11-18 19:59:29,114086,#69,issue
114127,committed,2019-11-18 20:02:20,113633,committer:Gabe Campanella,user
114127,committed,2019-11-18 20:02:20,114086,#69,issue
114127,committed,2019-11-18 20:02:20,114129,sha:3f43413c0b61a474677b315bcfc127d8b90599ff,commit
114135,committed,2019-11-18 20:27:56,113633,committer:Gabe Campanella,user
114135,committed,2019-11-18 20:27:56,114086,#69,issue
114135,committed,2019-11-18 20:27:56,114137,sha:62bacc68563f9f106b111cdb24764b7534b55c94,commit
114143,merged,2019-11-19 08:33:55,59,user:2585816,user
114143,merged,2019-11-19 08:33:55,114086,#69,issue
114146,closed,2019-11-19 08:33:55,59,user:2585816,user
114146,closed,2019-11-19 08:33:55,114086,#69,issue
114153,created,2019-11-18 20:13:02,63970,user:12239167,user
114153,created,2019-11-18 20:13:02,114149,#68,issue
114158,commented,2019-11-19 01:55:48,114149,#68,issue
114158,commented,2019-11-19 01:55:48,36,user:5144808,user
114162,mentioned,2019-11-19 01:55:48,59,user:2585816,user
114162,mentioned,2019-11-19 01:55:48,114149,#68,issue
114165,subscribed,2019-11-19 01:55:48,59,user:2585816,user
114165,subscribed,2019-11-19 01:55:48,114149,#68,issue
114168,commented,2019-11-19 08:30:24,59,user:2585816,user
114168,commented,2019-11-19 08:30:24,114149,#68,issue
114172,commented,2019-11-19 08:48:28,59,user:2585816,user
114172,commented,2019-11-19 08:48:28,114149,#68,issue
114176,commented,2019-11-19 14:25:30,63970,user:12239167,user
114176,commented,2019-11-19 14:25:30,114149,#68,issue
114180,committed,2019-11-19 14:35:54,114149,#68,issue
114180,committed,2019-11-19 14:35:54,114182,sha:e0675b31ade7fb206514e76654a3789fd5bb1361,commit
114180,committed,2019-11-19 14:35:54,63984,committer:Daniel Omar Vergara Pérez,user
114188,merged,2019-11-19 17:57:33,59,user:2585816,user
114188,merged,2019-11-19 17:57:33,114149,#68,issue
114191,closed,2019-11-19 17:57:33,59,user:2585816,user
114191,closed,2019-11-19 17:57:33,114149,#68,issue
114198,created,2019-11-18 17:11:42,113619,user:410202,user
114198,created,2019-11-18 17:11:42,114194,#67,issue
114203,commented,2019-11-18 18:37:47,59,user:2585816,user
114203,commented,2019-11-18 18:37:47,114194,#67,issue
114207,labeled,2019-11-18 18:38:12,59,user:2585816,user
114207,labeled,2019-11-18 18:38:12,114194,#67,issue
114210,labeled,2019-11-18 18:38:30,59,user:2585816,user
114210,labeled,2019-11-18 18:38:30,114194,#67,issue
114213,commented,2019-11-18 19:40:46,113619,user:410202,user
114213,commented,2019-11-18 19:40:46,114194,#67,issue
114217,closed,2019-11-19 08:33:56,59,user:2585816,user
114217,closed,2019-11-19 08:33:56,114194,#67,issue
114224,created,2019-11-18 13:52:09,114220,#66,issue
114224,created,2019-11-18 13:52:09,59,user:2585816,user
114229,commented,2019-11-18 13:54:47,114220,#66,issue
114229,commented,2019-11-18 13:54:47,184,user:22429695,user
114233,committed,2019-11-18 13:56:05,17037,committer:Santiago Fraire Willemoes,user
114233,committed,2019-11-18 13:56:05,114220,#66,issue
114233,committed,2019-11-18 13:56:05,114235,sha:30af756af60f5d79a41e8b49132179f00a38e986,commit
114241,head_ref_force_pushed,2019-11-18 13:56:16,114220,#66,issue
114241,head_ref_force_pushed,2019-11-18 13:56:16,59,user:2585816,user
114244,merged,2019-11-18 14:13:03,114220,#66,issue
114244,merged,2019-11-18 14:13:03,59,user:2585816,user
114247,closed,2019-11-18 14:13:04,114220,#66,issue
114247,closed,2019-11-18 14:13:04,59,user:2585816,user
114257,created,2019-11-18 13:14:01,114253,#65,issue
114257,created,2019-11-18 13:14:01,114260,user:1447600,user
114267,cross-referenced,2019-11-18 13:14:48,114253,#65,issue
114267,cross-referenced,2019-11-18 13:14:48,114260,user:1447600,user
114270,commented,2019-11-18 13:59:02,59,user:2585816,user
114270,commented,2019-11-18 13:59:02,114253,#65,issue
114274,committed,2019-11-18 20:17:44,114276,sha:aa05bea3cf74a783ff3aecb5b9d18e2bb27afc5d,commit
114274,committed,2019-11-18 20:17:44,114281,committer:Alan J Castonguay,user
114274,committed,2019-11-18 20:17:44,114253,#65,issue
114283,commented,2019-11-18 20:18:21,114253,#65,issue
114283,commented,2019-11-18 20:18:21,114260,user:1447600,user
114287,merged,2019-11-18 22:12:35,59,user:2585816,user
114287,merged,2019-11-18 22:12:35,114253,#65,issue
114290,closed,2019-11-18 22:12:35,59,user:2585816,user
114290,closed,2019-11-18 22:12:35,114253,#65,issue
114297,created,2019-11-18 12:18:13,59,user:2585816,user
114297,created,2019-11-18 12:18:13,114293,#64,issue
114302,head_ref_force_pushed,2019-11-18 12:45:45,59,user:2585816,user
114302,head_ref_force_pushed,2019-11-18 12:45:45,114293,#64,issue
114305,committed,2019-11-18 13:00:35,17037,committer:Santiago Fraire Willemoes,user
114305,committed,2019-11-18 13:00:35,114293,#64,issue
114305,committed,2019-11-18 13:00:35,114307,sha:21951a41a45dd0587a46567b6c938cd7c4da9057,commit
114313,head_ref_force_pushed,2019-11-18 13:00:47,59,user:2585816,user
114313,head_ref_force_pushed,2019-11-18 13:00:47,114293,#64,issue
114316,merged,2019-11-18 13:48:09,59,user:2585816,user
114316,merged,2019-11-18 13:48:09,114293,#64,issue
114319,closed,2019-11-18 13:48:09,59,user:2585816,user
114319,closed,2019-11-18 13:48:09,114293,#64,issue
114326,created,2019-11-18 10:01:45,59,user:2585816,user
114326,created,2019-11-18 10:01:45,114322,#63,issue
114331,head_ref_force_pushed,2019-11-18 10:10:37,59,user:2585816,user
114331,head_ref_force_pushed,2019-11-18 10:10:37,114322,#63,issue
114334,head_ref_force_pushed,2019-11-18 10:13:34,59,user:2585816,user
114334,head_ref_force_pushed,2019-11-18 10:13:34,114322,#63,issue
114337,head_ref_force_pushed,2019-11-18 10:26:42,59,user:2585816,user
114337,head_ref_force_pushed,2019-11-18 10:26:42,114322,#63,issue
114340,head_ref_force_pushed,2019-11-18 10:28:33,59,user:2585816,user
114340,head_ref_force_pushed,2019-11-18 10:28:33,114322,#63,issue
114343,head_ref_force_pushed,2019-11-18 10:32:07,59,user:2585816,user
114343,head_ref_force_pushed,2019-11-18 10:32:07,114322,#63,issue
114346,head_ref_force_pushed,2019-11-18 10:36:07,59,user:2585816,user
114346,head_ref_force_pushed,2019-11-18 10:36:07,114322,#63,issue
114349,head_ref_force_pushed,2019-11-18 10:38:33,59,user:2585816,user
114349,head_ref_force_pushed,2019-11-18 10:38:33,114322,#63,issue
114352,committed,2019-11-18 11:52:18,17037,committer:Santiago Fraire Willemoes,user
114352,committed,2019-11-18 11:52:18,114322,#63,issue
114352,committed,2019-11-18 11:52:18,114354,sha:fb46792289f88efcb0346539578c46f8bc0e3366,commit
114360,head_ref_force_pushed,2019-11-18 11:52:27,59,user:2585816,user
114360,head_ref_force_pushed,2019-11-18 11:52:27,114322,#63,issue
114363,merged,2019-11-18 11:55:21,59,user:2585816,user
114363,merged,2019-11-18 11:55:21,114322,#63,issue
114366,closed,2019-11-18 11:55:21,59,user:2585816,user
114366,closed,2019-11-18 11:55:21,114322,#63,issue
114376,created,2019-11-18 09:35:44,59,user:2585816,user
114376,created,2019-11-18 09:35:44,114372,#62,issue
114381,head_ref_force_pushed,2019-11-18 09:50:32,59,user:2585816,user
114381,head_ref_force_pushed,2019-11-18 09:50:32,114372,#62,issue
114384,head_ref_force_pushed,2019-11-18 12:01:50,59,user:2585816,user
114384,head_ref_force_pushed,2019-11-18 12:01:50,114372,#62,issue
114387,committed,2019-11-18 12:09:31,17037,committer:Santiago Fraire Willemoes,user
114387,committed,2019-11-18 12:09:31,114389,sha:94f37bc49a4d093c3cd8fc0fe4e407226cb88e02,commit
114387,committed,2019-11-18 12:09:31,114372,#62,issue
114395,head_ref_force_pushed,2019-11-18 12:09:43,59,user:2585816,user
114395,head_ref_force_pushed,2019-11-18 12:09:43,114372,#62,issue
114398,merged,2019-11-18 12:12:50,59,user:2585816,user
114398,merged,2019-11-18 12:12:50,114372,#62,issue
114401,closed,2019-11-18 12:12:50,59,user:2585816,user
114401,closed,2019-11-18 12:12:50,114372,#62,issue
114411,created,2019-11-18 09:25:07,59,user:2585816,user
114411,created,2019-11-18 09:25:07,114407,#61,issue
114416,committed,2019-11-18 09:24:29,17037,committer:Santiago Fraire Willemoes,user
114416,committed,2019-11-18 09:24:29,114407,#61,issue
114416,committed,2019-11-18 09:24:29,114418,sha:8180149701aef65bda3760c2f66636591fd0bce4,commit
114424,closed,2019-11-18 09:35:16,59,user:2585816,user
114424,closed,2019-11-18 09:35:16,114407,#61,issue
114439,commented,2019-11-18 12:58:15,114427,#60,issue
114439,commented,2019-11-18 12:58:15,114260,user:1447600,user
114443,commented,2019-11-18 13:07:11,59,user:2585816,user
114443,commented,2019-11-18 13:07:11,114427,#60,issue
114447,commented,2019-11-18 13:13:46,114427,#60,issue
114447,commented,2019-11-18 13:13:46,114260,user:1447600,user
114451,closed,2019-11-18 22:12:36,59,user:2585816,user
114451,closed,2019-11-18 22:12:36,114427,#60,issue
114454,referenced,2019-11-18 22:12:36,59,user:2585816,user
114454,referenced,2019-11-18 22:12:36,114427,#60,issue
114469,commented,2019-11-19 15:29:06,63970,user:12239167,user
114469,commented,2019-11-19 15:29:06,114457,#59,issue
114473,commented,2019-11-19 18:31:17,59,user:2585816,user
114473,commented,2019-11-19 18:31:17,114457,#59,issue
114477,mentioned,2019-11-19 18:31:17,63970,user:12239167,user
114477,mentioned,2019-11-19 18:31:17,114457,#59,issue
114480,subscribed,2019-11-19 18:31:17,63970,user:12239167,user
114480,subscribed,2019-11-19 18:31:17,114457,#59,issue
114483,commented,2019-11-19 19:27:14,63970,user:12239167,user
114483,commented,2019-11-19 19:27:14,114457,#59,issue
114487,cross-referenced,2019-11-19 21:16:52,63970,user:12239167,user
114487,cross-referenced,2019-11-19 21:16:52,114457,#59,issue
114490,closed,2019-11-20 09:18:03,59,user:2585816,user
114490,closed,2019-11-20 09:18:03,114457,#59,issue
114530,referenced,2019-11-19 22:01:14,114515,#57,issue
114530,referenced,2019-11-19 22:01:14,36,user:5144808,user
114533,referenced,2019-11-19 22:01:14,114515,#57,issue
114533,referenced,2019-11-19 22:01:14,36,user:5144808,user
114536,referenced,2019-11-19 22:01:14,114515,#57,issue
114536,referenced,2019-11-19 22:01:14,36,user:5144808,user
114539,referenced,2019-11-19 22:01:15,114515,#57,issue
114539,referenced,2019-11-19 22:01:15,36,user:5144808,user
114542,referenced,2019-11-19 22:01:15,114515,#57,issue
114542,referenced,2019-11-19 22:01:15,36,user:5144808,user
114545,commented,2019-11-19 23:58:36,114515,#57,issue
114545,commented,2019-11-19 23:58:36,36,user:5144808,user
114549,commented,2019-11-20 09:10:00,59,user:2585816,user
114549,commented,2019-11-20 09:10:00,114515,#57,issue
114553,commented,2019-11-22 04:52:48,114515,#57,issue
114553,commented,2019-11-22 04:52:48,36,user:5144808,user
114557,commented,2019-11-22 08:14:52,59,user:2585816,user
114557,commented,2019-11-22 08:14:52,114515,#57,issue
114561,commented,2019-11-23 04:50:20,114515,#57,issue
114561,commented,2019-11-23 04:50:20,36,user:5144808,user
114638,cross-referenced,2019-11-18 20:13:03,63970,user:12239167,user
114638,cross-referenced,2019-11-18 20:13:03,114626,#56,issue
114641,closed,2019-11-19 17:57:33,59,user:2585816,user
114641,closed,2019-11-19 17:57:33,114626,#56,issue
114644,referenced,2019-11-19 17:57:34,59,user:2585816,user
114644,referenced,2019-11-19 17:57:34,114626,#56,issue
114659,commented,2019-11-18 15:36:47,114647,#55,issue
114659,commented,2019-11-18 15:36:47,36,user:5144808,user
114663,commented,2019-11-18 18:39:52,59,user:2585816,user
114663,commented,2019-11-18 18:39:52,114647,#55,issue
114667,commented,2019-11-18 18:51:17,114647,#55,issue
114667,commented,2019-11-18 18:51:17,36,user:5144808,user
114671,commented,2019-11-19 16:21:39,114647,#55,issue
114671,commented,2019-11-19 16:21:39,36,user:5144808,user
114675,commented,2019-11-19 18:20:07,59,user:2585816,user
114675,commented,2019-11-19 18:20:07,114647,#55,issue
114679,referenced,2019-11-19 19:28:07,114647,#55,issue
114679,referenced,2019-11-19 19:28:07,36,user:5144808,user
114682,cross-referenced,2019-11-19 19:28:44,114647,#55,issue
114682,cross-referenced,2019-11-19 19:28:44,36,user:5144808,user
114685,labeled,2019-11-20 09:14:34,59,user:2585816,user
114685,labeled,2019-11-20 09:14:34,114647,#55,issue
114735,cross-referenced,2019-11-18 18:51:17,114723,#54,issue
114735,cross-referenced,2019-11-18 18:51:17,36,user:5144808,user
114738,referenced,2019-11-18 20:54:33,114723,#54,issue
114738,referenced,2019-11-18 20:54:33,36,user:5144808,user
114741,referenced,2019-11-18 22:00:48,114723,#54,issue
114741,referenced,2019-11-18 22:00:48,36,user:5144808,user
114744,referenced,2019-11-18 22:00:48,114723,#54,issue
114744,referenced,2019-11-18 22:00:48,36,user:5144808,user
114747,referenced,2019-11-18 22:00:48,114723,#54,issue
114747,referenced,2019-11-18 22:00:48,36,user:5144808,user
114750,cross-referenced,2019-11-18 22:02:44,114723,#54,issue
114750,cross-referenced,2019-11-18 22:02:44,36,user:5144808,user
114753,referenced,2019-11-18 22:08:35,114723,#54,issue
114753,referenced,2019-11-18 22:08:35,36,user:5144808,user
114756,referenced,2019-11-19 16:13:13,114723,#54,issue
114756,referenced,2019-11-19 16:13:13,36,user:5144808,user
114759,referenced,2019-11-19 16:13:13,114723,#54,issue
114759,referenced,2019-11-19 16:13:13,36,user:5144808,user
114762,referenced,2019-11-19 16:13:13,114723,#54,issue
114762,referenced,2019-11-19 16:13:13,36,user:5144808,user
114765,referenced,2019-11-19 16:13:13,114723,#54,issue
114765,referenced,2019-11-19 16:13:13,36,user:5144808,user
114768,cross-referenced,2019-11-19 16:14:32,114723,#54,issue
114768,cross-referenced,2019-11-19 16:14:32,36,user:5144808,user
114771,referenced,2019-11-19 18:38:46,114723,#54,issue
114771,referenced,2019-11-19 18:38:46,36,user:5144808,user
114774,referenced,2019-11-19 18:38:46,114723,#54,issue
114774,referenced,2019-11-19 18:38:46,36,user:5144808,user
114777,referenced,2019-11-19 18:38:46,114723,#54,issue
114777,referenced,2019-11-19 18:38:46,36,user:5144808,user
114780,closed,2019-11-20 11:35:45,114723,#54,issue
114780,closed,2019-11-20 11:35:45,59,user:2585816,user
114792,referenced,2019-11-19 19:16:57,114783,#53,issue
114792,referenced,2019-11-19 19:16:57,36,user:5144808,user
114891,commented,2019-11-19 16:15:25,36,user:5144808,user
114891,commented,2019-11-19 16:15:25,114882,#52,issue
114895,commented,2019-11-19 18:20:27,59,user:2585816,user
114895,commented,2019-11-19 18:20:27,114882,#52,issue
114899,closed,2019-11-19 18:20:27,59,user:2585816,user
114899,closed,2019-11-19 18:20:27,114882,#52,issue
115211,commented,2019-11-19 16:16:40,115199,#47,issue
115211,commented,2019-11-19 16:16:40,36,user:5144808,user
115215,labeled,2019-11-19 18:25:42,59,user:2585816,user
115215,labeled,2019-11-19 18:25:42,115199,#47,issue
116213,referenced,2019-11-19 16:13:13,36,user:5144808,user
116213,referenced,2019-11-19 16:13:13,116178,#24,issue
116216,cross-referenced,2019-11-19 16:14:32,36,user:5144808,user
116216,cross-referenced,2019-11-19 16:14:32,116178,#24,issue
116219,closed,2019-11-20 11:35:41,59,user:2585816,user
116219,closed,2019-11-20 11:35:41,116178,#24,issue
117021,referenced,2019-11-19 16:13:13,116983,#6,issue
117021,referenced,2019-11-19 16:13:13,36,user:5144808,user
117024,cross-referenced,2019-11-19 16:14:32,116983,#6,issue
117024,cross-referenced,2019-11-19 16:14:32,36,user:5144808,user
117027,closed,2019-11-20 11:35:32,59,user:2585816,user
117027,closed,2019-11-20 11:35:32,116983,#6,issue
117186,cross-referenced,2024-05-21 18:08:06,117159,#1,issue
117186,cross-referenced,2024-05-21 18:08:06,51042,user:39889,user
