commit_object_id,event_id,message_text,cm_type,cm_scope,cm_breaking,category
980,978,"build(deps-dev): bump fast-uri from 3.1.3 to 3.1.4

Bumps [fast-uri](https://github.com/fastify/fast-uri) from 3.1.3 to 3.1.4.
- [Release notes](https://github.com/fastify/fast-uri/releases)
- [Commits](https://github.com/fastify/fast-uri/compare/v3.1.3...v3.1.4)

---
updated-dependencies:
- dependency-name: fast-uri
  dependency-version: 3.1.4
  dependency-type: indirect
...

Signed-off-by: dependabot[bot] <support@github.com>",build,deps-dev,False,tech_debt
2498,2496,"test(e2e): migrate from raw use of dockerode to use testcontainers instead

which uses dockerode internally. this is a follow up to
https://github.com/semantic-release/semantic-release/pull/4220 to simplify teardown and avoid
managing the complexity as directly",test,e2e,False,tech_debt
3250,3248,chore(deps): update dependency prettier to v3.8.4,chore,deps,False,tech_debt
3326,3324,refactor: remove obsolete release type constants and notes separator,refactor,,False,tech_debt
3358,3356,fix(code-quality): add missing comma in context object for consistency,fix,code-quality,False,bug_fixes
5722,5720,"build(deps-dev): bump protobufjs from 7.5.4 to 7.5.5

Bumps [protobufjs](https://github.com/protobufjs/protobuf.js) from 7.5.4 to 7.5.5.
- [Release notes](https://github.com/protobufjs/protobuf.js/releases)
- [Changelog](https://github.com/protobufjs/protobuf.js/blob/master/CHANGELOG.md)
- [Commits](https://github.com/protobufjs/protobuf.js/compare/protobufjs-v7.5.4...protobufjs-v7.5.5)

---
updated-dependencies:
- dependency-name: protobufjs
  dependency-version: 7.5.5
  dependency-type: indirect
...

Signed-off-by: dependabot[bot] <support@github.com>",build,deps-dev,False,tech_debt
5972,5970,chore(deps): update dependency sinon to v21.1.1,chore,deps,False,tech_debt
7618,7616,chore(deps): update dependency ava to v7,chore,deps,False,tech_debt
7651,7649,ci(action): update github/codeql-action action to v4.32.5,ci,action,False,tech_debt
7800,7798,chore(deps): update dependency @types/node to v24.10.14,chore,deps,False,tech_debt
8404,8402,chore(deps): update dependency @types/node to v24.10.10,chore,deps,False,tech_debt
8852,8850,chore(deps): update dependency tempy to v3.1.2,chore,deps,False,tech_debt
9051,9049,chore(deps): update npm to v11.8.0,chore,deps,False,tech_debt
9171,9169,chore(deps): update dependency tempy to v3.1.1,chore,deps,False,tech_debt
9211,9209,ci(action): update github/codeql-action action to v4.31.11,ci,action,False,tech_debt
10097,10095,"docs: Remove 3rd party apps section from GitHub Actions docs

Removed section about using 3rd party apps for GitHub Actions. Neither of these links actually brought you to a working project. First one looks like maybe GitHub acquired them/integrated it and the second one says it's archived.",docs,,False,docs
11062,11060,chore(deps): update dependency prettier to v3.7.1,chore,deps,False,tech_debt
11445,11443,ci(action): update github/codeql-action action to v4.31.4,ci,action,False,tech_debt
12597,12595,chore(deps): update dependency got to v14.6.2,chore,deps,False,tech_debt
13093,13091,ci(action): update github/codeql-action action to v4.31.0,ci,action,False,tech_debt
13235,13233,Merge branch 'master' into docs/plugins-semantic-release-github-commit,other,,False,other
13474,13472,chore(deps): lock file maintenance,chore,deps,False,tech_debt
13912,13910,"Revert ""fix(deps): temporarily force semantic-release v25 across plugin peer requirements""

This reverts commit c60a6c286900843734b55f365e652be1ba9c9267.",other,,False,other
13928,13926,Merge branch 'beta' of github.com:semantic-release/semantic-release into alpha,other,,False,other
14297,14295,fix(deps): updated to the stable version of the commit-analyzer plugin,fix,deps,False,bug_fixes
16972,16970,chore(deps): lock file maintenance,chore,deps,False,tech_debt
17400,17398,chore(deps): update dependency nock to v14.0.10,chore,deps,False,tech_debt
17619,17617,chore(deps): lock file maintenance,chore,deps,False,tech_debt
18983,18981,ci(action): update github/codeql-action action to v3.29.4,ci,action,False,tech_debt
19091,19089,chore(deps): lock file maintenance,chore,deps,False,tech_debt
19145,19143,chore(deps): update dependency nock to v14.0.6,chore,deps,False,tech_debt
19475,19473,chore(deps): update dependency @types/node to v22.16.3,chore,deps,False,tech_debt
20065,20063,chore(deps): lock file maintenance,chore,deps,False,tech_debt
20168,20166,chore(deps): update dependency @types/node to v22.15.34,chore,deps,False,tech_debt
21738,21736,ci(action): update github/codeql-action action to v3.28.19,ci,action,False,tech_debt
22694,22692,chore(deps): update dependency npm-run-all2 to v8.0.3,chore,deps,False,tech_debt
24522,24520,Changed to No tags can describe,other,,False,other
25825,25823,chore(deps): update dependency sinon to v19.0.5,chore,deps,False,tech_debt
25945,25943,chore(deps): update dependency @types/node to v22.13.12,chore,deps,False,tech_debt
26716,26714,chore(deps): update dependency publint to v0.3.8,chore,deps,False,tech_debt
26765,26763,chore(deps): update dependency @types/node to v22.13.9,chore,deps,False,tech_debt
27204,27202,ci(action): update ossf/scorecard-action action to v2.4.1,ci,action,False,tech_debt
28284,28282,chore(deps): update dependency publint to v0.3.3,chore,deps,False,tech_debt
181624,181622,chore(package): update github to version 5.3.3,chore,package,False,tech_debt
182167,182165,chore(package): update github to version 5.0.1,chore,package,False,tech_debt
182595,182593,"chore(release): releasing component

affects: lerna-semantic-release-get-last-release@2.0.0

Released from sha undefined
Tag for lerna release",chore,release,False,tech_debt
182860,182858,Merge branch 'caribou' of github.com:atlassian/lerna-semantic-release into caribou,other,,False,other
182948,182946,"chore(release): releasing component

affects: lerna-semantic-release-perform@1.0.0

Released from sha undefined
Tag for lerna release",chore,release,False,tech_debt
183092,183090,"chore(release): releasing component

affects: lerna-semantic-release@5.0.1

Released from sha undefined
Tag for lerna release",chore,release,False,tech_debt
183108,183106,"chore(release): releasing component

affects: lerna-semantic-release@5.0.1

Released from sha undefined
Tag for lerna release",chore,release,False,tech_debt
183309,183307,Merge branch 'fixes' into fix-maxbuffer,other,,False,other
183317,183315,"Merge pull request #22 from atlassian/fixes

Fixes for error parameter",other,,False,other
183501,183499,"Merge pull request #27 from atlassian/dependency-hell

fix: Fix the dependencies",other,,False,other
183557,183555,"chore(release): releasing component

affects: lerna-semantic-release-utils@4.0.1

Released from sha undefined
Tag for lerna release",chore,release,False,tech_debt
183573,183571,"chore(release): releasing component

affects: lerna-semantic-release-get-last-release@5.0.2

Released from sha undefined
Tag for lerna release",chore,release,False,tech_debt
183621,183619,"chore(release): releasing component

affects: lerna-semantic-release-analyze-commits@4.0.2

Released from sha undefined
Tag for lerna release",chore,release,False,tech_debt
183685,183683,"chore(release): releasing component

affects: lerna-semantic-release-get-last-release@5.0.2

Released from sha undefined
Tag for lerna release",chore,release,False,tech_debt
183725,183723,"chore(release): releasing component

affects: lerna-semantic-release-utils@4.0.1

Released from sha undefined
Tag for lerna release",chore,release,False,tech_debt
183797,183795,"chore(release): releasing component

affects: lerna-semantic-release-get-last-release@5.0.2

Released from sha undefined
Tag for lerna release",chore,release,False,tech_debt
183861,183859,"chore(release): releasing component

affects: lerna-semantic-release-io@5.0.1

Released from sha undefined
Tag for lerna release",chore,release,False,tech_debt
183877,183875,"chore(release): releasing component

affects: lerna-semantic-release-post@5.0.1

Released from sha undefined
Tag for lerna release",chore,release,False,tech_debt
184109,184107,"chore(release): releasing component

affects: lerna-semantic-release-post@5.0.1

Released from sha b6c191537c5ff1dd7376009f74c6fc5d997a7e4c
Tag for lerna release",chore,release,False,tech_debt
184285,184283,chore(build): move script to before install to not wipe out node_modules,chore,build,False,tech_debt
184317,184315,"chore(release): releasing component

affects: lerna-semantic-release-perform@4.0.1

Released from sha 02a85fa3de257a4b2ce59bc37666dfd7d57a14c8
Tag for lerna release",chore,release,False,tech_debt
184695,184693,chore(package): update github to version 3.1.0,chore,package,False,tech_debt
190928,190926,"chore(package): update tap to version 5.1.0

http://greenkeeper.io/",chore,package,False,tech_debt
191066,191064,feat(gitlab): added support for parsing hosted gitlab repo urls,feat,gitlab,False,feature_work
193271,193269,"chore(package): update cz-conventional-changelog to version 1.1.3

http://greenkeeper.io/",chore,package,False,tech_debt
193400,193398,"chore(package): update nock to version 2.13.0

http://greenkeeper.io/",chore,package,False,tech_debt
193613,193611,"chore(package): update semver to version 5.0.3

http://greenkeeper.io/",chore,package,False,tech_debt
194275,194273,docs(README): add egghead.io tutorial,docs,README,False,docs
195894,195892,"feat(commit-analyzer): Call commit-analyzer multiple times

type.js will now call commit-analyzer multiple times, and keep track of the
release type itself. This makes the commit-analyzer drastically simpler.

BREAKING CHANGE:
	The commit-analyzer plugin is now called only once, and with only a single
	commit (as the `commit` config option, vs. `commits`). The plugin also does
	not have to keep track of the release type for multiple commits. To migrate,
	simply have your plugin only accept and parse a single commit. This should
	reduce the complexity a good deal.",feat,commit-analyzer,False,feature_work
195902,195900,"feat(commit-analyzer): Call commit-analyzer multiple times

type.js will now call commit-analyzer multiple times, and keep track of the
release type itself. This makes the commit-analyzer drastically simpler.

BREAKING CHANGE:
	The commit-analyzer plugin is now called only once, and with only a single
	commit (as the `commit` config option, vs. `commits`). The plugin also does
	not have to keep track of the release type for multiple commits. To migrate,
	simply have your plugin only accept and parse a single commit. This should
	reduce the complexity a good deal.",feat,commit-analyzer,False,feature_work
195910,195908,"feat(type): Add support for rskip

Add support for rskip release type, and skipping releases.
Skipping releases is supported by semantic-release/commit-analyzer#2.

Fixes #41",feat,type,False,feature_work
195958,195956,docs(readme): enhance plugin section grammar,docs,readme,False,docs
197313,197311,chore(tests): add coverage reports and coveralls,chore,tests,False,tech_debt
199166,199164,test(postpublish): get commit hash in detached HEAD mode,test,postpublish,False,tech_debt
199500,199498,feat(release): configure github api endpoint via environment variables,feat,release,False,feature_work
199557,199555,fix(cli): npm install abbrev,fix,cli,False,bug_fixes
162087,162085,feat: add `tagFormat` option to customize Git tag name,feat,,False,feature_work
162182,162180,"fix: prioritize `GIT_CREDENTIALS` for gtit credentials

Allow to defined a both `GIT_CREDENTIALS` for repository access and `GH_TOKEN` or `GL_TOKEN` for API access",fix,,False,bug_fixes
163356,163354,fix(package): update cosmiconfig to version 4.0.0,fix,package,False,bug_fixes
163505,163503,chore(package): update prettier to version 1.10.0,chore,package,False,tech_debt
169294,169292,refactor: Simplify file tree,refactor,,False,tech_debt
173155,173153,fix: Import plugin when running globally,fix,,False,bug_fixes
174767,174765,Merge branch 'caribou' into engines-node-4,other,,False,other
176457,176455,Merge branch 'caribou' into node-8-only,other,,False,other
181709,181707,chore(package): update nock to version 9.0.0,chore,package,False,tech_debt
182499,182497,"fix(test): test fix to make sure release process is working

affects: lerna-semantic-release-pre",fix,test,False,bug_fixes
182515,182513,docs(changelog): appending to changelog,docs,changelog,False,docs
182547,182545,docs(changelog): appending to changelog,docs,changelog,False,docs
182587,182585,test(dummy): delete dummy package as it was causing bootstrap issues. Revert this commit later,test,dummy,False,tech_debt
182804,182802,"chore(release): releasing component

affects: lerna-semantic-release-perform@1.0.0

Released from sha undefined
Tag for lerna release",chore,release,False,tech_debt
182972,182970,"chore(release): releasing component

affects: lerna-semantic-release-utils@1.0.0

Released from sha undefined
Tag for lerna release",chore,release,False,tech_debt
182996,182994,"chore(release): releasing component

affects: lerna-semantic-release-analyze-commits@1.0.0

Released from sha undefined
Tag for lerna release",chore,release,False,tech_debt
183012,183010,"chore(release): releasing component

affects: lerna-semantic-release-io@1.0.0

Released from sha undefined
Tag for lerna release",chore,release,False,tech_debt
183261,183259,chore: clean up scripts,chore,,False,tech_debt
183341,183339,"refactor(post): Use new lerna-semantic-release-post package

The new post package does not longer add, commit & push the CHANGELOG.md automatically

BREAKING CHANGE: no more CHANGELOG.md auto-commit & push",refactor,post,False,tech_debt
183381,183379,chore: bump lerna-semantic-release package,chore,,False,tech_debt
183413,183411,Merge branch 'caribou' into move-changelog-to-package,other,,False,other
183517,183515,"chore(release): releasing component

affects: lerna-semantic-release-get-last-release@5.0.2

Released from sha undefined
Tag for lerna release",chore,release,False,tech_debt
183661,183659,"chore(release): releasing component

affects: lerna-semantic-release-pre@4.0.2

Released from sha undefined
Tag for lerna release",chore,release,False,tech_debt
183917,183915,"chore(release): releasing component

affects: lerna-semantic-release-io@5.0.1

Released from sha undefined
Tag for lerna release",chore,release,False,tech_debt
184045,184043,"chore(release): releasing component

affects: lerna-semantic-release-post@5.0.1

Released from sha undefined
Tag for lerna release",chore,release,False,tech_debt
184221,184219,chore(debug): remove trees,chore,debug,False,tech_debt
184293,184291,"chore(release): releasing component

affects: lerna-semantic-release-analyze-commits@4.0.2

Released from sha 02a85fa3de257a4b2ce59bc37666dfd7d57a14c8
Tag for lerna release",chore,release,False,tech_debt
184405,184403,Merge branch 'caribou' of github.com:atlassian/lerna-semantic-release into caribou,other,,False,other
184488,184486,chore(package): update lodash to version 4.16.2,chore,package,False,tech_debt
185029,185027,"fix(gitlog): increase maxBuffer

This fixes issue #286. This is needed for repositories with a lot of commits and/or a big changelog.",fix,gitlog,False,bug_fixes
185717,185715,chore(package): update standard to version 8.0.0,chore,package,False,tech_debt
186048,186046,chore(package): update nyc to version 8.1.0,chore,package,False,tech_debt
187948,187946,"chore(package): update run-auto to version 2.0.0

https://greenkeeper.io/",chore,package,False,tech_debt
189152,189150,"fix: only ever change version field in published package.json

Closes #203",fix,,False,bug_fixes
190411,190409,Merge branch 'caribou' into patch-1,other,,False,other
191307,191305,"chore(package): update tap to version 4.0.0

http://greenkeeper.io/",chore,package,False,tech_debt
193902,193900,test: end tests properly,test,,False,tech_debt
194970,194968,"feat(gitlab): provide support for gitlab based repositories. To enable the support the github based verification checks are refactord into own verificationConditions plugin. Also the plugin mechanism is tweeked a little so that the travis verification Conditions can now be optional.

The configuration for gitlab scenarios is as follows:
package.json
{
 ""release"": {
    ""debug"": false,
    ""verifyConditions"": ""semantic-release/dist/lib/plugin-noop""
  },
  scripts: {
    ""semantic-release"": ""semantic-release pre && npm publish""
  }
}",feat,gitlab,False,feature_work
196652,196650,docs(readme): various grammar fixes,docs,readme,False,docs
198871,198869,docs(readme): fix ignore scripts flag,docs,readme,False,docs
199174,199172,refactor(post): use git-head instead of exec,refactor,post,False,tech_debt
199434,199432,test(prepublish): initial scenario,test,prepublish,False,tech_debt
199451,199449,"fix(version): use $npm_config_registry variable to ensure the right registry

BREAKING CHANGE: This breaks the usage of the `semantic-release` CLI outside of npm scripts.",fix,version,False,bug_fixes
1151,1149,chore(deps): update dependency c8 to v12,chore,deps,False,tech_debt
1187,1185,ci(action): update github/codeql-action action to v4.37.1,ci,action,False,tech_debt
1929,1927,chore(deps): update dependency mockserver-client to v7.3.0,chore,deps,False,tech_debt
2115,2113,chore(deps): update dependency testcontainers to v12.0.4,chore,deps,False,tech_debt
2599,2597,chore(deps): update dependency dockerode to v5.0.1,chore,deps,False,tech_debt
2687,2685,chore(deps): update dependency got to v15.0.6,chore,deps,False,tech_debt
2771,2769,chore(deps): lock file maintenance,chore,deps,False,tech_debt
3342,3340,test: add tests for core delegation and dry-run policy handling,test,,False,tech_debt
3366,3364,docs: update README to include information about the new core engine integration,docs,,False,docs
3854,3852,chore(deps): update dependency js-yaml to v4.2.0,chore,deps,False,tech_debt
3938,3936,ci(action): update github/codeql-action action to v4.36.1,ci,action,False,tech_debt
5396,5394,chore(deps): update dependency ava to v8,chore,deps,False,tech_debt
6116,6114,chore(deps): update dependency got to v15.0.1,chore,deps,False,tech_debt
6440,6438,chore(deps): update dependency lodash-es to v4.18.1 [security],chore,deps,False,tech_debt
6672,6670,ci(action): update github/codeql-action action to v4.35.1,ci,action,False,tech_debt
7759,7757,"test(integration): push local git notes to ""remote"" test repo

to avoid them being pruned by personal config when unshallowing the test repo",test,integration,False,tech_debt
7833,7831,chore(deps): update npm to v11.11.0,chore,deps,False,tech_debt
8338,8336,chore(deps): update dependency @types/node to v24.10.11,chore,deps,False,tech_debt
8946,8944,ci(action): update github/codeql-action action to v4.32.0,ci,action,False,tech_debt
9576,9574,ci(action): update actions/setup-node action to v6.2.0,ci,action,False,tech_debt
10052,10050,chore(deps): update dependency fs-extra to v11.3.3,chore,deps,False,tech_debt
10233,10231,chore(deps): update dependency @types/node to v24.10.4,chore,deps,False,tech_debt
11215,11213,ci(action): update github/codeql-action action to v4.31.5,ci,action,False,tech_debt
11772,11770,chore(deps): update dependency js-yaml to v4.1.1,chore,deps,False,tech_debt
13181,13179,chore(deps): update dependency @types/node to v22.18.12,chore,deps,False,tech_debt
13984,13982,"docs(trusted-publishing): mention the updated restrictions for auth against the officail registry

for semantic-release/npm#958",docs,trusted-publishing,False,docs
14384,14382,test(verdaccio): update to the current major of verdaccio,test,verdaccio,False,tech_debt
14710,14708,chore(deps): update dependency p-retry to v7.1.0,chore,deps,False,tech_debt
15602,15600,chore(deps): lock file maintenance,chore,deps,False,tech_debt
16216,16214,"Update .git-blame-ignore-revs

# style: prettier (#2670)
b06c9bbe4c6be121c5561b356d8c465c1cadffba
# style: upgraded prettier to v3 (#2863)
272af210523804de782b3076f05e56bcb4aeeb8f",other,,False,other
18185,18183,ci(action): update github/codeql-action action to v3.29.5,ci,action,False,tech_debt
19957,19955,chore(deps): update dependency @types/node to v22.16.0,chore,deps,False,tech_debt
20208,20206,ci(action): update github/codeql-action action to v3.29.1,ci,action,False,tech_debt
21192,21190,chore(deps): lock file maintenance,chore,deps,False,tech_debt
21668,21666,docs(skipPush): clarify that repository pull permission are still required,docs,skipPush,False,docs
22654,22652,chore(deps): update dependency @types/node to v22.15.20,chore,deps,False,tech_debt
23068,23066,docs(issue-template): more directly ask for improved detail for bug reports,docs,issue-template,False,docs
23912,23910,Update plugins-list.md,other,,False,other
24498,24496,fix some tests,other,,False,other
24530,24528,fix 2 tests,other,,False,other
25307,25305,chore(deps): update dependency publint to v0.3.10,chore,deps,False,tech_debt
25985,25983,chore(deps): lock file maintenance,chore,deps,False,tech_debt
26906,26904,chore(deps): update dependency @types/node to v22.13.8,chore,deps,False,tech_debt
27025,27023,chore(deps): lock file maintenance,chore,deps,False,tech_debt
28668,28666,ci(action): update actions/setup-node action to v4.2.0,ci,action,False,tech_debt
30925,30923,chore(deps): update npm to v10.9.1,chore,deps,False,tech_debt
32224,32222,chore(deps): lock file maintenance,chore,deps,False,tech_debt
32467,32465,ci(action): update github/codeql-action action to v3.27.0,ci,action,False,tech_debt
32678,32676,"fix(branch-naming): prevent non-range versions from being identified as maintenance branches

This change makes the second segment the optional one rather than the third segment. That ensures that a maintenance branch always needs to end with `.x`

Co-authored-by: Matt Travi <programmer@travi.org>",fix,branch-naming,False,bug_fixes
33350,33348,ci(action): update actions/checkout action to v4.2.0,ci,action,False,tech_debt
34589,34587,chore(deps): lock file maintenance,chore,deps,False,tech_debt
36548,36546,test(concurrency): run test suites serially to avoid resource issues during execution,test,concurrency,False,tech_debt
36623,36621,chore(deps): update dependency lockfile-lint to v4.14.0,chore,deps,False,tech_debt
37196,37194,chore(deps): update dependency prettier to v3.3.1,chore,deps,False,tech_debt
37443,37441,ci(action): update github/codeql-action action to v3.25.7,ci,action,False,tech_debt
37899,37897,fix: ensure that only valid SemVer tags can be created (prefix is the only exception),fix,,False,bug_fixes
38256,38254,chore(deps): update npm to v10.8.0,chore,deps,False,tech_debt
38350,38348,ci(action): update github/codeql-action action to v3.25.5,ci,action,False,tech_debt
38547,38545,ci(action): update ossf/scorecard-action action to v2.3.3,ci,action,False,tech_debt
39996,39994,"docs(release-commits): highlighted that we are not encouraging commits of package.json changes

but providing guidance for folks that still choose to do so, despite our recommendation",docs,release-commits,False,docs
41262,41260,chore(deps): lock file maintenance,chore,deps,False,tech_debt
42338,42336,chore(deps): update dependency prettier to v3.2.5,chore,deps,False,tech_debt
42691,42689,chore(deps): lock file maintenance,chore,deps,False,tech_debt
42771,42769,ci(action): update github/codeql-action action to v3.23.2,ci,action,False,tech_debt
43174,43172,Merge branch 'master' into feat-configurable-tag-time,other,,False,other
46349,46347,chore: fix typos,chore,,False,tech_debt
49887,49885,style: fix lint issue,style,,False,tech_debt
53187,53185,chore(prettier): ignored formatting change for v3 upgrade from git blame,chore,prettier,False,tech_debt
53230,53228,fix(deps): update dependency read-pkg-up to v10,fix,deps,False,bug_fixes
53408,53406,ci(action): update ossf/scorecard-action action to v2.2.0,ci,action,False,tech_debt
53909,53907,chore(deps): lock file maintenance,chore,deps,False,tech_debt
54449,54447,chore: update the lockfile,chore,,False,tech_debt
56173,56171,fix(deps): update dependency env-ci to v9,fix,deps,False,bug_fixes
56536,56534,chore(deps): pin dependencies,chore,deps,False,tech_debt
56605,56603,fix(deps): update dependency @semantic-release/npm to v10,fix,deps,False,bug_fixes
59381,59379,fix(deps): update dependency cosmiconfig to v8,fix,deps,False,bug_fixes
59469,59467,docs: update GH Actions recipe actions to v3,docs,,False,docs
59660,59658,Merge branch 'master' into patch-1,other,,False,other
59709,59707,chore(deps): update dependency testdouble to v3.16.8,chore,deps,False,tech_debt
60213,60211,fix: extract errors from errors property,fix,,False,bug_fixes
60737,60735,test(integration): omitted the `GITHUB_ACTION` env var as well,test,integration,False,tech_debt
60820,60818,Merge branch 'master' of github.com:semantic-release/semantic-release into beta,other,,False,other
60844,60842,Merge branch 'master' of github.com:semantic-release/semantic-release into beta,other,,False,other
60880,60878,"test(index): forced plugins to use semantic-release beta

which deduped env-ci to the esm-only version, allowing test double to stub properly",test,index,False,tech_debt
61543,61541,"test(get-config): fixed stubbing of the plugins module

for #2543",test,get-config,False,tech_debt
61920,61918,refactor(plugins): removed console.logs and resolved lint issues,refactor,plugins,False,tech_debt
61928,61926,Merge branch 'master' of github.com:semantic-release/semantic-release into async-import,other,,False,other
62409,62407,chore(deps): update dependency nock to v13.2.9,chore,deps,False,tech_debt
64388,64386,docs: fix typo,docs,,False,docs
66047,66045,"build(deps): bump trim-off-newlines from 1.0.1 to 1.0.3

Bumps [trim-off-newlines](https://github.com/stevemao/trim-off-newlines) from 1.0.1 to 1.0.3.
- [Release notes](https://github.com/stevemao/trim-off-newlines/releases)
- [Commits](https://github.com/stevemao/trim-off-newlines/compare/v1.0.1...v1.0.3)

---
updated-dependencies:
- dependency-name: trim-off-newlines
  dependency-type: indirect
...

Signed-off-by: dependabot[bot] <support@github.com>",build,deps,False,tech_debt
67280,67278,chore(deps): update dependency nock to v13.0.3,chore,deps,False,tech_debt
67352,67350,"Merge pull request #124 from semantic-release-plus/renovate/cosmiconfig-7.x

fix(deps): update dependency cosmiconfig to v7",other,,False,other
67440,67438,chore(deps): update dependency tempy to v0.7.0,chore,deps,False,tech_debt
67456,67454,chore(deps): update dependency tempy to v0.7.1,chore,deps,False,tech_debt
67592,67590,chore(deps): update dependency nock to v13.0.6,chore,deps,False,tech_debt
67905,67903,fix(deps): update dependency lodash to ^4.17.20,fix,deps,False,bug_fixes
68001,67999,"Merge pull request #202 from semantic-release-plus/renovate/npm-lodash-vulnerability

chore(deps): update dependency lodash to 4.17.21 [security]",other,,False,other
68177,68175,"ci: release should run every time after test has passed

* updates job order to be lint, test, release
* running release on every pr/trunk commit will make sure we are utilizing all the functionality of semantic-release",ci,,False,tech_debt
68329,68327,chore(deps): update dependency lint-staged to v11.2.3,chore,deps,False,tech_debt
69082,69080,"fix: upgrade `marked` to resolve ReDos vulnerability (#2330)

BREAKING CHANGE: node v15 has been removed from our defined supported versions of node. this was done to upgrade to compatible versions of `marked` and `marked-terminal` that resolved the ReDoS vulnerability. removal of support of this node version should be low since it was not an LTS version and has been EOL for several months already.",fix,,False,bug_fixes
70461,70459,fix(deps): update dependency env-ci to v8,fix,deps,False,bug_fixes
71037,71035,Fix typo in `troubleshooting.md`,other,,False,other
73342,73340,Merge branch 'master' of https://github.com/semantic-release-plus/semantic-release into beta,other,,False,other
73414,73412,"Merge pull request #34 from semantic-release/master

Sync Upstream v15.14.0",other,,False,other
73527,73525,Merge branch 'master' of https://github.com/semantic-release/semantic-release into merge-upstream-16.0.2,other,,False,other
73543,73541,Update dependency got to v10.3.0,other,,False,other
73639,73637,"Merge pull request #51 from semantic-release-plus/renovate/got-10.x

chore(deps): update dependency got to v10.5.5",other,,False,other
73647,73645,chore(deps): update dependency codecov to v3.6.5,chore,deps,False,tech_debt
73679,73677,"Merge pull request #66 from semantic-release-plus/sync-upstream-17.0.4

Sync upstream 17.0.4",other,,False,other
73735,73733,chore(deps): update dependency dockerode to v3.1.0,chore,deps,False,tech_debt
73839,73837,chore(deps): update dependency nyc to v15.0.1,chore,deps,False,tech_debt
73879,73877,test: updates function declaration to match updated syntax,test,,False,tech_debt
73903,73901,"Merge pull request #89 from semantic-release-plus/renovate/pin-dependencies

chore(deps): pin dependencies",other,,False,other
74167,74165,chore(deps): update dependency nock to v13.0.3,chore,deps,False,tech_debt
74319,74317,chore(deps): update dependency got to v11.6.2,chore,deps,False,tech_debt
74639,74637,chore(deps): update dependency nock to v13.0.9,chore,deps,False,tech_debt
74839,74837,docs: update .all-contributorsrc [skip ci],docs,,False,docs
74895,74893,Merge branch 'master' of https://github.com/semantic-release/semantic-release into latest-upstream,other,,False,other
74967,74965,"docs(plugin developer guide): correction, additional details / advanced (#1961)

A correction to the earlier documentation: the ""nextRelease"" object is NOT similar to the
lastRelease and there are some differences. Because of this, the object is now documented as a
separate entry. Added also information on how the error handling should be done so that
semantic-release would be able to handle errors from plugins properly and call ""fail"" lifecycle
plugins. Included some more advanced information on how the analyzeCommits-lifecycle plugins work
and how the result of the initial analyzer can be overridden. This is an edge case, but could happen
and is good to understand.",docs,plugin developer guide,False,docs
74975,74973,docs(README): improve sentence (#1962),docs,README,False,docs
75175,75173,chore(deps): update dependency husky to v7,chore,deps,False,tech_debt
77662,77660,"Merge pull request #25 from semantic-release-plus/renovate/marked-0.x

fix(deps): update dependency marked to ^0.8.0",other,,False,other
77710,77708,chore(deps): update dependency sinon to v8,chore,deps,False,tech_debt
77822,77820,Pin dependency got to 10.2.2,other,,False,other
78174,78172,Merge branch 'master' of https://github.com/semantic-release/semantic-release into merge-upstream-17.0.6,other,,False,other
78382,78380,chore(deps): update dependency got to v11.4.0,chore,deps,False,tech_debt
78486,78484,chore(deps): update dependency ava to v3.11.0,chore,deps,False,tech_debt
78638,78636,chore(deps): update dependency tempy to v0.7.0,chore,deps,False,tech_debt
78686,78684,chore(deps): update dependency sinon to v9.2.0,chore,deps,False,tech_debt
78926,78924,"Merge pull request #173 from semantic-release-plus/mono-repo-docs

docs(recipes): adds documentation on how to use with an nx monorepo",other,,False,other
78950,78948,chore(deps): update dependency nock to v13.0.9,chore,deps,False,tech_debt
78990,78988,chore(deps): update dependency tempy to v1.0.1,chore,deps,False,tech_debt
79014,79012,chore(deps): update dependency p-retry to v4.5.0,chore,deps,False,tech_debt
79038,79036,docs: update README.md [skip ci],docs,,False,docs
79046,79044,docs: create .all-contributorsrc [skip ci],docs,,False,docs
79078,79076,docs: update .all-contributorsrc [skip ci],docs,,False,docs
79118,79116,chore(deps): update dependency codecov to v3.8.2,chore,deps,False,tech_debt
79158,79156,Merge branch 'master' into all-contributors/add-JoA-MoS,other,,False,other
79222,79220,chore(deps): update dependency sinon to v11,chore,deps,False,tech_debt
79366,79364,"fix: updates release script to run on all branches and use the current directory and the package

previous script would use the previously published version, this will make sure we are eating our own dogfood.",fix,,False,bug_fixes
79406,79404,fix(deps): update dependency marked to v3,fix,deps,False,bug_fixes
79534,79532,Merge branch 'master' of https://github.com/semantic-release-plus/semantic-release into update-from-master,other,,False,other
79924,79922,ci(test): set node version explicitly in `test` job,ci,test,False,tech_debt
80099,80097,"Revert ""fix(deps): update dependency marked to v3""

This reverts commit 6e4beb8314d556524341657d88817061300259a3.",other,,False,other
23929,23927,Merge branch 'patch-1' of https://github.com/keliansb/semantic-release into patch-1,other,,False,other
24326,24324,chore(deps): update dependency @types/node to v22.15.1,chore,deps,False,tech_debt
24447,24445,"Update git.js

2-space indention",other,,False,other
24661,24659,chore(deps): lock file maintenance,chore,deps,False,tech_debt
24891,24889,ci(action): update actions/setup-node action to v4.4.0,ci,action,False,tech_debt
25677,25675,chore(deps): update dependency @types/node to v22.13.14,chore,deps,False,tech_debt
25905,25903,chore(deps): update dependency @types/node to v22.13.13,chore,deps,False,tech_debt
26945,26943,chore(deps): update dependency @types/node to v22.13.6,chore,deps,False,tech_debt
29443,29441,chore(deps): update dependency fs-extra to v11.3.0,chore,deps,False,tech_debt
29563,29561,chore(deps): update dependency publint to v0.3.1,chore,deps,False,tech_debt
30202,30200,ci(action): update github/codeql-action action to v3.27.9,ci,action,False,tech_debt
30355,30353,ci(action): update github/codeql-action action to v3.27.7,ci,action,False,tech_debt
32583,32581,chore(deps): lock file maintenance,chore,deps,False,tech_debt
32772,32770,chore(deps): lock file maintenance,chore,deps,False,tech_debt
33968,33966,fix(deps): update dependency micromatch to v4.0.8 [security],fix,deps,False,bug_fixes
35830,35828,ci(action): update actions/setup-node action to v4.0.3,ci,action,False,tech_debt
36417,36415,chore(deps): update dependency ls-engines to v0.9.2,chore,deps,False,tech_debt
36532,36530,test(e2e): renamed the e2e test file to align with new test categories,test,e2e,False,tech_debt
36945,36943,Update README.md,other,,False,other
37243,37241,ci(action): update github/codeql-action action to v3.25.8,ci,action,False,tech_debt
37729,37727,chore(deps): lock file maintenance,chore,deps,False,tech_debt
40183,40181,chore(deps): lock file maintenance,chore,deps,False,tech_debt
40668,40666,ci(action): update github/codeql-action action to v3.24.9,ci,action,False,tech_debt
40749,40747,docs: add community plugin semantic-release-hackage,docs,,False,docs
41041,41039,fix(deps): update dependency @semantic-release/github to v10,fix,deps,False,bug_fixes
42888,42886,chore(deps): lock file maintenance,chore,deps,False,tech_debt
43248,43246,chore(deps): lock file maintenance,chore,deps,False,tech_debt
43588,43586,fix(deps): update dependency marked to v11,fix,deps,False,bug_fixes
48431,48429,docs: correct FAQ note about 0.x major versions,docs,,False,docs
48956,48954,ci(action): update actions/checkout digest to 8ade135,ci,action,False,tech_debt
49352,49350,docs(contributing): captured notes to update the contributing guide based on conversation result,docs,contributing,False,docs
49535,49533,chore(deps): update dependency testdouble to v3.19.0,chore,deps,False,tech_debt
52100,52098,chore(deps): lock file maintenance,chore,deps,False,tech_debt
53503,53501,ci(action): update actions/checkout action to v3.5.3,ci,action,False,tech_debt
54060,54058,chore(deps): update dependency sinon to v15.1.2,chore,deps,False,tech_debt
55374,55372,docs(npx-version): mentioned using a renovate regex manager to update the version,docs,npx-version,False,docs
55430,55428,docs(npx-version): clarified that the regex manager can be used with either pinning strategy,docs,npx-version,False,docs
56060,56058,chore(deps): lock file maintenance,chore,deps,False,tech_debt
56700,56698,chore(lint): ran prettier against the release workflow file,chore,lint,False,tech_debt
56822,56820,chore(deps): update dependency prettier to v2.8.7,chore,deps,False,tech_debt
59644,59642,Merge branch 'master' into patch-1,other,,False,other
59652,59650,Merge branch 'master' into patch-1,other,,False,other
60934,60932,"build(deps): bump minimatch from 3.0.4 to 3.1.2

Bumps [minimatch](https://github.com/isaacs/minimatch) from 3.0.4 to 3.1.2.
- [Release notes](https://github.com/isaacs/minimatch/releases)
- [Commits](https://github.com/isaacs/minimatch/compare/v3.0.4...v3.1.2)

---
updated-dependencies:
- dependency-name: minimatch
  dependency-type: indirect
...

Signed-off-by: dependabot[bot] <support@github.com>",build,deps,False,tech_debt
63697,63695,docs(plugin-list): add semantic-release-space plugin,docs,plugin-list,False,docs
63929,63927,Merge branch 'master' into patch-1,other,,False,other
66639,66637,Merge branch 'master' of https://github.com/semantic-release/semantic-release into merge-upstream-16.0.2,other,,False,other
66840,66838,chore(deps): update dependency clear-module to v4.1.0,chore,deps,False,tech_debt
66912,66910,chore(deps): update dependency mockserver-client to v5.10.0,chore,deps,False,tech_debt
67008,67006,chore(deps): pin dependencies,chore,deps,False,tech_debt
67072,67070,chore(deps): update dependency ava to v3.8.2,chore,deps,False,tech_debt
67152,67150,fix(deps): update dependency marked to v1,fix,deps,False,bug_fixes
67160,67158,"Merge pull request #87 from semantic-release-plus/renovate/marked-1.x

fix(deps): update dependency marked to v1",other,,False,other
67689,67687,Merge branch 'master' into fix-doc-typo,other,,False,other
68145,68143,Merge branch 'master' of https://github.com/semantic-release/semantic-release into 20210719-upstream,other,,False,other
68233,68231,chore(deps): update dependency nock to v13.1.3,chore,deps,False,tech_debt
68481,68479,Merge branch 'master' of https://github.com/semantic-release/semantic-release into merge-upstream-20211111,other,,False,other
68513,68511,chore(deps): update dependency lint-staged to v12.0.3,chore,deps,False,tech_debt
69218,69216,"fix: bump marked from 2.0.1 to 4.0.10

This addresses GHSA-rrrm-qjm4-v8hf.
https://github.com/advisories/GHSA-rrrm-qjm4-v8hf

Accommodate breaking change in index.js. (Use marked.parse() instead of
marked().)

Bumps [marked](https://github.com/markedjs/marked) from 2.0.1 to 4.0.10.
- [Release notes](https://github.com/markedjs/marked/releases)
- [Changelog](https://github.com/markedjs/marked/blob/master/.releaserc.json)
- [Commits](https://github.com/markedjs/marked/compare/v2.0.1...v4.0.10)

---
updated-dependencies:
- dependency-name: marked
  dependency-type: direct:production
...",fix,,False,bug_fixes
70490,70488,"docs(breaking-change): highlighted the need for `BREAKING CHANGE: ` to be in the commit footer

since this is a common confusion point for new folks",docs,breaking-change,False,docs
70899,70897,docs: fix typo,docs,,False,docs
71562,71560,docs(badge): switched to proper semantic-release logo,docs,badge,False,docs
73302,73300,fix(deps): update dependency marked to ^0.8.0,fix,deps,False,bug_fixes
73559,73557,chore: update renovate config to force semantic commits,chore,,False,tech_debt
73591,73589,"Merge pull request #42 from semantic-release-plus/renovate/sinon-8.x

chore(deps): update dependency sinon to v8.1.1",other,,False,other
73687,73685,ci(renovate): adds renovate config to automerge package updates,ci,renovate,False,tech_debt
73703,73701,"Merge pull request #53 from semantic-release-plus/renovate/mockserver-client-5.x

chore(deps): update dependency mockserver-client to v5.9.0",other,,False,other
73831,73829,chore(deps): update dependency ava to v3.6.0,chore,deps,False,tech_debt
74335,74333,chore(deps): update dependency got to v11.7.0,chore,deps,False,tech_debt
74383,74381,fix(deps): update dependency yargs to v16,fix,deps,False,bug_fixes
74655,74653,chore(deps): update dependency nock to v13.0.11,chore,deps,False,tech_debt
74727,74725,docs: update README.md [skip ci],docs,,False,docs
74919,74917,"Merge pull request #203 from semantic-release-plus/renovate/sinon-11.x

chore(deps): update dependency sinon to v11",other,,False,other
75055,75053,"fix: updates release script to run on all branches and use the current directory and the package

previous script would use the previously published version, this will make sure we are eating our own dogfood.",fix,,False,bug_fixes
75207,75205,chore(deps): update dependency lint-staged to v11.2.2,chore,deps,False,tech_debt
75846,75844,docs(circle-ci): removed example of local installation since we recommend installing late,docs,circle-ci,False,docs
76072,76070,add semantic-release-mattermost to the plugin list,other,,False,other
76092,76090,docs: added link to mattermost,docs,,False,docs
77060,77058,"fix(release-notes-generator): updated to the beta of the plugin

for #2055",fix,release-notes-generator,False,bug_fixes
77092,77090,fix(plugins): upgraded to stable versions of the plugins,fix,plugins,False,bug_fixes
77702,77700,chore(deps): update dependency mockserver-client to v5.8.1,chore,deps,False,tech_debt
77910,77908,chore(deps): update dependency codecov to v3.6.2,chore,deps,False,tech_debt
77974,77972,Merge branch 'master' of https://github.com/semantic-release/semantic-release into semantic-release-master,other,,False,other
77990,77988,"Merge pull request #66 from semantic-release-plus/sync-upstream-17.0.4

Sync upstream 17.0.4",other,,False,other
78246,78244,chore(deps): update dependency got to v11.1.0,chore,deps,False,tech_debt
78326,78324,chore(deps): update dependency fs-extra to v9.0.1,chore,deps,False,tech_debt
78574,78572,chore(deps): update dependency sinon to v9.0.3,chore,deps,False,tech_debt
78606,78604,chore(deps): update dependency ava to v3.12.1,chore,deps,False,tech_debt
78670,78668,chore(deps): update dependency sinon to v9.1.0,chore,deps,False,tech_debt
79094,79092,fix(deps): update dependency marked-terminal to ^4.1.0,fix,deps,False,bug_fixes
79142,79140,docs: update README.md [skip ci],docs,,False,docs
79286,79284,docs(README): improve sentence (#1962),docs,README,False,docs
79310,79308,chore(deps): update dependency p-retry to v4.6.0,chore,deps,False,tech_debt
80900,80898,chore: add Mockserver generated file to gitignore,chore,,False,tech_debt
81044,81042,feat: allow to release any version on a branch if up to date with next branch,feat,,False,feature_work
81228,81226,fix: use `--no-verify` when testing the Git permissions,fix,,False,bug_fixes
81356,81354,fix: pass a branch name to `getGitAuthUrl`,fix,,False,bug_fixes
81388,81386,fix: add `repositoryUrl` in logs,fix,,False,bug_fixes
81597,81595,docs: add `semantic-release-rubygem` to community plugins (#1602),docs,,False,docs
81717,81715,fix: use valid git credentials when multiple are provided (#1669),fix,,False,bug_fixes
81933,81931,"chore(deps): update dependency sinon to v9.2.3 (#1750)

Co-authored-by: Renovate Bot <bot@renovateapp.com>",chore,deps,False,tech_debt
82037,82035,"chore(deps): lock file maintenance (#1770)

Co-authored-by: Renovate Bot <bot@renovateapp.com>",chore,deps,False,tech_debt
82077,82075,"docs(discussions): updated spectrum references to point to discussions instead (#1782)

for #1764",docs,discussions,False,docs
82389,82387,"docs: adds updated docker plugin that supports major, minor tagging (#1963)",docs,,False,docs
82461,82459,"chore(deps): update dependency js-yaml to v4 (#1752)

Co-authored-by: Renovate Bot <bot@renovateapp.com>
Co-authored-by: Matt Travi <programmer@travi.org>",chore,deps,False,tech_debt
82485,82483,docs(branches): minor typo fixes (#2033),docs,branches,False,docs
83298,83296,docs(readme): update key package name,docs,readme,False,docs
83354,83352,"Revert ""Revert ""Sync fork source master""""

This reverts commit 11e7ce9ff69de4d494f853b7278b6d4ccaae835c.",other,,False,other
83434,83432,fix(deps): update dependency yargs to v15,fix,deps,False,bug_fixes
83570,83568,chore(deps): update dependency sinon to v8,chore,deps,False,tech_debt
83578,83576,chore(deps): update dependency nock to v11.7.2,chore,deps,False,tech_debt
83754,83752,chore(deps): update dependency sinon to v8.1.1,chore,deps,False,tech_debt
83778,83776,"Merge pull request #46 from semantic-release-plus/renovate/codecov-3.x

chore(deps): update dependency codecov to v3.6.2",other,,False,other
83834,83832,Merge branch 'master' of https://github.com/semantic-release/semantic-release into semantic-release-master,other,,False,other
84178,84176,chore(deps): update dependency got to v11.2.0,chore,deps,False,tech_debt
84282,84280,chore(deps): update dependency got to v11.5.1,chore,deps,False,tech_debt
84610,84608,chore(deps): update dependency ava to v3.15.0,chore,deps,False,tech_debt
84634,84632,chore(deps): update dependency fs-extra to v9.1.0,chore,deps,False,tech_debt
84706,84704,chore(deps): update dependency p-retry to v4.4.0,chore,deps,False,tech_debt
84730,84728,"Merge pull request #170 from semantic-release-plus/beta

Beta",other,,False,other
84930,84928,docs: update README.md [skip ci],docs,,False,docs
85002,85000,docs: update README.md [skip ci],docs,,False,docs
85106,85104,chore(deps): update dependency browserslist to 4.16.5 [security],chore,deps,False,tech_debt
85395,85393,docs(branches): minor typo fixes,docs,branches,False,docs
86220,86218,"Clarify order of execution docs

See this discussion: https://github.com/semantic-release/semantic-release/discussions/1987#discussioncomment-917795

I'm new to semantic-release and was originally confused by the order, so hopefully this clears it up a little for newcomers.",other,,False,other
87460,87458,chore(deps): update dependency mockserver-client to v5.7.2,chore,deps,False,tech_debt
87500,87498,fix(deps): update dependency semver to v7,fix,deps,False,bug_fixes
87540,87538,"Merge pull request #25 from semantic-release-plus/renovate/marked-0.x

fix(deps): update dependency marked to ^0.8.0",other,,False,other
87556,87554,Merge branch 'master' of https://github.com/semantic-release-plus/semantic-release into beta,other,,False,other
87572,87570,chore(deps): update dependency nyc to v15,chore,deps,False,tech_debt
87684,87682,Merge branch 'master' of https://github.com/semantic-release/semantic-release into semantic-release-master,other,,False,other
87708,87706,"Merge pull request #41 from semantic-release-plus/renovate/pin-dependencies

Pin dependency got to 10.2.2",other,,False,other
87772,87770,chore(deps): update dependency sinon to v8.1.1,chore,deps,False,tech_debt
88100,88098,chore(deps): update dependency ava to v3.7.1,chore,deps,False,tech_debt
88140,88138,chore(deps): update dependency got to v11.1.2,chore,deps,False,tech_debt
88180,88178,chore(deps): update dependency nyc to v15.1.0,chore,deps,False,tech_debt
88236,88234,"Merge pull request #87 from semantic-release-plus/renovate/marked-1.x

fix(deps): update dependency marked to v1",other,,False,other
90928,90926,"docs(examples): Fix GitHub Actions example workflow

closes #1903",docs,examples,False,docs
91008,91006,Adds custom git notes,other,,False,other
93059,93057,"docs(github-actions): example suggests using ubuntu-latest 

instead of a concrete version of Ubuntu",docs,github-actions,False,docs
93535,93533,feat: add option to run when branch is behind remote,feat,,False,feature_work
100255,100253,chore(deps): lock file maintenance,chore,deps,False,tech_debt
104447,104445,"docs(discussions): updated spectrum references to point to discussions instead

for #1764",docs,discussions,False,docs
104497,104495,chore(deps): lock file maintenance,chore,deps,False,tech_debt
105318,105316,Update .github/workflows/test.yml,other,,False,other
107195,107193,fix: pin initial branch to master,fix,,False,bug_fixes
709,707,chore(deps): update verdaccio/verdaccio docker tag to v6.9.0,chore,deps,False,tech_debt
879,877,ci(action): update ossf/scorecard-action action to v2.4.4,ci,action,False,tech_debt
2549,2547,test(e2e): drain the container stream for gitbox to resolve hang after completion,test,e2e,False,tech_debt
3598,3596,"ci(action): update actions/checkout action to v6.0.3 (#4192)

Co-authored-by: renovate[bot] <29139614+renovate[bot]@users.noreply.github.com>",ci,action,False,tech_debt
3646,3644,"chore(deps): update dependency @types/node to v24.13.1 (#4198)

Co-authored-by: renovate[bot] <29139614+renovate[bot]@users.noreply.github.com>",chore,deps,False,tech_debt
3814,3812,ci(action): update github/codeql-action action to v4.36.2,ci,action,False,tech_debt
4829,4827,chore(deps): update dependency publint to v0.3.20,chore,deps,False,tech_debt
4862,4860,chore(deps): lock file maintenance,chore,deps,False,tech_debt
4917,4915,chore(deps): update dependency @types/node to v24.12.3,chore,deps,False,tech_debt
5297,5295,chore(deps): update dependency nock to v14.0.14,chore,deps,False,tech_debt
6046,6044,chore(deps): lock file maintenance,chore,deps,False,tech_debt
6259,6257,chore(deps): update dependency @types/node to v24.12.1,chore,deps,False,tech_debt
6479,6477,"build(deps): bump lodash from 4.17.23 to 4.18.1

Bumps [lodash](https://github.com/lodash/lodash) from 4.17.23 to 4.18.1.
- [Release notes](https://github.com/lodash/lodash/releases)
- [Commits](https://github.com/lodash/lodash/compare/4.17.23...4.18.1)

---
updated-dependencies:
- dependency-name: lodash
  dependency-version: 4.18.1
  dependency-type: indirect
...

Signed-off-by: dependabot[bot] <support@github.com>",build,deps,False,tech_debt
7164,7162,"build(deps): bump undici from 6.23.0 to 6.24.0

Bumps [undici](https://github.com/nodejs/undici) from 6.23.0 to 6.24.0.
- [Release notes](https://github.com/nodejs/undici/releases)
- [Commits](https://github.com/nodejs/undici/compare/v6.23.0...v6.24.0)

---
updated-dependencies:
- dependency-name: undici
  dependency-version: 6.24.0
  dependency-type: indirect
...

Signed-off-by: dependabot[bot] <support@github.com>",build,deps,False,tech_debt
7484,7482,"fix: get-last-release matches prerelease tags with dots in config

The .includes() check fails when prerelease config contains dots (e.g., AS2024.10)
because semver.parse() splits the prerelease portion on dots per semver spec.
For example: semver.parse('1.705.3-AS2024.10.15').prerelease returns ['AS2024', 10, 15]
and ['AS2024', 10, 15].includes('AS2024.10') returns false.

This fix joins the prerelease components and uses startsWith() instead,
which correctly handles multi-component prerelease identifiers.

Fixes #4067",fix,,False,bug_fixes
8107,8105,chore(deps): lock file maintenance,chore,deps,False,tech_debt
9413,9411,chore(deps): lock file maintenance,chore,deps,False,tech_debt
10473,10471,chore(deps): update dependency p-retry to v7.1.1,chore,deps,False,tech_debt
11908,11906,chore(deps): update dependency got to v14.6.3,chore,deps,False,tech_debt
13554,13552,chore(deps): update dependency @types/node to v22.18.11,chore,deps,False,tech_debt
13734,13732,fix(deps): update to the latest alpha of the npm plugin,fix,deps,False,bug_fixes
13742,13740,"docs(trusted-publishing): update the github-actions recipe to account for trusted-publishing

for semantic-release/npm#958",docs,trusted-publishing,False,docs
14277,14275,"feat(node-versions): raise the minimum node version for the v24 range

since v24 has not yet reached LTS status

BREAKING CHANGE: the minimum node version for the v24 range is now v24.10.0",feat,node-versions,False,feature_work
15470,15468,ci(action): update github/codeql-action action to v3.30.5,ci,action,False,tech_debt
17673,17671,chore(deps): update dependency @types/node to v22.17.1,chore,deps,False,tech_debt
18954,18952,fix(deps): update dependency hosted-git-info to v9,fix,deps,False,bug_fixes
19253,19251,chore(deps): update dependency @types/node to v22.16.4,chore,deps,False,tech_debt
19366,19364,Add semantic-release-skopeo to plugins-list.md,other,,False,other
19583,19581,chore(deps): update dependency @types/node to v22.16.1,chore,deps,False,tech_debt
20809,20807,chore(deps): update dependency @types/node to v22.15.33,chore,deps,False,tech_debt
21384,21382,"build(deps): bump brace-expansion

Bumps  and [brace-expansion](https://github.com/juliangruber/brace-expansion). These dependencies needed to be updated together.

Updates `brace-expansion` from 2.0.1 to 2.0.2
- [Release notes](https://github.com/juliangruber/brace-expansion/releases)
- [Commits](https://github.com/juliangruber/brace-expansion/compare/v2.0.1...v2.0.2)

Updates `brace-expansion` from 1.1.11 to 2.0.2
- [Release notes](https://github.com/juliangruber/brace-expansion/releases)
- [Commits](https://github.com/juliangruber/brace-expansion/compare/v2.0.1...v2.0.2)

---
updated-dependencies:
- dependency-name: brace-expansion
  dependency-version: 2.0.2
  dependency-type: indirect
- dependency-name: brace-expansion
  dependency-version: 2.0.2
  dependency-type: indirect
...

Signed-off-by: dependabot[bot] <support@github.com>",build,deps,False,tech_debt
21467,21465,chore(deps): lock file maintenance,chore,deps,False,tech_debt
22226,22224,chore(deps): update dependency @types/node to v22.15.23,chore,deps,False,tech_debt
22614,22612,chore(deps): update dependency @types/node to v22.15.21,chore,deps,False,tech_debt
23028,23026,chore(deps): update dependency @types/node to v22.15.19,chore,deps,False,tech_debt
23310,23308,chore(deps): update dependency npm-run-all2 to v8.0.2,chore,deps,False,tech_debt
23560,23558,chore(deps): lock file maintenance,chore,deps,False,tech_debt
23683,23681,chore(deps): update dependency @types/node to v22.15.15,chore,deps,False,tech_debt
23828,23826,chore(deps): update dependency @types/node to v22.15.12,chore,deps,False,tech_debt
24741,24739,chore(deps): update dependency dockerode to v4.0.6,chore,deps,False,tech_debt
25597,25595,chore(deps): lock file maintenance,chore,deps,False,tech_debt
26541,26539,chore(deps): update dependency @types/node to v22.13.10,chore,deps,False,tech_debt
27405,27403,"fix(Types): Fixed typescript definition

Missing options key for BaseContext
Fixes #3601",fix,Types,False,bug_fixes
27764,27762,chore(deps): update dependency got to v14.4.6,chore,deps,False,tech_debt
28628,28626,ci(action): update github/codeql-action action to v3.28.6,ci,action,False,tech_debt
28708,28706,chore(deps): lock file maintenance,chore,deps,False,tech_debt
30493,30491,chore(deps): update npm to v10.9.2,chore,deps,False,tech_debt
31057,31055,ci(action): update github/codeql-action action to v3.27.5,ci,action,False,tech_debt
33202,33200,chore(deps): lock file maintenance,chore,deps,False,tech_debt
34497,34495,Merge branch 'feat/warning-logger' of https://github.com/semantic-release/semantic-release into feat/warning-logger,other,,False,other
34787,34785,ci(action): update github/codeql-action action to v3.26.0,ci,action,False,tech_debt
34947,34945,chore(deps): update dependency ls-engines to v0.9.3,chore,deps,False,tech_debt
35087,35085,ci(action): update ossf/scorecard-action action to v2.4.0,ci,action,False,tech_debt
36307,36305,docs(plugins): linked from faq about non-js projects to plugins list,docs,plugins,False,docs
37147,37145,fix: do not depend on beta versions,fix,,False,bug_fixes
39635,39633,ci(action): update actions/checkout action to v4.1.3,ci,action,False,tech_debt
40974,40972,fix(deps): update dependency @semantic-release/npm to v12,fix,deps,False,bug_fixes
41771,41769,feat: added override to prerelease version numbers,feat,,False,feature_work
42252,42250,ci(action): update actions/upload-artifact action to v4.3.1,ci,action,False,tech_debt
42835,42833,ci(action): update actions/upload-artifact action to v4.3.0,ci,action,False,tech_debt
43442,43440,chore(deps): update dependency c8 to v9.1.0,chore,deps,False,tech_debt
45493,45491,fix(deps): update dependency marked to v11,fix,deps,False,bug_fixes
45785,45783,chore(deps): lock file maintenance,chore,deps,False,tech_debt
46447,46445,fix(deps): update dependency read-pkg-up to v11,fix,deps,False,bug_fixes
46863,46861,chore(deps): update dependency nock to v13.3.7,chore,deps,False,tech_debt
47356,47354,ci(action): update actions/setup-node digest to 1a4442c,ci,action,False,tech_debt
47528,47526,chore(deps): update dependency testdouble to v3.20.0,chore,deps,False,tech_debt
48243,48241,ci(action): update actions/checkout digest to b4ffde6,ci,action,False,tech_debt
48359,48357,chore(deps): update dependency sinon to v16.1.0,chore,deps,False,tech_debt
48502,48500,ci(action): update github/codeql-action action to v2.21.9,ci,action,False,tech_debt
49120,49118,ci(action): update github/codeql-action action to v2.21.8,ci,action,False,tech_debt
49368,49366,test(prettier): adjusted the lint script name since prettier isnt specific to js,test,prettier,False,tech_debt
49585,49583,fix(deps): update dependency @semantic-release/npm to v11,fix,deps,False,bug_fixes
50149,50147,add @terrestris/maven-semantic-release plugin,other,,False,other
50477,50475,"feat(node-versions): raised the minimum node v20 requirement to v20.6

for auto-registered loader support

BREAKING CHANGE: the minimum supported node version in the v20 major range is now v20.6",feat,node-versions,False,feature_work
51195,51193,Merge branch 'feat/types',other,,False,other
52060,52058,ci(action): update actions/setup-node digest to bea5baf,ci,action,False,tech_debt
52524,52522,chore(deps): update dependency c8 to v8.0.1,chore,deps,False,tech_debt
53179,53177,style(prettier): adjusted to match prettier v3 expectations,style,prettier,False,tech_debt
53555,53553,ci(action): update actions/upload-artifact action to v3.1.2,ci,action,False,tech_debt
54496,54494,chore(deps): lock file maintenance,chore,deps,False,tech_debt
56288,56286,refac: change the github api call,other,,False,other
56639,56637,"breaking: legacy authentication using `NPM_USERNAME` and `NPM_PASSWORD` is no longer supported. Use `NPM_TOKEN` instead.

BREAKING CHANGE: legacy authentication using `NPM_USERNAME` and `NPM_PASSWORD` is no longer supported. Use `NPM_TOKEN` instead.",other,,False,other
56684,56682,Merge branch 'master' of github.com:semantic-release/semantic-release into beta,other,,False,other
57526,57524,"ci: integration test - fix package name conflict

Two tests had the same package name, causing random concurrency failures
during CI testing.

Signed-off-by: Chris. Webster <chris@webstech.net>",ci,,False,tech_debt
57735,57733,docs(extending): add link to semantic-release-coralogix,docs,extending,False,docs
58464,58462,"Update workflow README.md

A correct english sentence needs a verb, which is ""be"" in this case",other,,False,other
58538,58536,chore(deps): update dependency ava to v5.1.1,chore,deps,False,tech_debt
59053,59051,chore(deps): update dependency nock to v13.3.0,chore,deps,False,tech_debt
59970,59968,test: aligned pluginName with naming for functions,test,,False,tech_debt
60721,60719,test(integration): updated the simulated environment to omit the `GITHUB_ACTIONS` variable from the test env,test,integration,False,tech_debt
60745,60743,"Revert ""test(integration): ran tests serially in hope of avoiding conflicts in the ci environment""

This reverts commit 71f45f97b11dcd87c90834ecd1da78bc340cc5c6.",other,,False,other
61416,61414,"wip(esm): updated the cli module

for #2543",wip,esm,False,tech_debt
61570,61568,"fix(get-config): awaited the the loading of extended config

for #2543",fix,get-config,False,bug_fixes
61733,61731,Update release.yml,other,,False,other
62700,62698,chore(deps): update actions/setup-node action to v3,chore,deps,False,tech_debt
62751,62749,chore(deps): update dependency mockserver-client to v5.14.0,chore,deps,False,tech_debt
63084,63082,"Revert ""fix(deps): update dependency yargs to v17 (#1912)""

This reverts commit f419080fbf86c6319b08ee6b5299525ecc8ee831.",other,,False,other
63974,63972,"build(deps-dev): bump got from 11.8.3 to 11.8.5

Bumps [got](https://github.com/sindresorhus/got) from 11.8.3 to 11.8.5.
- [Release notes](https://github.com/sindresorhus/got/releases)
- [Commits](https://github.com/sindresorhus/got/compare/v11.8.3...v11.8.5)

---
updated-dependencies:
- dependency-name: got
  dependency-type: direct:development
...

Signed-off-by: dependabot[bot] <support@github.com>",build,deps-dev,False,tech_debt
64243,64241,docs: fix typos,docs,,False,docs
64290,64288,"docs: replace issue templates with forms

Fix #2215",docs,,False,docs
64649,64647,"build(deps): bump semantic-release from 19.0.0 to 19.0.3

Bumps [semantic-release](https://github.com/semantic-release/semantic-release) from 19.0.0 to 19.0.3.
- [Release notes](https://github.com/semantic-release/semantic-release/releases)
- [Commits](https://github.com/semantic-release/semantic-release/compare/v19.0.0...v19.0.3)

---
updated-dependencies:
- dependency-name: semantic-release
  dependency-type: indirect
...

Signed-off-by: dependabot[bot] <support@github.com>",build,deps,False,tech_debt
65864,65862,fix: remove upper limit on number of release branches,fix,,False,bug_fixes
66427,66425,docs(recipes): correct circleci step yaml syntax,docs,recipes,False,docs
66767,66765,"Merge pull request #52 from semantic-release-plus/renovate/codecov-3.x

chore(deps): update dependency codecov to v3.6.5",other,,False,other
66872,66870,chore(deps): update dependency ava to v3.5.0,chore,deps,False,tech_debt
67000,66998,"Merge pull request #88 from semantic-release-plus/merge-upstream-17.0.6

Merge upstream 17.0.6",other,,False,other
67384,67382,fix(deps): update dependency get-stream to v6,fix,deps,False,bug_fixes
67432,67430,chore(deps): update dependency got to v11.6.2,chore,deps,False,tech_debt
67576,67574,chore(deps): update dependency fs-extra to v9.1.0,chore,deps,False,tech_debt
67769,67767,chore(deps): update dependency nock to v13.0.11,chore,deps,False,tech_debt
68033,68031,"Merge pull request #203 from semantic-release-plus/renovate/sinon-11.x

chore(deps): update dependency sinon to v11",other,,False,other
68321,68319,chore(deps): update dependency lint-staged to v11.2.2,chore,deps,False,tech_debt
68602,68600,chore(deps): update dependency eslint to v8.6.0,chore,deps,False,tech_debt
69303,69301,"chore: update engines per CI

BREAKING CHANGE: Drop support for Node.js 15.x.",chore,,False,tech_debt
69567,69565,docs: added @iam1337/create-unitypackage plugin,docs,,False,docs
70128,70126,"removing GITHUB_TOKEN from auth vars

GITHUB_TOKEN is an invalid secret name cause:
> secret names must not start with GITHUB_
this is a github restriction.",other,,False,other
73366,73364,Merge branch 'master' of https://github.com/semantic-release-plus/semantic-release into beta,other,,False,other
73382,73380,chore(deps): update dependency nyc to v15,chore,deps,False,tech_debt
73390,73388,chore(deps): update dependency mockserver-client to v5.8.1,chore,deps,False,tech_debt
73511,73509,Pin dependency got to 10.2.2,other,,False,other
73711,73709,chore(deps): pin dependencies,chore,deps,False,tech_debt
73743,73741,chore(deps): update dependency got to v10.6.0,chore,deps,False,tech_debt
73823,73821,chore(deps): update dependency dockerode to v3.2.0,chore,deps,False,tech_debt
73847,73845,chore(deps): update dependency sinon to v9.0.2,chore,deps,False,tech_debt
74119,74117,chore(deps): update dependency codecov to v3.7.1,chore,deps,False,tech_debt
74135,74133,chore(deps): update dependency tempy to v0.6.0,chore,deps,False,tech_debt
74495,74493,chore(deps): update dependency tempy to v1,chore,deps,False,tech_debt
74687,74685,chore(deps): update dependency sinon to v10,chore,deps,False,tech_debt
74783,74781,fix(deps): update dependency marked-terminal to ^4.1.0,fix,deps,False,bug_fixes
74791,74789,fix(deps): update dependency lodash to ^4.17.20,fix,deps,False,bug_fixes
75015,75013,chore(deps): update dependency p-retry to v4.6.1,chore,deps,False,tech_debt
75287,75285,docs: fixes duplicated all contributors shield,docs,,False,docs
75310,75308,"docs: plugin example should export verifyConditions

pluggin example was exporting verify not verifyConditions",docs,,False,docs
75681,75679,docs: add semantic-release-github-milestones plugin,docs,,False,docs
77742,77740,GitBook: [master] 3 pages modified,other,,False,other
78006,78004,chore(deps): update dependency mockserver-client to v5.9.0,chore,deps,False,tech_debt
78166,78164,chore(deps): update dependency ava to v3.7.0,chore,deps,False,tech_debt
78182,78180,chore(deps): removes prettier package and relies on version bundled in xo,chore,deps,False,tech_debt
78222,78220,chore(deps): update dependency ava to v3.7.1,chore,deps,False,tech_debt
78230,78228,chore(deps): update dependency ava to v3.8.0,chore,deps,False,tech_debt
78422,78420,chore(deps): update dependency got to v11.5.1,chore,deps,False,tech_debt
78622,78620,chore(deps): update dependency got to v11.6.1,chore,deps,False,tech_debt
78694,78692,fix(deps): update dependency yargs to v16,fix,deps,False,bug_fixes
78734,78732,chore(deps): update dependency sinon to v9.2.3,chore,deps,False,tech_debt
79166,79164,"Merge pull request #200 from semantic-release-plus/all-contributors/add-JoA-MoS

docs: add JoA-MoS as a contributor",other,,False,other
79198,79196,"Merge pull request #202 from semantic-release-plus/renovate/npm-lodash-vulnerability

chore(deps): update dependency lodash to 4.17.21 [security]",other,,False,other
79350,79348,"Merge pull request #224 from semantic-release-plus/20210719-upstream

20210719 upstream",other,,False,other
79358,79356,feat: adds semantic-release-plus as a command alias,feat,,False,feature_work
79374,79372,"ci: release should run every time after test has passed

* updates job order to be lint, test, release
* running release on every pr/trunk commit will make sure we are utilizing all the functionality of semantic-release",ci,,False,tech_debt
79414,79412,chore(deps): update dependency nock to v13.1.2,chore,deps,False,tech_debt
79526,79524,refactor: move config to files outside of package.json,refactor,,False,tech_debt
80643,80641,docs: limit list of suggested tools for commit linting,docs,,False,docs
80716,80714,fix: require Node.js >=8.16,fix,,False,bug_fixes
80756,80754,fix(package): update @semantic-release/npm to version 6.0.0-beta.3,fix,package,False,bug_fixes
80796,80794,fix: remove hack to workaround GitHub Rebase & Merge,fix,,False,bug_fixes
81316,81314,fix: allow plugins to set environment variables to be used by other plugins,fix,,False,bug_fixes
81348,81346,chore(package): update tempy to version 0.4.0,chore,package,False,tech_debt
81468,81466,chore(package): update semver to version 7.3.2,chore,package,False,tech_debt
81500,81498,fix(package): update marked to version 1.0.0 (#1534),fix,package,False,bug_fixes
81757,81755,"feat(docs): note that publish token is required (#1700)

see https://github.com/semantic-release/npm/issues/277",feat,docs,False,feature_work
81893,81891,"fix(deps): update dependency cosmiconfig to v7 (#1742)

Co-authored-by: Renovate Bot <bot@renovateapp.com>",fix,deps,False,bug_fixes
81997,81995,style: prettier,style,,False,tech_debt
82045,82043,"chore(deps): update dependency delay to v5 (#1771)

Co-authored-by: Renovate Bot <bot@renovateapp.com>",chore,deps,False,tech_debt
82125,82123,"chore(deps): lock file maintenance (#1813)

Co-authored-by: Renovate Bot <bot@renovateapp.com>",chore,deps,False,tech_debt
82197,82195,"fix(deps): update dependency hosted-git-info to v4 (#1838)

Co-authored-by: Renovate Bot <bot@renovateapp.com>",fix,deps,False,bug_fixes
82968,82966,docs(node-version): updated documentation to reference the new minimum,docs,node-version,False,docs
110062,110060,Add renovate.json,other,,False,other
110877,110875,"docs(contributing): fix commit message examples

It had the backticks (`\``) around the messages, but I think they were unintentional, probably a leftover from copy-pasting.",docs,contributing,False,docs
111826,111824,"docs: improve the docs navigation

Links to the previous and next articles were added in all articles to improve the linear reading. Currently, the reader must back to the index to select the next article. After this change, the reader will jump to the next article by clicking in a link at the end of the page.",docs,,False,docs
112328,112326,"docs(resources.md): added more sematnic release article

This is a series about semantic release package and how to use it",docs,resources.md,False,docs
112742,112740,docs: add `semantic-release-rubygem` to community plugins,docs,,False,docs
114909,114907,docs: adjust minor typos,docs,,False,docs
115427,115425,chore(package): update got to version 11.0.0,chore,package,False,tech_debt
118360,118358,chore(package): update tempy to version 0.4.0,chore,package,False,tech_debt
118846,118844,set channel to `null` if it was previously released in the main channel,other,,False,other
120246,120244,chore(package): update ava to version 3.1.0,chore,package,False,tech_debt
121300,121298,feat: pass `envi-ci` values to plugins context,feat,,False,feature_work
121899,121897,fix: look also for previous prerelease versions to determine the next one,fix,,False,bug_fixes
122108,122106,fix: verify is branch is up to date by comparing remote and local HEAD,fix,,False,bug_fixes
122116,122114,fix: correct log when adding channel to tag,fix,,False,bug_fixes
122669,122667,"build: remove `.github/airtable-crm.yml`

I don't think we use that",build,,False,tech_debt
122964,122962,"revert: fix: update commit-analyzer dep version off errant publish

This reverts commit 8d8910577f0702087684e360e3c92ee6cc5793a0.",revert,,False,tech_debt
124396,124394,Merge branch 'master' into bugfix/contributing,other,,False,other
124692,124690,style: adjust formatting to match prettier style guide,style,,False,tech_debt
125785,125783,fix: identifier names,fix,,False,bug_fixes
126456,126454,docs: add links to workflow configuration,docs,,False,docs
126910,126908,docs: add maven-semantic-release to list of community plugins,docs,,False,docs
127038,127036,build: fix Travis maintenance branch regexp,build,,False,tech_debt
127198,127196,docs: corrected typos in jsdocs,docs,,False,docs
127366,127364,"feat: require Node.js >=8.15

BREAKING CHANGE: Require Node.js => 8.15",feat,,False,feature_work
127926,127924,"revert: docs: corrections and further clarifications

This reverts commit 7cb5446bb597b2a457ae4390a0658da5779ffb70.",revert,,False,tech_debt
128273,128271,fix(package): update yargs to version 14.0.0,fix,package,False,bug_fixes
129241,129239,"docs: corrections and further clarifications

- (correction) removed comments from code samples.
-(correction) remove recommendation for global
install on CI environemnts.
- Synched README.md and SUMMARY.md",docs,,False,docs
129959,129957,chore(package): update clear-module to version 4.0.0,chore,package,False,tech_debt
131364,131362,Update index.js,other,,False,other
131788,131786,fix: revert to the correct refspec in fetch function,fix,,False,bug_fixes
132048,132046,"test: prefix git auth with ""x-access-token:"" when run in a GitHub Action",test,,False,tech_debt
132701,132699,docs: Remove broken waffle.io 💀 badge,docs,,False,docs
133485,133483,test: update test to new sinon version,test,,False,tech_debt
134594,134592,fix(package): update figures to version 3.0.0,fix,package,False,bug_fixes
138885,138883,feat: added options '--skip-tag' and '--skip-pr-check',feat,,False,feature_work
140377,140375,chore(package): update ava to version 1.0.1,chore,package,False,tech_debt
140445,140443,fix(package): update aggregate-error to version 2.0.0,fix,package,False,bug_fixes
141360,141358,chore(package): update ava to version 1.0.1,chore,package,False,tech_debt
141603,141601,refactor: remove unnecessary `default` of `addChannel` plugin,refactor,,False,tech_debt
141790,141788,fix: fix branch type regexp to handle version with multiple digits,fix,,False,bug_fixes
142081,142079,docs: new `branches` option in JS API example,docs,,False,docs
142835,142833,Merge branch 'master' into fix-push-function,other,,False,other
145952,145950,docs: add semantic-release-expo to plugins list,docs,,False,docs
146588,146586,fix: typo in `EPLUGINCONF` error message,fix,,False,bug_fixes
147190,147188,"Upgrade yargs@^12.0.2 because of vulnerability

Vulnerability found in yargs@12.0.1 > os-locale@2.1.0 > mem@1.1.0

Description: Denial of Service (DoS)
Info: https://snyk.io/vuln/npm:mem:20180117

Thanks",other,,False,other
147787,147785,chore(package): update xo to version 0.23.0,chore,package,False,tech_debt
149184,149182,fix: also hide sensitive info when loggin from `cli.js`,fix,,False,bug_fixes
149346,149344,docs: fix configuration doc syntax,docs,,False,docs
149856,149854,"feat: pass `cwd` and `env` context to plugins

- Allow to run semantic-release (via API) from anywhere passing the current working directory.
- Allows to simplify the tests and to run them in parallel in both the core and plugins.",feat,,False,feature_work
150127,150125,chore(package): update clear-module to version 3.0.0,chore,package,False,tech_debt
152670,152668,chore(package): update delay to version 3.0.0,chore,package,False,tech_debt
153742,153740,fix: correct `git merge-base` error code handling,fix,,False,bug_fixes
154100,154098,ci: run test on Node.js 10,ci,,False,tech_debt
154447,154445,docs(ISSUE_TEMPLATES): initial version,docs,ISSUE_TEMPLATES,False,docs
155507,155505,fix: match tag to `tagFormat` from the begining of the string,fix,,False,bug_fixes
158212,158210,fix: use correct debug namespace,fix,,False,bug_fixes
159459,159457,"fix: do not transform repositoryUrl if it allow to push

Even the user set Git credentials via environment variable, use the configured URL (with authentication) if it works.
This allow users to push tags and commits via ssh while still using the GitHub/GitLab API.",fix,,False,bug_fixes
161621,161619,chore(package): update @semantic-release/github to version 4.0.2,chore,package,False,tech_debt
161833,161831,fix: use long option to delete tag in git push,fix,,False,bug_fixes
162128,162126,Fix image path,other,,False,other
163390,163388,docs: typo,docs,,False,docs
163612,163610,docs(contrib): add atomic commits requirement,docs,contrib,False,docs
164171,164169,test: update test for `@semantic-release/github@3.0.1`,test,,False,tech_debt
164429,164427,feat: allow to release from local machine,feat,,False,feature_work
167006,167004,"test: add a delay after starting the npm registry

Attempt at improving test reliability on CI",test,,False,tech_debt
168516,168514,"docs: Update readme for 0.x.x

Add to Q&A section on how to configure `semantic-release` for 0.x.x development.

I couldn't find this information until I'm almost ready to publish a `commit-analyzer-zero` for this purpose.",docs,,False,docs
169897,169895,style: Update style for Prettier 1.8.0,style,,False,tech_debt
170777,170775,"feat: Additional commit information

Add `author`, `commiter`, `gitTags` and `committerDate` to the commit object passed to plugin",feat,,False,feature_work
172474,172472,fix: handle errors when verifyConditions and verifyRelease are a pipeline,fix,,False,bug_fixes
173534,173532,feat: allow pre-releases on GitHub,feat,,False,feature_work
176430,176428,"fix: remove support for node < 8

BREAKING CHANGE: Remove support for publishing a package with node < 8. [Details](https://github.com/semantic-release/semantic-release#why-does-semantic-release-require-node-version-8).",fix,,False,bug_fixes
177402,177400,"chore: move troubleshooting instructions into separate file, to keep the README clean.",chore,,False,tech_debt
178052,178050,"chore(package): add `preferGlobal` key

If we prefer this package to be installed globally,
then we better add the key",chore,package,False,tech_debt
179817,179815,Fix 'home' link.,other,,False,other
180265,180263,Merge branch 'caribou' into greenkeeper/nopt-4.0.0,other,,False,other
180808,180806,"fix(package): update github to version 7.0.0

https://greenkeeper.io/",fix,package,False,bug_fixes
181048,181046,docs(readme): fix link to how the CLI works,docs,readme,False,docs
182219,182217,chore(package): update github to version 5.0.0,chore,package,False,tech_debt
182350,182348,chore(package): update github to version 4.0.0,chore,package,False,tech_debt
182603,182601,"chore(release): releasing component

affects: lerna-semantic-release-io@2.0.3

Released from sha undefined
Tag for lerna release",chore,release,False,tech_debt
182723,182721,"chore(release): releasing component

affects: lerna-semantic-release-post@1.1.2

Released from sha undefined
Tag for lerna release",chore,release,False,tech_debt
182820,182818,"chore(release): releasing component

affects: lerna-semantic-release-pre@1.0.0

Released from sha undefined
Tag for lerna release",chore,release,False,tech_debt
182932,182930,"chore(release): releasing component

affects: lerna-semantic-release-get-last-release@1.0.0

Released from sha undefined
Tag for lerna release",chore,release,False,tech_debt
183036,183034,"chore(release): releasing component

affects: lerna-semantic-release-pre@1.0.0

Released from sha undefined
Tag for lerna release",chore,release,False,tech_debt
183229,183227,chore: move branch specific conf into guards,chore,,False,tech_debt
183237,183235,"Revert ""chore: do not cache node_modules""

This reverts commit 750008af9b6289ca3cf127eadce01258bf7d2488.",other,,False,other
183453,183451,"Merge pull request #24 from atlassian/fix-maxbuffer

Fix maxbuffer",other,,False,other
183549,183547,"chore(release): releasing component

affects: lerna-semantic-release-pre@4.0.2

Released from sha undefined
Tag for lerna release",chore,release,False,tech_debt
183581,183579,"chore(release): releasing component

affects: lerna-semantic-release-io@5.0.1

Released from sha undefined
Tag for lerna release",chore,release,False,tech_debt
183701,183699,"chore(release): releasing component

affects: lerna-semantic-release-perform@4.0.1

Released from sha undefined
Tag for lerna release",chore,release,False,tech_debt
183781,183779,"chore(release): releasing component

affects: lerna-semantic-release-utils@4.0.1

Released from sha undefined
Tag for lerna release",chore,release,False,tech_debt
183933,183931,"chore(release): releasing component

affects: lerna-semantic-release-post@5.0.1

Released from sha undefined
Tag for lerna release",chore,release,False,tech_debt
184205,184203,chore(debug): debug,chore,debug,False,tech_debt
184277,184275,chore(build): remove set -x,chore,build,False,tech_debt
184514,184512,chore(package): update github to version 3.1.1,chore,package,False,tech_debt
185435,185433,chore(package): update github to version 2.5.2,chore,package,False,tech_debt
186103,186101,chore(package): update tap to version 6.3.1,chore,package,False,tech_debt
187635,187633,"chore(package): update nyc to version 6.6.0

https://greenkeeper.io/",chore,package,False,tech_debt
189474,189472,"chore(package): update nyc to version 6.1.1

http://greenkeeper.io/",chore,package,False,tech_debt
190061,190059,"chore(package): update nock to version 7.2.2

http://greenkeeper.io/",chore,package,False,tech_debt
190518,190516,"chore(package): update nock to version 6.0.1

http://greenkeeper.io/",chore,package,False,tech_debt
190708,190706,"chore(package): update nixt to version 0.5.0

http://greenkeeper.io/",chore,package,False,tech_debt
191034,191032,"chore(package): update nock to version 5.2.1

http://greenkeeper.io/",chore,package,False,tech_debt
191488,191486,"chore(package): update babel to version 6.3.26

http://greenkeeper.io/",chore,package,False,tech_debt
192690,192688,"chore(package): update babel to version 6.0.15

http://greenkeeper.io/",chore,package,False,tech_debt
194267,194265,"chore: make repo ""commitizen friendly""

Closes #74",chore,,False,tech_debt
194685,194683,"feat(gitlab): provide support for gitlab based repositories. To enable the support the github based verification checks are refactord into own verificationConditions plugin. Also the plugin mechanism is modified a little so that all plugins can be called with Array notation.

The configuration for gitlab scenarios is as follows:
package.json
{
 ""release"": {
    ""debug"": false,
    ""verifyConditions"": ""semantic-release/dist/lib/plugin-noop""
  },
  scripts: {
    ""semantic-release"": ""semantic-release pre && npm publish""
  }
}",feat,gitlab,False,feature_work
195997,195995,"feat(getLastRelease): Move getLastRelease to plugin. Remove npm tag

Move getLastRelease into it's very own plugin (@semantic-release/last-release-npm),
which this project now depends on.

BREAKING CHANGE: Remove npmTag from output of getLastRelease. It wasn't used anywhere.
Refs semantic-release/semantic-release#56, semantic-release/semantic-release#51",feat,getLastRelease,False,feature_work
197216,197214,chore(package): update standard and tap-spec,chore,package,False,tech_debt
197243,197241,style: use es6 in src,style,,False,tech_debt
198095,198093,fix(npm-info): support basic auth,fix,npm-info,False,bug_fixes
199238,199236,chore(travis): set up travis_after_all to deploy once,chore,travis,False,tech_debt
29363,29361,chore(deps): lock file maintenance,chore,deps,False,tech_debt
29646,29644,ci(action): update actions/upload-artifact action to v4.6.0,ci,action,False,tech_debt
29904,29902,chore(deps): lock file maintenance,chore,deps,False,tech_debt
31256,31254,ci(action): update github/codeql-action action to v3.27.3,ci,action,False,tech_debt
32264,32262,chore(deps): update dependency ava to v6.2.0,chore,deps,False,tech_debt
32384,32382,chore(deps): update dependency npm-run-all2 to v7.0.1,chore,deps,False,tech_debt
32623,32621,chore(deps): update dependency npm-run-all2 to v6.2.4,chore,deps,False,tech_debt
32812,32810,ci(action): update actions/upload-artifact action to v4.4.3,ci,action,False,tech_debt
35533,35531,feat: capture output of prepare plugin,feat,,False,feature_work
35918,35916,ci(action): update actions/upload-artifact action to v4.3.4,ci,action,False,tech_debt
36254,36252,docs: add community plugin `semantic-release-commits-lint`,docs,,False,docs
37107,37105,chore(deps): update dependency got to v14.4.1,chore,deps,False,tech_debt
37368,37366,"fix(deps): upgraded to the beta of the release-notes-generator plugin

BREAKING CHANGE: the release-notes-generator plugin now expects to be used with the latest major
versions of conventional-changelog packages. if you are installing any of these packages in addition
to semantic-release, be sure to update them as well",fix,deps,False,bug_fixes
37376,37374,"fix(deps): upgraded to the beta of the commit-analyzer plugin

BREAKING CHANGE: the commit-analyzer plugin now expects to be used with the latest major versions of
conventional-changelog packages. if you are installing any of these packages in addition to
semantic-release, be sure to update them as well",fix,deps,False,bug_fixes
38586,38584,fix(deps): update dependency execa to v9,fix,deps,False,bug_fixes
40009,40007,docs(release-commits): highlighted the chance for confusion when committing version updates,docs,release-commits,False,docs
40221,40219,fix(deps): rename read-pkg-up -> read-package-up,fix,deps,False,bug_fixes
40230,40228,Merge branch 'master' into master,other,,False,other
40535,40533,chore(deps): lock file maintenance,chore,deps,False,tech_debt
40934,40932,chore(deps): lock file maintenance,chore,deps,False,tech_debt
42202,42200,fix(deps): update dependency marked-terminal to v7,fix,deps,False,bug_fixes
42386,42384,fix(deps): update dependency marked to v12,fix,deps,False,bug_fixes
42651,42649,docs: fix typo in JS API guide,docs,,False,docs
44111,44109,ci(action): update actions/setup-node action to v4.0.1,ci,action,False,tech_debt
44825,44823,chore(deps): update dependency prettier to v3.1.1,chore,deps,False,tech_debt
45323,45321,chore(deps): update dependency publint to v0.2.6,chore,deps,False,tech_debt
45510,45508,Merge branch 'beta' of github.com:semantic-release/semantic-release into renovate/marked-11.x,other,,False,other
46638,46636,feat: support extending ESM configuration files,feat,,False,feature_work
47267,47265,ci(action): update actions/setup-node action to v3.8.2,ci,action,False,tech_debt
47439,47437,chore(deps): update dependency sinon to v17,chore,deps,False,tech_debt
47801,47799,ci(action): update github/codeql-action action to v2.22.3,ci,action,False,tech_debt
48787,48785,docs: add community plugin `semantic-release-pub`,docs,,False,docs
48824,48822,"fix(exports): removed the `exports` definition for the time being

closes #2968",fix,exports,False,bug_fixes
49242,49240,chore(deps): lock file maintenance,chore,deps,False,tech_debt
49360,49358,"ci(dev-node): added a job to verify against the version in the .nvmrc intended for development

to help ensure all verification passes before deciding to update the development version (partly to
help automate this process with renovate)",ci,dev-node,False,tech_debt
49468,49466,"ci(matrix): prevent skipping the test job when test_matrix fails

for #semantic-release/.github#19",ci,matrix,False,tech_debt
53082,53080,ci(action): update actions/setup-node digest to e33196f,ci,action,False,tech_debt
53130,53128,"chore: change to new repo and package name

https://www.npmjs.com/package/@google/semantic-release-replace-plugin now points to `semantic-release-replace-plugin'.",chore,,False,tech_debt
53591,53589,ci(action): pin dependencies,ci,action,False,tech_debt
53803,53801,chore(deps): update dependency sinon to v15.2.0,chore,deps,False,tech_debt
55057,55055,chore(deps): lock file maintenance,chore,deps,False,tech_debt
56280,56278,test: add test for the inner commits analysis,test,,False,tech_debt
56366,56364,Merge branch 'master' into patch-1,other,,False,other
56438,56436,chore(deps): update dependency prettier to ^2.8.4,chore,deps,False,tech_debt
57210,57208,chore(deps): lock file maintenance,chore,deps,False,tech_debt
57262,57260,docs: add `new` to create `WritableStreamBuffer` instances,docs,,False,docs
57782,57780,fix(deps): update dependency execa to v7,fix,deps,False,bug_fixes
57895,57893,chore(deps): update dependency ava to v5.2.0,chore,deps,False,tech_debt
58099,58097,test(integration): ESM Plugin with named exports,test,integration,False,tech_debt
58609,58607,"fix: Detect git version on windows

git does not fully match semver, especially on the windows version.
Using loose checking in findVersions is able to match the version.

Signed-off-by: Chris. Webster <chris@webstech.net>",fix,,False,bug_fixes
58674,58672,"fix: use `file://` url loading plugins

The `file://` url is required for the  `win32`platform but supported on
all platforms.

Signed-off-by: Chris. Webster <chris@webstech.net>",fix,,False,bug_fixes
58799,58797,test(unit): import ESM plugin with named exports,test,unit,False,tech_debt
59539,59537,chore(deps): update dependency fs-extra to v11,chore,deps,False,tech_debt
59782,59780,"build(deps): bump json5 and tsconfig-paths

Bumps [json5](https://github.com/json5/json5) and [tsconfig-paths](https://github.com/dividab/tsconfig-paths). These dependencies needed to be updated together.

Updates `json5` from 2.2.0 to 2.2.3
- [Release notes](https://github.com/json5/json5/releases)
- [Changelog](https://github.com/json5/json5/blob/main/CHANGELOG.md)
- [Commits](https://github.com/json5/json5/compare/v2.2.0...v2.2.3)

Updates `tsconfig-paths` from 3.9.0 to 3.10.1
- [Release notes](https://github.com/dividab/tsconfig-paths/releases)
- [Changelog](https://github.com/dividab/tsconfig-paths/blob/master/CHANGELOG.md)
- [Commits](https://github.com/dividab/tsconfig-paths/compare/v3.9.0...v3.10.1)

---
updated-dependencies:
- dependency-name: json5
  dependency-type: indirect
- dependency-name: tsconfig-paths
  dependency-type: indirect
...

Signed-off-by: dependabot[bot] <support@github.com>",build,deps,False,tech_debt
59946,59944,"feat(esm): convert to esm (#2569)

for #2543

BREAKING CHANGE: semantic-release is now ESM-only. since it is used through its own executable, the impact on consuming projects should be minimal

BREAKING CHANGE: references to plugin files in configs need to include the file extension because of executing in an ESM context",feat,esm,False,feature_work
60709,60707,style: prettier (#2624),style,,False,tech_debt
61424,61422,Merge branch 'master' of github.com:semantic-release/semantic-release into travi/esm,other,,False,other
64480,64478,docs: fix typo,docs,,False,docs
66436,66434,"docs(recipes): adopt circleci/node@5.0.0

and since node/default executor is already using lts version of cimg/node docker image, the `node/install` step is removed.

reference: https://circleci.com/developer/orbs/orb/circleci/node#executors-default",docs,recipes,False,docs
66848,66846,chore(deps): update dependency dockerode to v3.1.0,chore,deps,False,tech_debt
66928,66926,chore(deps): update dependency got to v10.7.0,chore,deps,False,tech_debt
67128,67126,chore(deps): update dependency fs-extra to v9.0.1,chore,deps,False,tech_debt
67168,67166,chore(deps): update dependency nock to v13,chore,deps,False,tech_debt
67200,67198,chore(deps): update dependency ava to v3.10.1,chore,deps,False,tech_debt
67336,67334,"Merge pull request #128 from semantic-release-plus/adds-skip-tagging-option

feat: adds a skipTag option to turn off git tagging",other,,False,other
67448,67446,chore(deps): update dependency got to v11.7.0,chore,deps,False,tech_debt
67616,67614,"Merge pull request #146 from semantic-release-plus/renovate/tempy-1.x

chore(deps): update dependency tempy to v1",other,,False,other
67681,67679,docs(README): adds link to skipTag recipe,docs,README,False,docs
67801,67799,chore(deps): update dependency sinon to v10,chore,deps,False,tech_debt
67889,67887,"Merge pull request #185 from semantic-release-plus/all-contributors/add-JoA-MoS

docs: add JoA-MoS as a contributor",other,,False,other
67897,67895,fix(deps): update dependency marked-terminal to ^4.1.0,fix,deps,False,bug_fixes
68217,68215,chore(deps): update dependency nock to v13.1.2,chore,deps,False,tech_debt
68313,68311,chore(deps): update dependency prettier to v2.4.1,chore,deps,False,tech_debt
68377,68375,"Merge pull request #255 from semantic-release-plus/merge-upstream

Merge upstream",other,,False,other
68401,68399,docs: fixes duplicated all contributors shield,docs,,False,docs
69173,69171,"fix(npm-plugin): upgraded to the beta, which upgrades npm to v8

BREAKING CHANGE: `@semantic-release/npm` has also dropped support for node v15",fix,npm-plugin,False,bug_fixes
69409,69407,"build(deps): bump marked from 2.0.1 to 4.0.10

Bumps [marked](https://github.com/markedjs/marked) from 2.0.1 to 4.0.10.
- [Release notes](https://github.com/markedjs/marked/releases)
- [Changelog](https://github.com/markedjs/marked/blob/master/.releaserc.json)
- [Commits](https://github.com/markedjs/marked/compare/v2.0.1...v4.0.10)

---
updated-dependencies:
- dependency-name: marked
  dependency-type: direct:production
...

Signed-off-by: dependabot[bot] <support@github.com>",build,deps,False,tech_debt
71938,71936,chore(deps): update dependency clear-module to v4.1.2,chore,deps,False,tech_debt
73213,73211,chore(deps): update dependency ansi-regex to 5.0.1 [security],chore,deps,False,tech_debt
73815,73813,chore(deps): update dependency got to v10.7.0,chore,deps,False,tech_debt
73927,73925,chore(deps): update dependency got to v11.0.3,chore,deps,False,tech_debt
73935,73933,chore(deps): update dependency got to v11.1.0,chore,deps,False,tech_debt
74255,74253,chore(deps): update dependency nock to v13.0.4,chore,deps,False,tech_debt
74591,74589,fix(cli): adds usage text for skip-tag,fix,cli,False,bug_fixes
74599,74597,"Merge pull request #172 from semantic-release-plus/skip-tag-cli-usage

fix(cli): adds usage text for skip-tag",other,,False,other
74679,74677,chore(deps): update dependency tempy to v1.0.1,chore,deps,False,tech_debt
74735,74733,docs: create .all-contributorsrc [skip ci],docs,,False,docs
74935,74933,chore(deps): update dependency browserslist to 4.16.5 [security],chore,deps,False,tech_debt
75039,75037,"Merge pull request #224 from semantic-release-plus/20210719-upstream

20210719 upstream",other,,False,other
75111,75109,"docs(README): correct all contributors badge and reorders team

* corrects typo in enhancements
* removes log level enhancement as it is not needed with the print next version solution",docs,README,False,docs
75807,75805,docs(node-version): consolidated and clarified the details about the required node version,docs,node-version,False,docs
76382,76380,chore(deps): update dependency semver-regex to 3.1.3 [security],chore,deps,False,tech_debt
77036,77034,"feat(node-version): raised the minimum required version to v14.17 (#2063)

BREAKING CHANGE: the minimum required version of node is now v14.17",feat,node-version,False,feature_work
77052,77050,fix(github): updated to the beta of the github plugin,fix,github,False,bug_fixes
77100,77098,Merge branch 'master' of github.com:semantic-release/semantic-release into beta,other,,False,other
77437,77435,fix(deps): update dependency hook-std to v3,fix,deps,False,bug_fixes
77758,77756,"Merge pull request #32 from semantic-release-plus/renovate/mockserver-client-5.x

Update dependency mockserver-client to v5.8.1",other,,False,other
77782,77780,Merge branch 'master' into beta,other,,False,other
77854,77852,Update dependency got to v10.3.0,other,,False,other
77998,77996,ci(renovate): adds renovate config to automerge package updates,ci,renovate,False,tech_debt
78014,78012,"Merge pull request #53 from semantic-release-plus/renovate/mockserver-client-5.x

chore(deps): update dependency mockserver-client to v5.9.0",other,,False,other
78118,78116,chore(deps): update dependency ava to v3.5.2,chore,deps,False,tech_debt
78142,78140,chore(deps): update dependency ava to v3.6.0,chore,deps,False,tech_debt
78798,78796,chore(deps): update dependency nock to v13.0.7,chore,deps,False,tech_debt
78854,78852,Merge branch 'master' of https://github.com/semantic-release/semantic-release into merge-upstream,other,,False,other
78870,78868,"Merge pull request #170 from semantic-release-plus/beta

Beta",other,,False,other
78934,78932,chore(deps): update dependency nock to v13.0.8,chore,deps,False,tech_debt
79262,79260,chore(deps): update dependency nock to v13.1.0,chore,deps,False,tech_debt
79270,79268,"docs: adds docker community plugin that supports major, minor tagging

@semantic-release-plus/docker is a fork of semantic-release-docker
converted to typescript and 100% test coverage added.

@semantic-release-plus/docker also adds the functionality to support
major, minor tagging.",docs,,False,docs
79430,79428,chore(deps): update dependency nock to v13.1.3,chore,deps,False,tech_debt
79462,79460,"chore(deps): update dependency sinon to v11.1.2 (#2108)

Co-authored-by: Renovate Bot <bot@renovateapp.com>",chore,deps,False,tech_debt
79984,79982,"ci(engines): switched engines compatibility enforcement to use `ls-engines`

since `engine-strict` apparently does not fail `npm ci` as was expected",ci,engines,False,tech_debt
80441,80439,Merge branch 'beta' into fix/notes-concurrency,other,,False,other
80619,80617,docs: add links to workflow configuration,docs,,False,docs
80659,80657,"docs: remove unnecessarily apostrophe

- improve punctuation of the how-to revert a release section",docs,,False,docs
80828,80826,fix(package): update micromatch to version 4.0.2,fix,package,False,bug_fixes
80884,80882,docs: add leiningen-semantic-release to list of community plugins,docs,,False,docs
80980,80978,style: merge both `filter` functions in `get-last-release`,style,,False,tech_debt
81004,81002,"feat: use Git notes to store the channels on which a version has been released

BREAKING CHANGE: this feature change the way semantic-release keep track of the channels on which a version has been released.
It now use a JSON object stored in a [Git note](https://git-scm.com/docs/git-notes) instead of Git tags formatted as v{version}@{channel}.

The tags formatted as v{version}@{channel} will now be ignored. If you have made releases with v16.0.0 on branches other than the default one you will have to update your repository.

The changes to make consist in:
- Finding all the versions that have been released on a branch other than the default one by searching for all tags formatted v{version}@{channel}
- For each of those version:
  - Create a tag without the {@channel} if none doesn't already exists
  - Add a Git note to the tag without the {@channel} containing the channels on which the version was released formatted as `{""channels"":[""channel1"",""channel2""]}` and using `null` for the default channel (for example.`{""channels"":[null,""channel1"",""channel2""]}`)
  - Push the tags and notes
  - Update the GitHub releases that refer to a tag formatted as v{version}@{channel} to use the tag without it
  - Delete the tags formatted as v{version}@{channel}",feat,,False,feature_work
81060,81058,ci: use Travis import to share config across organization,ci,,False,tech_debt
81244,81242,"chore: require Node.js >=10.18

BREAKING CHANGE: Require Node.js >= 10.18",chore,,False,tech_debt
81276,81274,fix(package): update @semantic-release/github to version 7.0.0,fix,package,False,bug_fixes
81292,81290,fix(package): update @semantic-release/release-notes-generator to version 9.0.0,fix,package,False,bug_fixes
81428,81426,chore(package): update fs-extra to version 9.0.0,chore,package,False,tech_debt
81484,81482,fix: adapt for semver to version 7.3.2 (part II) (#1530),fix,,False,bug_fixes
81524,81522,docs: adjust minor typos (#1554),docs,,False,docs
81548,81546,build(gitattributes): eol=lf for Windows users (#1575),build,gitattributes,False,tech_debt
81829,81827,docs: fix a typo in github-actions.md (#1735),docs,,False,docs
81845,81843,fix: add logging for top-level errors (#1736),fix,,False,bug_fixes
81901,81899,"fix(deps): update dependency execa to v5 (#1745)

Co-authored-by: Renovate Bot <bot@renovateapp.com>",fix,deps,False,bug_fixes
82277,82275,"docs(Plugin Developer Guide): More detailed lifecycle list and context descriptions (#1880)

* docs(Plugin Developer Guide): More detailed lifecycle list and context descriptions

This commit will improve the following in the Plugin developer guide:
  * Lifecyle list more complete (previous was missing some lifecycles)
  * Context object has been now described in more detail per lifecycle
  * Some readability/maintainability fixes to the markdown file itself
    to make it easier to edit and read in an editor.

* docs(Plugin Developer Guide): Added missing context field to analyzeCommits lifecycle documentation

analyzeCommits lifecycle context was missing documentation for ""commits"" list.

* docs(developer-guide): remove line breaks added in an earlier commit

As per requested in the code review, the line breaks that were added in an earlier commit are now
removed. While this does make reading the text just slightly more difficult (to see the whole
picture), the benefit of making code reviews easier does outweight the admittedly small benefit.",docs,Plugin Developer Guide,False,docs
82325,82323,"chore(deps): update dependency codecov to v3.8.2 (#1940)

Co-authored-by: Renovate Bot <bot@renovateapp.com>",chore,deps,False,tech_debt
82429,82427,"chore(deps): update dependency dockerode to v3.3.0 (#1977)

Co-authored-by: Renovate Bot <bot@renovateapp.com>",chore,deps,False,tech_debt
82477,82475,"chore(deps): update dependency p-retry to v4.6.0 (#2004)

Co-authored-by: Renovate Bot <bot@renovateapp.com>",chore,deps,False,tech_debt
83282,83280,"feat: change package name to semantic-release-plus

* adds node to run local semantic-release

BREAKING CHANGE: changes the package name to semantic-release-plus",feat,,False,feature_work
83370,83368,chore: add prettier dev dependency to pin prettier at a version,chore,,False,tech_debt
83418,83416,"Merge pull request #18 from semantic-release-plus/update-readme

docs(README): basic updates to point to semantic-release-plus repos a…",other,,False,other
83482,83480,fix(deps): update dependency semver to v7,fix,deps,False,bug_fixes
83522,83520,"Merge pull request #25 from semantic-release-plus/renovate/marked-0.x

fix(deps): update dependency marked to ^0.8.0",other,,False,other
84002,84000,chore(deps): update dependency ava to v3.6.0,chore,deps,False,tech_debt
84210,84208,fix(deps): update dependency marked to v1,fix,deps,False,bug_fixes
84274,84272,chore(deps): update dependency mockserver-client to v5.11.0,chore,deps,False,tech_debt
85066,85064,Merge branch 'master' of https://github.com/semantic-release/semantic-release into latest-upstream,other,,False,other
85122,85120,chore(deps): update dependency nock to v13.1.0,chore,deps,False,tech_debt
85130,85128,"docs: adds docker community plugin that supports major, minor tagging

@semantic-release-plus/docker is a fork of semantic-release-docker
converted to typescript and 100% test coverage added.

@semantic-release-plus/docker also adds the functionality to support
major, minor tagging.",docs,,False,docs
85154,85152,Merge branch 'master' of https://github.com/semantic-release/semantic-release into 20210618-merge-upstream,other,,False,other
86083,86081,chore(deps): update dependency p-retry to v4.6.0,chore,deps,False,tech_debt
87380,87378,style: corrects formatting to match xo/prettier,style,,False,tech_debt
87404,87402,chore(deps): add renovate.json,chore,deps,False,tech_debt
87596,87594,chore(deps): update dependency nock to v11.7.2,chore,deps,False,tech_debt
87868,87866,"Merge pull request #66 from semantic-release-plus/sync-upstream-17.0.4

Sync upstream 17.0.4",other,,False,other
87924,87922,chore(deps): update dependency dockerode to v3.1.0,chore,deps,False,tech_debt
87956,87954,chore(deps): update dependency clear-module to v4.1.1,chore,deps,False,tech_debt
88004,88002,chore(deps): update dependency got to v10.7.0,chore,deps,False,tech_debt
88068,88066,test: updates function declaration to match updated syntax,test,,False,tech_debt
88228,88226,fix(deps): update dependency marked to v1,fix,deps,False,bug_fixes
88348,88346,chore(deps): update dependency codecov to v3.7.2,chore,deps,False,tech_debt
88444,88442,chore(deps): update dependency nock to v13.0.4,chore,deps,False,tech_debt
88468,88466,"Merge pull request #130 from semantic-release-plus/renovate/get-stream-6.x

fix(deps): update dependency get-stream to v6",other,,False,other
88612,88610,chore(deps): update dependency sinon to v9.2.3,chore,deps,False,tech_debt
88756,88754,docs(README): adds link to skipTag recipe,docs,README,False,docs
88988,88986,chore(deps): update dependency dockerode to v3.3.0,chore,deps,False,tech_debt
89068,89066,chore(deps): update dependency lodash to 4.17.21 [security],chore,deps,False,tech_debt
89189,89187,Merge branch 'master' into docs/add_telegram_plugin,other,,False,other
89421,89419,"fix: bump minimal version of lodash to address `CVE-2021-23337`

https://github.com/advisories/GHSA-35jh-r3h4-6jhm

fixes #1930 thanks @ gnanderson",fix,,False,bug_fixes
91905,91903,"docs(Plugin Developer Guide): More detailed lifecycle list and context descriptions

This commit will improve the following in the Plugin developer guide:
  * Lifecyle list more complete (previous was missing some lifecycles)
  * Context object has been now described in more detail per lifecycle
  * Some readability/maintainability fixes to the markdown file itself
    to make it easier to edit and read in an editor.",docs,Plugin Developer Guide,False,docs
93167,93165,build(package): lock file,build,package,False,tech_debt
93472,93470,docs: Add article to explain semantic release,docs,,False,docs
101759,101757,"fix(config): Use cosmicconfig defaults to support .cjs config files

This change adds support for `*.cjs` config files by removing the
explicit use of `searchPlaces` options and relying and the default
search places generated by `cosmicconfig`.  As per the docs for
[`cosmicconfig`][cc], the defaults include all the extensions/formats
previously supported by semantic-release in addition to the new .cjs
variants.

Resolves [#1814][issue].

[issue]: https://github.com/semantic-release/semantic-release/issues/1814
[cc]: https://github.com/davidtheclark/cosmiconfig#searchplaces",fix,config,False,bug_fixes
107654,107652,"fix: add logging for top-level errors

Log errors in the main binary to the console to help with debugging.

closes #1734",fix,,False,bug_fixes
107814,107812,"docs: clarify node vs npm in FAQ

> If you wish to only update the `package.json` and push via Git you can set the project to `""private"": true,` within your `package.json` to prevent publishing to [npm](https://www.npmjs.com). This can be useful for using **semantic-release** with a non-node project.

This is still describing a node-project.",docs,,False,docs
107826,107824,Remove confusing sentence,other,,False,other
108053,108051,"docs(plugins): document `addChannel` step

Document the `addChannel` step defined in
https://github.com/semantic-release/semantic-release/blob/e35e5bb73f3628906553709ac0f5beb8f565c61a/lib/definitions/plugins.js#L83-L84,
which is used in @semantic-release/npm.",docs,plugins,False,docs
109491,109489,ci: notify e2e dispatcher repository in separate semantic-release-test org,ci,,False,tech_debt
110484,110482,build(deps): find-duplicated-property-keys,build,deps,False,tech_debt
114518,114516,Update get-git-auth-url.js,other,,False,other
114526,114524,Update get-git-auth-url.js,other,,False,other
114630,114628,"fix: prevent false positive secret replacement for Golang projects

Resolve #1558

Co-authored-by: Gregor Martynus <gregor@martynus.net>",fix,,False,bug_fixes
115569,115567,chore(package): update semver to version 7.3.2,chore,package,False,tech_debt
115750,115748,fix: use correct ci branch context,fix,,False,bug_fixes
115758,115756,test: update,test,,False,tech_debt
115783,115781,Merge branch 'master' into patch-1,other,,False,other
116638,116636,chore(package): update fs-extra to version 9.0.0,chore,package,False,tech_debt
120117,120115,docs: warn to branches not following Semver spec,docs,,False,docs
120507,120505,fix: filter out empty branch results,fix,,False,bug_fixes
120690,120688,fix: fetch tags on repo cached by the CI,fix,,False,bug_fixes
122248,122246,ci: use Travis import to share config across organization,ci,,False,tech_debt
122709,122707,fix: add a flag indicate which branch is the main one,fix,,False,bug_fixes
123545,123543,fix: call `getTagHead` only when necessary,fix,,False,bug_fixes
123862,123860,fix: display erroring git commands properly,fix,,False,bug_fixes
126042,126040,Merge branch 'master' into patch-1,other,,False,other
126440,126438,docs: fix link to FAQ node minimum version,docs,,False,docs
126448,126446,docs: fix links in configuration doc,docs,,False,docs
126878,126876,fix: remove unnecessary `branch` parameter from `push` function,fix,,False,bug_fixes
126886,126884,docs: new `branches` option in JS API example,docs,,False,docs
126902,126900,chore(package): update nyc and sinon,chore,package,False,tech_debt
127118,127116,fix: harmonize parameters passed to `getError`,fix,,False,bug_fixes
127230,127228,chore(package): update xo to version 0.24.0,chore,package,False,tech_debt
127270,127268,fix(repositoryUrl): on beta repositoryUrl needs auth for pre-release flows (#1186),fix,repositoryUrl,False,bug_fixes
127326,127324,"fix(package): update @semantic-release/github back to a build from the beta branch
* Only the beta channel that is compatible with semantic-release v16
* 5.4.0-beta.1 worked, but subsequently v5.4.3 was released from master but didn't include the changes from the beta branch and  5.4.0-beta.1.",fix,package,False,bug_fixes
127482,127480,spelling,other,,False,other
127910,127908,"revert: docs: broken link docs/03-recipes/travis.md

This reverts commit d2230fab7e3a34a6cbb4577ad6eb20109af4f69b.",revert,,False,tech_debt
127942,127940,"revert: docs: synched README.md and SUMMARY.md

This reverts commit 813e5f65edb1d0b4658c58f029da1116f133028a.",revert,,False,tech_debt
128435,128433,fix(definitions): Repository documentation links,fix,definitions,False,bug_fixes
129061,129059,"docs: update semantic-release-cli broken link


 * Remove extra `01-`",docs,,False,docs
129427,129425,docs: synched README.md and SUMMARY.md,docs,,False,docs
129614,129612,chore(package): update cz-conventional-changelog to version 3.0.0,chore,package,False,tech_debt
130786,130784,test: use regexp to check missing module message,test,,False,tech_debt
131388,131386,Merge branch 'master' into patch-1,other,,False,other
62800,62798,chore(deps): update dependency dockerode to v3.3.4,chore,deps,False,tech_debt
63900,63898,Added semantic-release-mirror-version to plugins,other,,False,other
64747,64745,"fix(log-repo): use the original form of the repo url to remove the need to mask credentials

fixes #2449",fix,log-repo,False,bug_fixes
66623,66621,Pin dependency got to 10.2.2,other,,False,other
66631,66629,"Merge pull request #41 from semantic-release-plus/renovate/pin-dependencies

Pin dependency got to 10.2.2",other,,False,other
66711,66709,chore(deps): update dependency codecov to v3.6.2,chore,deps,False,tech_debt
66759,66757,chore(deps): update dependency codecov to v3.6.5,chore,deps,False,tech_debt
66775,66773,Merge branch 'master' of https://github.com/semantic-release/semantic-release into semantic-release-master,other,,False,other
66984,66982,chore(deps): removes prettier package and relies on version bundled in xo,chore,deps,False,tech_debt
67048,67046,chore(deps): update dependency got to v11.1.0,chore,deps,False,tech_debt
67136,67134,chore(deps): update dependency got to v11.3.0,chore,deps,False,tech_debt
67480,67478,chore(deps): update dependency codecov to v3.8.0,chore,deps,False,tech_debt
67520,67518,chore(deps): update dependency mockserver-client to v5.11.2,chore,deps,False,tech_debt
67793,67791,chore(deps): update dependency tempy to v1.0.1,chore,deps,False,tech_debt
67809,67807,"Merge pull request #181 from semantic-release-plus/renovate/sinon-10.x

chore(deps): update dependency sinon to v10",other,,False,other
67825,67823,"Update nx-monorepo.md

Added missing @ . Otherwise publishing will fail with `Cannot find module 'semantic-release/npm`.",other,,False,other
68089,68087,docs(README): improve sentence (#1962),docs,README,False,docs
68505,68503,chore(deps): update dependency lint-staged to v12,chore,deps,False,tech_debt
68545,68543,chore(deps): update dependency lint-staged to v12.1.2,chore,deps,False,tech_debt
69318,69316,chore: add Node.js 17.x to CI test matrix,chore,,False,tech_debt
69608,69606,docs: fix a broken link,docs,,False,docs
73253,73251,chore(deps): update dependency nock to v13.1.4,chore,deps,False,tech_debt
73334,73332,"Merge pull request #23 from semantic-release-plus/renovate/mockserver-client-5.x

Update dependency mockserver-client to v5.8.0",other,,False,other
73455,73453,Merge branch 'master' into renovate/nock-11.x,other,,False,other
73567,73565,fix(deps): update dependency marked-terminal to v4,fix,deps,False,bug_fixes
73895,73893,chore(deps): pin dependencies,chore,deps,False,tech_debt
73959,73957,chore(deps): update dependency ava to v3.8.2,chore,deps,False,tech_debt
73999,73997,chore(deps): update dependency js-yaml to v3.14.0,chore,deps,False,tech_debt
74215,74213,feat: adds a skipTag option to turn off git tagging,feat,,False,feature_work
74463,74461,chore(deps): update dependency fs-extra to v9.1.0,chore,deps,False,tech_debt
74519,74517,chore(deps): update dependency delay to v5,chore,deps,False,tech_debt
74815,74813,chore(deps): update dependency fs-extra to v10,chore,deps,False,tech_debt
74831,74829,docs: update README.md [skip ci],docs,,False,docs
75103,75101,chore(deps): update dependency nock to v13.1.2,chore,deps,False,tech_debt
75199,75197,chore(deps): update dependency prettier to v2.4.1,chore,deps,False,tech_debt
75263,75261,"Merge pull request #255 from semantic-release-plus/merge-upstream

Merge upstream",other,,False,other
75362,75360,"docs(plugins): fix backticks count

Co-authored-by: Gregor Martynus <39992+gr2m@users.noreply.github.com>",docs,plugins,False,docs
77670,77668,"Merge pull request #26 from semantic-release-plus/renovate/semver-7.x

fix(deps): update dependency semver to v7",other,,False,other
77718,77716,chore(deps): update dependency nock to v11.7.2,chore,deps,False,tech_debt
77734,77732,"Merge pull request #30 from semantic-release-plus/renovate/sinon-8.x

chore(deps): update dependency sinon to v8",other,,False,other
77966,77964,"Merge pull request #52 from semantic-release-plus/renovate/codecov-3.x

chore(deps): update dependency codecov to v3.6.5",other,,False,other
78374,78372,"Merge pull request #109 from semantic-release-plus/renovate/nock-13.x

chore(deps): update dependency nock to v13",other,,False,other
78590,78588,"Merge pull request #130 from semantic-release-plus/renovate/get-stream-6.x

fix(deps): update dependency get-stream to v6",other,,False,other
78646,78644,chore(deps): update dependency got to v11.7.0,chore,deps,False,tech_debt
78790,78788,chore(deps): update dependency nock to v13.0.6,chore,deps,False,tech_debt
78814,78812,"Merge pull request #146 from semantic-release-plus/renovate/tempy-1.x

chore(deps): update dependency tempy to v1",other,,False,other
78894,78892,"Merge pull request #171 from semantic-release-plus/fix-doc-typo

docs(README): adds link to skipTag recipe",other,,False,other
79126,79124,chore(deps): update dependency fs-extra to v10,chore,deps,False,tech_debt
79446,79444,"chore(deps): update dependency codecov to v3.8.3 (#2106)

Co-authored-by: Renovate Bot <bot@renovateapp.com>",chore,deps,False,tech_debt
79494,79492,"Merge pull request #238 from semantic-release-plus/merge-upstream-20210908

Merge-upstream-20210908",other,,False,other
79502,79500,docs: fixes contributors shield,docs,,False,docs
80011,80009,ci(engines): moved the `ls-engines` check to after dependency installation,ci,engines,False,tech_debt
80404,80402,feat: use one note reference per tag to prevent conflicts,feat,,False,feature_work
80555,80553,"revert: feat: create annotated tags

This reverts commit 4d581fc140dda99065542872d125cf27fb24798f.",revert,,False,tech_debt
80563,80561,Merge branch 'master' into beta,other,,False,other
80611,80609,docs: fix links in configuration doc,docs,,False,docs
80700,80698,test: fix typo in test examples,test,,False,tech_debt
80724,80722,fix(package): update execa to version 3.2.0,fix,package,False,bug_fixes
80804,80802,"perf: use `git tag --merge <branch>` to filter tags present in a branch history

BREAKING CHANGE: Git CLI version 2.7.1 or higher is now required

The `--merge` option of the `git tag` command has been added in Git version 2.7.1 and is now used by semantic-release",perf,,False,tech_debt
80924,80922,style: prettier formatting,style,,False,tech_debt
80948,80946,"revert: fix: update commit-analyzer dep version off errant publish

This reverts commit 8d8910577f0702087684e360e3c92ee6cc5793a0.",revert,,False,tech_debt
80956,80954,fix: add `channel` to publish success log,fix,,False,bug_fixes
81020,81018,fix: modify fetch function to handle CircleCI specifics,fix,,False,bug_fixes
81212,81210,docs(README): update minimal required Node version / FAQ link (#1422),docs,README,False,docs
81260,81258,docs: add `@saithodev/semantic-release-gitea` to community plugins,docs,,False,docs
81340,81338,docs(Troubleshooting): release not found in prereleases branch (e.g. `beta`) after rebase on `master`) (#1444),docs,Troubleshooting,False,docs
81637,81635,docs: improve github actions recipe on git plugin (#1626),docs,,False,docs
82013,82011,"chore(deps): update dependency nock to v13.0.7 (#1767)

Co-authored-by: Renovate Bot <bot@renovateapp.com>",chore,deps,False,tech_debt
82437,82435,fix: corrected spelling of invalid plugin config error (#1979),fix,,False,bug_fixes
82493,82491,"chore(deps): update dependency nock to v13.1.1 (#2034)

Co-authored-by: Renovate Bot <bot@renovateapp.com>",chore,deps,False,tech_debt
83546,83544,docs: update readme for semantic-release-plus beta,docs,,False,docs
83770,83768,chore(deps): update dependency codecov to v3.6.2,chore,deps,False,tech_debt
83794,83792,"Merge pull request #50 from semantic-release-plus/merge-upstream-v17.0.0

Merge upstream v17.0.0",other,,False,other
83866,83864,chore(deps): update dependency mockserver-client to v5.9.0,chore,deps,False,tech_debt
84298,84296,chore(deps): update dependency delay to v4.4.0,chore,deps,False,tech_debt
84458,84456,chore(deps): update dependency ava to v3.12.0,chore,deps,False,tech_debt
84562,84560,"Merge pull request #137 from semantic-release-plus/renovate/yargs-16.x

fix(deps): update dependency yargs to v16",other,,False,other
84626,84624,chore(deps): update dependency js-yaml to v3.14.1,chore,deps,False,tech_debt
84650,84648,chore(deps): update dependency nock to v13.0.6,chore,deps,False,tech_debt
84810,84808,chore(deps): update dependency nock to v13.0.9,chore,deps,False,tech_debt
84874,84872,chore(deps): update dependency p-retry to v4.5.0,chore,deps,False,tech_debt
85010,85008,docs: update .all-contributorsrc [skip ci],docs,,False,docs
85170,85168,chore(deps): update dependency p-retry to v4.6.0,chore,deps,False,tech_debt
87620,87618,GitBook: [master] 3 pages modified,other,,False,other
87756,87754,fix(deps): update dependency marked-terminal to v4,fix,deps,False,bug_fixes
87916,87914,chore(deps): update dependency clear-module to v4.1.0,chore,deps,False,tech_debt
87980,87978,chore(deps): update dependency ava to v3.5.1,chore,deps,False,tech_debt
88020,88018,chore(deps): update dependency ava to v3.6.0,chore,deps,False,tech_debt
88092,88090,"Merge pull request #89 from semantic-release-plus/renovate/pin-dependencies

chore(deps): pin dependencies",other,,False,other
88372,88370,chore(deps): update dependency ava to v3.11.1,chore,deps,False,tech_debt
88404,88402,feat: adds a skipTag option to turn off git tagging,feat,,False,feature_work
88532,88530,chore(deps): update dependency tempy to v0.7.1,chore,deps,False,tech_debt
88548,88546,chore(deps): update dependency sinon to v9.1.0,chore,deps,False,tech_debt
88588,88586,chore(deps): update dependency got to v11.8.0,chore,deps,False,tech_debt
88836,88834,chore(deps): update dependency nock to v13.0.10,chore,deps,False,tech_debt
88956,88954,docs: update .all-contributorsrc [skip ci],docs,,False,docs
91032,91030,fix(deps): update semantic-release monorepo,fix,deps,False,bug_fixes
93834,93832,Merge branch 'master' into allow-outdated-head,other,,False,other
93868,93866,Merge branch 'master' into allow-outdated-head,other,,False,other
93876,93874,Merge branch 'semantic-release:master' into allow-outdated-head,other,,False,other
99602,99600,"chore(deps): update marked-terminal to v4.1.1 (#1784)

Fixes #1784.",chore,deps,False,tech_debt
100267,100265,build(package): lock file,build,package,False,tech_debt
104990,104988,ci(engine-strict): limited the npm configuration to the ci workflow,ci,engine-strict,False,tech_debt
107949,107947,chore: make logo square,chore,,False,tech_debt
107961,107959,chore: center logo,chore,,False,tech_debt
108665,108663,"WIP ignore GitHub Action related environment variables, and fix ""Use the repository URL as is if none of the given git credentials are valid"" which should never have passed before but well here we are",other,,False,other
109322,109320,Update docs/extending/plugins-list.md,other,,False,other
114311,114309,feat: Support staying on v0.x.y with --unstable,feat,,False,feature_work
116116,116114,docs: add @google/semantic-release-replace-plugin to plugin list,docs,,False,docs
117639,117637,"Add alternative trigger options

These options work the same as the curl command, but use a GitHub App so there's no need to provision and manage a Personal Access Token in order to trigger the Semantic Release action.",other,,False,other
120516,120514,test: getBranches should return empty array when there are no branches,test,,False,tech_debt
120705,120703,Merge branch 'master' into gitlab-fetch,other,,False,other
123316,123314,style: prettier formatting,style,,False,tech_debt
123553,123551,fix: throws error if the commit associated with a tag cannot be found,fix,,False,bug_fixes
124308,124306,fix(package): update execa to version 3.2.0,fix,package,False,bug_fixes
124668,124666,"feat: add ability to filter commits by path

* adds an optional parameter commitPaths that can be defined as an array of strings. This will be used to filter commit messages similar to git log -- \<paths\>",feat,,False,feature_work
125388,125386,"Update docs/recipes/github-actions.md

Co-Authored-By: Natan Sągol <m@merlinnot.com>",other,,False,other
125475,125473,Merge branch 'master' into master,other,,False,other
126894,126892,test: delete unused test helper file,test,,False,tech_debt
126982,126980,docs: remove mentions of `travis-deploy-once`,docs,,False,docs
127278,127276,test: fix parsing of `MODULE_NOT_FOUND` errors message in unit tests,test,,False,tech_debt
127310,127308,style: fix prettier style,style,,False,tech_debt
127318,127316,"fix: prefix git auth url with ""x-access-token:"" when run in a GitHub Action",fix,,False,bug_fixes
132635,132633,docs: Summarize `ERELEASEBRANCHES` error code,docs,,False,docs
133563,133561,Merge branch 'master' into docs/plugin-development,other,,False,other
133712,133710,Update index.js,other,,False,other
134680,134678,Merge branch 'master' into greenkeeper/tempy-0.3.0,other,,False,other
136481,136479,Merge branch 'master' into greenkeeper/get-stream-5.0.0,other,,False,other
136541,136539,Merge branch 'master' into greenkeeper/p-retry-4.0.0,other,,False,other
139588,139586,docs: corrected typos in jsdocs,docs,,False,docs
140111,140109,fix(package): update marked to version 0.6.0,fix,package,False,bug_fixes
140944,140942,fix: fix range regexp to handle version with multiple digits,fix,,False,bug_fixes
142419,142417,docs: switch to spectrum.chat,docs,,False,docs
143326,143324,Merge branch 'master' into patch-1,other,,False,other
143759,143757,refactor: harmonize git utils function names,refactor,,False,tech_debt
143791,143789,docs: typo in JS docs,docs,,False,docs
144971,144969,fix: add debug logs for config file path,fix,,False,bug_fixes
147840,147838,Merge branch 'caribou' into greenkeeper/delay-4.0.0,other,,False,other
148289,148287,fix(package): update marked to version 0.5.0,fix,package,False,bug_fixes
148578,148576,"Revert ""fix: do not convert ssh `repositoryUrl` to https""

This reverts commit b89523105cf04298f1f44858a02cc76c6c5dd0a5.",other,,False,other
148968,148966,"fix(package): update @semantic-release/npm to version 5.0.1

Closes #882",fix,package,False,bug_fixes
149354,149352,docs: specify for each step if one or more plugins are required/allowed,docs,,False,docs
150304,150302,docs: add missing link in GitBook summary,docs,,False,docs
153838,153836,docs: add comment about publishing with ssh keys,docs,,False,docs
153853,153851,chore: update ssh note,chore,,False,tech_debt
154923,154921,refactor: remove unused test util function,refactor,,False,tech_debt
155058,155056,chore(package): update p-retry to version 2.0.0,chore,package,False,tech_debt
155457,155455,fix(package): update git-url-parse to version 9.0.0,fix,package,False,bug_fixes
155866,155864,docs: adding plugins to the community list,docs,,False,docs
163435,163433,fix(package): update execa to version 0.9.0,fix,package,False,bug_fixes
163472,163470,"fix: set node minimum version to 8.3

The minimum Node version supported is 8.3 as we use Object properties spread.",fix,,False,bug_fixes
163732,163730,docs: add issue template,docs,,False,docs
163793,163791,docs: add heading anchor,docs,,False,docs
164908,164906,"feat: make semantic-release CI agnostic

- Remove `@semantic-release/condition-travis` from the default plugins
- Verify the current branch in the core
- Verify the build is not triggered by a PR in the core
- Run in dry-run mode if not triggered on CI
- Dry-run mode runs the `verifyConditions` plugins, allowing to detect configuration error locally
- Return without error when no version has to be released due to no changes
- Return without error if the build is triggered from a PR
- Return without error if the current branch is not the configured branch
- CLI return with exit code 1 if there is a `semanticReleaseError`, allowing to fail builds in case of config error, missing token etc...

BREAKING CHANGE: `semantic-release` doesn't make sure it runs only on one Travis job anymore.
The CI configuration has to be done such that `semantic-release`
- runs only once per build
- runs only after all tests are successful on every jobs of the build
- runs on Node >=8

This can easily be done with [travis-deploy-once](https://github.com/semantic-release/travis-deploy-once).

Migration Guide

Modify your `.travis.yml` to use `travis-deploy-once`.
Replace:
```yaml
after_success:
  - npm run semantic-release
```
by:
Replace
```yaml
after_success:
  - npm install -g travis-deploy-once@4
  - travis-deploy-once ""npm run semantic-release""
```",feat,,False,feature_work
168168,168166,"fix: Accept `undefined` values for the `getLastRelease` and `generateNotes` plugins

Adapt tests and default value to the plugin definitions (`definitions.js`)",fix,,False,bug_fixes
168844,168842,"test: Ignore the ~/.npmrc file during tests

When the test are run npm read the ~/.npmrc and ./.npmrc files and set some environment variables starting with `npm_`.
When the test create temporary folders and created a `.npmrc` the values there are ignored as the environment variables take precedence.
This commit remove this environment variable (from the local `process.env`) before starting the integrations test and restore them after. This way the `./.npmrc` files created in temp directory for the test are correctly used.",test,,False,tech_debt
169214,169212,fix: README typo,fix,,False,bug_fixes
171885,171883,fix(package): update github to version 12.0.0,fix,package,False,bug_fixes
172171,172169,chore(package): update ava to version 0.23.0,chore,package,False,tech_debt
173477,173475,feat: allow pre-releases on GitHub,feat,,False,feature_work
174077,174075,"chore: More generic `.gitignore` (Windows, Mac OS, Linux)",chore,,False,tech_debt
174085,174083,chore: Remove editorconfig,chore,,False,tech_debt
174218,174216,chore(package): update coveralls to version 3.0.0,chore,package,False,tech_debt
174737,174735,"fix(package): Set minimum node version to 4

Fix #433",fix,package,False,bug_fixes
174967,174965,fix(package): update @semantic-release/release-notes-generator to version 4.0.0,fix,package,False,bug_fixes
176234,176232,fix(package): update @semantic-release/condition-travis to version 6.0.0,fix,package,False,bug_fixes
177381,177379,Add troubleshooting guide to README,other,,False,other
179259,179257,"fix(package): update github to version 9.0.0

https://greenkeeper.io/",fix,package,False,bug_fixes
179549,179547,"fix(package): update github to version 8.0.0

https://greenkeeper.io/",fix,package,False,bug_fixes
180945,180943,"fix(post): fix target_commitish to be the default branch

target_commitish in GitHub Releases has two different meanings:
* Target commit that a new associated tag will be created on
* Target branch to compute how many ""commits to since this release""

target_commitish is usually the default branch (aka master), because the
distance between the release and the latest branch is the primary concern.

Before this change, target_commitish was left to be a hash and the
feature of GitHub Releases that shows how much time passed since the
release is ruined, because no tracking branch is given.

By this change, target_commitish is changed to be the default branch
given in the configuration (options.branch) via edit a release API after
the release and tag are created via crate a release API.",fix,post,False,bug_fixes
181131,181129,Merge branch 'caribou' into 286-spawn-instead-of-exec,other,,False,other
246,244,ci(action): update github/codeql-action action to v4.37.6,ci,action,False,tech_debt
448,446,chore(deps): update dependency mockserver-client to v7.5.0,chore,deps,False,tech_debt
1348,1346,ci(action): update actions/setup-node action to v7,ci,action,False,tech_debt
2841,2839,Update README.md,other,,False,other
3318,3316,"refactor: remove obsolete test files for logger, git, sensitive data handling, and utility functions

- Deleted `get-logger.test.js` as it is no longer needed.
- Removed `git.test.js` which contained extensive tests for git-related functionalities.
- Eliminated `hide-sensitive.test.js` that tested the sensitive data masking functionality.
- Purged `utils.test.js` which included various utility function tests.",refactor,,False,tech_debt
3350,3348,refactor: replace direct logger and env-ci replacements with a mockCore function for better test organization,refactor,,False,tech_debt
3414,3412,chore(deps): update dependency mockserver-client to v7,chore,deps,False,tech_debt
3474,3472,"Revert ""refactor: replace direct logger and env-ci replacements with a mockCore function for better test organization""

This reverts commit d05e160668e8d31c534864cc00075a16fd683eeb.",other,,False,other
3550,3548,"Revert ""Merge branch 'master' of https://github.com/semantic-release/semantic-release into fix(revert)/next""

This reverts commit bbfdc36be6f233fc34cf107acb3e5355d23244a2.",other,,False,other
3606,3604,"chore(deps): update npm to v11.16.0 (#4190)

Co-authored-by: renovate[bot] <29139614+renovate[bot]@users.noreply.github.com>",chore,deps,False,tech_debt
3622,3620,"ci(action): update github/codeql-action action to v4.36.2 (#4195)

Co-authored-by: renovate[bot] <29139614+renovate[bot]@users.noreply.github.com>",ci,action,False,tech_debt
4140,4138,"docs(troubleshooting): fix git notes ref examples

Update recovery steps to use per-tag note refs (`semantic-release-<tag>`)
that match the current implementation in lib/git.js.

Fixes #3930

Co-authored-by: Cursor <cursoragent@cursor.com>",docs,troubleshooting,False,docs
5775,5773,chore(deps): update dependency got to v15.0.2,chore,deps,False,tech_debt
5855,5853,ci(action): update github/codeql-action action to v4.35.2,ci,action,False,tech_debt
6222,6220,chore(deps): update dependency @types/node to v24.12.2,chore,deps,False,tech_debt
6786,6784,"build(deps): bump handlebars from 4.7.8 to 4.7.9

Bumps [handlebars](https://github.com/handlebars-lang/handlebars.js) from 4.7.8 to 4.7.9.
- [Release notes](https://github.com/handlebars-lang/handlebars.js/releases)
- [Changelog](https://github.com/handlebars-lang/handlebars.js/blob/v4.7.9/release-notes.md)
- [Commits](https://github.com/handlebars-lang/handlebars.js/compare/v4.7.8...v4.7.9)

---
updated-dependencies:
- dependency-name: handlebars
  dependency-version: 4.7.9
  dependency-type: indirect
...

Signed-off-by: dependabot[bot] <support@github.com>",build,deps,False,tech_debt
7032,7030,chore(deps): update dependency sinon to v21.0.3,chore,deps,False,tech_debt
7939,7937,chore(deps): lock file maintenance,chore,deps,False,tech_debt
8173,8171,chore(deps): update dependency @types/node to v24.10.13,chore,deps,False,tech_debt
8305,8303,chore(deps): lock file maintenance,chore,deps,False,tech_debt
8747,8745,"docs: warn against using registry-url in setup-node

Add a warning section explaining that using the registry-url option in
actions/setup-node can conflict with semantic-release's npm authentication,
leading to EINVALIDNPMTOKEN errors. This clarifies the recommended approach
of letting semantic-release handle npm authentication directly.

Fixes #3842",docs,,False,docs
9091,9089,chore(deps): update dependency prettier to v3.8.1,chore,deps,False,tech_debt
9334,9332,ci(action): update actions/checkout action to v6.0.2,ci,action,False,tech_debt
10123,10121,docs(lint): fix lint error,docs,lint,False,docs
10433,10431,chore(deps): update dependency publint to v0.3.16,chore,deps,False,tech_debt
10742,10740,chore(deps): update dependency prettier to v3.7.4,chore,deps,False,tech_debt
11580,11578,chore(deps): fix lockfile,chore,deps,False,tech_debt
11868,11866,chore(deps): lock file maintenance,chore,deps,False,tech_debt
12517,12515,chore(deps): update dependency @types/node to v24.10.0,chore,deps,False,tech_debt
12732,12730,ci(action): update github/codeql-action action to v4.31.2,ci,action,False,tech_debt
13057,13055,ci(action): update actions/upload-artifact action to v5,ci,action,False,tech_debt
13670,13668,"fix(deps): use the alpha of the npm plugin

for semantic-release/npm#958",fix,deps,False,bug_fixes
13710,13708,fix(deps): updated to latest alpha of the npm plugin,fix,deps,False,bug_fixes
13750,13748,Merge branch 'master' of github.com:semantic-release/semantic-release into alpha,other,,False,other
13880,13878,"fix(deps): use the alpha of the npm plugin

for semantic-release/npm#958",fix,deps,False,bug_fixes
13896,13894,"fix(deps): upgrade to the latest alpha of the npm plugin

for semantic-release/npm#958",fix,deps,False,bug_fixes
13904,13902,"fix(deps): temporarily force semantic-release v25 across plugin peer requirements

for semantic-release/npm#958",fix,deps,False,bug_fixes
14602,14600,chore(deps): update dependency got to v14.5.0,chore,deps,False,tech_debt
14818,14816,ci(action): update github/codeql-action action to v3.30.7,ci,action,False,tech_debt
16756,16754,ci(action): update actions/setup-node action to v5,ci,action,False,tech_debt
17838,17836,chore(deps): update dependency nock to v14.0.9,chore,deps,False,tech_debt
22106,22104,chore(deps): update dependency @types/node to v22.15.26,chore,deps,False,tech_debt
22186,22184,chore(deps): update dependency @types/node to v22.15.24,chore,deps,False,tech_debt
22432,22430,chore(deps): lock file maintenance,chore,deps,False,tech_debt
23457,23455,chore(deps): update dependency @types/node to v22.15.18,chore,deps,False,tech_debt
24046,24044,chore(deps): update dependency npm-run-all2 to v8,chore,deps,False,tech_debt
24411,24409,"perf: Improve getTags to only return latest

If a repo has hundreds, or even thousands of tags, it can take whole minutes for getTags to return.

In our case, two minutes 8 seconds was reduced to 2 seconds:

Before:
2025-04-21T10:14:00.822Z semantic-release:get-git-auth-url SSH key auth failed, falling back to https.
2025-04-21T10:16:08.388Z semantic-release:get-tags found tags for branch master:

After:
2025-04-24T03:01:30.865Z semantic-release:get-git-auth-url SSH key auth successful.
2025-04-24T03:01:32.892Z semantic-release:get-tags found tags for branch master:",perf,,False,tech_debt
26030,26028,fix(doc) default for maintenance branches doesn't match the implementation,other,,False,other
26461,26459,chore(deps): update dependency publint to v0.3.9,chore,deps,False,tech_debt
26501,26499,chore(deps): lock file maintenance,chore,deps,False,tech_debt
27607,27605,chore(deps): update dependency prettier to v3.5.1,chore,deps,False,tech_debt
28349,28347,chore(deps): lock file maintenance,chore,deps,False,tech_debt
29944,29942,ci(action): update github/codeql-action action to v3.28.0,ci,action,False,tech_debt
30242,30240,ci(action): update github/codeql-action action to v3.27.8,ci,action,False,tech_debt
30634,30632,chore(deps): lock file maintenance,chore,deps,False,tech_debt
30805,30803,chore(deps): update dependency prettier to v3.4.0,chore,deps,False,tech_debt
32030,32028,chore(deps): update dependency got to v14.4.4,chore,deps,False,tech_debt
32172,32170,"test(testdouble): stop using the loader flag for testdouble

since it is no longer needed for supported node versions",test,testdouble,False,tech_debt
32969,32967,ci(action): update actions/upload-artifact action to v4.4.1,ci,action,False,tech_debt
33535,33533,prettify,other,,False,other
34465,34463,add `warn` type to logger in `getLogger`,other,,False,other
34481,34479,Merge branch 'master' into feat/warning-logger,other,,False,other
35275,35273,chore(deps): lock file maintenance,chore,deps,False,tech_debt
35727,35725,"Update docs/usage/installation.md

Co-authored-by: Olabode Lawal-Shittabey <babblebey@gmail.com>",other,,False,other
37486,37484,chore(deps): update npm to v10.8.1,chore,deps,False,tech_debt
37672,37670,ci(action): update github/codeql-action action to v3.25.6,ci,action,False,tech_debt
37821,37819,chore(deps): update dependency publint to v0.2.8,chore,deps,False,tech_debt
37891,37889,fix: ensure that passing build meta in tagFormat leads to correct tags processing,fix,,False,bug_fixes
37922,37920,Merge branch 'master' into build_meta_support,other,,False,other
38303,38301,chore(deps): update dependency sinon to v18,chore,deps,False,tech_debt
38910,38908,chore(deps): lock file maintenance,chore,deps,False,tech_debt
39592,39590,ci(action): update actions/upload-artifact action to v4.3.3,ci,action,False,tech_debt
40704,40702,chore(deps): update dependency testdouble to v3.20.2,chore,deps,False,tech_debt
41941,41939,ci(action): update github/codeql-action action to v3.24.1,ci,action,False,tech_debt
43518,43516,chore(deps): lock file maintenance,chore,deps,False,tech_debt
43918,43916,chore(deps): update dependency publint to v0.2.7,chore,deps,False,tech_debt
44290,44288,"feat(node-versions): dropped support for node v18 and raised the minimum for v20

reasoning for the chosen version:
https://github.com/semantic-release/gitlab/pull/647#discussion_r1423131205

BREAKING CHANGE: support for node v18 has been dropped and the minimum for v20 is now v20.8.1

related to https://github.com/semantic-release/semantic-release/discussions/3088",feat,node-versions,False,feature_work
44573,44571,ci(action): update github/codeql-action action to v2.22.10,ci,action,False,tech_debt
46567,46565,chore: Update get-config.js to use dynamic import,chore,,False,tech_debt
46686,46684,Merge branch 'master' into support-extends-mjs,other,,False,other
47996,47994,chore(deps): update dependency nock to v13.3.4,chore,deps,False,tech_debt
48078,48076,chore(deps): update dependency npm-run-all2 to v6.1.1,chore,deps,False,tech_debt
48128,48126,chore(deps): update dependency publint to v0.2.4,chore,deps,False,tech_debt
50307,50305,fix(deps): update dependency marked to v8,fix,deps,False,bug_fixes
50449,50447,"feat(node-versions): raised the minimum required node version to v18.17 and dropped v19 support

npm v20 requires v18.17

BREAKING CHANGE: node v18.17 is now the minimum supported node version and support for v19 has been dropped",feat,node-versions,False,feature_work
51064,51062,ci(action): update actions/checkout action to v3.6.0,ci,action,False,tech_debt
52427,52425,ci(action): update github/codeql-action action to v2.21.2,ci,action,False,tech_debt
52984,52982,chore(deps): lock file maintenance,chore,deps,False,tech_debt
53865,53863,test(integration): properly waited for the image pulls to complete,test,integration,False,tech_debt
54272,54270,"test(semantic-release-error): switched instanceof check to the native version

since the check provided by the ava assertion seems to fail beyond the context of the test",test,semantic-release-error,False,tech_debt
54365,54363,fix(deps): updated the beta plugins to stable versions,fix,deps,False,bug_fixes
54863,54861,chore(deps): update dependency ava to v5.3.0,chore,deps,False,tech_debt
55867,55865,chore(deps): update dependency prettier to v2.8.8,chore,deps,False,tech_debt
57477,57475,"ci: set test workflow timeout to 10 minutes

Issues are preventing ci jobs from completing.  This patch reduces the
timeout from the default timeout of six hours.  The logs are not always
viewable until the timeout so this should help in problem examination.

Signed-off-by: Chris. Webster <chris@webstech.net>",ci,,False,tech_debt
58395,58393,"ci: windows support

1. change the path separator in a test regex when running on Windows
2. turn off `credential.helper` in the git config in the credential
tests.  This will suppress pop-ups for the password on Windows systems.

Signed-off-by: Chris. Webster <chris@webstech.net>",ci,,False,tech_debt
59005,59003,chore(deps): update dependency mockserver-client to v5.15.0,chore,deps,False,tech_debt
59579,59577,chore(deps): update dependency ava to v5,chore,deps,False,tech_debt
60010,60008,test(integration): updated the simulated environment to omit the `GITHUB_ACTIONS` variable from the test env,test,integration,False,tech_debt
60018,60016,test(integration): ran tests serially in hope of avoiding conflicts in the ci environment,test,integration,False,tech_debt
60495,60493,allow-outdated-branch-fork-changes,other,,False,other
60697,60695,feat(node-versions): raised the minimum required node version to v18 (#2620),feat,node-versions,False,feature_work
60729,60727,test(integration): ran tests serially in hope of avoiding conflicts in the ci environment,test,integration,False,tech_debt
60828,60826,test(integration): used token auth for registry interactions rather than legacy auth,test,integration,False,tech_debt
61400,61398,"wip(esm): initial module type conversion

for #2543",wip,esm,False,tech_debt
61464,61462,test(aggregate-error): accounted for `.errors` for plugins,test,aggregate-error,False,tech_debt
62038,62036,Remove jargon from README,other,,False,other
66090,66088,"build(deps): bump node-fetch from 2.6.1 to 2.6.7

Bumps [node-fetch](https://github.com/node-fetch/node-fetch) from 2.6.1 to 2.6.7.
- [Release notes](https://github.com/node-fetch/node-fetch/releases)
- [Commits](https://github.com/node-fetch/node-fetch/compare/v2.6.1...v2.6.7)

---
updated-dependencies:
- dependency-name: node-fetch
  dependency-type: indirect
...

Signed-off-by: dependabot[bot] <support@github.com>",build,deps,False,tech_debt
67024,67022,chore(deps): update dependency ava to v3.7.1,chore,deps,False,tech_debt
67064,67062,chore(deps): update dependency got to v11.1.2,chore,deps,False,tech_debt
67112,67110,chore(deps): update dependency js-yaml to v3.14.0,chore,deps,False,tech_debt
67176,67174,"Merge pull request #109 from semantic-release-plus/renovate/nock-13.x

chore(deps): update dependency nock to v13",other,,False,other
67272,67270,chore(deps): update dependency codecov to v3.7.2,chore,deps,False,tech_debt
67296,67294,chore(deps): update dependency ava to v3.11.1,chore,deps,False,tech_debt
67536,67534,chore(deps): update dependency sinon to v9.2.3,chore,deps,False,tech_debt
67544,67542,chore(deps): update dependency codecov to v3.8.1,chore,deps,False,tech_debt
67761,67759,chore(deps): update dependency nock to v13.0.10,chore,deps,False,tech_debt
67913,67911,chore(deps): update dependency dockerode to v3.3.0,chore,deps,False,tech_debt
67969,67967,"Merge pull request #200 from semantic-release-plus/all-contributors/add-JoA-MoS

docs: add JoA-MoS as a contributor",other,,False,other
68121,68119,chore(deps): update dependency nock to v13.1.1,chore,deps,False,tech_debt
68129,68127,chore(deps): update dependency p-retry to v4.6.1,chore,deps,False,tech_debt
68185,68183,"Merge pull request #225 from semantic-release-plus/use-local-srp

Use local srp",other,,False,other
68281,68279,chore(deps): update dependency prettier to v2.4.0,chore,deps,False,tech_debt
68289,68287,chore(deps): update dependency husky to v7,chore,deps,False,tech_debt
68305,68303,chore(deps): update dependency lint-staged to v11.2.1,chore,deps,False,tech_debt
68369,68367,Merge branch 'master' into merge-upstream,other,,False,other
68537,68535,chore(deps): update dependency lint-staged to v12.1.0,chore,deps,False,tech_debt
69583,69581,Merge branch 'master' into patch-1,other,,False,other
69734,69732,Merge branch 'master' into feat/pathFilter,other,,False,other
73326,73324,"Merge pull request #29 from semantic-release-plus/sync-upstream-15.13.32

Sync upstream 15.13.32",other,,False,other
73406,73404,chore(deps): update dependency nock to v11.7.2,chore,deps,False,tech_debt
73447,73445,"Merge pull request #32 from semantic-release-plus/renovate/mockserver-client-5.x

Update dependency mockserver-client to v5.8.1",other,,False,other
73519,73517,"Merge pull request #41 from semantic-release-plus/renovate/pin-dependencies

Pin dependency got to 10.2.2",other,,False,other
73799,73797,chore(deps): update dependency mockserver-client to v5.10.0,chore,deps,False,tech_debt
73951,73949,chore(deps): update dependency got to v11.1.2,chore,deps,False,tech_debt
73975,73973,chore(deps): update dependency got to v11.1.4,chore,deps,False,tech_debt
74263,74261,chore(deps): update dependency sinon to v9.0.3,chore,deps,False,tech_debt
74391,74389,"Merge pull request #137 from semantic-release-plus/renovate/yargs-16.x

fix(deps): update dependency yargs to v16",other,,False,other
74431,74429,chore(deps): update dependency codecov to v3.8.1,chore,deps,False,tech_debt
74471,74469,chore(deps): update dependency sinon to v9.2.4,chore,deps,False,tech_debt
74503,74501,"Merge pull request #146 from semantic-release-plus/renovate/tempy-1.x

chore(deps): update dependency tempy to v1",other,,False,other
74559,74557,"Merge pull request #170 from semantic-release-plus/beta

Beta",other,,False,other
74759,74757,docs: update README.md [skip ci],docs,,False,docs
74999,74997,chore(deps): update dependency p-retry to v4.6.0,chore,deps,False,tech_debt
75135,75133,Merge branch 'master' of https://github.com/semantic-release/semantic-release into merge-upstream-20210908,other,,False,other
75769,75767,"docs(github-actions): update workflow version, update node-version",docs,github-actions,False,docs
75901,75899,Merge branch 'master' of github.com:semantic-release/semantic-release into node-version-docs,other,,False,other
77501,77499,Merge branch 'master' into master,other,,False,other
77590,77588,"Merge pull request #19 from semantic-release-plus/renovate/yargs-15.x

fix(deps): update dependency yargs to v15",other,,False,other
77726,77724,"Merge pull request #34 from semantic-release/master

Sync Upstream v15.14.0",other,,False,other
77886,77884,"Merge pull request #37 from semantic-release-plus/renovate/marked-terminal-4.x

fix(deps): update dependency marked-terminal to v4",other,,False,other
78254,78252,chore(deps): update dependency ava to v3.8.1,chore,deps,False,tech_debt
78342,78340,chore(deps): update dependency ava to v3.9.0,chore,deps,False,tech_debt
78470,78468,chore(deps): update dependency codecov to v3.7.2,chore,deps,False,tech_debt
78502,78500,Merge branch 'master' of https://github.com/semantic-release/semantic-release into merge-upstream,other,,False,other
78518,78516,"Merge pull request #127 from semantic-release-plus/merge-upstream

Merge upstream",other,,False,other
78630,78628,chore(deps): update dependency got to v11.6.2,chore,deps,False,tech_debt
78702,78700,"Merge pull request #137 from semantic-release-plus/renovate/yargs-16.x

fix(deps): update dependency yargs to v16",other,,False,other
78766,78764,chore(deps): update dependency js-yaml to v3.14.1,chore,deps,False,tech_debt
78886,78884,Merge branch 'master' into fix-doc-typo,other,,False,other
79006,79004,"Merge pull request #181 from semantic-release-plus/renovate/sinon-10.x

chore(deps): update dependency sinon to v10",other,,False,other
79110,79108,chore(deps): update dependency dockerode to v3.3.0,chore,deps,False,tech_debt
79190,79188,chore(deps): update dependency lodash to 4.17.21 [security],chore,deps,False,tech_debt
79254,79252,"Merge pull request #206 from semantic-release-plus/renovate/npm-browserslist-vulnerability

chore(deps): update dependency browserslist to 4.16.5 [security]",other,,False,other
79326,79324,chore(deps): update dependency p-retry to v4.6.1,chore,deps,False,tech_debt
79438,79436,"docs: fix broken link on github actions recipe (#2102)

The link to the secrets and environment variables was broken since the documentation changed.
I pointed the link to the URL that made most sense, since users can choose to create the secret wherever they want.",docs,,False,docs
79759,79757,chore(deps): update dependency codecov to v3.8.3,chore,deps,False,tech_debt
80740,80738,Merge branch 'master' into beta,other,,False,other
81068,81066,Merge branch 'master' into beta,other,,False,other
81076,81074,fix: increase next version on prerelease branch based on highest commit type,fix,,False,bug_fixes
81084,81082,fix: remove unnecessary `await`,fix,,False,bug_fixes
81100,81098,fix: correct log when adding channel to tag,fix,,False,bug_fixes
81364,81362,chore(package): update xo to version 0.26.0,chore,package,False,tech_debt
81653,81651,"fix: add logging for when ssh falls back to http (#1639)

Co-authored-by: thomas williams <thomas.williams@thetradedesk.com>",fix,,False,bug_fixes
82221,82219,"chore(deps): lock file maintenance (#1848)

Co-authored-by: Renovate Bot <bot@renovateapp.com>",chore,deps,False,tech_debt
82317,82315,"docs: add semantic-release-telegram to the list of community plugins (#1945)

Co-authored-by: Gregor Martynus <39992+gr2m@users.noreply.github.com>",docs,,False,docs
82333,82331,"chore(deps): update dependency sinon to v10 (#1941)

Co-authored-by: Renovate Bot <bot@renovateapp.com>",chore,deps,False,tech_debt
82413,82411,"chore(deps): update dependency nock to v13.1.0 (#1975)

Co-authored-by: Renovate Bot <bot@renovateapp.com>",chore,deps,False,tech_debt
82824,82822,fix: prevent concurrency issue whene multiple channel are released,fix,,False,bug_fixes
82992,82990,wip esm adapt lodash,other,,False,other
83426,83424,"Merge pull request #17 from semantic-release-plus/renovate/pin-dependencies

chore(deps): pin dependencies",other,,False,other
83594,83592,"Merge pull request #30 from semantic-release-plus/renovate/sinon-8.x

chore(deps): update dependency sinon to v8",other,,False,other
83682,83680,Pin dependency got to 10.2.2,other,,False,other
83874,83872,"Merge pull request #53 from semantic-release-plus/renovate/mockserver-client-5.x

chore(deps): update dependency mockserver-client to v5.9.0",other,,False,other
84074,84072,"Merge pull request #89 from semantic-release-plus/renovate/pin-dependencies

chore(deps): pin dependencies",other,,False,other
84146,84144,chore(deps): update dependency got to v11.1.4,chore,deps,False,tech_debt
84266,84264,chore(deps): update dependency got to v11.5.0,chore,deps,False,tech_debt
84322,84320,chore(deps): update dependency mockserver-client to v5.11.1,chore,deps,False,tech_debt
84482,84480,chore(deps): update dependency got to v11.6.1,chore,deps,False,tech_debt
84490,84488,chore(deps): update dependency got to v11.6.2,chore,deps,False,tech_debt
84778,84776,docs(recipes): adds documentation on how to use with an nx monorepo,docs,recipes,False,docs
84786,84784,"Merge pull request #173 from semantic-release-plus/mono-repo-docs

docs(recipes): adds documentation on how to use with an nx monorepo",other,,False,other
84866,84864,"Merge pull request #181 from semantic-release-plus/renovate/sinon-10.x

chore(deps): update dependency sinon to v10",other,,False,other
84962,84960,fix(deps): update dependency lodash to ^4.17.20,fix,deps,False,bug_fixes
85050,85048,chore(deps): update dependency lodash to 4.17.21 [security],chore,deps,False,tech_debt
85225,85223,chore(deps): update dependency p-retry to v4.6.1,chore,deps,False,tech_debt
86154,86152,"docs(recipes): fix some typos

Signed-off-by: Moritz Wiesinger <moritz.wiesinger@dynatrace.com>",docs,recipes,False,docs
86830,86828,"build(deps): bump normalize-url from 4.5.0 to 4.5.1

Bumps [normalize-url](https://github.com/sindresorhus/normalize-url) from 4.5.0 to 4.5.1.
- [Release notes](https://github.com/sindresorhus/normalize-url/releases)
- [Commits](https://github.com/sindresorhus/normalize-url/commits)

---
updated-dependencies:
- dependency-name: normalize-url
  dependency-type: indirect
...

Signed-off-by: dependabot[bot] <support@github.com>",build,deps,False,tech_debt
87356,87354,"Merge pull request #12 from semantic-release-plus/revert-9-master

Revert ""Sync fork source master""",other,,False,other
87420,87418,chore(deps): pin dependencies,chore,deps,False,tech_debt
87452,87450,fix(deps): update dependency yargs to v15,fix,deps,False,bug_fixes
87932,87930,chore(deps): update dependency got to v10.6.0,chore,deps,False,tech_debt
87996,87994,chore(deps): update dependency ava to v3.5.2,chore,deps,False,tech_debt
88012,88010,chore(deps): update dependency dockerode to v3.2.0,chore,deps,False,tech_debt
88076,88074,"Merge pull request #88 from semantic-release-plus/merge-upstream-17.0.6

Merge upstream 17.0.6",other,,False,other
88172,88170,chore(deps): update dependency codecov to v3.7.0,chore,deps,False,tech_debt
88188,88186,chore(deps): update dependency js-yaml to v3.14.0,chore,deps,False,tech_debt
88220,88218,chore(deps): update dependency ava to v3.9.0,chore,deps,False,tech_debt
88252,88250,"Merge pull request #109 from semantic-release-plus/renovate/nock-13.x

chore(deps): update dependency nock to v13",other,,False,other
88260,88258,chore(deps): update dependency got to v11.4.0,chore,deps,False,tech_debt
88308,88306,chore(deps): update dependency codecov to v3.7.1,chore,deps,False,tech_debt
88508,88506,chore(deps): update dependency got to v11.6.2,chore,deps,False,tech_debt
88628,88626,chore(deps): update dependency ava to v3.15.0,chore,deps,False,tech_debt
88692,88690,"Merge pull request #146 from semantic-release-plus/renovate/tempy-1.x

chore(deps): update dependency tempy to v1",other,,False,other
88716,88714,"Merge pull request #165 from semantic-release-plus/renovate/delay-5.x

chore(deps): update dependency delay to v5",other,,False,other
88908,88906,"Merge pull request #184 from vervallsweg/patch-1

docs(recipes): fixed typo",other,,False,other
88940,88938,docs: update .all-contributorsrc [skip ci],docs,,False,docs
89020,89018,docs: update README.md [skip ci],docs,,False,docs
103630,103628,docs: add main as push branch in sample workflow,docs,,False,docs
104770,104768,chore(deps): update dependency delay to v4.4.1,chore,deps,False,tech_debt
106401,106399,chore(deps): update dependency xo to v0.39.1,chore,deps,False,tech_debt
107250,107248,"fix(deps): update to yargs 16.2.0

fixes vulnerability in y18n which is a dependency of yargs version 15:
https://nvd.nist.gov/vuln/detail/CVE-2020-7774

Signed-off-by: Roland Weiss <roland.weiss@mobi.ch>",fix,deps,False,bug_fixes
107696,107694,"Update github-actions.md

typo",other,,False,other
108614,108612,"ci: replace travis with actions, setup renovate",ci,,False,tech_debt
349,347,ci(action): update github/codeql-action action to v4.37.5,ci,action,False,tech_debt
389,387,chore(deps): update dependency nock to v14.0.17,chore,deps,False,tech_debt
790,788,chore(deps): update dependency publint to v0.3.22,chore,deps,False,tech_debt
1571,1569,fix,other,,False,other
1797,1795,chore(deps): update dependency mockserver-client to v7.4.0,chore,deps,False,tech_debt
1885,1883,chore(deps): update dependency got to v15.1.0,chore,deps,False,tech_debt
2286,2284,chore(deps): update dependency nock to v14.0.16,chore,deps,False,tech_debt
2418,2416,chore(deps): pin dependencies,chore,deps,False,tech_debt
2849,2847,Create README.md,other,,False,other
3294,3292,"refactor: remove obsolete branch, error, and plugin definitions

- Deleted the branches.js file, removing maintenance, prerelease, and release definitions.
- Removed errors.js, eliminating various error handling functions related to semantic-release.
- Eliminated plugins.js, which contained definitions for plugin configurations and behaviors.
- Cleaned up get-commits.js, get-config.js, get-error.js, get-last-release.js, get-next-version.js, get-release-to-add.js, and plugins/index.js, removing unused functions and streamlining the codebase.
- Refactored plugin normalization and pipeline execution logic in plugins/normalize.js and plugins/pipeline.js.
- Removed utility functions in plugins/utils.js that were no longer necessary.
- Cleaned up verify.js to remove redundant checks and streamline the verification process.",refactor,,False,tech_debt
3334,3332,refactor: integrate `core`; remove unused imports and restructuring the main export function,refactor,,False,tech_debt
3490,3488,"Revert ""refactor: integrate `core`; remove unused imports and restructuring the main export function""

This reverts commit 3f5d1b785ba26d95b30a98a4bf712b076d8c1e5e.",other,,False,other
3514,3512,"Revert ""refactor: remove obsolete Git-related utilities and logging functions""

This reverts commit bedddc409194882da889e5451be73de0ef8c066d.",other,,False,other
5030,5028,chore(deps): update dependency fs-extra to v11.3.5,chore,deps,False,tech_debt
5190,5188,chore(deps): update dependency publint to v0.3.19,chore,deps,False,tech_debt
5884,5882,chore(deps): update dependency sinon to v21.1.2,chore,deps,False,tech_debt
6329,6327,chore(deps): update dependency got to v15,chore,deps,False,tech_debt
6933,6931,chore(deps): update npm to v11.12.0,chore,deps,False,tech_debt
7347,7345,chore(deps): update dependency sinon to v21.0.2,chore,deps,False,tech_debt
7588,7586,Modified release branch validation to always return true since we are not following semantic release patterns for release branches,other,,False,other
7899,7897,chore(deps): update dependency c8 to v11,chore,deps,False,tech_debt
8239,8237,chore(deps): update dependency nock to v14.0.11,chore,deps,False,tech_debt
8589,8587,chore(deps): lock file maintenance,chore,deps,False,tech_debt
9011,9009,chore(deps): lock file maintenance,chore,deps,False,tech_debt
10982,10980,ci(action): update github/codeql-action action to v4.31.6,ci,action,False,tech_debt
12819,12817,chore(deps): update node.js to v24,chore,deps,False,tech_debt
13010,13008,chore(deps): update dependency got to v14.6.1,chore,deps,False,tech_debt
13790,13788,Merge pull request #3905 from semantic-release/alpha,other,,False,other
13936,13934,Merge branch 'beta' of github.com:semantic-release/semantic-release into alpha,other,,False,other
17214,17212,ci(action): update github/codeql-action action to v3.29.10,ci,action,False,tech_debt
19037,19035,ci(action): update github/codeql-action action to v3.29.3,ci,action,False,tech_debt
19307,19305,chore(deps): lock file maintenance,chore,deps,False,tech_debt
20729,20727,chore(deps): update dependency prettier to v3.6.2,chore,deps,False,tech_debt
22512,22510,"fix(deps): raise the minimum of the defined range for `marked-terminal`

to a version that declares peer-deendency compatibility with `marked` v15",fix,deps,False,bug_fixes
24206,24204,chore(deps): lock file maintenance,chore,deps,False,tech_debt
24971,24969,chore(deps): update dependency @types/node to v22.14.1,chore,deps,False,tech_debt
25011,25009,chore(deps): update dependency publint to v0.3.11,chore,deps,False,tech_debt
26820,26818,chore(deps): lock file maintenance,chore,deps,False,tech_debt
29726,29724,chore(deps): lock file maintenance,chore,deps,False,tech_debt
33470,33468,ci(action): update actions/setup-node action to v4.0.4,ci,action,False,tech_debt
33814,33812,Merge branch 'master' into chore/remove-codecov,other,,False,other
34011,34009,chore(deps): update npm to v10.8.3,chore,deps,False,tech_debt
34505,34503,doc: add available logger function to docs,other,,False,other
35207,35205,chore(deps): update dependency got to v14.4.2,chore,deps,False,tech_debt
35619,35617,chore(deps): update dependency prettier to v3.3.3,chore,deps,False,tech_debt
35757,35755,Merge branch 'master' into patch-1,other,,False,other
36524,36522,test(integration): differentiate between integration and end-to-end tests,test,integration,False,tech_debt
36876,36874,fix(deps): update dependency marked to v13,fix,deps,False,bug_fixes
37068,37066,chore(deps): lock file maintenance,chore,deps,False,tech_debt
38957,38955,chore(deps): update dependency ava to v6.1.3,chore,deps,False,tech_debt
39004,39002,docs(configuration): add micromatch note for branches configuration key,docs,configuration,False,docs
40897,40895,fix(deps): update dependency @semantic-release/commit-analyzer to v12,fix,deps,False,bug_fixes
41381,41379,chore(deps): update dependency nock to v13.5.4,chore,deps,False,tech_debt
44691,44689,"fix(deps): update dependency cosmiconfig to v9

BREAKING CHANGE: if using `release.config.js` as the name of your config
file, it needs to be moved to a `.config/` directory. see
https://github.com/cosmiconfig/cosmiconfig/releases/tag/v9.0.0 for more
detail",fix,deps,False,bug_fixes
45991,45989,fix(deps): update dependency import-from-esm to v1.3.1,fix,deps,False,bug_fixes
46411,46409,chore(deps): lock file maintenance,chore,deps,False,tech_debt
47008,47006,ci(action): update github/codeql-action action to v2.22.5,ci,action,False,tech_debt
47742,47740,chore(deps): lock file maintenance,chore,deps,False,tech_debt
49328,49326,"test(structure): split unit tests from integration tests

and used npm-run-all2 to define verification script groups that can be parallelized while also enabling scripts to be run independantly

for semantic-release/.github#19",test,structure,False,tech_debt
49384,49382,"ci(test): removed the lint step from the test job and the related checkout and setup

since the purpose of this job is specifically to summarize the verification results",ci,test,False,tech_debt
49400,49398,docs(contributing): fixed the commitizen config and aligned the docs,docs,contributing,False,docs
49813,49811,docs: Add release.config.js example with TypeScript definitions,docs,,False,docs
49851,49849,Merge branch 'master' into patch-1,other,,False,other
50200,50198,ci(action): update actions/checkout action to v4,ci,action,False,tech_debt
50406,50404,fix(deps): updated to the latest betas of the commit-analyzer and release-notes-generator plugins,fix,deps,False,bug_fixes
50555,50553,chore(deps): update dependency prettier to v3.0.3,chore,deps,False,tech_debt
51008,51006,"fix(types): included the definitions file in the published package

fixes #2917",fix,types,False,bug_fixes
51902,51900,fix(deps): update dependency get-stream to v8,fix,deps,False,bug_fixes
52190,52188,ci(action): update github/codeql-action action to v2.21.3,ci,action,False,tech_debt
52860,52858,ci(action): update github/codeql-action action to v2.20.4,ci,action,False,tech_debt
52944,52942,chore(deps): update dependency tempy to v3.1.0,chore,deps,False,tech_debt
53447,53445,ci(action): update github/codeql-action action to v2.20.1,ci,action,False,tech_debt
54899,54897,chore(deps): update dependency delay to v6,chore,deps,False,tech_debt
55100,55098,ci(release): pinned the version of semantic-release,ci,release,False,tech_debt
55117,55115,docs(release-version): highlighted automatic update of pinned version and where to find details,docs,release-version,False,docs
55162,55160,WIP,other,,False,other
55414,55412,style(prettier): fixed docs indentation,style,prettier,False,tech_debt
56378,56376,docs(plugins): remove useless semantic-release-tags plugin,docs,plugins,False,docs
58749,58747,build(package): lock file,build,package,False,tech_debt
58780,58778,test(integration): ESM Plugin with named exports,test,integration,False,tech_debt
59620,59618,"Update ci-configuration.md

link unlinked url.

Linking is okay in GitHub, but Not okay in document web(https://semantic-release.gitbook.io/semantic-release/usage/ci-configuration#authentication-for-plugins)",other,,False,other
60050,60048,fix(env-ci): updated to the stable esm-only version (#2632),fix,env-ci,False,bug_fixes
60411,60409,fix(secrets-masking): used the proper named import from hook-std to enable masking for stderr,fix,secrets-masking,False,bug_fixes
60689,60687,fix(secrets-masking): used the proper named import from hook-std to enable masking for stderr (#2619),fix,secrets-masking,False,bug_fixes
60784,60782,Merge branch 'master' of github.com:semantic-release/semantic-release into beta,other,,False,other
61043,61041,docs(plugins list): add semantic release cargo community plugin,docs,plugins list,False,docs
61303,61301,"build(deps): bump ansi-regex from 4.1.0 to 5.0.1

Bumps [ansi-regex](https://github.com/chalk/ansi-regex) from 4.1.0 to 5.0.1.
- [Release notes](https://github.com/chalk/ansi-regex/releases)
- [Commits](https://github.com/chalk/ansi-regex/compare/v4.1.0...v5.0.1)

---
updated-dependencies:
- dependency-name: ansi-regex
  dependency-type: indirect
...

Signed-off-by: dependabot[bot] <support@github.com>",build,deps,False,tech_debt
61488,61486,"test(branches): made the tests run serially since the stub setup was bleeding between tests

we should try to adjust the stub setup in each test to try to avoid the need for this, but i think
that should be tackled separately from the current esm effort

for #2543",test,branches,False,tech_debt
61685,61683,"build: harden release.yml permissions
Signed-off-by: Alex <aleksandrosansan@gmail.com>",build,,False,tech_debt
80579,80577,"revert: fix: revert to execa `^1.0.0`

This reverts commit 6b3adf6bbe72d5c32335118e91ca32ec043bbc9e.",revert,,False,tech_debt
80587,80585,chore(package): update dockerode to version 3.0.0,chore,package,False,tech_debt
80692,80690,fix: ignore custom port when converting ssh repo URL to https,fix,,False,bug_fixes
80708,80706,"docs(recipes): GitHub actions (#1317)

Co-Authored-By: Natan Sągol <m@merlinnot.com>",docs,recipes,False,docs
80764,80762,fix(package): update semver-diff to version 3.1.1,fix,package,False,bug_fixes
81116,81114,fix: correctly display command that errored out in logs,fix,,False,bug_fixes
81132,81130,feat: pass `envi-ci` values to plugins context,feat,,False,feature_work
81188,81186,fix: fetch tags on repo cached by the CI,fix,,False,bug_fixes
81268,81266,test: fix copy/paste typo in test titles,test,,False,tech_debt
81308,81306,fix(package): update marked-terminal to version 4.0.0,fix,package,False,bug_fixes
81404,81402,chore(package): update xo to version 0.27.0,chore,package,False,tech_debt
81412,81410,docs: fix formatting for GitBook,docs,,False,docs
81709,81707,fix: don't parse port as part of the path in repository URLs (#1671),fix,,False,bug_fixes
81797,81795,"fix(deps): Require find-versions ^4.0.0 (#1722)

This new version includes a fix for a ReDoS vulnerability in
`semver-regex` that is flagged by some source composition analysis tools
like Snyk:

https://snyk.io/vuln/SNYK-JS-SEMVERREGEX-1047770

It's a major version because it drops support for Node.js 6.x. This
doesn't affect us since we already require Node.js >=10.18.",fix,deps,False,bug_fixes
82085,82083,docs: add semantic-release-github-pullrequest to list of community plugins (#1790),docs,,False,docs
82229,82227,"chore(deps): update dependency got to v11.8.2 (#1858)

Co-authored-by: Renovate Bot <bot@renovateapp.com>",chore,deps,False,tech_debt
82253,82251,"docs(github-actions): example suggests using ubuntu-latest (#1867)

instead of a concrete version of Ubuntu",docs,github-actions,False,docs
82261,82259,"docs(Plugin Developer Guide): Update lifecycle list (#1874)

The old list was missing analyzeCommits lifecycle and the verification lifecycle was incorrectly listed as ""verify"", when it should currently be ""verifyConditions"" in order to properly load.",docs,Plugin Developer Guide,False,docs
82301,82299,docs(plugins-list): add semantic-release-codeartifact (#1939),docs,plugins-list,False,docs
82405,82403,"chore(deps): update dependency trim-newlines to 3.0.1 [security] (#1974)

Co-authored-by: Renovate Bot <bot@renovateapp.com>",chore,deps,False,tech_debt
83410,83408,docs(README): basic updates to point to semantic-release-plus repos and build tools,docs,README,False,docs
83626,83624,Merge branch 'master' into renovate/nock-11.x,other,,False,other
83746,83744,"Merge pull request #37 from semantic-release-plus/renovate/marked-terminal-4.x

fix(deps): update dependency marked-terminal to v4",other,,False,other
83786,83784,Merge branch 'master' of https://github.com/semantic-release/semantic-release into merge-upstream-v17.0.0,other,,False,other
84234,84232,"Merge pull request #109 from semantic-release-plus/renovate/nock-13.x

chore(deps): update dependency nock to v13",other,,False,other
84386,84384,feat: adds a skipTag option to turn off git tagging,feat,,False,feature_work
84642,84640,chore(deps): update dependency sinon to v9.2.4,chore,deps,False,tech_debt
84698,84696,"Merge pull request #165 from semantic-release-plus/renovate/delay-5.x

chore(deps): update dependency delay to v5",other,,False,other
84826,84824,chore(deps): update dependency nock to v13.0.11,chore,deps,False,tech_debt
87300,87298,"feat: change package name to semantic-release-plus

* adds node to run local semantic-release

BREAKING CHANGE: changes the package name to semantic-release-plus",feat,,False,feature_work
87308,87306,"feat: add the ability to filter commits by specifying an array of paths

* adds an optional parameter commitPaths that can be defined as an array of strings. This will be used to filter commit messages similar to git log -- \<paths\>

COMPLETES: #1",feat,,False,feature_work
87372,87370,"Revert ""Revert ""Sync fork source master""""

This reverts commit 11e7ce9ff69de4d494f853b7278b6d4ccaae835c.",other,,False,other
87676,87674,"Merge pull request #39 from semantic-release-plus/beta

Release v17",other,,False,other
88084,88082,chore(deps): pin dependencies,chore,deps,False,tech_debt
88300,88298,chore(deps): update dependency got to v11.5.1,chore,deps,False,tech_debt
88356,88354,chore(deps): update dependency nock to v13.0.3,chore,deps,False,tech_debt
88556,88554,chore(deps): update dependency codecov to v3.8.0,chore,deps,False,tech_debt
88668,88666,chore(deps): update dependency nock to v13.0.6,chore,deps,False,tech_debt
88788,88786,"Merge pull request #172 from semantic-release-plus/skip-tag-cli-usage

fix(cli): adds usage text for skip-tag",other,,False,other
88820,88818,chore(deps): update dependency got to v11.8.2,chore,deps,False,tech_debt
88828,88826,chore(deps): update dependency nock to v13.0.9,chore,deps,False,tech_debt
93576,93574,"Merge pull request #5 from jive/release-allow-outdated-head

Merge into release",other,,False,other
93592,93590,feat: add validation for remote tags (#8),feat,,False,feature_work
93699,93697,Merge remote-tracking branch 'origin/master' into update-master-allow,other,,False,other
104949,104947,"build(engine-strict): strictly enforced node version compatibility for dependencies

to avoid updating to a dependency version that does not support our supported range",build,engine-strict,False,tech_debt
105430,105428,chore(deps): update dependency nock to v13,chore,deps,False,tech_debt
108125,108123,"Create semantic-release-logo.svg

I recreated the logo and used this image as a reference: https://gblobscdn.gitbook.com/spaces%2F-LGsE7zdvzHI5cG-XV6p%2Favatar.png",other,,False,other
108645,108643,"test(integration): do not mock environment variables with `null`

That results in the value `""null""` instead of undefined",test,integration,False,tech_debt
109155,109153,feat: expose getLastRelease plugin step,feat,,False,feature_work
110070,110068,chore: add Renovate Dependency Dashboard to config,chore,,False,tech_debt
110468,110466,refactor: separate finding package.json from reading content,refactor,,False,tech_debt
110492,110490,docs(CONTRIBUTING): add note about default git branch when running tests,docs,CONTRIBUTING,False,docs
110998,110996,"feat!: support multiple git tags and publish major and minor version tag

This adds support for multiple git tags to be specified as input. The user
can now use three new variables: `major`, `minor`, and `patch`.

The default tags aren't only `v${version}` anymore, but `v${major}.${minor}`
and `v${major}`.

This new pattern helps to spread the good practice of creating a git tag
with the major version number so the users can quickly identify what's the
revision of the latest major (or minor) release.

BREAKING CHANGE: the CLI parameter `--tag-format` was renamed to
`--tag-formats` and the `gitTag` variable in the `release`s objects from the
JavaScript API was renamed to `gitTags`, with the `Array` type rather than
`String`. For those relying on the `gitTag` variable, you should now use
`gitTags[0]`.

Fixes #1515",feat,,True,feature_work
112799,112797,add missing url to `[npm]`,other,,False,other
114510,114508,Update get-git-auth-url.test.js,other,,False,other
115577,115575,"fix: adapt for semver to version 7.3.2

see https://github.com/npm/node-semver/issues/322",fix,,False,bug_fixes
116679,116677,docs: add tool for semantic commits,docs,,False,docs
118639,118637,Merge branch 'master' into greenkeeper/got-10.5.2,other,,False,other
119254,119252,fix(package): update @semantic-release/commit-analyzer to version 8.0.0,fix,package,False,bug_fixes
119832,119830,Update README.md,other,,False,other
121101,121099,chore(package): update dependencies,chore,package,False,tech_debt
122496,122494,docs: clarify GitLab CI/CD protected variable usage,docs,,False,docs
122860,122858,style: merge both `filter` functions in `get-last-release`,style,,False,tech_debt
123496,123494,fix: simplify `get-tags` algorithm,fix,,False,bug_fixes
124839,124837,fix: ignore custom port when converting ssh repo URL to https,fix,,False,bug_fixes
125332,125330,"docs(recipes): Remove package.json config example

It was adding nothing to this docs.",docs,recipes,False,docs
126526,126524,chore(package): update xo to version 0.25.0,chore,package,False,tech_debt
126854,126852,"feat: support multiple branches and distribution channels

- Allow to configure multiple branches to release from
- Allow to define a distribution channel associated with each branch
- Manage the availability on distribution channels based on git merges
- Support regular releases, maintenance releases and pre-releases
- Add the `addChannel` plugin step to make an existing release available on a different distribution channel

BREAKING CHANGE: the `branch` option has been removed in favor of `branches`

The new `branches` option expect either an Array or a single branch definition. To migrate your configuration:
- If you want to publish package from multiple branches, please the configuration documentation
- If you use the default configuration and want to publish only from `master`: nothing to change
- If you use the `branch` configuration and want to publish only from one branch: replace `branch` by `branches` (`""branch"": ""my-release-branch""` => `""branches"": ""my-release-branch""`)",feat,,False,feature_work
126958,126956,docs(workflow-configuration): typo,docs,workflow-configuration,False,docs
126974,126972,chore(package): update p-retry to version 3.0.0,chore,package,False,tech_debt
127070,127068,fix: on maintenance branch add to channel only version >= to start range,fix,,False,bug_fixes
127102,127100,fix(package): update @semantic-release/npm to version 5.2.0-beta.3,fix,package,False,bug_fixes
127158,127156,docs: update release triggering section in README,docs,,False,docs
127206,127204,docs: cleaned up wording and typos in docs,docs,,False,docs
127342,127340,"revert: fix(package): update @semantic-release/github back to a build from the beta branch

This reverts commit 3f0a37944db9324381f779b93ae4115b59c3e13b.",revert,,False,tech_debt
128922,128920,chore: remove commitizen from our dependencies,chore,,False,tech_debt
129573,129571,"docs: note publishing on distribution channels in beta

Since the readme hints at doing this, note that features to automate this are in beta. Also discussed at https://spectrum.chat/semantic-release/general/im-trying-to-configure-a-next-release~5bb8e692-a0cd-49be-8379-9fb6b25261fe",docs,,False,docs
129734,129732,ci(node): set node 8 to node 8.3 and add node 12,ci,node,False,tech_debt
130586,130584,Update shareable-configurations-list.md,other,,False,other
130778,130776,fix(package): update execa to version 2.0.0,fix,package,False,bug_fixes
131372,131370,WIP,other,,False,other
131737,131735,fix(package): update env-ci to version 4.0.0,fix,package,False,bug_fixes
132059,132057,"fix: prefix git auth with ""x-access-token:"" when run in a GitHub Action",fix,,False,bug_fixes
132754,132752,fix: pass git repository url which will carry the correct auth,fix,,False,bug_fixes
132789,132787,Merge branch 'beta' into fix-auth-url-issue-prerelease,other,,False,other
133538,133536,docs: added plugin developer guide docs,docs,,False,docs
134144,134142,Merge branch 'master' into patch-1,other,,False,other
135607,135605,Merge branch 'master' into greenkeeper/aggregate-error-3.0.0,other,,False,other
135615,135613,Merge branch 'master' into greenkeeper/aggregate-error-3.0.0,other,,False,other
135881,135879,Merge branch 'master' into add-another-gradle-plugin,other,,False,other
137348,137346,"docs(circle): fix incorrect script example

Little mistake in the example to add a ssh key for circleCi",docs,circle,False,docs
140808,140806,fix(package): update @semantic-release/commit-analyzer to version 7.0.0-beta.2,fix,package,False,bug_fixes
141298,141296,fix: correctly handle skipped releases,fix,,False,bug_fixes
141984,141982,chore(package): update nyc and sinon,chore,package,False,tech_debt
142517,142515,docs: add `@semantic-release/apm` to plugins list,docs,,False,docs
143767,143765,refactor: prefer filter shorter form,refactor,,False,tech_debt
143775,143773,test: fix typo,test,,False,tech_debt
144576,144574,"feat: support multiple plugins for the `analyzeCommits` step

In case multiple plugins with a `analyzeCommits` step are configured, all of them will be executed and the highest release type (`major` > `minor`, `patch`) will be used.",feat,,False,feature_work
144632,144630,docs(plugins): clarify the `analyzeCommits` step,docs,plugins,False,docs
147408,147406,"docs: `analyzeCommits` does not accept an `Array`

[Fixes #924]",docs,,False,docs
148400,148398,Update circleci-workflows.md,other,,False,other
148678,148676,fix: do not convert ssh `repositoryUrl` to https,fix,,False,bug_fixes
149338,149336,"fix: clarify `EPLUGINCONF` error message

The message now specify if the step is required and if it allows to configure multiple plugins.",fix,,False,bug_fixes
150456,150454,"fix: use unauthenticated URL to check if branch is up to date

In case the authentication token provided is unauthorized the call to `isBranchUpToDate` will fail due to lack of read permission if that URL is used. As a result the error about outdated local branch will be reported instead of the one about missing permission.
By using the original (unauthenticated) URL `isBranchUpToDate` shouldn't fail due to permission as it requires only read permissions, that are necessarly present as the CI wass able to clone the repo.",fix,,False,bug_fixes
151868,151866,Merge branch 'caribou' into greenkeeper/read-pkg-up-4.0.0,other,,False,other
152186,152184,chore(package): update sinon to version 6.0.0,chore,package,False,tech_debt
152714,152712,feat: add support for git version 2.0.0,feat,,False,feature_work
154862,154860,fix(package): update env-ci to version 2.0.0,fix,package,False,bug_fixes
155928,155926,Update plugins-list.md,other,,False,other
157656,157654,"chore: Remove unused dependency

It doesn't seem Semantic Release still uses commander anywhere",chore,,False,tech_debt
159102,159100,fix: allow boolean option to be set in config file,fix,,False,bug_fixes
160133,160131,fix: set repository authentication when `repositoryUrl` is set as an option,fix,,False,bug_fixes
160218,160216,"feat: improve CLI

- Replace `commander.js` with `yargs`
- Add CLI unit tests
- Add a `--version` option
- Improve `--help` output
- Remove `commander.js` related workaround
- Allow to set list option with arg repetition or space separated list
- Maintain the list options defined as comma separated list",feat,,False,feature_work
161568,161566,feat: allow plugins to throw an iterable list of errors,feat,,False,feature_work
161709,161707,fix: always transform `git+https` url to `https`,fix,,False,bug_fixes
162079,162077,fix: log all core verification errors,fix,,False,bug_fixes
163872,163870,"docs: documentation improvements

**Refactor and clarify the documentation in `README.md`**
- Add Highlights
- Add a Table of contents
- Clarify the way semantic-release works
- Clarify relationship with the CI environments
- Describe local install for Node projects (with a `package.json`) and global install for non-JavaScript projects
- Explain CI general configuration (environment variables and a run after all jobs are successful)
- Clarify configuration (via config file or CLI arguments)
- Clarify plugin roles and configuration
- Add doc for shareable configuration
- Add recipes
- Add resources (Videos, articles, tutorials)
- Add a Support section
- Add a Team section

**Add the following FAQs**
- How can I use a npm build script that requires the `package.json`’s version ?
- Can I use Semantic-release with Yarn?
- Can I use Semantic-release to publish non-JavaScript packages?
- Can I use Semantic-release with any CI service?
- Can I use Semantic-release with any GitLab?
- Can I use Semantic-release with any Git hosted environment?
- Can I skip the release to the npm registry?
- Can I use .npmrc options?
- How can I set the access level of the published npm package?
- Can I use Semantic-release to publish a package on Artifactory?
- Can I set the initial release version of my package to 0.0.1?
- Why does semantic-release require Node version >= 8?

**Clarify Nove 8 requirement and solutions**
- Add Node version requirement explanation and solutions
- [X] Display a link to the documentation when running on Node < 8 version

**Add recipes**
- Travis
- GitLab CI
- Travis with build stages - To be done in #573
- CircleCI workflows - To be done in #573",docs,,False,docs
165401,165399,Add recipies,other,,False,other
166026,166024,chore(package): update @semantic-release/github to version 2.2.3,chore,package,False,tech_debt
166998,166996,"test: limit information stored in context

Store only objects set in `beforeEach` used in `test`.
Avoid logging useless info on test failure.",test,,False,tech_debt
169180,169178,chore(package): update dependencies,chore,package,False,tech_debt
169761,169759,fix(docs): remove unnecessary backticks in readme,fix,docs,False,bug_fixes
169969,169967,Merge branch 'caribou' into gr2m-patch-1,other,,False,other
173664,173662,fix: remove duplicated files,fix,,False,bug_fixes
175616,175614,"docs: fix grammatical error in README

Just a small fix to make this sentence parse.",docs,,False,docs
176387,176385,chore: add package-lock,chore,,False,tech_debt
177035,177033,Merge branch 'caribou' into feature/include-remote-when-checking-for-which-branch-contains-commit,other,,False,other
177394,177392,Merge branch 'caribou' into caribou,other,,False,other
95703,95701,build(package): lock file,build,package,False,tech_debt
104303,104301,docs: add semantic-release-github-pullrequest to list of community plugins,docs,,False,docs
105729,105727,chore(deps): update dependency js-yaml to v4,chore,deps,False,tech_debt
107103,107101,fix(deps): update dependency cosmiconfig to v7,fix,deps,False,bug_fixes
108544,108542,"feat(docs): note that publish token is required

see https://github.com/semantic-release/npm/issues/277",feat,docs,False,feature_work
108653,108651,WIP trying to mock unset environment variables by setting them to empty strings,other,,False,other
109839,109837,fix: use valid git credentials when multiple are provided,fix,,False,bug_fixes
110476,110474,"test: Throw an Error if package.json has duplicate ""repository"" key",test,,False,tech_debt
112636,112634,fix,other,,False,other
115493,115491,fix: adapt for semver to version 7.3.2 (part II),fix,,False,bug_fixes
115801,115799,Merge branch 'master' into patch-1,other,,False,other
116517,116515,"chore(package): update xo to version 0.28.1

Closes #1488",chore,package,False,tech_debt
117579,117577,chore(package): update xo to version 0.27.0,chore,package,False,tech_debt
119443,119441,docs: Add Gitea integration to  plugins list,docs,,False,docs
120337,120335,remove log,other,,False,other
121289,121287,chore: add Mockserver generated file to gitignore,chore,,False,tech_debt
122844,122842,"fix: correctly determine release to add to a channel

- Add only the most recent release to a channel (rather than adding all the one not added yet)
- Avoid attempting to ad the version twice in case that version is already present in multiple upper branches",fix,,False,bug_fixes
123308,123306,chore: add Mockserver generated file to gitignore,chore,,False,tech_debt
123886,123884,docs: add requirements section to README,docs,,False,docs
125361,125359,docs(recipes): Add docs about automatically GITHUB_TOKEN addition,docs,recipes,False,docs
125727,125725,"fix: clarify error message for EGITNOPERMISSION

This commit updates error message for the egitnopermission error, so that it reflects that such error can be caused by invalid url/server downtime.

Fix #1291",fix,,False,bug_fixes
125752,125750,Merge branch 'update-egitnopermission-message' of github.com:knidarkness/semantic-release into update-egitnopermission-message,other,,False,other
127006,127004,refactor: remove unnecessary `default` of `addChannel` plugin,refactor,,False,tech_debt
127150,127148,docs: add missing recipes link in README,docs,,False,docs
127286,127284,test: fix parsing of test repo URL on Travis in unit tests,test,,False,tech_debt
127859,127857,feat: add optional support for prereleases,feat,,False,feature_work
127950,127948,"revert: docs: cleaned ""Developer guide"" section navigation

This reverts commit b08486327d038e7ee285489bd8cb4f073ed72baa.",revert,,False,tech_debt
128170,128168,"fix(package): update @semantic-release/github back to a build from the beta branch
* Only the beta channel that is compatible with semantic-release v16
* 5.4.0-beta.1 worked, but subsequently v5.4.3 was released from master but didn't include the changes from the beta branch and  5.4.0-beta.1.",fix,package,False,bug_fixes
130832,130830,"chore: document that plugins config is an override

This patch documents that the `plugin` config option is an override, not
a merge with the default. This is significant, for example, if you
customise the github plugin as it will then prevent npm publishing by
default unless the npm plugin is also defined manually.",chore,,False,tech_debt
132109,132107,doc: add info about default plugins,other,,False,other
132583,132581,doc: update table of contents in README,other,,False,other
133555,133553,Merge branch 'master' into docs/plugin-development,other,,False,other
134836,134834,chore(package): update file-url to version 3.0.0,chore,package,False,tech_debt
135524,135522,Merge branch 'master' into patch-1,other,,False,other
138320,138318,docs: cleaned up wording and typos in docs,docs,,False,docs
141976,141974,test: delete unused test helper file,test,,False,tech_debt
142032,142030,docs: mention that `debug` option is CLI only,docs,,False,docs
143334,143332,Update section about maven-semantic-release,other,,False,other
143349,143347,Merge branch 'master' into patch-1,other,,False,other
144148,144146,Added Codefresh in the list of CI/CD tools,other,,False,other
147119,147117,fix(package): update env-ci to version 3.0.0,fix,package,False,bug_fixes
147307,147305,fix: pass custom `env` and `cwd` to `env-ci`,fix,,False,bug_fixes
148586,148584,Merge branch 'caribou' into greenkeeper/get-stream-4.0.0,other,,False,other
149738,149736,refactor: pass complete `context` to `lib/plugins/normalize.js`,refactor,,False,tech_debt
149889,149887,chore(package): update fs-extra to version 7.0.0,chore,package,False,tech_debt
150345,150343,docs: FAQ for reverting a release,docs,,False,docs
150398,150396,fix: allow empty release notes in dry-run mode,fix,,False,bug_fixes
150518,150516,"fix: do not set `path` to plugin config defined as a Function or an Array

If a plugin hook was defined as a `Function` or an `Array` the `path` property would be set to the default value.
Even if this bug had no actual negative impact, it should be fixed so the code would perform as intended.",fix,,False,bug_fixes
150590,150588,refactor: remove unnecessary object destructuring,refactor,,False,tech_debt
152078,152076,fix(package): update p-locate to version 3.0.0,fix,package,False,bug_fixes
152197,152195,Merge branch 'caribou' into greenkeeper/sinon-6.0.0,other,,False,other
152913,152911,docs: fix FAQ heading level,docs,,False,docs
152921,152919,docs: clarify which commit types trigger a release,docs,,False,docs
154061,154059,docs: add link to shareable configs and plugins list,docs,,False,docs
154331,154329,feat: log `git` error message when authentication verification fails,feat,,False,feature_work
156366,156364,fix(package): update git-url-parse to version 8.3.1,fix,package,False,bug_fixes
158220,158218,fix: convert `git+https` URL in package.json to `https`,fix,,False,bug_fixes
158775,158773,chore(package): update proxyquire to version 2.0.0,chore,package,False,tech_debt
159521,159519,"feat: use `@semantic-release/github` as default for `success` and `fail` hooks

BREAKING CHANGE: `success` and `fail` hooks are now enabled by default

In order to disable the `@semantic-release/github` plugin for the `success` and `fail` hook, the corresponding options have to be set to `false` in the **semantic-release** configuration:

```json
{
  ""release"": {
    ""success"": false,
    ""fail"": false
  }
}
```

Users who do not use the `@semantic-release/github` plugin, should disable it in the `success` and `fail` by setting the corresponding options to `false` or to alternative plugin providing `success` and `fail` hooks.",feat,,False,feature_work
111724,111722,"docs: improve github actions recipe on git plugin

Solve semantic-release/semantic-release#1625",docs,,False,docs
115621,115619,"docs: conventional-changelog-angular supports git revert format

This was introduced in
https://github.com/conventional-changelog/conventional-changelog/pull/545",docs,,False,docs
118838,118836,Update troubleshooting.md,other,,False,other
119130,119128,fix(package): update @semantic-release/github to version 7.0.0,fix,package,False,bug_fixes
122100,122098,fix: remove unnecessary `await`,fix,,False,bug_fixes
123816,123814,fix: use authenticated URL to check if local branch is up to date,fix,,False,bug_fixes
126870,126868,fix: fetch all release branches on CI,fix,,False,bug_fixes
126942,126940,fix: allow to set `ci` option via API and config file,fix,,False,bug_fixes
127030,127028,fix(package): update `@semantic-release/github`,fix,package,False,bug_fixes
127054,127052,fix: fix range regexp to handle version with multiple digits,fix,,False,bug_fixes
127214,127212,docs: fix typo in CircleCI recipe,docs,,False,docs
127358,127356,Merge branch 'master' into merge-master-beta,other,,False,other
128720,128718,"docs: broken link docs/03-recipes/travis.md

Fixed the link for `setup with semantic-release-cli.` in 'Environment Variables' section, refering a old file of this repo,",docs,,False,docs
133704,133702,feat(plugin): add support to overwrite branch,feat,plugin,False,feature_work
134257,134255,docs: add a plugin for github pages publishing,docs,,False,docs
134722,134720,chore(package): update nyc to version 14.0.0,chore,package,False,tech_debt
134847,134845,Merge branch 'master' into greenkeeper/file-url-3.0.0,other,,False,other
135539,135537,Merge branch 'master' into patch-1,other,,False,other
135581,135579,fix(package): update aggregate-error to version 3.0.0,fix,package,False,bug_fixes
138336,138334,docs: add semantic-release-ado to community plugins,docs,,False,docs
138504,138502,docs: Adds a reference to the semantic-release-ado plugin on docs/extending/plugins-list.md.,docs,,False,docs
140173,140171,docs: update release triggering section in README,docs,,False,docs
140824,140822,fix(package): update @semantic-release/npm to version 5.2.0-beta.3,fix,package,False,bug_fixes
141447,141445,build: fix Travis maintenance branch regexp,build,,False,tech_debt
143119,143117,"fix: correctly resolve plugins installed globally with `npx`

This bug affects only plugins defined with the `plugins` option and wrapped in an Array to add a configuration",fix,,False,bug_fixes
144485,144483,fix: indicate in logs if running in dry-run mode,fix,,False,bug_fixes
145110,145108,test: fix errors ordering in assertions,test,,False,tech_debt
146229,146227,fix: fix logs for plugins loaded with `plugins` option,fix,,False,bug_fixes
147237,147235,fix(package): update debug to version 4.0.0,fix,package,False,bug_fixes
147829,147827,chore(package): update delay to version 4.0.0,chore,package,False,tech_debt
149059,149057,chore(package): update got to version 9.0.0,chore,package,False,tech_debt
150021,150019,docs: migration to new GitBook version,docs,,False,docs
150160,150158,fix: set default path to `generateNotes` object config,fix,,False,bug_fixes
151816,151814,"Fix documented explanation in plugins.md

`verifyConditions` explanation was wrong previously.",other,,False,other
152347,152345,fix(package): update hook-std to version 1.0.0,fix,package,False,bug_fixes
154765,154763,chore(package): update sinon to version 5.0.1,chore,package,False,tech_debt
155581,155579,Fix: issue#741,fix,,False,bug_fixes
155940,155938,Merge branch 'caribou' into plugins-list,other,,False,other
157852,157850,"feat: allow to use shorthand for `repositoryUrl`

- `owner/repo` => `https://github.com/owner/repo.git`
- `gitlab:owner/repo` => `https://gitlab.com/owner/repo.git`
- `bitbucket:owner/repo` => `https://bitbucket.com/owner/repo.git`",feat,,False,feature_work
160544,160542,docs: fix minor typo in FAQ,docs,,False,docs
162296,162294,docs: recommend to execute semantic-release via npx,docs,,False,docs
163801,163799,docs: troubleshooting,docs,,False,docs
163812,163810,docs: typos. clarifications,docs,,False,docs
167835,167833,chore(package): update prettier to version 1.9.0,chore,package,False,tech_debt
168160,168158,"test: Improve docker start/stop script

- Simplify the loop that check availability
- Increase timeout
- Remove the container after stopping",test,,False,tech_debt
168982,168980,"feat: Make semantic-release language agnostic

- Do not rely on `package.json` anymore
- Use `cosmiconfig` to load the configation. `semantic-release` can be configured:
  - via CLI options (including plugin names but not plugin options)
  - in the `release` property of `package.json` (as before)
  - in a `.releaserc.yml` or `.releaserc.js` or `.releaserc.js` or `release.config.js` file
  - in a `.releaserc` file containing `json`, `yaml` or `javascript` module
- Add the `repositoryUrl` options (used across `semantic-release` and plugins). The value is determined from CLi option, or option configuration, or package.json or the git remote url
- Verifies that `semantic-release` runs from a git repository
- `pkg` and `env` are not passed to plugin anymore
- `semantic-release` can be run both locally and globally. If ran globally with non default plugins, the plugins can be installed both globally or locally.

BREAKING CHANGE: `pkg` and `env` are not passed to plugin anymore.
Plugins relying on a `package.json` must verify the presence of a valid `package.json` and load it.
Plugins can use `process.env` instead of `env`.",feat,,False,feature_work
169958,169956,docs(README): fix plugin anchor links,docs,README,False,docs
171160,171158,fix(package): update @semantic-release/release-notes-generator to version 5.0.0,fix,package,False,bug_fixes
172203,172201,chore(package): update codecov to version 3.0.0,chore,package,False,tech_debt
172331,172329,fix: Log error messages on reject,fix,,False,bug_fixes
174176,174174,chore: Update badges,chore,,False,tech_debt
175580,175578,"Update commit lint suggestion

validate-commit-msg is deprecated, and points to commitlint.",other,,False,other
176476,176474,fix(bin): addapt build leader error to new leader detection algorithm,fix,bin,False,bug_fixes
180324,180322,"feat(errors): detect non-terminating errors and use appropriate exit code

depends on:
- semantic-release/condition-travis#56
- semantic-release/error#63",feat,errors,False,feature_work
181122,181120,fix: use spawn instead of exec for 'git log' to avoid maxBuffer err,fix,,False,bug_fixes
182555,182553,"chore(addfiles): add a new package for testing the build system

affects: lerna-semantic-release-dummy",chore,addfiles,False,tech_debt
182579,182577,"fix(getlastrelease): plugin options now requires tagList, from lerna-semantic-release-io's tagList

affects: lerna-semantic-release-get-last-release

BREAKING CHANGE: plugin options now requires tagList as an argument",fix,getlastrelease,False,bug_fixes
182788,182786,"chore(release): releasing component

affects: lerna-semantic-release-get-last-release@1.0.0

Released from sha undefined
Tag for lerna release",chore,release,False,tech_debt
183044,183042,"chore(release): releasing component

affects: lerna-semantic-release-utils@1.0.0

Released from sha undefined
Tag for lerna release",chore,release,False,tech_debt
183469,183467,"chore(release): releasing component

affects: lerna-semantic-release-get-last-release@5.0.1

Released from sha undefined
Tag for lerna release",chore,release,False,tech_debt
183533,183531,"chore(release): releasing component

affects: lerna-semantic-release-perform@4.0.1

Released from sha undefined
Tag for lerna release",chore,release,False,tech_debt
183589,183587,"chore(release): releasing component

affects: lerna-semantic-release-perform@4.0.1

Released from sha undefined
Tag for lerna release",chore,release,False,tech_debt
183709,183707,"chore(release): releasing component

affects: lerna-semantic-release-post@5.0.1

Released from sha undefined
Tag for lerna release",chore,release,False,tech_debt
183869,183867,"chore(release): releasing component

affects: lerna-semantic-release-perform@4.0.1

Released from sha undefined
Tag for lerna release",chore,release,False,tech_debt
184149,184147,chore: repair git checkout,chore,,False,tech_debt
184389,184387,"chore(release): releasing component

affects: lerna-semantic-release@8.0.1

Released from sha 22143f319338d859bc247213b7c37082f7bbeed8
Tag for lerna release",chore,release,False,tech_debt
184776,184774,chore(package): update tap to version 7.1.1,chore,package,False,tech_debt
186903,186901,chore(package): parse-github-repo-url,chore,package,False,tech_debt
187542,187540,"chore(package): update npmlog to version 3.1.2

https://greenkeeper.io/",chore,package,False,tech_debt
188209,188207,"chore(package): update standard to version 7.0.0

https://greenkeeper.io/",chore,package,False,tech_debt
190088,190086,"docs(readme): fix link to explanation of commit message format

The conventions have been split off in ajoslin/conventional-changelog@48580b039197f45574f309b1c2ade18c17c2933b

One could also link to the pinned version, https://github.com/stevemao/conventional-changelog-angular/blob/f07464cd7577e3c0aab9d400e9ca8da219603bba/convention.md",docs,readme,False,docs
190379,190377,"docs(readme): note for linux installation instructions

for Linux users, keytar requires installation of `libgnome-keyring`",docs,readme,False,docs
191599,191597,"refactor(post): Make post script pluggable.

Refactor the post script so that it's pluggable. Move the existing
functionality of the post script into a `github-release` plugin, and
make that plugin the default for the post lifecycle stage.

By making the post script pluggable, other SCM platforms can be
supported in addition to GitHub.",refactor,post,False,tech_debt
192785,192783,"chore(package): update babel to version 6.0.0

http://greenkeeper.io/",chore,package,False,tech_debt
194336,194334,test(mocks): correctly fail git command when ref not in history,test,mocks,False,tech_debt
194344,194342,"fix(commits): handle failing git command correctly and show meaningful error

Closes #83",fix,commits,False,bug_fixes
197006,197004,docs(readme): Link to Travis profile for enabling the repo,docs,readme,False,docs
199281,199279,refactor: use git-node instead of exec git,refactor,,False,tech_debt
199565,199563,fix(cli): npm publish abbrev,fix,cli,False,bug_fixes
149,146,"fix: do not expose the authenticated repository URL in EGITNOPERMISSION errors

The EGITNOPERMISSION error interpolated `options.repositoryUrl` into its
details. By the time this error is thrown, `repositoryUrl` has been
replaced by the result of `getGitAuthUrl()`, which can embed CI
credentials (GH_TOKEN, GITHUB_TOKEN, GL_TOKEN, BB_TOKEN, …) as basic
auth in the URL.

Terminal output and fail-plugin inputs are masked by `hideSensitive`,
but the thrown error object itself is rethrown unmasked to programmatic
API consumers, so wrappers that report `error.details` (PR comments,
error trackers, …) could leak the token.

Use `options.originalRepositoryURL` (the URL before credentials are
resolved) in the error details instead.

Co-Authored-By: Claude Fable 5 <noreply@anthropic.com>",fix,,False,bug_fixes
169,167,Merge branch 'master' into fix/egitnopermission-credential-leak,other,,False,other
530,528,chore(deps): update dependency npm-run-all2 to v9.0.3,chore,deps,False,tech_debt
574,572,ci(action): update github/codeql-action action to v4.37.4,ci,action,False,tech_debt
834,832,"chore: remove 'next version' badge from README

Removed the 'next version' badge from README.",chore,,False,tech_debt
1100,1098,ci(action): update actions/checkout action to v7.0.1,ci,action,False,tech_debt
1255,1253,"fix: handle potential null values in commit message and gitTags trimming

Co-authored-by: alanturing881 <alanturing881@users.noreply.github.com>",fix,,False,bug_fixes
2913,2911,ci(action): update actions/checkout action to v7,ci,action,False,tech_debt
3206,3204,chore(deps): update dependency @types/node to v24.13.2,chore,deps,False,tech_debt
4953,4951,chore(deps): update dependency nock to v14.0.15,chore,deps,False,tech_debt
5499,5497,"build(deps): bump uuid and dockerode

Removes [uuid](https://github.com/uuidjs/uuid). It's no longer used after updating ancestor dependency [dockerode](https://github.com/apocas/dockerode). These dependencies need to be updated together.


Removes `uuid`

Updates `dockerode` from 4.0.10 to 5.0.0
- [Release notes](https://github.com/apocas/dockerode/releases)
- [Commits](https://github.com/apocas/dockerode/compare/v4.0.10...v5.0.0)

---
updated-dependencies:
- dependency-name: uuid
  dependency-version: 
  dependency-type: indirect
- dependency-name: dockerode
  dependency-version: 5.0.0
  dependency-type: direct:development
...

Signed-off-by: dependabot[bot] <support@github.com>",build,deps,False,tech_debt
5935,5933,Merge branch 'master' into add-linear-issue-status-plugin,other,,False,other
6573,6571,chore(deps): lock file maintenance,chore,deps,False,tech_debt
7065,7063,ci(action): update github/codeql-action action to v4.33.0,ci,action,False,tech_debt
7242,7240,chore(deps): update dependency @types/node to v24.12.0,chore,deps,False,tech_debt
10112,10110,Merge branch 'master' into patch-1,other,,False,other
10186,10184,ci(action): update github/codeql-action action to v4.31.9,ci,action,False,tech_debt
12676,12674,Update README.md,other,,False,other
13594,13592,chore(deps): update dependency got to v14.6.0,chore,deps,False,tech_debt
13888,13886,ci(release): enable triggering the release workflow for the alpha branch,ci,release,False,tech_debt
14210,14208,"fix(deps): update dependency yargs to v18 (#3745)

Co-authored-by: renovate[bot] <29139614+renovate[bot]@users.noreply.github.com>",fix,deps,False,bug_fixes
14234,14232,Merge branch 'master' of github.com:semantic-release/semantic-release into beta,other,,False,other
14250,14248,Merge branch 'master' of github.com:semantic-release/semantic-release into beta,other,,False,other
14327,14325,fix(deps): update to the stable version of the release-notes-generator plugin,fix,deps,False,bug_fixes
17454,17452,ci(action): update github/codeql-action action to v3.29.9,ci,action,False,tech_debt
18130,18128,docs(plugin): add python uv plugin to plugins list,docs,plugin,False,docs
18239,18237,chore(deps): update dependency @types/node to v22.17.0,chore,deps,False,tech_debt
21554,21552,chore(deps): update dependency dockerode to v4.0.7,chore,deps,False,tech_debt
614,612,chore: update node engine version to ^22.22.2 || >=24.15 in package.json,chore,,False,tech_debt
2389,2387,chore(deps): update verdaccio/verdaccio:6.7.2 docker digest to dcd9922,chore,deps,False,tech_debt
2993,2991,chore(docs): update links in CONTRIBUTING.md to point to the new documentation structure,chore,docs,False,tech_debt
4628,4626,ci(action): update github/codeql-action action to v4.35.5,ci,action,False,tech_debt
5260,5258,chore(deps): lock file maintenance,chore,deps,False,tech_debt
6639,6637,chore(deps): update dependency p-retry to v8,chore,deps,False,tech_debt
8034,8032,ci(action): update github/codeql-action action to v4.32.4,ci,action,False,tech_debt
8444,8442,chore(deps): update dependency tempy to v3.2.0,chore,deps,False,tech_debt
8785,8783,"chore(docs): remove references to obsolete 3rd party github apps

- https://www.actionspanel.app/ points to GitHub's standard Manual Trigger
- https://github-action-button.web.app/ is dead",chore,docs,False,tech_debt
14242,14240,fix(deps): upgrade to the beta of the github plugin,fix,deps,False,bug_fixes
14319,14317,fix(deps): update to the stable version of the github plugin,fix,deps,False,bug_fixes
14656,14654,chore(deps): update dependency @types/node to v22.18.9,chore,deps,False,tech_debt
15656,15654,chore(deps): update dependency semantic-release to v24,chore,deps,False,tech_debt
15707,15705,chore(deps): update dependency semantic-release to v24.2.9,chore,deps,False,tech_debt
15992,15990,fix(deps): update dependency semver-diff to v5,fix,deps,False,bug_fixes
16648,16646,ci(action): update github/codeql-action action to v3.30.1,ci,action,False,tech_debt
17083,17081,ci(action): update github/codeql-action action to v3.29.11,ci,action,False,tech_debt
17565,17563,ci(action): update actions/checkout action to v4.3.0,ci,action,False,tech_debt
18293,18291,chore(deps): lock file maintenance,chore,deps,False,tech_debt
20700,20698,fix(deps): update dependency marked to v16,fix,deps,False,bug_fixes
20889,20887,chore(deps): lock file maintenance,chore,deps,False,tech_debt
22026,22024,chore(deps): update dependency @types/node to v22.15.28,chore,deps,False,tech_debt
22834,22832,fix: support all tag names,fix,,False,bug_fixes
23350,23348,ci(action): update github/codeql-action action to v3.28.18,ci,action,False,tech_debt
23600,23598,chore(deps): update dependency @types/node to v22.15.17,chore,deps,False,tech_debt
23966,23964,chore(deps): lock file maintenance,chore,deps,False,tech_debt
25517,25515,chore(deps): update dependency got to v14.4.7,chore,deps,False,tech_debt
26190,26188,chore(deps): update dependency sinon to v19.0.4,chore,deps,False,tech_debt
26581,26579,ci(action): update github/codeql-action action to v3.28.11,ci,action,False,tech_debt
27118,27116,ci(action): update actions/upload-artifact action to v4.6.1,ci,action,False,tech_debt
27280,27278,chore(deps): update dependency publint to v0.3.6,chore,deps,False,tech_debt
27909,27907,chore(deps): lock file maintenance,chore,deps,False,tech_debt
28417,28415,Merge branch 'master' into fix-gha-link,other,,False,other
28468,28466,chore(deps): update npm to v11,chore,deps,False,tech_debt
30428,30426,chore(deps): lock file maintenance,chore,deps,False,tech_debt
30767,30765,fix(ci): allow for publishing on allowed tag names,fix,ci,False,bug_fixes
30845,30843,chore(deps): lock file maintenance,chore,deps,False,tech_debt
31016,31014,"fix: update github-actions docs actions

The GitHub actions used in the docs were outdated.",fix,,False,bug_fixes
33085,33083,chore(deps): update npm to v10.9.0,chore,deps,False,tech_debt
33142,33140,"feat: clarify branch existence requirement in error messages

Updated error messages in `EMAINTENANCEBRANCHES`, `ERELEASEBRANCHES`, and `EPRERELEASEBRANCH` to explicitly state that branches must exist on the remote repository.

This change is necessary because it was confusing for developers configuring semantic-release who had not yet created the remote branches. By clearly stating that the branches must exist on the remote, we help prevent misconfigurations and improve the user experience.",feat,,False,feature_work
34137,34135,chore(deps): lock file maintenance,chore,deps,False,tech_debt
35666,35664,ci(action): update github/codeql-action action to v3.25.12,ci,action,False,tech_debt
38397,38395,chore(deps): lock file maintenance,chore,deps,False,tech_debt
39682,39680,chore(deps): lock file maintenance,chore,deps,False,tech_debt
40575,40573,fix(deps): update dependency @semantic-release/release-notes-generator to v13,fix,deps,False,bug_fixes
40857,40855,ci(action): update github/codeql-action action to v3.24.8,ci,action,False,tech_debt
41723,41721,chore(deps): update dependency nock to v13.5.3,chore,deps,False,tech_debt
43165,43163,feat(config): add tagReleaseAfter to config,feat,config,False,feature_work
44064,44062,chore(deps): update dependency p-retry to v6.2.0,chore,deps,False,tech_debt
45003,45001,chore(deps): update dependency ava to v6.0.1,chore,deps,False,tech_debt
46242,46240,chore(deps): update dependency testdouble to v3.20.1,chore,deps,False,tech_debt
49718,49716,chore(deps): update dependency sinon to v16,chore,deps,False,tech_debt
49827,49825,Merge branch 'master' into patch-1,other,,False,other
50830,50828,ci(action): update github/codeql-action action to v2.21.5,ci,action,False,tech_debt
51187,51185,"feat: Added TypeScript definitions

Fully implemented TS definitions for semantic-release package",feat,,False,feature_work
51980,51978,fix(deps): update dependency hosted-git-info to v7,fix,deps,False,bug_fixes
52358,52356,fix(deps): update dependency marked to v6,fix,deps,False,bug_fixes
52685,52683,ci(action): update github/codeql-action action to v2.21.0,ci,action,False,tech_debt
54312,54310,chore(deps): lock file maintenance,chore,deps,False,tech_debt
54411,54409,fix(deps): update dependency @semantic-release/github to v9,fix,deps,False,bug_fixes
56481,56479,chore(deps): update dependency fs-extra to ^11.1.0,chore,deps,False,tech_debt
56647,56645,Merge branch 'master' of github.com:semantic-release/semantic-release into beta,other,,False,other
56867,56865,chore(deps): lock file maintenance,chore,deps,False,tech_debt
57159,57157,chore(deps): update dependency dockerode to v3.3.5,chore,deps,False,tech_debt
58120,58118,test(unit): import ESM plugin with named exports,test,unit,False,tech_debt
58281,58279,"Revert ""chore(deps): update dependency ava to v5.1.1""

This reverts commit 3f3b286fb80215b2ad65378340208eb4c8eb6aea.",other,,False,other
58889,58887,"docs: update node LTS version for npx command

The [lts tag](https://www.npmjs.com/package/node?activeTab=versions) refers to Node.js 16.13.2. To use v18 of Node you need to use the tag `v18-lts`.",docs,,False,docs
60026,60024,test(integration): omitted the `GITHUB_ACTION` env var as well,test,integration,False,tech_debt
60765,60763,fix(env-ci): updated to the stable esm-only version (#2632),fix,env-ci,False,bug_fixes
61472,61470,test(aggregate-error): accounted for `.errors` for config verification,test,aggregate-error,False,tech_debt
61590,61588,Merge branch 'master' of github.com:semantic-release/semantic-release into travi/esm,other,,False,other
62926,62924,"test: replaced proxyquire with testdouble

for #2133",test,,False,tech_debt
66647,66645,"Merge pull request #45 from semantic-release-plus/merge-upstream-16.0.2

Merge upstream 16.0.2",other,,False,other
66655,66653,Update dependency got to v10.3.0,other,,False,other
66695,66693,chore(deps): update dependency sinon to v8.1.1,chore,deps,False,tech_debt
66952,66950,chore(deps): update dependency nyc to v15.0.1,chore,deps,False,tech_debt
67016,67014,"Merge pull request #89 from semantic-release-plus/renovate/pin-dependencies

chore(deps): pin dependencies",other,,False,other
67032,67030,chore(deps): update dependency ava to v3.8.0,chore,deps,False,tech_debt
67192,67190,chore(deps): update dependency ava to v3.10.0,chore,deps,False,tech_debt
67240,67238,chore(deps): update dependency delay to v4.4.0,chore,deps,False,tech_debt
67320,67318,"Merge pull request #127 from semantic-release-plus/merge-upstream

Merge upstream",other,,False,other
67464,67462,chore(deps): update dependency ava to v3.13.0,chore,deps,False,tech_debt
67528,67526,chore(deps): update dependency nock to v13.0.5,chore,deps,False,tech_debt
67568,67566,chore(deps): update dependency js-yaml to v3.14.1,chore,deps,False,tech_debt
67640,67638,"Merge pull request #165 from semantic-release-plus/renovate/delay-5.x

chore(deps): update dependency delay to v5",other,,False,other
67673,67671,"Merge pull request #170 from semantic-release-plus/beta

Beta",other,,False,other
67993,67991,chore(deps): update dependency lodash to 4.17.21 [security],chore,deps,False,tech_debt
68017,68015,"Merge pull request #205 from semantic-release-plus/latest-upstream

Latest upstream",other,,False,other
68057,68055,"Merge pull request #206 from semantic-release-plus/renovate/npm-browserslist-vulnerability

chore(deps): update dependency browserslist to 4.16.5 [security]",other,,False,other
68385,68383,chore(deps): update dependency ansi-regex to 5.0.1 [security],chore,deps,False,tech_debt
68433,68431,chore(deps): update dependency lint-staged to v11.2.4,chore,deps,False,tech_debt
68529,68527,chore(deps): update dependency eslint to v8.3.0,chore,deps,False,tech_debt
69616,69614,"docs: fix second brokenn link

A second occurrence of the same link.",docs,,False,docs
70276,70274,fix: remove repeated 'with' word,fix,,False,bug_fixes
72270,72268,"docs(plugins): add @eshepelyuk/semantic-release-helm-oci to plugins list

Signed-off-by: Ievgenii Shepeliuk <eshepelyuk@gmail.com>",docs,plugins,False,docs
73439,73437,"Merge pull request #31 from semantic-release-plus/renovate/nyc-15.x

Update dependency nyc to v15",other,,False,other
73463,73461,"Merge pull request #33 from semantic-release-plus/renovate/nock-11.x

chore(deps): update dependency nock to v11.7.2",other,,False,other
73751,73749,chore(deps): update dependency nock to v11.9.1,chore,deps,False,tech_debt
73967,73965,chore(deps): update dependency got to v11.1.3,chore,deps,False,tech_debt
74047,74045,"Merge pull request #87 from semantic-release-plus/renovate/marked-1.x

fix(deps): update dependency marked to v1",other,,False,other
74199,74197,docs: add steps for merging upstream changes,docs,,False,docs
74287,74285,chore(deps): update dependency ava to v3.12.0,chore,deps,False,tech_debt
74415,74413,chore(deps): update dependency nock to v13.0.5,chore,deps,False,tech_debt
74959,74957,"docs: adds docker community plugin that supports major, minor tagging

@semantic-release-plus/docker is a fork of semantic-release-docker
converted to typescript and 100% test coverage added.

@semantic-release-plus/docker also adds the functionality to support
major, minor tagging.",docs,,False,docs
75601,75599,fix(deps): update dependency read-pkg-up to v9,fix,deps,False,bug_fixes
75939,75937,"fix: Resolve problems with setting options.ci and .noCi

This was covered in #1696. This is an attempt to resolve all outstanding
known issues between ci and noCi from command line and env.",fix,,False,bug_fixes
77630,77628,Merge remote-tracking branch 'upstream/master' into sync-upstream-15.13.32,other,,False,other
77638,77636,"Merge pull request #29 from semantic-release-plus/sync-upstream-15.13.32

Sync upstream 15.13.32",other,,False,other
77750,77748,"Merge pull request #31 from semantic-release-plus/renovate/nyc-15.x

Update dependency nyc to v15",other,,False,other
77766,77764,Merge branch 'master' into renovate/nock-11.x,other,,False,other
77942,77940,chore(deps): update dependency got to v10.5.5,chore,deps,False,tech_debt
77982,77980,Merge branch 'semantic-release-master' into sync-upstream-17.0.4,other,,False,other
78086,78084,chore(deps): update dependency tempy to v0.5.0,chore,deps,False,tech_debt
78198,78196,"Merge pull request #88 from semantic-release-plus/merge-upstream-17.0.6

Merge upstream 17.0.6",other,,False,other
78302,78300,chore(deps): update dependency nyc to v15.1.0,chore,deps,False,tech_debt
78438,78436,chore(deps): update dependency delay to v4.4.0,chore,deps,False,tech_debt
78454,78452,chore(deps): update dependency dockerode to v3.2.1,chore,deps,False,tech_debt
78678,78676,chore(deps): update dependency codecov to v3.8.0,chore,deps,False,tech_debt
78830,78828,chore(deps): update dependency delay to v5,chore,deps,False,tech_debt
79062,79060,docs: update .all-contributorsrc [skip ci],docs,,False,docs
79302,79300,"Merge pull request #216 from semantic-release-plus/20210618-merge-upstream

20210618 merge upstream",other,,False,other
79342,79340,Merge branch 'master' of https://github.com/semantic-release/semantic-release into 20210719-upstream,other,,False,other
79486,79484,Merge branch 'master' of https://github.com/semantic-release/semantic-release into merge-upstream-20210908,other,,False,other
79843,79841,"docs: fix broken link on github actions recipe

The link to the secrets and environment variables was broken since the documentation changed.
I pointed the link to the URL that made most sense, since users can choose to create the secret wherever they want.",docs,,False,docs
80023,80021,"ci(engines): moved the engines enforcement to the single job instead of the matrix

since it is not environment specific, but instead compares the range to that of the dependencies",ci,engines,False,tech_debt
83314,83312,"Merge pull request #9 from semantic-release/master

Sync fork source master",other,,False,other
83466,83464,chore(deps): update dependency mockserver-client to v5.8.0,chore,deps,False,tech_debt
83602,83600,GitBook: [master] 3 pages modified,other,,False,other
83730,83728,chore: update renovate config to force semantic commits,chore,,False,tech_debt
83914,83912,chore(deps): update dependency got to v10.6.0,chore,deps,False,tech_debt
83994,83992,chore(deps): update dependency dockerode to v3.2.0,chore,deps,False,tech_debt
84050,84048,test: updates function declaration to match updated syntax,test,,False,tech_debt
84090,84088,chore(deps): update dependency ava to v3.8.0,chore,deps,False,tech_debt
84114,84112,chore(deps): update dependency ava to v3.8.1,chore,deps,False,tech_debt
84242,84240,chore(deps): update dependency got to v11.4.0,chore,deps,False,tech_debt
84338,84336,chore(deps): update dependency nock to v13.0.3,chore,deps,False,tech_debt
84506,84504,chore(deps): update dependency got to v11.7.0,chore,deps,False,tech_debt
84522,84520,chore(deps): update dependency ava to v3.13.0,chore,deps,False,tech_debt
84530,84528,chore(deps): update dependency sinon to v9.1.0,chore,deps,False,tech_debt
84586,84584,chore(deps): update dependency nock to v13.0.5,chore,deps,False,tech_debt
85305,85303,ci(workflow): add 'npm' cache for actions/setup-node in .github/workflows,ci,workflow,False,tech_debt
86667,86665,chore(deps): update dependency dockerode to v3.3.0,chore,deps,False,tech_debt
87436,87434,"Merge pull request #18 from semantic-release-plus/update-readme

docs(README): basic updates to point to semantic-release-plus repos a…",other,,False,other
87524,87522,"Merge pull request #23 from semantic-release-plus/renovate/mockserver-client-5.x

Update dependency mockserver-client to v5.8.0",other,,False,other
87636,87634,"Merge pull request #32 from semantic-release-plus/renovate/mockserver-client-5.x

Update dependency mockserver-client to v5.8.1",other,,False,other
87820,87818,chore(deps): update dependency got to v10.5.5,chore,deps,False,tech_debt
87844,87842,"Merge pull request #52 from semantic-release-plus/renovate/codecov-3.x

chore(deps): update dependency codecov to v3.6.5",other,,False,other
88148,88146,chore(deps): update dependency ava to v3.8.2,chore,deps,False,tech_debt
88156,88154,chore(deps): update dependency got to v11.1.3,chore,deps,False,tech_debt
88204,88202,chore(deps): update dependency fs-extra to v9.0.1,chore,deps,False,tech_debt
88292,88290,chore(deps): update dependency mockserver-client to v5.11.0,chore,deps,False,tech_debt
88380,88378,Merge branch 'master' of https://github.com/semantic-release/semantic-release into merge-upstream,other,,False,other
88732,88730,Merge branch 'master' of https://github.com/semantic-release/semantic-release into merge-upstream,other,,False,other
88900,88898,"Update nx-monorepo.md

Added missing @ . Otherwise publishing will fail with `Cannot find module 'semantic-release/npm`.",other,,False,other
88932,88930,docs: update README.md [skip ci],docs,,False,docs
89036,89034,Merge branch 'master' into all-contributors/add-JoA-MoS,other,,False,other
91462,91460,docs(workflow-configurator): fix single typo,docs,workflow-configurator,False,docs
93354,93352,fix(deps): update dependency read-pkg-up to v8,fix,deps,False,bug_fixes
93433,93431,docs: use consistent version number for tag recovery,docs,,False,docs
93552,93550,"Merge pull request #3 from jive/merge-to-master

feat: add option to run when branch is behind remote (#1)",other,,False,other
93691,93689,chore: rebase master onto upstream/master [DT-2258],chore,,False,tech_debt
93716,93714,Merge remote-tracking branch 'fork/allow-outdated-head' into allow-outdated-head,other,,False,other
96989,96987,docs: fix links to gitlab releases documentation,docs,,False,docs
98288,98286,docs: update documentation for addNote function,docs,,False,docs
106477,106475,chore(deps): update dependency got to v11.8.1,chore,deps,False,tech_debt
107258,107256,"fix(deps): update to yargs 16.2.0

fixes vulnerability in y18n which is a dependency of yargs version 15:
https://nvd.nist.gov/vuln/detail/CVE-2020-7774",fix,deps,False,bug_fixes
107903,107901,"strip SVG 

Using svgo",other,,False,other
108697,108695,WIP oops actually use `processEnv`,other,,False,other
109175,109173,refactor: removed line breaks to align with xo rule,refactor,,False,tech_debt
110749,110747,"docs: reorder default plugins list

Reorder the list default plugins from alphabetical to order of execution.",docs,,False,docs
111867,111865,docs(github-actions): use actions/checkout@v2,docs,github-actions,False,docs
112644,112642,docs cleanup,other,,False,other
114260,114258,fix: Check out lf line endings on Windows according to lint rules,fix,,False,bug_fixes
114332,114330,Merge branch 'upstream' into prev1,other,,False,other
114340,114338,Merge branch 'upstream' into prev1,other,,False,other
117852,117850,fix: add `repositoryUrl` in logs,fix,,False,bug_fixes
118016,118014,"fix: make error more verbose ""local branch * is behind the remote *""

More details see in https://github.com/semantic-release/semantic-release/issues/1208#issuecomment-586888289",fix,,False,bug_fixes
119190,119188,fix(package): update @semantic-release/npm to version 7.0.0,fix,package,False,bug_fixes
119878,119876,"docs(travis): build on all branches by default

If you want to have more prereleases than default so you have to enable deploy on all branches. ref.: https://docs.travis-ci.com/user/deployment#examples-of-conditional-deployment",docs,travis,False,docs
120030,120028,"docs: add note about ""/"" in name",docs,,False,docs
121624,121622,fix: allow plugins to set environment variables to be used by other plugins,fix,,False,bug_fixes
122358,122356,feat: allow to release any version on a branch if up to date with next branch,feat,,False,feature_work
123773,123771,fix(package): update micromatch to version 4.0.2,fix,package,False,bug_fixes
123870,123868,fix: remove hack to workaround GitHub Rebase & Merge,fix,,False,bug_fixes
125668,125666,fix: clarify message for EGITNOPERMISSION error,fix,,False,bug_fixes
126934,126932,docs: switch to spectrum.chat,docs,,False,docs
126950,126948,docs: mention that `debug` option is CLI only,docs,,False,docs
127014,127012,feat: allow `addChannel` plugins to return `false` in order to signify no release was done,feat,,False,feature_work
127374,127372,"revert: fix: revert to execa `^1.0.0`

This reverts commit 6b3adf6bbe72d5c32335118e91ca32ec043bbc9e.",revert,,False,tech_debt
127868,127866,feat: add optional support for prereleases,feat,,False,feature_work
128977,128975,"docs(configuration): change `git` to `github`

@semantic-release/git does is changed to @semantic-release/github",docs,configuration,False,docs
129411,129409,"docs: repared broken links to ""CI configuration recipes""",docs,,False,docs
132002,132000,test: fix parsing of test repo URL on Travis in unit tests,test,,False,tech_debt
132919,132917,"Merge pull request #1 from hazcod/imgbot

[ImgBot] Optimize images",other,,False,other
133456,133454,fix: fix maintenance branch regex,fix,,False,bug_fixes
134207,134205,Merge branch 'master' into patch-1,other,,False,other
134542,134540,Merge branch 'master' into master,other,,False,other
134665,134663,Merge branch 'master' into greenkeeper/tempy-0.3.0,other,,False,other
134784,134782,fix(package): update resolve-from to version 5.0.0,fix,package,False,bug_fixes
135512,135510,"docs: update commitlint URL

The current commitlint URL goes to a repo which contains a redirect message and new URL.
Replace the outdated URL with the new URL for the commitlint repo.",docs,,False,docs
135872,135870,docs: add a plugin for Gradle project,docs,,False,docs
136386,136384,fix(package): update p-reduce to version 2.0.0,fix,package,False,bug_fixes
139485,139483,Merge branch 'master' into greenkeeper/xo-0.24.0,other,,False,other
139596,139594,docs: cleaned up wording and typos in docs,docs,,False,docs
140671,140669,fix: harmonize parameters passed to `getError`,fix,,False,bug_fixes
140800,140798,fix: call `success` plugin only once for releases added to a channel,fix,,False,bug_fixes
142000,141998,docs: add `@semantic-release/apm` to plugins list,docs,,False,docs
142580,142578,docs: add maven-semantic-release to list of community plugins,docs,,False,docs
142640,142638,chore(package): fix(package): update nyc and sinon,chore,package,False,tech_debt
144098,144096,docs: add Codefresh in list of CIs with pipelines,docs,,False,docs
146596,146594,fix: add `cwd` to `ENOGITREPO` error message,fix,,False,bug_fixes
149415,149413,test: use `semanticrelease/npm-registry-docker` Docker image for tests,test,,False,tech_debt
150542,150540,"refactor: always return an `Array` of results/errors from a plugin pipeline

Always return an `Array` from a pipeline simplify the function utilization as it's more deterministic. Previously, it would return/throw a single value/error when called with a single input and an `Array` of results/errors when called with an `Array` of input.",refactor,,False,tech_debt
150566,150564,"refactor: use the `lastInput` arg to compute the `prepare` pipeline next input

Use the `getNextInput`'s provided argument rather than relying on the closure.",refactor,,False,tech_debt
150598,150596,refactor: use `Object.entries` rather than `Object.keys`,refactor,,False,tech_debt
150834,150832,fix: fetch all tags even if the repo is not shallow,fix,,False,bug_fixes
153080,153078,"docs: Add details about how semantic-release handles merges.

Especially how it handles squash merges.  See https://github.com/semantic-release/commit-analyzer/issues/65",docs,,False,docs
160390,160388,docs: add Travis Build Stages recipe,docs,,False,docs
160406,160404,"docs: simplify travis config

- remove OSs
- remove Node 4",docs,,False,docs
160725,160723,"docs: make some grammatical, spelling, typo fixes.",docs,,False,docs
161109,161107,test: add test to parse GitLab/Bitbucket URLs with groups,test,,False,tech_debt
162308,162306,docs: explain npx alternatives for Yarn,docs,,False,docs
162389,162387,feat: log all verification errors,feat,,False,feature_work
163034,163032,ci(travis): use Build Stages,ci,travis,False,tech_debt
164179,164177,test: add missing mockserver mocks,test,,False,tech_debt
167292,167290,chore(package): update fs-extra to version 5.0.0,chore,package,False,tech_debt
168216,168214,"test: Isolate environment variables passed to semantic-release

`npm` is called through `semantic-release` and in the integration test to make some assertion.
By isolating the the environment variables passed to `semantic-release` it's easier to avoid a mistake that would pass the test environment that contains is own auth variables.",test,,False,tech_debt
168925,168923,"feat: Expect plugins to return Promises

BREAKING CHANGE: Each plugin is expected to return an async function or a Promise returning function. The callback parameter is not passed to plugins anymore.",feat,,False,feature_work
173387,173385,"feat: Allow to recover from ENOTINHISTORY with a tag and handle detached head repo

- Tag sha will now be used also if there is a gitHead in last release and it's not in the history
- Use `git merge-base` to determine if a commit is in history, allowing to use CI creating detached head repo
- Mention recovery solution by creating a version tag in `ENOTINHISTORY` and `ENOGITHEAD` error messages
- Do not mention branches containing missing commit in `ENOTINHISTORY` and `ENOGITHEAD` error messages as it's not available by default on most CI",feat,,False,feature_work
1247,1245,"fix: prevent template evaluation syntax in branch expansion and tag formatting

Co-authored-by: alanturing881 <alanturing881@users.noreply.github.com>",fix,,False,bug_fixes
1638,1636,chore(deps): update npm to v12,chore,deps,False,tech_debt
1726,1724,fix: ensure plugins.prepare is called in the correct condition,fix,,False,bug_fixes
2151,2149,chore(deps): update dependency got to v15.0.7,chore,deps,False,tech_debt
2458,2456,chore(deps): lock file maintenance,chore,deps,False,tech_debt
2953,2951,chore(docs): update documentation links to use new structure,chore,docs,False,tech_debt
3682,3680,chore(deps): update dependency @types/node to v24.13.1,chore,deps,False,tech_debt
3726,3724,chore(deps): lock file maintenance,chore,deps,False,tech_debt
3988,3986,chore(deps): update npm to v11.16.0,chore,deps,False,tech_debt
4502,4500,chore(deps): lock file maintenance,chore,deps,False,tech_debt
4539,4537,chore(deps): update dependency clear-module to v4.1.3,chore,deps,False,tech_debt
4661,4659,chore(deps): update dependency @types/node to v24.12.4,chore,deps,False,tech_debt
1239,1237,"fix(hide-sensitive): mask key/auth/webhook env vars

Co-authored-by: alanturing881 <alanturing881@users.noreply.github.com>",fix,hide-sensitive,False,bug_fixes
1841,1839,chore(deps): lock file maintenance,chore,deps,False,tech_debt
2250,2248,chore(deps): update dependency prettier to v3.8.5,chore,deps,False,tech_debt
2969,2967,"chore: remove outdated documentation files

- Deleted troubleshooting.md to streamline support documentation.
- Removed usage/README.md as it was redundant.
- Eliminated ci-configuration.md to consolidate CI setup guidance.
- Removed configuration.md to simplify configuration instructions.
- Deleted getting-started.md to enhance clarity in onboarding.
- Removed installation.md to centralize installation instructions.
- Deleted plugins.md to reduce complexity in plugin documentation.
- Removed shareable-configurations.md to streamline configuration sharing.
- Deleted workflow-configuration.md to simplify release workflow guidance.",chore,,False,tech_debt
3466,3464,"Revert ""fix(code-quality): add missing comma in context object for consistency""

This reverts commit 493d6cdaa1ed697427acea596d0d25eb53b462a2.",other,,False,other
3498,3496,"Revert ""refactor: remove obsolete release type constants and notes separator""

This reverts commit 7d71f2eb14a7986f9c757874ec095af9139af432.",other,,False,other
3506,3504,"Revert ""refactor: remove obsolete test files for logger, git, sensitive data handling, and utility functions""

This reverts commit 1ae1a19cdf3ef4a5fd7b4b2bbb1ed194e4096433.",other,,False,other
3590,3588,"ci(action): update github/codeql-action action to v4.36.1 (#4191)

Co-authored-by: renovate[bot] <29139614+renovate[bot]@users.noreply.github.com>",ci,action,False,tech_debt
4094,4092,chore(deps): update dependency npm-run-all2 to v9.0.1,chore,deps,False,tech_debt
4278,4276,chore(deps): update dependency mockserver-client to v6,chore,deps,False,tech_debt
4787,4785,Merge branch 'master' into master,other,,False,other
6371,6369,"fix: correct control flow for git SSH authentication fallback

When SSH authentication fails, the fallback to HTTPS is attempted within a `catch` block. If this fallback also fails (e.g., no auth tokens are found), the control flow would exit the `catch` block and incorrectly execute code that logs ""SSH key auth successful"" before returning the original, failing SSH URL.

This moves the success logging and return statement into the `try` block, ensuring it only runs when SSH authentication actually succeeds. If both SSH and the fallback fail, the original URL is returned without the misleading success log, allowing the process to fail at a later stage with a clearer error.",fix,,False,bug_fixes
6392,6390,"build(deps): bump lodash-es from 4.17.23 to 4.18.1

Bumps [lodash-es](https://github.com/lodash/lodash) from 4.17.23 to 4.18.1.
- [Release notes](https://github.com/lodash/lodash/releases)
- [Commits](https://github.com/lodash/lodash/compare/4.17.23...4.18.1)

---
updated-dependencies:
- dependency-name: lodash-es
  dependency-version: 4.18.1
  dependency-type: direct:production
...

Signed-off-by: dependabot[bot] <support@github.com>",build,deps,False,tech_debt
6900,6898,chore(deps): lock file maintenance,chore,deps,False,tech_debt
7098,7096,chore(deps): lock file maintenance,chore,deps,False,tech_debt
7717,7715,chore(deps): update dependency @types/node to v24.10.15,chore,deps,False,tech_debt
7968,7966,chore(deps): update npm to v11.10.1,chore,deps,False,tech_debt
8140,8138,chore(deps): update npm to v11.10.0,chore,deps,False,tech_debt
8206,8204,ci(action): update github/codeql-action action to v4.32.3,ci,action,False,tech_debt
8473,8471,ci(action): update github/codeql-action action to v4.32.2,ci,action,False,tech_debt
12468,12466,docs: Update minimal required Node version,docs,,False,docs
13702,13700,"Revert ""fix(deps): temporarily force semantic-release v25 across plugin peer requirements""

This reverts commit c60a6c286900843734b55f365e652be1ba9c9267.",other,,False,other
13758,13756,"fix(deps): update to the latest alpha of the npm plugin

for semantic-release/npm#958",fix,deps,False,bug_fixes
13806,13804,"fix(deps): update to the stable version of the npm plugin to add trusted publishing support

for semantic-release/npm#958",fix,deps,False,bug_fixes
14186,14184,"feat(node-versions): drop support for node versions v20, v21, and v23

in accordance with our [Node Support
Policy](https://semantic-release.gitbook.io/semantic-release/support/node-support-policy)

BREAKING CHANGE: a minimum of node v22.14 is now required",feat,node-versions,False,feature_work
14854,14852,chore(deps): update dependency publint to v0.3.14,chore,deps,False,tech_debt
15764,15762,chore(deps): update dependency publint to v0.3.13,chore,deps,False,tech_debt
16348,16346,fix(deps): update dependency hook-std to v4,fix,deps,False,bug_fixes
16702,16700,chore(deps): update dependency @types/node to v22.18.1,chore,deps,False,tech_debt
17322,17320,chore(deps): update dependency @types/node to v22.17.2,chore,deps,False,tech_debt
17892,17890,ci(action): update github/codeql-action action to v3.29.6,ci,action,False,tech_debt
18714,18712,chore(package-manager): adjust pinning to get past lockfile discrepencies,chore,package-manager,False,tech_debt
19199,19197,chore(deps): update dependency @types/node to v22.16.5,chore,deps,False,tech_debt
664,662,Merge branch 'beta' into chore/engine,other,,False,other
846,844,Merge branch 'master' into babblebey-patch-1,other,,False,other
1485,1483,chore(deps): update npm to v12.0.1,chore,deps,False,tech_debt
2347,2345,chore(deps): update verdaccio/verdaccio docker tag to v6.7.4,chore,deps,False,tech_debt
3118,3116,chore(deps): lock file maintenance,chore,deps,False,tech_debt
3458,3456,"Revert ""docs: update README to include information about the new core engine integration""

This reverts commit 4e476dee14bb9ee4c20aebd51970efc827769e68.",other,,False,other
4024,4022,chore(deps): update dependency mockserver-client to v6.1.0,chore,deps,False,tech_debt
4744,4742,docs(plugins): add semantic-release-jira-fixversion,docs,plugins,False,docs
5227,5225,ci(action): update github/codeql-action action to v4.35.4,ci,action,False,tech_debt
5334,5332,ci(action): update github/codeql-action action to v4.35.3,ci,action,False,tech_debt
5433,5431,chore(deps): lock file maintenance,chore,deps,False,tech_debt
5619,5617,ci(action): update actions/setup-node action to v6.4.0,ci,action,False,tech_debt
6079,6077,chore(deps): update dependency sinon to v21.1.0,chore,deps,False,tech_debt
6296,6294,chore(deps): lock file maintenance,chore,deps,False,tech_debt
6606,6604,chore(deps): update npm to v11.12.1,chore,deps,False,tech_debt
7446,7444,chore(deps): update dependency publint to v0.3.18,chore,deps,False,tech_debt
7509,7507,ci(action): update actions/setup-node action to v6.3.0,ci,action,False,tech_debt
7597,7595,TS-41029 version bump only,other,,False,other
9616,9614,chore(deps): update dependency @types/node to v24.10.7,chore,deps,False,tech_debt
9656,9654,chore(deps): update dependency @types/node to v24.10.6,chore,deps,False,tech_debt
10513,10511,ci(action): update actions/upload-artifact action to v6,ci,action,False,tech_debt
10602,10600,ci(action): update github/codeql-action action to v4.31.8,ci,action,False,tech_debt
11022,11020,chore(deps): lock file maintenance,chore,deps,False,tech_debt
11832,11830,chore(deps): update dependency @types/node to v24.10.1,chore,deps,False,tech_debt
12557,12555,chore(deps): lock file maintenance,chore,deps,False,tech_debt
12859,12857,chore(deps): update dependency @types/node to v24,chore,deps,False,tech_debt
12899,12897,chore(deps): lock file maintenance,chore,deps,False,tech_debt
13138,13136,docs(plugin): add semantic-release-minecraft to plugin list,docs,plugin,False,docs
13373,13371,docs: update note format on Trusted Publisher setup for consistency,docs,,False,docs
13686,13684,"fix(deps): upgrade to the latest alpha of the npm plugin

for semantic-release/npm#958",fix,deps,False,bug_fixes
13960,13958,Merge branch 'master' of github.com:semantic-release/semantic-release into alpha,other,,False,other
14194,14192,fix(deps): upgrade to the beta of the npm plugin,fix,deps,False,bug_fixes
14347,14345,Merge branch 'master' into beta,other,,False,other
14908,14906,chore(deps): lock file maintenance,chore,deps,False,tech_debt
15362,15360,chore(deps): update dependency dockerode to v4.0.9,chore,deps,False,tech_debt
17515,17513,ci(action): update actions/checkout action to v5,ci,action,False,tech_debt
17946,17944,chore(deps): update dependency fs-extra to v11.3.1,chore,deps,False,tech_debt
20295,20293,Merge branch 'master' into master,other,,False,other
21427,21425,chore(deps): update dependency @types/node to v22.15.31,chore,deps,False,tech_debt
22378,22376,fix(deps): update dependency yargs to v18,fix,deps,False,bug_fixes
22825,22823,fix(get-tags.js): bulk get for tags notes,fix,get-tags.js,False,bug_fixes
22992,22990,chore(deps): lock file maintenance,chore,deps,False,tech_debt
23643,23641,chore(deps): update dependency @types/node to v22.15.16,chore,deps,False,tech_debt
23920,23918,Update plugins-list.md,other,,False,other
24366,24364,chore(deps): update dependency @types/node to v22.15.0,chore,deps,False,tech_debt
24538,24536,"put the trailing commas back
- prettier failures are a PITA",other,,False,other
27809,27807,Use labels in issue templates,other,,False,other
28548,28546,ci(action): update github/codeql-action action to v3.28.7,ci,action,False,tech_debt
29606,29604,ci(action): update github/codeql-action action to v3.28.1,ci,action,False,tech_debt
31321,31319,docs(plugin): add @covage/semantic-release-poetry-plugin,docs,plugin,False,docs
32507,32505,chore(deps): update dependency npm-run-all2 to v7,chore,deps,False,tech_debt
32852,32850,chore(deps): update dependency got to v14.4.3,chore,deps,False,tech_debt
33255,33253,refactor: Update e2e.test.js to include clone_url in GET request,refactor,,False,tech_debt
33390,33388,fix(deps): update dependency @semantic-release/github to v11,fix,deps,False,bug_fixes
34827,34825,ci(action): update actions/upload-artifact action to v4.3.6,ci,action,False,tech_debt
36132,36130,Merge branch 'master' into parallel-tests,other,,False,other
36371,36369,chore(deps): update dependency stream-buffers to v3.0.3,chore,deps,False,tech_debt
37575,37573,test(get-config): unit test for reading configuration options from 'release.config.mjs' file,test,get-config,False,tech_debt
38162,38160,chore(deps): update dependency npm-run-all2 to v6.2.0,chore,deps,False,tech_debt
38652,38650,ci(action): update actions/checkout action to v4.1.5,ci,action,False,tech_debt
40139,40137,chore(deps): update npm to v10.5.2,chore,deps,False,tech_debt
41011,41009,fix(deps): update dependency get-stream to v9,fix,deps,False,bug_fixes
41120,41118,ci(action): update github/codeql-action action to v3.24.7,ci,action,False,tech_debt
41165,41163,"remove repetitive words

Signed-off-by: pengqiseven <i@sohu.com>",other,,False,other
41298,41296,ci(action): update github/codeql-action action to v3.24.6,ci,action,False,tech_debt
43761,43759,chore(deps): lock file maintenance,chore,deps,False,tech_debt
44021,44019,ci(action): update github/codeql-action action to v3.22.12,ci,action,False,tech_debt
44274,44272,"fix(deps): update dependency cosmiconfig to v9 (#3105)

BREAKING CHANGE: if using `release.config.js` as the name of your config file, it needs to be moved to a `.config/` directory. see https://github.com/cosmiconfig/cosmiconfig/releases/tag/v9.0.0 for more detail",fix,deps,False,bug_fixes
44444,44442,fix(deps): update dependency cosmiconfig to v9,fix,deps,False,bug_fixes
45696,45694,fix(deps): update dependency cosmiconfig to v9,fix,deps,False,bug_fixes
46122,46120,ci(action): update github/codeql-action action to v2.22.6,ci,action,False,tech_debt
52020,52018,ci(action): update github/codeql-action action to v2.21.4,ci,action,False,tech_debt
52484,52482,ci(action): update github/codeql-action action to v2.21.1,ci,action,False,tech_debt
52609,52607,feat: support Node 16,feat,,False,feature_work
54024,54022,chore(deps): update dependency c8 to v8,chore,deps,False,tech_debt
54134,54132,ci(action): update actions/checkout digest to c85c95e,ci,action,False,tech_debt
56316,56314,chore(deps): update dependency sinon to v15.0.3,chore,deps,False,tech_debt
56655,56653,fix(deps): updated to the latest beta of the npm plugin,fix,deps,False,bug_fixes
57011,57009,fix(deps): update dependency execa to v7.1.1,fix,deps,False,bug_fixes
57614,57612,chore(deps): update dependency c8 to v7.13.0,chore,deps,False,tech_debt
58954,58952,"Correct @latest version in semantic-release

There is a tiny typo in the version mentioned in `Working on another future release` section. It says that installing with `npm install example-module` will still receive version `1.0.0`, but in fact, there was a bug fix made on the default distribution channel one step before.",other,,False,other
59986,59984,fix(secrets-masking): used the proper named import from hook-std to enable masking for stderr (#2619),fix,secrets-masking,False,bug_fixes
61202,61200,chore(deps): update dependency ava to v4,chore,deps,False,tech_debt
61273,61271,"build(deps): bump glob-parent and xo

Bumps [glob-parent](https://github.com/gulpjs/glob-parent) to 5.1.2 and updates ancestor dependency [xo](https://github.com/xojs/xo). These dependencies need to be updated together.


Updates `glob-parent` from 3.1.0 to 5.1.2
- [Release notes](https://github.com/gulpjs/glob-parent/releases)
- [Changelog](https://github.com/gulpjs/glob-parent/blob/main/CHANGELOG.md)
- [Commits](https://github.com/gulpjs/glob-parent/compare/v3.1.0...v5.1.2)

Updates `xo` from 0.32.1 to 0.52.3
- [Release notes](https://github.com/xojs/xo/releases)
- [Commits](https://github.com/xojs/xo/compare/v0.32.1...v0.52.3)

---
updated-dependencies:
- dependency-name: glob-parent
  dependency-type: indirect
- dependency-name: xo
  dependency-type: direct:development
...

Signed-off-by: dependabot[bot] <support@github.com>",build,deps,False,tech_debt
61480,61478,chore(ava): upgraded to the latest version,chore,ava,False,tech_debt
64894,64892,"build(deps): bump semver-regex from 3.1.3 to 3.1.4

Bumps [semver-regex](https://github.com/sindresorhus/semver-regex) from 3.1.3 to 3.1.4.
- [Release notes](https://github.com/sindresorhus/semver-regex/releases)
- [Commits](https://github.com/sindresorhus/semver-regex/commits/v3.1.4)

---
updated-dependencies:
- dependency-name: semver-regex
  dependency-type: indirect
...

Signed-off-by: dependabot[bot] <support@github.com>",build,deps,False,tech_debt
65811,65809,"chore(lint): disabled rules that dont apply to this project

the performance and readability of reduce is not a concern in this project since maintainers are
familiar with the idiom and are iterating over small lists. the filter rule is disabled selectively
since the filter being identified is not Array.filter

closes #2403",chore,lint,False,tech_debt
66687,66685,"Merge pull request #37 from semantic-release-plus/renovate/marked-terminal-4.x

fix(deps): update dependency marked-terminal to v4",other,,False,other
66783,66781,Merge branch 'semantic-release-master' into sync-upstream-17.0.4,other,,False,other
66799,66797,ci(renovate): adds renovate config to automerge package updates,ci,renovate,False,tech_debt
66856,66854,chore(deps): update dependency got to v10.6.0,chore,deps,False,tech_debt
66888,66886,chore(deps): update dependency tempy to v0.5.0,chore,deps,False,tech_debt
66960,66958,chore(deps): update dependency sinon to v9.0.2,chore,deps,False,tech_debt
67080,67078,chore(deps): update dependency got to v11.1.3,chore,deps,False,tech_debt
67304,67302,Merge branch 'master' of https://github.com/semantic-release/semantic-release into merge-upstream,other,,False,other
67344,67342,fix(deps): update dependency cosmiconfig to v7,fix,deps,False,bug_fixes
67424,67422,chore(deps): update dependency got to v11.6.1,chore,deps,False,tech_debt
67584,67582,chore(deps): update dependency sinon to v9.2.4,chore,deps,False,tech_debt
67608,67606,chore(deps): update dependency tempy to v1,chore,deps,False,tech_debt
67632,67630,chore(deps): update dependency delay to v5,chore,deps,False,tech_debt
67729,67727,"Merge pull request #173 from semantic-release-plus/mono-repo-docs

docs(recipes): adds documentation on how to use with an nx monorepo",other,,False,other
68209,68207,fix(deps): update dependency marked to v3,fix,deps,False,bug_fixes
68225,68223,"docs(README): correct all contributors badge and reorders team

* corrects typo in enhancements
* removes log level enhancement as it is not needed with the print next version solution",docs,README,False,docs
68257,68255,"Merge pull request #238 from semantic-release-plus/merge-upstream-20210908

Merge-upstream-20210908",other,,False,other
68449,68447,chore(deps): update dependency clear-module to v4.1.2,chore,deps,False,tech_debt
69114,69112,fix(npm-plugin): upgraded to the stable version,fix,npm-plugin,False,bug_fixes
70679,70677,docs(badge): mentioned referencing the commit convention,docs,badge,False,docs
73551,73549,"Merge pull request #47 from semantic-release-plus/renovate/got-10.x

Update dependency got to v10.3.0",other,,False,other
73599,73597,chore(deps): update dependency codecov to v3.6.2,chore,deps,False,tech_debt
73655,73653,"Merge pull request #52 from semantic-release-plus/renovate/codecov-3.x

chore(deps): update dependency codecov to v3.6.5",other,,False,other
73663,73661,Merge branch 'master' of https://github.com/semantic-release/semantic-release into semantic-release-master,other,,False,other
73983,73981,chore(deps): update dependency codecov to v3.7.0,chore,deps,False,tech_debt
74039,74037,fix(deps): update dependency marked to v1,fix,deps,False,bug_fixes
74143,74141,chore(deps): update dependency dockerode to v3.2.1,chore,deps,False,tech_debt
74223,74221,"Merge pull request #128 from semantic-release-plus/adds-skip-tagging-option

feat: adds a skipTag option to turn off git tagging",other,,False,other
74279,74277,"Merge pull request #130 from semantic-release-plus/renovate/get-stream-6.x

fix(deps): update dependency get-stream to v6",other,,False,other
74303,74301,chore(deps): update dependency got to v11.6.0,chore,deps,False,tech_debt
74311,74309,chore(deps): update dependency got to v11.6.1,chore,deps,False,tech_debt
74343,74341,chore(deps): update dependency tempy to v0.7.1,chore,deps,False,tech_debt
74367,74365,chore(deps): update dependency codecov to v3.8.0,chore,deps,False,tech_debt
74455,74453,chore(deps): update dependency js-yaml to v3.14.1,chore,deps,False,tech_debt
74623,74621,chore(deps): update dependency nock to v13.0.8,chore,deps,False,tech_debt
74647,74645,chore(deps): update dependency nock to v13.0.10,chore,deps,False,tech_debt
74671,74669,"Merge pull request #179 from semantic-release-plus/renovate/hosted-git-info-4.x

fix(deps): update dependency hosted-git-info to v4",other,,False,other
74695,74693,"Merge pull request #181 from semantic-release-plus/renovate/sinon-10.x

chore(deps): update dependency sinon to v10",other,,False,other
74711,74709,"Update nx-monorepo.md

Added missing @ . Otherwise publishing will fail with `Cannot find module 'semantic-release/npm`.",other,,False,other
74823,74821,"Merge pull request #199 from semantic-release-plus/renovate/fs-extra-10.x

chore(deps): update dependency fs-extra to v10",other,,False,other
74847,74845,Merge branch 'master' into all-contributors/add-JoA-MoS,other,,False,other
74951,74949,chore(deps): update dependency nock to v13.1.0,chore,deps,False,tech_debt
75007,75005,chore(deps): update dependency nock to v13.1.1,chore,deps,False,tech_debt
75215,75213,chore(deps): update dependency lint-staged to v11.2.3,chore,deps,False,tech_debt
77490,77488,feat: extend release with major minor patch attributes,feat,,False,feature_work
77798,77796,"Merge pull request #39 from semantic-release-plus/beta

Release v17",other,,False,other
78046,78044,chore(deps): update dependency dockerode to v3.1.0,chore,deps,False,tech_debt
78062,78060,chore(deps): update dependency nock to v11.9.1,chore,deps,False,tech_debt
78078,78076,chore(deps): update dependency clear-module to v4.1.1,chore,deps,False,tech_debt
78214,78212,"Merge pull request #89 from semantic-release-plus/renovate/pin-dependencies

chore(deps): pin dependencies",other,,False,other
78310,78308,chore(deps): update dependency js-yaml to v3.14.0,chore,deps,False,tech_debt
78334,78332,chore(deps): update dependency got to v11.3.0,chore,deps,False,tech_debt
78542,78540,fix(deps): update dependency cosmiconfig to v7,fix,deps,False,bug_fixes
78750,78748,chore(deps): update dependency ava to v3.15.0,chore,deps,False,tech_debt
78758,78756,chore(deps): update dependency got to v11.8.1,chore,deps,False,tech_debt
78774,78772,chore(deps): update dependency fs-extra to v9.1.0,chore,deps,False,tech_debt
78838,78836,"Merge pull request #165 from semantic-release-plus/renovate/delay-5.x

chore(deps): update dependency delay to v5",other,,False,other
78918,78916,docs(recipes): adds documentation on how to use with an nx monorepo,docs,recipes,False,docs
78942,78940,chore(deps): update dependency got to v11.8.2,chore,deps,False,tech_debt
79070,79068,docs: update README.md [skip ci],docs,,False,docs
79542,79540,chore(deps): update dependency p-retry to v4.6.0,chore,deps,False,tech_debt
79550,79548,chore(deps): update dependency codecov to v3.8.3,chore,deps,False,tech_debt
80134,80132,"Revert ""ci(engines): switched to using ls-engines to ensure compatibility""

This reverts commit 0716bca83fc671226767102da13317f6e425750e.",other,,False,other
80538,80536,"revert: fix: prefix git auth url with ""x-access-token:"" when run in a GitHub Action

This reverts commit cb2c506d8b6545b90587b6b5b7bf979c3f2b40b6.",revert,,False,tech_debt
80820,80818,fix: use authenticated URL to check if local branch is up to date,fix,,False,bug_fixes
81052,81050,"feat: require Node.js >=10.13

BREAKING CHANGE: Require Node.js >= 10.13",feat,,False,feature_work
81300,81298,fix(package): update @semantic-release/commit-analyzer to version 8.0.0,fix,package,False,bug_fixes
81460,81458,style: xo,style,,False,tech_debt
81605,81603,docs(github-actions): suggest action_dispatch as trigger (#1605),docs,github-actions,False,docs
81613,81611,docs(configuration.md): Updated documentation for dry-run feature of semantic Release (#1607),docs,configuration.md,False,docs
81853,81851,"fix(deps): update to yargs 16.2.0 (#1739)

Signed-off-by: Roland Weiss <roland.weiss@mobi.ch>",fix,deps,False,bug_fixes
81917,81915,"chore(deps): update dependency fs-extra to v9.1.0 (#1747)

Co-authored-by: Renovate Bot <bot@renovateapp.com>",chore,deps,False,tech_debt
81941,81939,"chore(deps): update dependency nock to v13 (#1754)

Co-authored-by: Renovate Bot <bot@renovateapp.com>",chore,deps,False,tech_debt
81981,81979,"chore(deps): update dependency sinon to v9.2.4 (#1760)

Co-authored-by: Renovate Bot <bot@renovateapp.com>",chore,deps,False,tech_debt
82373,82371,docs(README): improve sentence (#1962),docs,README,False,docs
82381,82379,"chore(deps): update dependency fs-extra to v10 (#1955)

Co-authored-by: Renovate Bot <bot@renovateapp.com>",chore,deps,False,tech_debt
82397,82395,"build(deps): bump normalize-url from 4.5.0 to 4.5.1 (#1973)

Co-authored-by: dependabot[bot] <49699333+dependabot[bot]@users.noreply.github.com>",build,deps,False,tech_debt
83706,83704,"Merge pull request #45 from semantic-release-plus/merge-upstream-16.0.2

Merge upstream 16.0.2",other,,False,other
83802,83800,chore(deps): update dependency got to v10.5.5,chore,deps,False,tech_debt
83818,83816,chore(deps): update dependency codecov to v3.6.5,chore,deps,False,tech_debt
83858,83856,ci(renovate): adds renovate config to automerge package updates,ci,renovate,False,tech_debt
83954,83952,chore(deps): update dependency sinon to v9.0.1,chore,deps,False,tech_debt
84162,84160,chore(deps): update dependency nyc to v15.1.0,chore,deps,False,tech_debt
84194,84192,chore(deps): update dependency got to v11.3.0,chore,deps,False,tech_debt
84202,84200,chore(deps): update dependency ava to v3.9.0,chore,deps,False,tech_debt
84354,84352,chore(deps): update dependency ava to v3.11.1,chore,deps,False,tech_debt
84362,84360,Merge branch 'master' of https://github.com/semantic-release/semantic-release into merge-upstream,other,,False,other
84594,84592,chore(deps): update dependency sinon to v9.2.3,chore,deps,False,tech_debt
84938,84936,docs: update .all-contributorsrc [skip ci],docs,,False,docs
84970,84968,chore(deps): update dependency dockerode to v3.3.0,chore,deps,False,tech_debt
86917,86915,docs(README): semantic-release only cares about commit message not PR title,docs,README,False,docs
87332,87330,"Merge pull request #9 from semantic-release/master

Sync fork source master",other,,False,other
87396,87394,"Merge pull request #15 from semantic-release-plus/revert-bad-revert

Revert ""Revert ""Sync fork source master""""",other,,False,other
87476,87474,"Merge pull request #20 from semantic-release-plus/renovate/mockserver-client-5.x

chore(deps): update dependency mockserver-client to v5.7.2",other,,False,other
87516,87514,"Merge pull request #29 from semantic-release-plus/sync-upstream-15.13.32

Sync upstream 15.13.32",other,,False,other
87564,87562,docs: update readme for semantic-release-plus beta,docs,,False,docs
87604,87602,"Merge pull request #34 from semantic-release/master

Sync Upstream v15.14.0",other,,False,other
87612,87610,"Merge pull request #30 from semantic-release-plus/renovate/sinon-8.x

chore(deps): update dependency sinon to v8",other,,False,other
87732,87730,Update dependency got to v10.3.0,other,,False,other
87748,87746,chore: update renovate config to force semantic commits,chore,,False,tech_debt
87788,87786,chore(deps): update dependency codecov to v3.6.2,chore,deps,False,tech_debt
87884,87882,chore(deps): update dependency mockserver-client to v5.9.0,chore,deps,False,tech_debt
87892,87890,"Merge pull request #53 from semantic-release-plus/renovate/mockserver-client-5.x

chore(deps): update dependency mockserver-client to v5.9.0",other,,False,other
88108,88106,chore(deps): update dependency ava to v3.8.0,chore,deps,False,tech_debt
88164,88162,chore(deps): update dependency got to v11.1.4,chore,deps,False,tech_debt
88500,88498,chore(deps): update dependency got to v11.6.1,chore,deps,False,tech_debt
88596,88594,chore(deps): update dependency mockserver-client to v5.11.2,chore,deps,False,tech_debt
88660,88658,chore(deps): update dependency sinon to v9.2.4,chore,deps,False,tech_debt
88684,88682,chore(deps): update dependency tempy to v1,chore,deps,False,tech_debt
88700,88698,chore(deps): update dependency delay to v4.4.1,chore,deps,False,tech_debt
88772,88770,"Merge pull request #171 from semantic-release-plus/fix-doc-typo

docs(README): adds link to skipTag recipe",other,,False,other
88852,88850,fix(deps): update dependency hosted-git-info to v4,fix,deps,False,bug_fixes
88924,88922,docs: create .all-contributorsrc [skip ci],docs,,False,docs
89084,89082,Merge branch 'master' of https://github.com/semantic-release/semantic-release into latest-upstream,other,,False,other
89315,89313,docs(plugins-list): add semantic-release-codeartifact,docs,plugins-list,False,docs
91959,91957,"docs(developer-guide): remove line breaks added in an earlier commit

As per requested in the code review, the line breaks that were added in an earlier commit are now
removed. While this does make reading the text just slightly more difficult (to see the whole
picture), the benefit of making code reviews easier does outweight the admittedly small benefit.",docs,developer-guide,False,docs
92782,92780,"docs(Plugin Developer Guide): Update lifecycle list

The old list was missing analyzeCommits lifecycle and the verification lifecycle was incorrectly listed as ""verify"", when it should currently be ""verifyConditions"" in order to properly load.",docs,Plugin Developer Guide,False,docs
93012,93010,chore(deps): lock file maintenance,chore,deps,False,tech_debt
93560,93558,Merge remote-tracking branch 'fork/allow-outdated-head' into allow-outdated-head,other,,False,other
93584,93582,"Merge pull request #6 from jive/release

Merge pull request #5 from jive/release-allow-outdated-head",other,,False,other
93644,93642,Merge branch 'master' into allow-outdated-head,other,,False,other
93732,93730,Merge branch 'master' into allow-outdated-head,other,,False,other
95691,95689,chore(deps): lock file maintenance,chore,deps,False,tech_debt
104962,104960,"ci(node-versions): enabled running tests against the lower bound of our supported range

to match the range defined under `engines` in the `package.json`",ci,node-versions,False,tech_debt
105391,105389,chore(deps): update dependency tempy to v1,chore,deps,False,tech_debt
105740,105738,test(js-yaml): updated to the modern interface,test,js-yaml,False,tech_debt
106537,106535,fix(deps): update dependency get-stream to v6,fix,deps,False,bug_fixes
106910,106908,chore(deps): update dependency fs-extra to v9.1.0,chore,deps,False,tech_debt
107518,107516,fix: update to support main in branch options,fix,,False,bug_fixes
108721,108719,WIP I hear angels singing,other,,False,other
109974,109972,docs: add npm-deprecate-old-versions in plugins list,docs,,False,docs
111204,111202,fix: add logging for when ssh falls back to http,fix,,False,bug_fixes
181803,181801,chore(package): update nyc to version 8.3.2,chore,package,False,tech_debt
182115,182113,chore(package): update github to version 5.1.0,chore,package,False,tech_debt
182193,182191,chore(package): update nock to version 8.1.0,chore,package,False,tech_debt
182245,182243,chore(package): update github to version 4.1.0,chore,package,False,tech_debt
182467,182465,"chore(release): releasing component

affects: lerna-semantic-release-pre@1.1.1

Released from sha undefined
Tag for lerna release",chore,release,False,tech_debt
182531,182529,Merge branch 'caribou' of github.com:atlassian/lerna-semantic-release into caribou,other,,False,other
182828,182826,"chore(release): releasing component

affects: lerna-semantic-release-utils@1.0.0

Released from sha undefined
Tag for lerna release",chore,release,False,tech_debt
182876,182874,"chore(release): releasing component

affects: lerna-semantic-release@5.0.1

Released from sha undefined
Tag for lerna release",chore,release,False,tech_debt
182908,182906,Merge branch 'caribou' into remove-npmrc,other,,False,other
182956,182954,"chore(release): releasing component

affects: lerna-semantic-release-post@1.0.0

Released from sha undefined
Tag for lerna release",chore,release,False,tech_debt
183068,183066,Merge branch 'caribou' of github.com:atlassian/lerna-semantic-release into caribou,other,,False,other
183084,183082,"chore(release): releasing component

affects: lerna-semantic-release@5.0.1

Released from sha undefined
Tag for lerna release",chore,release,False,tech_debt
183941,183939,"chore(release): releasing component

affects: lerna-semantic-release-pre@4.0.2

Released from sha undefined
Tag for lerna release",chore,release,False,tech_debt
184013,184011,"chore(release): releasing component

affects: lerna-semantic-release-analyze-commits@4.0.2

Released from sha undefined
Tag for lerna release",chore,release,False,tech_debt
184173,184171,chore(build): echo statements to debug,chore,build,False,tech_debt
184253,184251,chore(debug): completely reclone repo,chore,debug,False,tech_debt
184381,184379,chore(release): manual bump for release of lerna-semantic-release-io@5.0.13,chore,release,False,tech_debt
187484,187482,"chore(package): update github to version 1.2.0

https://greenkeeper.io/",chore,package,False,tech_debt
187917,187915,feat(ssl): expose cafile from npm config,feat,ssl,False,feature_work
187967,187965,Merge branch 'caribou' into greenkeeper-run-auto-2.0.0,other,,False,other
188315,188313,docs(README): update setup link,docs,README,False,docs
190425,190423,Merge branch 'caribou' into patch-1,other,,False,other
193242,193240,"chore(package): update cz-conventional-changelog to version 1.1.4

http://greenkeeper.io/",chore,package,False,tech_debt
193516,193514,"chore(package): update cz-conventional-changelog to version 1.1.2

http://greenkeeper.io/",chore,package,False,tech_debt
194373,194371,"docs(readme): Add links convention links

Link to commitizen and validate-commit-msg for project maintainers to simplify contributing.",docs,readme,False,docs
195918,195916,chore(git): Resolve merge conflict,chore,git,False,tech_debt
195926,195924,chore(git): Merge branch 'next' into analysis2.0,chore,git,False,tech_debt
197232,197230,chore(package): add build-step,chore,package,False,tech_debt
197251,197249,test(createModule): not installing semantic-release's deps all over again,test,createModule,False,tech_debt
199329,199327,feat(release): configure github api endpoint via environment variables,feat,release,False,feature_work
199459,199457,text: expose correct registry to environment,other,,False,other
199481,199479,test: set npm registry inside .npmrc,test,,False,tech_debt
199492,199490,test: added github-release-fake-server,test,,False,tech_debt
199519,199517,test(publish): initial scenario,test,publish,False,tech_debt
134530,134528,Grammar nits,other,,False,other
136530,136528,chore(package): update p-retry to version 4.0.0,chore,package,False,tech_debt
137821,137819,fix(package): update yargs to version 13.1.0,fix,package,False,bug_fixes
140816,140814,fix(package): update @semantic-release/github to version 5.3.0-beta.5,fix,package,False,bug_fixes
141845,141843,docs(workflow-configuration): typo,docs,workflow-configuration,False,docs
142814,142812,fix: remove unnecessary `branch` parameter from `push` function,fix,,False,bug_fixes
142883,142881,fix: fetch all release branches on CI,fix,,False,bug_fixes
148335,148333,"test: use real writable stream

This way plugins can pipe a stream to `stdout` and `stderr` in integration tests.",test,,False,tech_debt
148884,148882,Merge branch 'caribou' into patch-1,other,,False,other
149730,149728,feat: log with `signale` and allow to customize `stdin` and `stdout`,feat,,False,feature_work
150534,150532,docs: clarify `verifyRelease` plugin description,docs,,False,docs
150558,150556,refactor: fix incorrect comments in `lib/plugins/pipeline.js`,refactor,,False,tech_debt
150574,150572,refactor: simplify plugin validation,refactor,,False,tech_debt
152007,152005,fix: use `git ls-remote` to verify if the remote branch is ahead,fix,,False,bug_fixes
152963,152961,"fix: add clarification in EGITNOPERMISSION error message

Clarify that the error might be due to an invalid `repositoryUrl` configuration.",fix,,False,bug_fixes
154143,154141,chore(package): update xo to version 0.21.0,chore,package,False,tech_debt
154569,154567,fix: fix Bitbucket authenticated URL,fix,,False,bug_fixes
155920,155918,Update plugins-list.md,other,,False,other
156308,156306,Merge branch 'caribou' into patch-1,other,,False,other
158239,158237,Merge branch 'caribou' into fix-git+https-url,other,,False,other
160379,160377,docs: remove unnecessary `script` override in travis recipe,docs,,False,docs
161576,161574,"feat: add `success` and `fail` notification plugins

- Allow `publish` plugins to return an `Object` with information related to the releases
- Add the `success` plugin hook, called when all `publish` are successful, receiving a list of release
- Add the `fail` plugin hook, called when an error happens at any point, receiving a list of errors
- Add detailed message for each error",feat,,False,feature_work
165053,165051,feat: move npm workaround for missing gitHead to the npm plugin,feat,,False,feature_work
168184,168182,chore: Clean up mistakenly added configs,chore,,False,tech_debt
173656,173654,refactor: fix merging,refactor,,False,tech_debt
173957,173955,"feat: Retrieve version gitHead from git tags and unshallow the repo if necessary

Add several fixes and improvements in the identification of the last release gitHead:
- If there is no last release, unshallow the repo in order to retrieve all existing commits
- If git head is not present in last release, try to retrieve it from git tag with format ‘v\<version\>’ or ‘\<version\>’
- If the last release git head cannot be determined and  found in commit history, unshallow the repo and try again
- Throw a ENOGITHEAD error if the gitHead for the last release cannot be found in the npm metadata nor in the git tags, preventing to make release based on the all the commits in the repo as before
- Add integration test for the scenario with a packed repo from which `npm republish` fails to read the git head

Fix #447, Fix #393, Fix #280, Fix #276",feat,,False,feature_work
176685,176683,chore(travis): drop builds in Node <4,chore,travis,False,tech_debt
177628,177626,"fix: handle missing gitHead issue

resort to using git tag from last version

re https://github.com/semantic-release/semantic-release/issues/280 (Warn user about nonexistent gitHead returned by npm-registry-client)",fix,,False,bug_fixes
180247,180245,"fix(package): update nopt to version 4.0.0

https://greenkeeper.io/",fix,package,False,bug_fixes
182433,182431,docs(changelog): appending to changelog,docs,changelog,False,docs
182667,182665,"test(post): add failing test for the rogue tag scenario

affects: lerna-semantic-release-post",test,post,False,tech_debt
182780,182778,"chore(release): releasing component

affects: lerna-semantic-release-analyze-commits@1.0.0

Released from sha undefined
Tag for lerna release",chore,release,False,tech_debt
182924,182922,"chore(release): releasing component

affects: lerna-semantic-release-analyze-commits@1.0.0

Released from sha undefined
Tag for lerna release",chore,release,False,tech_debt
182980,182978,"Merge pull request #16 from atlassian/remove-npmrc

chore: do not use npmrc file to allow local install",other,,False,other
183365,183363,chore: Generate changelog before publishing,chore,,False,tech_debt
183493,183491,chore: we don't want to accidentally release the main package,chore,,False,tech_debt
183509,183507,"chore(release): releasing component

affects: lerna-semantic-release-analyze-commits@4.0.2

Released from sha undefined
Tag for lerna release",chore,release,False,tech_debt
183829,183827,"chore(release): releasing component

affects: lerna-semantic-release-pre@4.0.2

Released from sha undefined
Tag for lerna release",chore,release,False,tech_debt
183901,183899,"chore(release): releasing component

affects: lerna-semantic-release-analyze-commits@4.0.2

Released from sha undefined
Tag for lerna release",chore,release,False,tech_debt
183925,183923,"chore(release): releasing component

affects: lerna-semantic-release-perform@4.0.1

Released from sha undefined
Tag for lerna release",chore,release,False,tech_debt
184333,184331,"chore(release): releasing component

affects: lerna-semantic-release-pre@4.0.2

Released from sha 02a85fa3de257a4b2ce59bc37666dfd7d57a14c8
Tag for lerna release",chore,release,False,tech_debt
184365,184363,chore(release): manual bump for release of lerna-semantic-release-post@5.0.13,chore,release,False,tech_debt
187370,187368,"chore(package): update github to version 1.4.0

https://greenkeeper.io/",chore,package,False,tech_debt
188625,188623,Merge branch 'caribou' into greenkeeper-nock-8.0.0,other,,False,other
188874,188872,fix(api): adding an optional call back,fix,api,False,bug_fixes
190184,190182,"chore(package): update standard to version 6.0.1

http://greenkeeper.io/",chore,package,False,tech_debt
191884,191882,chore(travis): run tests under Node.js v4 (argon) and v5 (latest),chore,travis,False,tech_debt
192531,192529,"chore(package): update babel to version 6.1.18

http://greenkeeper.io/",chore,package,False,tech_debt
194519,194517,"feat(post): add prerelease option for GitHub releases

Tag a release as ""pre-release"" on GitHub releases",feat,post,False,feature_work
199412,199410,test(create-module): helper to create fresh repo/module,test,create-module,False,tech_debt
20769,20767,chore(deps): update dependency prettier to v3.6.1,chore,deps,False,tech_debt
20934,20932,fix: target current working directory,fix,,False,bug_fixes
21304,21302,chore(deps): update npm to v11,chore,deps,False,tech_debt
21907,21905,ci(action): update ossf/scorecard-action action to v2.4.2,ci,action,False,tech_debt
24286,24284,chore(deps): update dependency @types/node to v22.15.2,chore,deps,False,tech_debt
24473,24471,Merge branch 'master' into patch-1,other,,False,other
24569,24567,ci(action): update github/codeql-action action to v3.28.16,ci,action,False,tech_debt
24786,24784,fix(deps): remove `tempy` dependency,fix,deps,False,bug_fixes
25450,25448,chore(deps): update dependency @types/node to v22.13.17,chore,deps,False,tech_debt
26140,26138,ci(action): update github/codeql-action action to v3.28.12,ci,action,False,tech_debt
26863,26861,chore(deps): update dependency prettier to v3.5.3,chore,deps,False,tech_debt
27647,27645,chore(deps): update dependency publint to v0.3.5,chore,deps,False,tech_debt
29999,29997,ci(action): update actions/upload-artifact action to v4.5.0,ci,action,False,tech_debt
30122,30120,chore(deps): lock file maintenance,chore,deps,False,tech_debt
31954,31952,chore(deps): update dependency nock to v13.5.6,chore,deps,False,tech_debt
32070,32068,chore(deps): lock file maintenance,chore,deps,False,tech_debt
32937,32935,🐛 Fix GitLab link,other,,False,other
33523,33521,Merge branch 'master' into docs/kaniko_plugin,other,,False,other
33709,33707,chore(deps): update dependency sinon to v19,chore,deps,False,tech_debt
34173,34171,chore(deps): update dependency publint to v0.2.10,chore,deps,False,tech_debt
34867,34865,chore(deps): lock file maintenance,chore,deps,False,tech_debt
34907,34905,ci(action): update actions/upload-artifact action to v4.3.5,ci,action,False,tech_debt
36119,36117,"test(parallel): now that the flakiness has been handled in e2e suite, run suites in parallel again",test,parallel,False,tech_debt
36556,36554,test(e2e): run individual tests serially,test,e2e,False,tech_debt
37328,37326,chore(deps): update dependency prettier to v3.3.0,chore,deps,False,tech_debt
38866,38864,"docs: Remove non-existing plugin from  plugins-list.md

There isn't such a plugin in https://github.com/m1pl and link is broken.",docs,,False,docs
39127,39125,chore(deps): update npm to v10.7.0,chore,deps,False,tech_debt
39259,39257,chore(deps): lock file maintenance,chore,deps,False,tech_debt
39878,39876,ci(action): update github/codeql-action action to v3.25.0,ci,action,False,tech_debt
40299,40297,chore(deps): update npm to v10.5.1,chore,deps,False,tech_debt
41981,41979,chore(deps): lock file maintenance,chore,deps,False,tech_debt
42566,42564,chore(deps): update dependency ava to v6.1.1,chore,deps,False,tech_debt
42606,42604,chore(deps): update dependency got to v14.1.0,chore,deps,False,tech_debt
42924,42922,chore(deps): update dependency ava to v6.1.0,chore,deps,False,tech_debt
44907,44905,fix(deps): update semantic-release monorepo,fix,deps,False,bug_fixes
45215,45213,chore(deps): lock file maintenance,chore,deps,False,tech_debt
45921,45919,fix: explicitly specify git tag message,fix,,False,bug_fixes
46487,46485,chore(deps): update dependency nock to v13.3.8,chore,deps,False,tech_debt
47485,47483,ci(action): update github/codeql-action action to v2.22.4,ci,action,False,tech_debt
48039,48037,ci(action): update github/codeql-action action to v2.22.2,ci,action,False,tech_debt
48455,48453,Update docs/support/FAQ.md,other,,False,other
49614,49612,ci(action): update github/codeql-action action to v2.21.7,ci,action,False,tech_debt
50430,50428,fix(deps): updated to the latest beta of the commit analyzer plugin,fix,deps,False,bug_fixes
50898,50896,chore(deps): lock file maintenance,chore,deps,False,tech_debt
52140,52138,docs(gitlab): highlighted that GitLab CI is now a supported CI provider for provenance,docs,gitlab,False,docs
52285,52283,fix(deps): update dependency marked to v7,fix,deps,False,bug_fixes
52314,52312,chore(deps): update dependency prettier to v3.0.1,chore,deps,False,tech_debt
55564,55562,fix(deps): update dependency marked to v5,fix,deps,False,bug_fixes
55954,55952,chore(deps): update dependency sinon to v15.0.4,chore,deps,False,tech_debt
56271,56269,feat: add inner commits analysis for squashed and merged commit,feat,,False,feature_work
56576,56574,fix(deps): update dependency marked to v4.3.0,fix,deps,False,bug_fixes
57837,57835,"build(deps): bump cacheable-request from 10.2.5 to 10.2.7

Bumps [cacheable-request](https://github.com/jaredwray/cacheable-request) from 10.2.5 to 10.2.7.
- [Release notes](https://github.com/jaredwray/cacheable-request/releases)
- [Commits](https://github.com/jaredwray/cacheable-request/commits)

---
updated-dependencies:
- dependency-name: cacheable-request
  dependency-type: indirect
...

Signed-off-by: dependabot[bot] <support@github.com>",build,deps,False,tech_debt
58387,58385,"ci: use td.repleaseEsm instead of td.replace

The replace functions are now the same as the other tests.

Signed-off-by: Chris. Webster <chris@webstech.net>",ci,,False,tech_debt
60034,60032,"Revert ""test(integration): ran tests serially in hope of avoiding conflicts in the ci environment""

This reverts commit 71f45f97b11dcd87c90834ecd1da78bc340cc5c6.",other,,False,other
60155,60153,"fix(env-ci): updated to the stable esm-only version

for #2543",fix,env-ci,False,bug_fixes
60424,60422,docs(comments): cleaned up minor comment issues,docs,comments,False,docs
60569,60567,test: aligned pluginName with naming for functions,test,,False,tech_debt
60753,60751,Merge branch 'master' of github.com:semantic-release/semantic-release into beta,other,,False,other
61456,61454,fix(aggregate-error): accounted for `.errors` when extracting errors,fix,aggregate-error,False,bug_fixes
61578,61576,docs(contributors): added myself to the contributors list,docs,contributors,False,docs
61753,61751,Merge branch 'master' into patch-1,other,,False,other
61779,61777,Merge branch 'master' into patch-1,other,,False,other
61876,61874,"refactor(plugins): switched from `require` to `await import()` when loading plugins

to isolate the conversion ahead of #2543",refactor,plugins,False,tech_debt
63252,63250,docs: add semantic-release-react-native to plugin list,docs,,False,docs
64839,64837,fix: update find-versions package and use ESM import,fix,,False,bug_fixes
65081,65079,chore: updated the lockfile,chore,,False,tech_debt
66663,66661,"Merge pull request #47 from semantic-release-plus/renovate/got-10.x

Update dependency got to v10.3.0",other,,False,other
66807,66805,chore(deps): update dependency mockserver-client to v5.9.0,chore,deps,False,tech_debt
66832,66830,chore(deps): update dependency ava to v3.4.0,chore,deps,False,tech_debt
67040,67038,chore(deps): update dependency got to v11.0.3,chore,deps,False,tech_debt
67184,67182,chore(deps): update dependency got to v11.4.0,chore,deps,False,tech_debt
67360,67358,chore(deps): update dependency got to v11.5.2,chore,deps,False,tech_debt
67488,67486,chore(deps): update dependency sinon to v9.2.0,chore,deps,False,tech_debt
67496,67494,fix(deps): update dependency yargs to v16,fix,deps,False,bug_fixes
67560,67558,chore(deps): update dependency got to v11.8.1,chore,deps,False,tech_debt
67953,67951,docs: update .all-contributorsrc [skip ci],docs,,False,docs
67985,67983,"Merge pull request #201 from semantic-release-plus/renovate/npm-handlebars-vulnerability

chore(deps): update dependency handlebars to 4.7.7 [security]",other,,False,other
68025,68023,chore(deps): update dependency sinon to v11,chore,deps,False,tech_debt
68065,68063,chore(deps): update dependency nock to v13.1.0,chore,deps,False,tech_debt
68073,68071,"docs: adds docker community plugin that supports major, minor tagging

@semantic-release-plus/docker is a fork of semantic-release-docker
converted to typescript and 100% test coverage added.

@semantic-release-plus/docker also adds the functionality to support
major, minor tagging.",docs,,False,docs
68137,68135,chore(deps): update dependency codecov to v3.8.3,chore,deps,False,tech_debt
68393,68391,"docs: plugin example should export verifyConditions

pluggin example was exporting verify not verifyConditions

(cherry picked from commit 242547acfc3903900023196861af2af9888c0d27)",docs,,False,docs
68521,68519,chore(deps): update dependency got to v11.8.3,chore,deps,False,tech_debt
69090,69088,"fix(npm-plugin): upgraded to the beta, which upgrades npm to v8

BREAKING CHANGE: `@semantic-release/npm` has also dropped support for node v15",fix,npm-plugin,False,bug_fixes
69165,69163,"fix: upgrade `marked` to resolve ReDos vulnerability (#2330)

BREAKING CHANGE: node v15 has been removed from our defined supported versions of node. this was done to upgrade to compatible versions of `marked` and `marked-terminal` that resolved the ReDoS vulnerability. removal of support of this node version should be low since it was not an LTS version and has been EOL for several months already.",fix,,False,bug_fixes
73310,73308,fix(deps): update dependency semver to v7,fix,deps,False,bug_fixes
73430,73428,GitBook: [master] 3 pages modified,other,,False,other
73487,73485,"Merge pull request #39 from semantic-release-plus/beta

Release v17",other,,False,other
73671,73669,Merge branch 'semantic-release-master' into sync-upstream-17.0.4,other,,False,other
73727,73725,chore(deps): update dependency clear-module to v4.1.0,chore,deps,False,tech_debt
73767,73765,chore(deps): update dependency clear-module to v4.1.1,chore,deps,False,tech_debt
73783,73781,chore(deps): update dependency sinon to v9.0.1,chore,deps,False,tech_debt
74447,74445,chore(deps): update dependency got to v11.8.1,chore,deps,False,tech_debt
74487,74485,chore(deps): update dependency nock to v13.0.7,chore,deps,False,tech_debt
74719,74717,"Merge pull request #184 from vervallsweg/patch-1

docs(recipes): fixed typo",other,,False,other
74743,74741,docs: update README.md [skip ci],docs,,False,docs
74879,74877,chore(deps): update dependency lodash to 4.17.21 [security],chore,deps,False,tech_debt
76006,76004,Merge branch 'master' into readme-updates,other,,False,other
76455,76453,docs: add new community plugin,docs,,False,docs
77518,77516,Merge branch 'master' into master,other,,False,other
77646,77644,"Merge pull request #23 from semantic-release-plus/renovate/mockserver-client-5.x

Update dependency mockserver-client to v5.8.0",other,,False,other
77654,77652,Merge branch 'master' of https://github.com/semantic-release-plus/semantic-release into beta,other,,False,other
77846,77844,"Merge pull request #45 from semantic-release-plus/merge-upstream-16.0.2

Merge upstream 16.0.2",other,,False,other
77878,77876,fix(deps): update dependency marked-terminal to v4,fix,deps,False,bug_fixes
78070,78068,chore(deps): update dependency ava to v3.5.0,chore,deps,False,tech_debt
78278,78276,chore(deps): update dependency got to v11.1.3,chore,deps,False,tech_debt
78366,78364,chore(deps): update dependency nock to v13,chore,deps,False,tech_debt
78446,78444,chore(deps): update dependency tempy to v0.6.0,chore,deps,False,tech_debt
78494,78492,chore(deps): update dependency ava to v3.11.1,chore,deps,False,tech_debt
78526,78524,feat: adds a skipTag option to turn off git tagging,feat,,False,feature_work
78878,78876,docs(README): adds link to skipTag recipe,docs,README,False,docs
78910,78908,"Merge pull request #172 from semantic-release-plus/skip-tag-cli-usage

fix(cli): adds usage text for skip-tag",other,,False,other
78974,78972,fix(deps): update dependency hosted-git-info to v4,fix,deps,False,bug_fixes
79318,79316,chore(deps): update dependency nock to v13.1.1,chore,deps,False,tech_debt
79382,79380,"Merge pull request #225 from semantic-release-plus/use-local-srp

Use local srp",other,,False,other
79470,79468,"chore(deps): update dependency dockerode to v3.3.1 (#2113)

Co-authored-by: Renovate Bot <bot@renovateapp.com>",chore,deps,False,tech_debt
79992,79990,"docs(engines): updated docs to account for the correction in the `engines` definition

and to clean up a few cases that were even further out of date",docs,engines,False,docs
80595,80593,chore(package): update xo to version 0.25.0,chore,package,False,tech_debt
80676,80674,test: specify version of gitbox image,test,,False,tech_debt
80988,80986,fix: add a flag indicate which branch is the main one,fix,,False,bug_fixes
80996,80994,"build: remove `.github/airtable-crm.yml`

I don't think we use that",build,,False,tech_debt
81436,81434,"chore(package): update xo to version 0.28.1

Closes #1488",chore,package,False,tech_debt
81556,81554,feat(bitbucket-basic-auth): support for bitbucket server basic auth (#1578),feat,bitbucket-basic-auth,False,feature_work
81701,81699,docs: add npm-deprecate-old-versions in plugins list (#1667),docs,,False,docs
81733,81731,fix: mask secrets when characters get uri encoded,fix,,False,bug_fixes
82133,82131,docs(README): change link to Angular's Contribution guidelines instead of Angular.js's Developers guide (#1817),docs,README,False,docs
82245,82243,docs: Add article to explain semantic release (#1856),docs,,False,docs
82445,82443,docs(plugins): clarify order of execution (#1989),docs,plugins,False,docs
82517,82515,"chore(deps): update dependency path-parse to 1.0.7 [security] (#2072)

Co-authored-by: Renovate Bot <bot@renovateapp.com>",chore,deps,False,tech_debt
83049,83047,"feat(node-version): raised the minimum required version to v14.17

for #2055

BREAKING CHANGE: the minimum required version of node is now v14.17",feat,node-version,False,feature_work
83306,83304,"fix(get-commits): correct how commitPaths  gets translated into args

* Testing needs to be improved, currently filtering works in a real repo but in the test temp repo it is not working.",fix,get-commits,False,bug_fixes
83338,83336,"Merge pull request #12 from semantic-release-plus/revert-9-master

Revert ""Sync fork source master""",other,,False,other
83378,83376,"Merge pull request #15 from semantic-release-plus/revert-bad-revert

Revert ""Revert ""Sync fork source master""""",other,,False,other
83506,83504,"Merge pull request #23 from semantic-release-plus/renovate/mockserver-client-5.x

Update dependency mockserver-client to v5.8.0",other,,False,other
83586,83584,"Merge pull request #34 from semantic-release/master

Sync Upstream v15.14.0",other,,False,other
83618,83616,"Merge pull request #32 from semantic-release-plus/renovate/mockserver-client-5.x

Update dependency mockserver-client to v5.8.1",other,,False,other
83690,83688,"Merge pull request #41 from semantic-release-plus/renovate/pin-dependencies

Pin dependency got to 10.2.2",other,,False,other
84066,84064,chore(deps): pin dependencies,chore,deps,False,tech_debt
84138,84136,chore(deps): update dependency got to v11.1.3,chore,deps,False,tech_debt
84218,84216,"Merge pull request #87 from semantic-release-plus/renovate/marked-1.x

fix(deps): update dependency marked to v1",other,,False,other
84226,84224,chore(deps): update dependency nock to v13,chore,deps,False,tech_debt
84570,84568,chore(deps): update dependency got to v11.8.0,chore,deps,False,tech_debt
84890,84888,"Merge pull request #184 from vervallsweg/patch-1

docs(recipes): fixed typo",other,,False,other
85018,85016,Merge branch 'master' into all-contributors/add-JoA-MoS,other,,False,other
85098,85096,Merge branch 'semantic-release:master' into master,other,,False,other
85566,85564,"docs(circleci): Update CircleCI recipes config

Updates the included CircleCI config file example.

* Now uses 2.1 style config
* Uses Node Orb
* Use pre-defined node/test job
* Uses Matrix jobs to test multiple node versions.
* Updated Node versions
* Using new CircleCI docker images (from node executor)
* Updated language/terminology in description",docs,circleci,False,docs
86749,86747,chore(deps): update dependency nock to v13.1.0,chore,deps,False,tech_debt
86994,86992,docs(README): improve sentence,docs,README,False,docs
87233,87231,chore(deps): update dependency browserslist to 4.16.5 [security],chore,deps,False,tech_debt
87340,87338,"Merge pull request #10 from semantic-release-plus/fix-commit-path-params

fix(get-commits): correct how commitPaths  gets translated into args",other,,False,other
87468,87466,"Merge pull request #19 from semantic-release-plus/renovate/yargs-15.x

fix(deps): update dependency yargs to v15",other,,False,other
87652,87650,"Merge pull request #33 from semantic-release-plus/renovate/nock-11.x

chore(deps): update dependency nock to v11.7.2",other,,False,other
87780,87778,"Merge pull request #42 from semantic-release-plus/renovate/sinon-8.x

chore(deps): update dependency sinon to v8.1.1",other,,False,other
87860,87858,Merge branch 'semantic-release-master' into sync-upstream-17.0.4,other,,False,other
88196,88194,chore(deps): update dependency got to v11.2.0,chore,deps,False,tech_debt
88244,88242,chore(deps): update dependency nock to v13,chore,deps,False,tech_debt
88316,88314,chore(deps): update dependency delay to v4.4.0,chore,deps,False,tech_debt
88564,88562,chore(deps): update dependency sinon to v9.2.0,chore,deps,False,tech_debt
88868,88866,chore(deps): update dependency tempy to v1.0.1,chore,deps,False,tech_debt
88980,88978,fix(deps): update dependency lodash to ^4.17.20,fix,deps,False,bug_fixes
89570,89568,docs: add heroku to list of community plugins,docs,,False,docs
92753,92751,chore(deps): update dependency file-url to v4,chore,deps,False,tech_debt
93383,93381,chore(deps): update dependency got to v11.8.2,chore,deps,False,tech_debt
93600,93598,chore: remove comments,chore,,False,tech_debt
101677,101675,fix(docs) : Change link to Angular's Contribution guidelines instead of Angular.js's Developers guide.,other,,False,other
104690,104688,chore(deps): lock file maintenance,chore,deps,False,tech_debt
107052,107050,chore(deps): pin dependencies,chore,deps,False,tech_debt
107527,107525,"chore: update docs to include main

Co-authored-by: Andrei Danilov <andreialexandr.danilov@gmail.com>",chore,,False,tech_debt
108816,108814,fix: escape uri encoded symbols,fix,,False,bug_fixes
109310,109308,docs(plugins): add listing for new plugin,docs,plugins,False,docs
109855,109853,style: xo,style,,False,tech_debt
112841,112839,"fix: choose branch instead of prBranch when noCi is true

fix #1596",fix,,False,bug_fixes
114584,114582,docs: Recommend using npx instead of installing globally,docs,,False,docs
115220,115218,chore(package): update xo to version 0.30.0,chore,package,False,tech_debt
117804,117802,chore(package): update sinon to version 9.0.0,chore,package,False,tech_debt
120345,120343,Add new arg gitlogarg to cli,other,,False,other
120353,120351,add documentation to gitMerge,other,,False,other
121654,121652,Merge branch 'master' into plugins-env,other,,False,other
123086,123084,fix: update commit-analyzer dep version off errant publish,fix,,False,bug_fixes
124847,124845,test: fix typo in test examples,test,,False,tech_debt
124953,124951,fix(package): update execa to version 3.2.0,fix,package,False,bug_fixes
125835,125833,docs: limit list of suggested tools for commit linting,docs,,False,docs
126018,126016,Merge branch 'master' into patch-1,other,,False,other
126079,126077,fix: update plugins dependencies,fix,,False,bug_fixes
126926,126924,docs: syntax fixes in plugins list,docs,,False,docs
126990,126988,docs: fix broken link in CircleCI recipe,docs,,False,docs
127110,127108,fix: do not call `addChannel`for 2 merged branches configured with the same channel,fix,,False,bug_fixes
127350,127348,"revert: feat: create annotated tags

This reverts commit 4d581fc140dda99065542872d125cf27fb24798f.",revert,,False,tech_debt
127638,127636,chore(package): update nock to version 11.1.0,chore,package,False,tech_debt
128022,128020,docs: fix node version requirement link is FAQ,docs,,False,docs
129106,129104,docs: tried to fix #1250,docs,,False,docs
130261,130259,"docs: fix typo

fix misspelled `they`",docs,,False,docs
132117,132115,doc: add note to default plugins,other,,False,other
132298,132296,chore(package): update ava to version 2.0.0,chore,package,False,tech_debt
139604,139602,Merge branch 'master' into docs/spelling-corrections,other,,False,other
140784,140782,fix: remove confusing logs when searching for releases to add to a channel,fix,,False,bug_fixes
142008,142006,docs: syntax fixes in plugins list,docs,,False,docs
142016,142014,docs: switch to spectrum.chat,docs,,False,docs
142525,142523,docs: syntax fixes in plugins list,docs,,False,docs
146162,146160,"docs: clarify the ""npm missing permission"" troubleshooting section",docs,,False,docs
146827,146825,docs: add Waffle.io README badge,docs,,False,docs
148171,148169,fix(package): update execa to version 0.11.0,fix,package,False,bug_fixes
149007,149005,fix(package): update @semantic-release/npm to version 5.0.0,fix,package,False,bug_fixes
149922,149920,fix(package): update git-url-parse to version 10.0.1,fix,package,False,bug_fixes
150526,150524,style: disable `max-params` warning for `lib/plugins/normalize.js`,style,,False,tech_debt
151483,151481,fix(package): update yargs to version 12.0.0,fix,package,False,bug_fixes
151857,151855,fix(package): update read-pkg-up to version 4.0.0,fix,package,False,bug_fixes
153800,153798,"feat: set tag author and committer name/email

Use [Git Environment Variables](https://git-scm.com/book/en/v2/Git-Internals-Environment-Variables#Committing). Set default values if environement variables are not set.",feat,,False,feature_work
154947,154945,test: prevent username/password prompt in `get-git-auth-url` tests,test,,False,tech_debt
155468,155466,fix: add trailing `.git` to `repositoryUrl` only if it's present in the configured URL,fix,,False,bug_fixes
155540,155538,docs: clarify FAQ to publish non-JavaScript packages,docs,,False,docs
155902,155900,Update plugins-list.md,other,,False,other
156495,156493,fix: correct `git merge-base` exit code detection,fix,,False,bug_fixes
157623,157621,"docs: add ""Introduction to Semantic Release"" article",docs,,False,docs
159310,159308,style: lint,style,,False,tech_debt
161101,161099,fix(package): update git-url-parse to version 8.1.0,fix,package,False,bug_fixes
163764,163762,docs: update Yarn FAQ,docs,,False,docs
168152,168150,fix: remove `name` from log as it's not an existing option anymore,fix,,False,bug_fixes
173255,173253,fix: Always pass pluginConfig to plugins as a defined object,fix,,False,bug_fixes
176299,176297,"fix(post): create git tag properly

refs/heads are for branches and refs/tags for tags.",fix,post,False,bug_fixes
176484,176482,"fix(package): @semantic-release/condition-travis@6.0.0

This also introduces the new build leader detecation from https://github.com/semantic-release/travis-deploy-once/releases/tag/v2.0.0",fix,package,False,bug_fixes
176677,176675,"fix(package): update @semantic-release/release-notes-generator to version 3.0.1

BREAKING CHANGE: Dropped support for unmaintained Node.js versions (< v4)",fix,package,False,bug_fixes
179499,179497,"fix(package): update github to version 8.0.0

https://greenkeeper.io/",fix,package,False,bug_fixes
181683,181681,chore(package): update github to version 5.2.3,chore,package,False,tech_debt
182483,182481,"test(pre): add tests for substring package behaviour

affects: lerna-semantic-release-pre",test,pre,False,tech_debt
182507,182505,"chore(release): releasing component

affects: lerna-semantic-release-pre@1.1.2

Released from sha undefined
Tag for lerna release",chore,release,False,tech_debt
182643,182641,"chore(release): releasing component

affects: lerna-semantic-release-analyze-commits@1.0.20

Released from sha undefined
Tag for lerna release",chore,release,False,tech_debt
182715,182713,"chore(post): fix release, compatibility with node v5

affects: lerna-semantic-release-post",chore,post,False,tech_debt
182812,182810,"chore(release): releasing component

affects: lerna-semantic-release-post@1.0.0

Released from sha undefined
Tag for lerna release",chore,release,False,tech_debt
182964,182962,"chore(release): releasing component

affects: lerna-semantic-release-pre@1.0.0

Released from sha undefined
Tag for lerna release",chore,release,False,tech_debt
183156,183154,"Merge pull request #20 from atlassian/package-fixes

chore: update packages",other,,False,other
183188,183186,chore: update lerna-semantic-release that is used,chore,,False,tech_debt
183285,183283,chore: add guards for PR builds,chore,,False,tech_debt
183373,183371,"The new post package does not longer add, commit & push the CHANGELOG.md automatically

affects: lerna-semantic-release

BREAKING CHANGE: no more CHANGELOG.md auto-commit & push",other,,False,other
183397,183395,"chore(release): releasing component

affects: lerna-semantic-release@8.0.0

Released from sha undefined
Tag for lerna release",chore,release,False,tech_debt
183437,183435,Merge branch 'fix-maxbuffer' of github.com:atlassian/lerna-semantic-release into fix-maxbuffer,other,,False,other
183565,183563,"chore(release): releasing component

affects: lerna-semantic-release-analyze-commits@4.0.2

Released from sha undefined
Tag for lerna release",chore,release,False,tech_debt
183677,183675,"chore(release): releasing component

affects: lerna-semantic-release-analyze-commits@4.0.2

Released from sha undefined
Tag for lerna release",chore,release,False,tech_debt
183853,183851,"chore(release): releasing component

affects: lerna-semantic-release-get-last-release@5.0.2

Released from sha undefined
Tag for lerna release",chore,release,False,tech_debt
183981,183979,"chore(release): releasing component

affects: lerna-semantic-release-perform@4.0.1

Released from sha undefined
Tag for lerna release",chore,release,False,tech_debt
184141,184139,Merge branch 'caribou' of github.com:atlassian/lerna-semantic-release into caribou,other,,False,other
184165,184163,chore(build): bump depth to 9999 to debug,chore,build,False,tech_debt
184237,184235,chore(build): add git fsck full,chore,build,False,tech_debt
184261,184259,chore(debug): branch yet to be born problem in prev commit,chore,debug,False,tech_debt
184903,184901,chore(package): update github to version 3.0.0,chore,package,False,tech_debt
186271,186269,"chore(package): update github to version 2.3.0

https://greenkeeper.io/",chore,package,False,tech_debt
186894,186892,"test: fix ""/bin/bash: NO_PROMPT=yes: command not found""",test,,False,tech_debt
186989,186987,"chore(package): update tap to version 6.1.1

https://greenkeeper.io/",chore,package,False,tech_debt
188866,188864,"feat(api): allow running semantic release from node

Moving the main semantic release function to a seprate module to allow requiring and calling it from
a node script. In addition, added support for passing the run configuration programmatically.",feat,api,False,feature_work
189668,189666,"chore(package): update nyc to version 6.0.0

http://greenkeeper.io/",chore,package,False,tech_debt
190207,190205,"chore(package): update standard to version 6.0.0

http://greenkeeper.io/",chore,package,False,tech_debt
190891,190889,"feat(post): Adds GitHub Enterprise support

Adds githubApiPathPrefix option for GitHub Enterprise APIs. Removes parse-github-repo-url check from
verify to support custom GitHub URLs

closes #146",feat,post,False,feature_work
192080,192078,"chore(package): update nyc to version 4.0.0

http://greenkeeper.io/",chore,package,False,tech_debt
193164,193162,"chore(package): update tap to version 2.1.1

http://greenkeeper.io/",chore,package,False,tech_debt
194283,194281,docs(README): smaller fixes and clarifications,docs,README,False,docs
196285,196283,Added Gitter badge,other,,False,other
197259,197257,style(tests): require deps in every file,style,tests,False,tech_debt
197267,197265,test: convert from tape to tap,test,,False,tech_debt
198453,198451,docs(ci server) typo fix,other,,False,other
199508,199506,test(postpublish): initial scenario,test,postpublish,False,tech_debt
104978,104976,ci(node-versions): limited verified versions to a single version of each major,ci,node-versions,False,tech_debt
105298,105296,"docs: clarify renovate/** branches

Signed-off-by: Josh Soref <jsoref@users.noreply.github.com>",docs,,False,docs
107155,107153,chore(deps): update actions/setup-node action to v2,chore,deps,False,tech_debt
107241,107239,"fix(deps): update to yargs 16.2.0

fixes vulnerability in y18n which is a dependency of yargs version 15:
https://nvd.nist.gov/vuln/detail/CVE-2020-7774

Signed-off-by: Roland Weiss <roland.weiss@mobi.ch>",fix,deps,False,bug_fixes
107551,107549,Merge branch 'beta' into fix-add-main-to-default-release-config,other,,False,other
107922,107920,chore: fix typo,chore,,False,tech_debt
108010,108008,"fix(deps): Require find-versions ^4.0.0

This new version includes a fix for a ReDoS vulnerability in
`semver-regex` that is flagged by some source composition analysis tools
like Snyk:

https://snyk.io/vuln/SNYK-JS-SEMVERREGEX-1047770

It's a major version because it drops support for Node.js 6.x. This
doesn't affect us since we already require Node.js >=10.18.",fix,deps,False,bug_fixes
108737,108735,style: xo,style,,False,tech_debt
110188,110186,Add renovate.json,other,,False,other
115480,115478,"test: uncomment tests

follow up for https://github.com/semantic-release/semantic-release/commit/0363790b8a5f91a8c95fc6905e3e20305db7c539\#r38547135",test,,False,tech_debt
115630,115628,"docs: link to conventions for Angular and not AngularJS

Follow what is used for conventional-changelog-angular.",docs,,False,docs
118623,118621,chore(package): update got to version 10.5.2,chore,package,False,tech_debt
120238,120236,"chore: require Node.js >=10.18

BREAKING CHANGE: Require Node.js >= 10.18",chore,,False,tech_debt
124523,124521,"feat: add the ability to filter commits by specifying an array of paths

* adds an optional parameter commitPaths that can be defined as an array of strings. This will be used to filter commit messages similar to git log -- \<paths\>

COMPLETES: #1",feat,,False,feature_work
125285,125283,docs(recipes): Add back docs about need env vars,docs,recipes,False,docs
125353,125351,docs(recipes): Update repository_dispatch event,docs,recipes,False,docs
125899,125897,test: specify version of gitbox image,test,,False,tech_debt
126010,126008,docs(shareable-configurations-list): add semantic-release-npm-github-publish,docs,shareable-configurations-list,False,docs
126034,126032,Merge branch 'master' into patch-1,other,,False,other
127022,127020,fix(package): update `@semantic-release/npm` and `@semantic-release/github`,fix,package,False,bug_fixes
127174,127172,fix: correctly determine next pre-release version,fix,,False,bug_fixes
127254,127252,test: update test to new sinon version,test,,False,tech_debt
127262,127260,fix: Add helpful detail to `ERELEASEBRANCHES` error message (#1188),fix,,False,bug_fixes
127294,127292,fix: revert to the correct refspec in fetch function,fix,,False,bug_fixes
127974,127972,"revert: docs: note publishing on distribution channels in beta

This reverts commit 490d86d0d522b9e808bccc407e6d1ba1a961977e.",revert,,False,tech_debt
129335,129333,docs(contributing): added instructions on how to run gitbook locally,docs,contributing,False,docs
129403,129401,"docs(recipes): cleaned doc and navigation

Corrected inconsistancies between the sidebar and the actual pages. Remove non existing pages.
Clarified status of ""Package managers and languages"" to ""to be completed"".",docs,recipes,False,docs
133477,133475,chore(package): update @semantic-release/github to version 5.4.0-beta.1,chore,package,False,tech_debt
134467,134465,"Add support for versions that contain zeroes in sample regex

example: 10.x.x is not currently supported as the regex only looks for 1-9",other,,False,other
135592,135590,Merge branch 'master' into greenkeeper/aggregate-error-3.0.0,other,,False,other
139467,139465,chore(package): update xo to version 0.24.0,chore,package,False,tech_debt
139775,139773,fix: correctly determine next pre-release version,fix,,False,bug_fixes
140317,140315,fix(pacjage): update `@semantic-release/github` and `@semantic-release/npm`,fix,pacjage,False,bug_fixes
142024,142022,fix: allow to set `ci` option via API and config file,fix,,False,bug_fixes
144686,144684,docs: mention `postversion` npm script hook to run build scripts,docs,,False,docs
147009,147007,docs: add semantic-release-gerrit to plugins list,docs,,False,docs
148876,148874,docs(plugins): add semantic-release-firefox,docs,plugins,False,docs
149991,149989,Merge branch 'caribou' into patch-1,other,,False,other
151903,151901,Add SemVer compatibility badge,other,,False,other
152420,152418,"fix(plugin-load): clarify load message

added quotes around plugin name to set it apart from the message. without the quotes, some consumers
were missunderstanding the successful loading of the `fail` plugin as a load failure and assuming
something was broken

resolves #811",fix,plugin-load,False,bug_fixes
153869,153867,chore: remove italics,chore,,False,tech_debt
154931,154929,docs: fix jsdoc typos,docs,,False,docs
155330,155328,Merge branch 'caribou' into update-troubleshooting-docs-with-err403-details,other,,False,other
155951,155949,Merge branch 'caribou' into plugins-list,other,,False,other
157203,157201,fix: remove `execa` timeout,fix,,False,bug_fixes
158277,158275,"docs(configuration): environment variable `DEBUG` must be set to `semantic-release:*`, not `semantic-release`",docs,configuration,False,docs
159302,159300,chore(package): simplify xo configuration,chore,package,False,tech_debt
159616,159614,docs: add missing `success` and `fail` options,docs,,False,docs
160210,160208,fix: log current version of semantic-release,fix,,False,bug_fixes
160768,160766,docs: fix typo in extending link,docs,,False,docs
160810,160808,fix: debug log all options,fix,,False,bug_fixes
162461,162459,feat: hide sensitive info in stdout/sdtin,feat,,False,feature_work
164728,164726,ci: fix travis-deploy-once install cmd,ci,,False,tech_debt
167846,167844,style: update to prettier@1.9.0,style,,False,tech_debt
171989,171987,"feat: Refactor CLI to run with one command, improve logs, modularize, add tests

- Run with one command and do not rely on error exit codes to stop the process when a release is not necessary
- Break `index.js` in smaller modules in order to improve testability and simplify the code
- Add several missing unit and integration tests to reach 100% coverage
- Integration tests now test end to end, including publishing to Github (with http://www.mock-server.com on Docker)
- Use `tj/commander.js` to print an help message, verify and parse CLI arguments
- Semantic-release can now be called via Javascript API: `require('semantic-release')(options)`
- Remove npmlog dependency and add more log messages
- Logger is now passed to plugins
- Add debug logs with `visionmedia/debug`. `debug` is enabled for both semantic-release and plugins with `--debug`
- Use `kevva/npm-conf` in place of the deprecated `npm/npmconf`
- Pass lastRelease, nextRelease and commits to generate-notes plugin
- In dry-run mode, print the release note instead of publishing it to Github as draft, and skip the CI verifications
- The dry-run mode does not require npm and Github TOKEN to be set anymore and can be run locally

BREAKING CHANGE: Semantic-Release must now be executed with `semantic-release` instead of `semantic-release pre && npm publish && semantic-release post`.
BREAKING CHANGE: The `semantic-release` command now returns with exit code 0 on expected exception (no release has to be done, running on a PR, gitHead not found, other CI job failed etc...). It only returns with 1 when there is an unexpected error (code error in a plugin, plugin not found, git command cannot be run etc..).
BREAKING CHANGE: Calling the `semantic-release` command with unexpected argument(s) now exit with 1 and print an help message.
BREAKING CHANGE: Semantic-Release does not rely on `npmlog` anymore and the log level cannot be configured. Debug logs can be activated with CLI option `--debug` or with environment variable `DEBUG=semantic-release:*`
BREAKING CHANGE: The CLI options `--debug` doesn't enable the dry-run mode anymore but activate the debugs. The dry run mode is now set with the CLI command `--dry-run` or `-d`.",feat,,False,feature_work
174152,174150,"refactor: Use ES6, Test with AVA

- Use async/await instead of callbacks
- Use execa to run command line
- Use AVA for tests
- Add several assertions in the unit tests
- Add documentation (comments) in the tests
- Run tests with a real git repo instead of mocking child_process and add test helpers to create repos, commits and checkout
- Simplify test directory structure
- Simplify code readability (mostly with async/await)
- Use eslint for for linting, prettier for formatting",refactor,,False,tech_debt
174168,174166,"ci(travis): Update .travis.yml

- Avoid double build on PR
- Add git fetch depth
- Remove cache
- Retry npm install",ci,travis,False,tech_debt
175046,175044,fix(package): update @semantic-release/release-notes-generator to version 4.0.0,fix,package,False,bug_fixes
181564,181562,chore(package): update tap to version 8.0.0,chore,package,False,tech_debt
182402,182400,chore(package): update standard to version 8.2.0,chore,package,False,tech_debt
182675,182673,"test(post): add a test for when we have tags that don't follow our conventions, but are semver. See

affects: lerna-semantic-release-post",test,post,False,tech_debt
182683,182681,"test(post): add a real failing test for the rogue tag problem

affects: lerna-semantic-release-io, lerna-semantic-release-post",test,post,False,tech_debt
183277,183275,chore: fix shell scripts,chore,,False,tech_debt
183477,183475,"chore(release): releasing component

affects: lerna-semantic-release-pre@4.0.1

Released from sha undefined
Tag for lerna release",chore,release,False,tech_debt
183645,183643,"chore(release): releasing component

affects: lerna-semantic-release-perform@4.0.1

Released from sha undefined
Tag for lerna release",chore,release,False,tech_debt
183733,183731,"chore(release): releasing component

affects: lerna-semantic-release-analyze-commits@4.0.2

Released from sha undefined
Tag for lerna release",chore,release,False,tech_debt
183765,183763,"chore(release): releasing component

affects: lerna-semantic-release-post@5.0.1

Released from sha undefined
Tag for lerna release",chore,release,False,tech_debt
184245,184243,chore(debug): set -x,chore,debug,False,tech_debt
184357,184355,chore(release): manual bump for release of lerna-semantic-release-pre@4.0.14,chore,release,False,tech_debt
184874,184872,chore(package): update tap to version 7.0.1,chore,package,False,tech_debt
185041,185039,test: fix exec mock to allow for optional options,test,,False,tech_debt
185903,185901,chore(package): update github to version 2.5.1,chore,package,False,tech_debt
187408,187406,"chore(package): update github to version 1.3.0

https://greenkeeper.io/",chore,package,False,tech_debt
188614,188612,"chore(package): update nock to version 8.0.0

http://greenkeeper.io/",chore,package,False,tech_debt
190965,190963,Merge branch 'caribou' into greenkeeper-lodash-4.0.0,other,,False,other
191212,191210,"chore(package): update tap to version 5.0.0

http://greenkeeper.io/",chore,package,False,tech_debt
191315,191313,Merge branch 'caribou' into greenkeeper-tap-4.0.0,other,,False,other
193524,193522,Merge branch 'caribou' into greenkeeper-cz-conventional-changelog-1.1.2,other,,False,other
195862,195860,"feat(commit-analyzer): Change to new commit-analyzer API

Support the new commit-analyzer API. With the new API, we call the plugin once
for each commit, and keep track of the changes ourselfs.
This also adds support for the 'rskip' release type, which skips the release.
This revealed a major problem with the pre.js unit tests (test/specs/pre.js),
child process was not actually being mocked, and was simply returning an empty
array. With the old system, the mocked commit-analyzer was still called and
could still trigger a release (this is actually a flaw with the whole system.
With the new system, this is no longer true, so the unit tests fail. I did not
fix this both because it's not related to this branch/pull request, and because
it would mean a major revamp, which I would need to think about more.

Fixes #41
Refs semantic-release/commit-analyzer#1, semantic-release/commit-analyzer#2
BREAKING CHANGE:
	The commit-analyzer is now called multiple times, and with a single commit
	(passed in as `commit`, vs `commits` as an array). The plugin also no longer
	has to deal with keeping track of the release type between commits.",feat,commit-analyzer,False,feature_work
197739,197737,feat(setup): fail gracefully on no repo url in package.json,feat,setup,False,feature_work
159886,159884,test: revert to mockserver:latest docker container,test,,False,tech_debt
160125,160123,"test: use older version of mockserver

Due to https://github.com/jamesdbloom/mockserver/issues/435",test,,False,tech_debt
160371,160369,docs: fix typo in travis recipe,docs,,False,docs
160870,160868,feat: add debug logs for git commands,feat,,False,feature_work
164163,164161,chore(package): update @semantic-release/github to version 3.0.1,chore,package,False,tech_debt
168821,168819,ci: Run npm registry in Docker,ci,,False,tech_debt
169109,169107,ci: Lint with XO,ci,,False,tech_debt
169981,169979,Update README.md,other,,False,other
171045,171043,fix: Include Error properties in logs,fix,,False,bug_fixes
171093,171091,docs: Add FAQ section for using with yarn,docs,,False,docs
176693,176691,chore: remove console.log,chore,,False,tech_debt
178076,178074,docs(readme): add sgc,docs,readme,False,docs
178960,178958,"chore(package): update standard to version 9.0.0

https://greenkeeper.io/",chore,package,False,tech_debt
182611,182609,docs(changelog): appending to changelog,docs,changelog,False,docs
182707,182705,"Merge pull request #14 from atlassian/fix-changelog-generation

Fix changelog generation",other,,False,other
182748,182746,chore: update registry setting,chore,,False,tech_debt
182836,182834,"Revert ""chore: update registry setting""

This reverts commit 1a04ad37a565ed13eda9ef98f938219b31e18706.",other,,False,other
183028,183026,"chore(release): releasing component

affects: lerna-semantic-release-post@1.0.0

Released from sha undefined
Tag for lerna release",chore,release,False,tech_debt
183116,183114,"chore(build): remove git log used for debugging

was causing builds to fail",chore,build,False,tech_debt
183301,183299,chore: add message to before_script script,chore,,False,tech_debt
183333,183331,docs(changelog): appending to changelog,docs,changelog,False,docs
183349,183347,"Merge pull request #25 from atlassian/bump-post

refactor(post): Use new lerna-semantic-release-post package",other,,False,other
183389,183387,"refactor: The new post package does not longer add, commit & push the CHANGELOG.md automatically

affects: lerna-semantic-release

BREAKING CHANGE: no more CHANGELOG.md auto-commit & push",refactor,,False,tech_debt
183405,183403,docs(changelog): appending to changelog,docs,changelog,False,docs
183429,183427,"fix(package): Update to semantic-release without maxBuffer problem

affects: lerna-semantic-release-analyze-commits, lerna-semantic-release-get-last-release, lerna-semantic-release-pre",fix,package,False,bug_fixes
183525,183523,"chore(release): releasing component

affects: lerna-semantic-release-io@5.0.1

Released from sha undefined
Tag for lerna release",chore,release,False,tech_debt
183613,183611,"chore(release): releasing component

affects: lerna-semantic-release-utils@4.0.1

Released from sha undefined
Tag for lerna release",chore,release,False,tech_debt
183669,183667,"chore(release): releasing component

affects: lerna-semantic-release-utils@4.0.1

Released from sha undefined
Tag for lerna release",chore,release,False,tech_debt
183821,183819,"chore(release): releasing component

affects: lerna-semantic-release-post@5.0.1

Released from sha undefined
Tag for lerna release",chore,release,False,tech_debt
183885,183883,"chore(release): releasing component

affects: lerna-semantic-release-pre@4.0.2

Released from sha undefined
Tag for lerna release",chore,release,False,tech_debt
184005,184003,"chore(release): releasing component

affects: lerna-semantic-release-utils@4.0.1

Released from sha undefined
Tag for lerna release",chore,release,False,tech_debt
184029,184027,"chore(release): releasing component

affects: lerna-semantic-release-io@5.0.1

Released from sha undefined
Tag for lerna release",chore,release,False,tech_debt
184093,184091,"chore(release): releasing component

affects: lerna-semantic-release-io@5.0.1

Released from sha b6c191537c5ff1dd7376009f74c6fc5d997a7e4c
Tag for lerna release",chore,release,False,tech_debt
184181,184179,chore(debug): even more debug,chore,debug,False,tech_debt
184341,184339,"chore(release): releasing component

affects: lerna-semantic-release-utils@4.0.1

Released from sha 02a85fa3de257a4b2ce59bc37666dfd7d57a14c8
Tag for lerna release",chore,release,False,tech_debt
186077,186075,chore(package): update nyc to version 8.0.0,chore,package,False,tech_debt
188917,188915,"docs(README.md): discourage use of pre-patch, pre-minor and pre-release",docs,README.md,False,docs
191994,191992,"chore(package): update nyc to version 4.0.1

http://greenkeeper.io/",chore,package,False,tech_debt
192739,192737,"chore(package): update babel to version 6.0.12

http://greenkeeper.io/",chore,package,False,tech_debt
193849,193847,"chore(package): updated lodash to version 3.10.1

http://greenkeeper.io/",chore,package,False,tech_debt
193857,193855,Merge branch 'caribou' into greenkeeper-lodash-3.10.1,other,,False,other
193886,193884,"chore(package): pinned dependencies
http://greenkeeper.io/",chore,package,False,tech_debt
194178,194176,docs(README): add example commits,docs,README,False,docs
196993,196991,docs(readme): Reminder to enable Travis to make encrypt work,docs,readme,False,docs
198084,198082,test(npm-info): support private modules,test,npm-info,False,tech_debt
177636,177634,"fix: pre-write gitHead to package.json

gitHead property is some undocumented thing, not a part of NPM contract (see e.g. https://github.com/npm/npm/issues/3363) and they mostly write it on publish but sometimes not. Let's pre-write it ourselves instead because we rely on it indeed.

fixes https://github.com/semantic-release/semantic-release/issues/280 (Warn user about nonexistent gitHead returned by npm-registry-client)",fix,,False,bug_fixes
179423,179421,"chore(package): update tap to version 10.0.1

https://greenkeeper.io/",chore,package,False,tech_debt
179483,179481,"fix(package): update nopt to version 4.0.0

https://greenkeeper.io/",fix,package,False,bug_fixes
179507,179505,Merge branch 'caribou' into greenkeeper/nopt-4.0.0,other,,False,other
182459,182457,"chore(release): releasing component

affects: lerna-semantic-release@4.0.2

Released from sha undefined
Tag for lerna release",chore,release,False,tech_debt
182475,182473,docs(changelog): appending to changelog,docs,changelog,False,docs
182659,182657,docs(changelog): appending to changelog,docs,changelog,False,docs
182756,182754,Merge branch 'caribou' into remove-npmrc,other,,False,other
182868,182866,"fix(testrelease): testing the new build by releasing a fake bugfix release

affects: lerna-semantic-release",fix,testrelease,False,bug_fixes
183060,183058,chore(build): remove the step that configures the registry since that didn't work,chore,build,False,tech_debt
183124,183122,Merge branch 'caribou' of github.com:atlassian/lerna-semantic-release into caribou,other,,False,other
183204,183202,"test: remove unneccessary tests

affects: lerna-semantic-release-post",test,,False,tech_debt
183253,183251,chore: add missing ;,chore,,False,tech_debt
183269,183267,chore: clean up .travis.yml,chore,,False,tech_debt
183357,183355,"docs: remove CHANGELOG.md

affects: lerna-semantic-release, lerna-semantic-release-analyze-commits, lerna-semantic-release-get-last-release, lerna-semantic-release-io, lerna-semantic-release-perform, lerna-semantic-release-post, lerna-semantic-release-pre, lerna-semantic-release-utils",docs,,False,docs
183717,183715,"chore(release): releasing component

affects: lerna-semantic-release-pre@4.0.2

Released from sha undefined
Tag for lerna release",chore,release,False,tech_debt
184189,184187,chore(debug): debug build,chore,debug,False,tech_debt
184373,184371,chore(release): manual bump for release of lerna-semantic-release-perform@4.0.13,chore,release,False,tech_debt
184669,184667,chore(package): update standard to version 8.1.0,chore,package,False,tech_debt
187134,187132,Grammar fixes,other,,False,other
187883,187881,"chore(package): update github to version 1.1.0

https://greenkeeper.io/",chore,package,False,tech_debt
189113,189111,"chore(package): update nock to version 7.7.1

http://greenkeeper.io/",chore,package,False,tech_debt
190742,190740,feat(plugins): Make config verification a plugin,feat,plugins,False,feature_work
192554,192552,"chore(package): update babel to version 6.1.5

http://greenkeeper.io/",chore,package,False,tech_debt
197278,197276,chore(tests): add build to allow es6 in tests,chore,tests,False,tech_debt
198211,198209,docs(readme): now also tested on io.js `^2`,docs,readme,False,docs
198701,198699,"docs(readme): add GitHub token scope notes

Closes #15.",docs,readme,False,docs
199273,199271,refactor: use request instead of exec curl,refactor,,False,tech_debt
199321,199319,test: added github-release-fake-server,test,,False,tech_debt
199470,199468,docs(readme): remove usage outside of npm scripts,docs,readme,False,docs
486,484,chore(deps): update npm to v12.0.2,chore,deps,False,tech_debt
1682,1680,chore(deps): update dependency @types/node to v24.13.3,chore,deps,False,tech_debt
4319,4317,chore(deps): update npm to v11.15.0,chore,deps,False,tech_debt
5372,5370,"fix: anchor tagFormat regex with end-of-string marker

Fixes #4138

The tagRegexp was missing a $ anchor, causing shorter tagFormat patterns
to incorrectly match longer tags that share the same prefix.

For example:
  v${version}-sonar-dotnet-10  matched  v1.0.0-sonar-dotnet-10-action

Adding the $ end-of-string anchor ensures exact tagFormat matching.

This contribution was AI-assisted.",fix,,False,bug_fixes
5545,5543,chore(deps): update dependency got to v15.0.3,chore,deps,False,tech_debt
5652,5650,chore(deps): lock file maintenance,chore,deps,False,tech_debt
5685,5683,chore(deps): update dependency prettier to v3.8.3,chore,deps,False,tech_debt
6966,6964,ci(action): update github/codeql-action action to v4.34.1,ci,action,False,tech_debt
7866,7864,ci(action): update actions/upload-artifact action to v7,ci,action,False,tech_debt
9131,9129,chore(deps): update dependency publint to v0.3.17,chore,deps,False,tech_debt
9812,9810,chore(deps): lock file maintenance,chore,deps,False,tech_debt
10315,10313,chore(deps): fix lockfile,chore,deps,False,tech_debt
10682,10680,chore(deps): lock file maintenance,chore,deps,False,tech_debt
10902,10900,ci(action): update actions/checkout action to v6.0.1,ci,action,False,tech_debt
10942,10940,chore(deps): update dependency prettier to v3.7.2,chore,deps,False,tech_debt
12476,12474,update Node version in `npx` command example,other,,False,other
13718,13716,Merge branch 'beta' of github.com:semantic-release/semantic-release into alpha,other,,False,other
13944,13942,fix(deps): update to the latest alpha of the npm plugin,fix,deps,False,bug_fixes
13976,13974,"fix(deps): update to the latest alpha of the npm plugin

for semantic-release/npm#958",fix,deps,False,bug_fixes
14226,14224,fix(deps): update dependency hosted-git-info to v9,fix,deps,False,bug_fixes
15274,15272,chore(deps): update dependency @types/node to v22.18.7,chore,deps,False,tech_debt
15416,15414,chore(deps): lock file maintenance,chore,deps,False,tech_debt
16240,16238,chore(deps): update dependency @types/node to v22.18.3,chore,deps,False,tech_debt
16810,16808,ci(action): update github/codeql-action action to v3.30.0,ci,action,False,tech_debt
16918,16916,chore(deps): update dependency @types/node to v22.18.0,chore,deps,False,tech_debt
17268,17266,chore(deps): lock file maintenance,chore,deps,False,tech_debt
18347,18345,chore(deps): update dependency nock to v14.0.7,chore,deps,False,tech_debt
20303,20301,Merge branch 'master' into master,other,,False,other
21344,21342,ci(action): update github/codeql-action action to v3.29.0,ci,action,False,tech_debt
21950,21948,chore(deps): update dependency nock to v14.0.5,chore,deps,False,tech_debt
21986,21984,chore(deps): update dependency @types/node to v22.15.29,chore,deps,False,tech_debt
23867,23865,chore(deps): update dependency @types/node to v22.15.9,chore,deps,False,tech_debt
24166,24164,chore(deps): update dependency @types/node to v22.15.3,chore,deps,False,tech_debt
24419,24417,Updated comment,other,,False,other
25226,25224,chore(deps): update dependency nock to v14.0.3,chore,deps,False,tech_debt
25347,25345,chore(deps): update dependency @types/node to v22.14.0,chore,deps,False,tech_debt
26100,26098,ci(action): update actions/upload-artifact action to v4.6.2,ci,action,False,tech_debt
27464,27462,"build(deps): bump @octokit/request-error from 6.1.6 to 6.1.7

Bumps [@octokit/request-error](https://github.com/octokit/request-error.js) from 6.1.6 to 6.1.7.
- [Release notes](https://github.com/octokit/request-error.js/releases)
- [Commits](https://github.com/octokit/request-error.js/compare/v6.1.6...v6.1.7)

---
updated-dependencies:
- dependency-name: ""@octokit/request-error""
  dependency-type: indirect
...

Signed-off-by: dependabot[bot] <support@github.com>",build,deps,False,tech_debt
28831,28829,ci(action): update github/codeql-action action to v3.28.4,ci,action,False,tech_debt
29483,29481,chore(deps): update dependency publint to v0.3.2,chore,deps,False,tech_debt
29686,29684,chore(deps): update dependency publint to v0.3.0,chore,deps,False,tech_debt
30046,30044,chore(deps): update npm to v11,chore,deps,False,tech_debt
30162,30160,chore(deps): lock file maintenance,chore,deps,False,tech_debt
30315,30313,chore(deps): update dependency c8 to v10.1.3,chore,deps,False,tech_debt
30533,30531,chore(deps): update dependency prettier to v3.4.2,chore,deps,False,tech_debt
30722,30720,chore(deps): update dependency prettier to v3.4.1,chore,deps,False,tech_debt
31355,31353,ci(action): update github/codeql-action action to v3.27.2,ci,action,False,tech_debt
33549,33547,Merge branch 'master' into docs/kaniko_plugin,other,,False,other
33789,33787,removed `codecov`,other,,False,other
34489,34487,type: add `warn` to `logger` type interface,other,,False,other
35026,35024,chore(deps): lock file maintenance,chore,deps,False,tech_debt
35339,35337,ci(action): update github/codeql-action action to v3.25.13,ci,action,False,tech_debt
35719,35717,Merge branch 'master' into patch-1,other,,False,other
36012,36010,ref: Remove usage of aggregate-error library,other,,False,other
37389,37387,Merge branch 'master' of github.com:semantic-release/semantic-release into beta,other,,False,other
37875,37873,test: add extra test to properly cover build meta edge cases,test,,False,tech_debt
37883,37881,fix: enforce all semver rules when getting tags,fix,,False,bug_fixes
38728,38726,chore(deps): update dependency sinon to v17.0.2,chore,deps,False,tech_debt
39835,39833,ci(action): update github/codeql-action action to v3.25.1,ci,action,False,tech_debt
39988,39986,docs(release-commits): clarify our recommendation to avoid commits within the FAQs,docs,release-commits,False,docs
40266,40264,ci(action): update github/codeql-action action to v3.24.10,ci,action,False,tech_debt
43733,43731,fix(deps): rename read-pkg-up to read-package-up,fix,deps,False,bug_fixes
43855,43853,chore(deps): lock file maintenance,chore,deps,False,tech_debt
44312,44310,"docs(node-versions): updated the minimum documented node version in the node requirement doc

relates to https://github.com/semantic-release/semantic-release/issues/3106",docs,node-versions,False,docs
44323,44321,Merge branch 'master' into beta,other,,False,other
44353,44351,Merge branch 'master' of github.com:semantic-release/semantic-release into beta,other,,False,other
44752,44750,"fix: Revert ""fix(deps): update dependency cosmiconfig to v9""

This reverts commit b38cd2e44e95c9fb16b29285833ee2f3460b7265.",fix,,False,bug_fixes
44954,44952,ci(action): update github/codeql-action action to v2.22.9,ci,action,False,tech_debt
45062,45060,fix(deps): update dependency cosmiconfig to v9,fix,deps,False,bug_fixes
45638,45636,chore(deps): lock file maintenance,chore,deps,False,tech_debt
45983,45981,fix: support windows absolute path in extends,fix,,False,bug_fixes
46042,46040,ci(action): update github/codeql-action action to v2.22.7,ci,action,False,tech_debt
47604,47602,chore(deps): update dependency nock to v13.3.6,chore,deps,False,tech_debt
48319,48317,ci(action): update github/codeql-action action to v2.22.0,ci,action,False,tech_debt
49835,49833,Merge branch 'master' into patch-1,other,,False,other
49879,49877,Merge branch 'master' into patch-1,other,,False,other
50457,50455,Merge branch 'master' of github.com:semantic-release/semantic-release into beta,other,,False,other
53695,53693,ci(ossf-scorecard): added workflow calculating scorecard metrics,ci,ossf-scorecard,False,tech_debt
54349,54347,"fix: bump `@semantic-release/github` to `9.0.0-beta.2` (#2818)

Co-authored-by: Matt Travi <programmer@travi.org>",fix,,False,bug_fixes
54800,54798,fix(deps): update dependency get-stream to v7,fix,deps,False,bug_fixes
55799,55797,docs(extending): add link to semantic-release-major-tag,docs,extending,False,docs
56230,56228,chore(deps): update dependency testdouble to v3.17.2,chore,deps,False,tech_debt
56358,56356,docs(extending): add semantic-release-jira-notes and semantic-release-tag plugins,docs,extending,False,docs
56404,56402,Merge branch 'master' into patch-1,other,,False,other
58034,58032,fix(deps): add @semantic-release/git as dependency,fix,deps,False,bug_fixes
58379,58377,"ci: change package name to avoid collision

There is a test-release package in the docker image at a higher release.
A different package name will now be used.

Signed-off-by: Chris. Webster <chris@webstech.net>",ci,,False,tech_debt
60657,60655,Merge pull request #2606 from semantic-release/travi/esm,other,,False,other
61408,61406,"wip(esm): updated dynamic imports in tests and updated testdouble stubs

for #2543",wip,esm,False,tech_debt
61500,61498,"test(plugins): focused plugin loading on cjs plugins for the time being

i think the implementation should support loading of esm plugins as well, but we should add test
coverage for those scenarios as a follow up

for #2543",test,plugins,False,tech_debt
62304,62302,chore(deps): update actions/checkout action to v3,chore,deps,False,tech_debt
64337,64335,docs: fix typo,docs,,False,docs
66703,66701,"Merge pull request #42 from semantic-release-plus/renovate/sinon-8.x

chore(deps): update dependency sinon to v8.1.1",other,,False,other
66727,66725,Merge branch 'master' of https://github.com/semantic-release/semantic-release into merge-upstream-v17.0.0,other,,False,other
66743,66741,chore(deps): update dependency got to v10.5.5,chore,deps,False,tech_debt
66815,66813,"Merge pull request #53 from semantic-release-plus/renovate/mockserver-client-5.x

chore(deps): update dependency mockserver-client to v5.9.0",other,,False,other
66920,66918,chore(deps): update dependency ava to v3.5.2,chore,deps,False,tech_debt
66936,66934,chore(deps): update dependency dockerode to v3.2.0,chore,deps,False,tech_debt
66992,66990,test: updates function declaration to match updated syntax,test,,False,tech_debt
67056,67054,chore(deps): update dependency ava to v3.8.1,chore,deps,False,tech_debt
67216,67214,chore(deps): update dependency mockserver-client to v5.11.0,chore,deps,False,tech_debt
67312,67310,docs: add steps for merging upstream changes,docs,,False,docs
67400,67398,chore(deps): update dependency ava to v3.12.0,chore,deps,False,tech_debt
67416,67414,chore(deps): update dependency got to v11.6.0,chore,deps,False,tech_debt
67472,67470,chore(deps): update dependency sinon to v9.1.0,chore,deps,False,tech_debt
67665,67663,"Merge pull request #168 from semantic-release-plus/merge-upstream

Merge branch 'master' of https://github.com/semantic-release/semantic…",other,,False,other
67705,67703,fix(cli): adds usage text for skip-tag,fix,cli,False,bug_fixes
67833,67831,"Merge pull request #184 from vervallsweg/patch-1

docs(recipes): fixed typo",other,,False,other
67865,67863,docs: update .all-contributorsrc [skip ci],docs,,False,docs
68417,68415,chore(deps): update dependency husky to v7.0.4,chore,deps,False,tech_debt
68489,68487,"Merge pull request #269 from semantic-release-plus/merge-upstream-20211111

Merge upstream 20211111",other,,False,other
70058,70056,"docs: wrong prerelease example

The documentation says:

> If the `prerelease` property is set to `true` the `name` value will be used.

But then the example referring to this behaviour has the the `prerelease` value set to `'beta'` instead of `true`.",docs,,False,docs
73398,73396,chore(deps): update dependency sinon to v8,chore,deps,False,tech_debt
73479,73477,style: run xo --fix to address linting issue,style,,False,tech_debt
73495,73493,Merge branch 'master' of https://github.com/semantic-release/semantic-release into semantic-release-master,other,,False,other
73535,73533,"Merge pull request #45 from semantic-release-plus/merge-upstream-16.0.2

Merge upstream 16.0.2",other,,False,other
73583,73581,chore(deps): update dependency sinon to v8.1.1,chore,deps,False,tech_debt
73615,73613,Merge branch 'master' of https://github.com/semantic-release/semantic-release into merge-upstream-v17.0.0,other,,False,other
73695,73693,chore(deps): update dependency mockserver-client to v5.9.0,chore,deps,False,tech_debt
73855,73853,chore(deps): update dependency ava to v3.7.0,chore,deps,False,tech_debt
74055,74053,chore(deps): update dependency nock to v13,chore,deps,False,tech_debt
74063,74061,"Merge pull request #109 from semantic-release-plus/renovate/nock-13.x

chore(deps): update dependency nock to v13",other,,False,other
74079,74077,chore(deps): update dependency ava to v3.10.0,chore,deps,False,tech_debt
74095,74093,chore(deps): update dependency got to v11.5.0,chore,deps,False,tech_debt
74103,74101,chore(deps): update dependency mockserver-client to v5.11.0,chore,deps,False,tech_debt
74111,74109,chore(deps): update dependency got to v11.5.1,chore,deps,False,tech_debt
74351,74349,chore(deps): update dependency ava to v3.13.0,chore,deps,False,tech_debt
74407,74405,chore(deps): update dependency mockserver-client to v5.11.2,chore,deps,False,tech_debt
74543,74541,Merge branch 'master' of https://github.com/semantic-release/semantic-release into merge-upstream,other,,False,other
74583,74581,"Merge pull request #171 from semantic-release-plus/fix-doc-typo

docs(README): adds link to skipTag recipe",other,,False,other
74631,74629,chore(deps): update dependency got to v11.8.2,chore,deps,False,tech_debt
74767,74765,docs: update .all-contributorsrc [skip ci],docs,,False,docs
74871,74869,"Merge pull request #201 from semantic-release-plus/renovate/npm-handlebars-vulnerability

chore(deps): update dependency handlebars to 4.7.7 [security]",other,,False,other
74927,74925,Merge branch 'semantic-release:master' into master,other,,False,other
74991,74989,"Merge pull request #216 from semantic-release-plus/20210618-merge-upstream

20210618 merge upstream",other,,False,other
75119,75117,chore(deps): update dependency nock to v13.1.3,chore,deps,False,tech_debt
75870,75868,"docs(faq): referenced the node-version doc rather than repeating a specific version

and fixed minor punctuation",docs,faq,False,docs
76080,76078,docs: add semantic-release-mattermost to the plugin list,docs,,False,docs
77076,77074,fix(npm): upgraded to the beta version of the npm plugin (#2103),fix,npm,False,bug_fixes
77774,77772,"Merge pull request #33 from semantic-release-plus/renovate/nock-11.x

chore(deps): update dependency nock to v11.7.2",other,,False,other
77814,77812,Merge branch 'semantic-release-master',other,,False,other
77918,77916,"Merge pull request #46 from semantic-release-plus/renovate/codecov-3.x

chore(deps): update dependency codecov to v3.6.2",other,,False,other
78030,78028,chore(deps): update dependency ava to v3.4.0,chore,deps,False,tech_debt
78134,78132,chore(deps): update dependency dockerode to v3.2.0,chore,deps,False,tech_debt
78150,78148,chore(deps): update dependency nyc to v15.0.1,chore,deps,False,tech_debt
78262,78260,chore(deps): update dependency got to v11.1.2,chore,deps,False,tech_debt
78414,78412,chore(deps): update dependency mockserver-client to v5.11.0,chore,deps,False,tech_debt
78550,78548,"Merge pull request #124 from semantic-release-plus/renovate/cosmiconfig-7.x

fix(deps): update dependency cosmiconfig to v7",other,,False,other
78582,78580,fix(deps): update dependency get-stream to v6,fix,deps,False,bug_fixes
78806,78804,chore(deps): update dependency tempy to v1,chore,deps,False,tech_debt
78966,78964,chore(deps): update dependency nock to v13.0.11,chore,deps,False,tech_debt
78982,78980,"Merge pull request #179 from semantic-release-plus/renovate/hosted-git-info-4.x

fix(deps): update dependency hosted-git-info to v4",other,,False,other
79150,79148,docs: update .all-contributorsrc [skip ci],docs,,False,docs
79278,79276,"docs(plugin developer guide): correction, additional details / advanced (#1961)

A correction to the earlier documentation: the ""nextRelease"" object is NOT similar to the
lastRelease and there are some differences. Because of this, the object is now documented as a
separate entry. Added also information on how the error handling should be done so that
semantic-release would be able to handle errors from plugins properly and call ""fail"" lifecycle
plugins. Included some more advanced information on how the analyzeCommits-lifecycle plugins work
and how the result of the initial analyzer can be overridden. This is an edge case, but could happen
and is good to understand.",docs,plugin developer guide,False,docs
79566,79564,Merge branch 'master' of https://github.com/semantic-release-plus/semantic-release into update-from-master,other,,False,other
80635,80633,fix: update plugins dependencies,fix,,False,bug_fixes
80812,80810,docs: add requirements section to README,docs,,False,docs
81396,81394,chore(package): update sinon to version 9.0.0,chore,package,False,tech_debt
81508,81506,"docs: update recipe for gitlab-ci with Node.js >=10.18

Signed-off-by: solidnerd <niclas@mietz.io>",docs,,False,docs
81564,81562,fix: use correct ci branch context (#1521),fix,,False,bug_fixes
81725,81723,docs(plugins): add listing for new plugin (#1686),docs,plugins,False,docs
81741,81739,style: removed line breaks to align with xo rule (#1689),style,,False,tech_debt
81749,81747,fix: escape uri encoded symbols (#1697),fix,,False,bug_fixes
81805,81803,"docs(plugins): document `addChannel` step (#1721)

Document the `addChannel` step defined in
https://github.com/semantic-release/semantic-release/blob/e35e5bb73f3628906553709ac0f5beb8f565c61a/lib/definitions/plugins.js#L83-L84,
which is used in @semantic-release/npm.",docs,plugins,False,docs
81837,81835,docs: clarify node vs npm in FAQ (#1731) thanks @vegardok,docs,,False,docs
81885,81883,"chore(deps): pin dependencies (#1744)

Co-authored-by: Renovate Bot <bot@renovateapp.com>",chore,deps,False,tech_debt
82181,82179,docs: fix links to gitlab releases documentation (#1834),docs,,False,docs
83658,83656,"Merge pull request #39 from semantic-release-plus/beta

Release v17",other,,False,other
83898,83896,chore(deps): update dependency clear-module to v4.1.0,chore,deps,False,tech_debt
83978,83976,chore(deps): update dependency ava to v3.5.2,chore,deps,False,tech_debt
84058,84056,"Merge pull request #88 from semantic-release-plus/merge-upstream-17.0.6

Merge upstream 17.0.6",other,,False,other
84130,84128,chore(deps): update dependency ava to v3.8.2,chore,deps,False,tech_debt
84418,84416,chore(deps): update dependency got to v11.5.2,chore,deps,False,tech_debt
84426,84424,chore(deps): update dependency nock to v13.0.4,chore,deps,False,tech_debt
84498,84496,chore(deps): update dependency tempy to v0.7.0,chore,deps,False,tech_debt
84674,84672,"Merge pull request #146 from semantic-release-plus/renovate/tempy-1.x

chore(deps): update dependency tempy to v1",other,,False,other
84682,84680,chore(deps): update dependency delay to v4.4.1,chore,deps,False,tech_debt
84722,84720,"Merge pull request #168 from semantic-release-plus/merge-upstream

Merge branch 'master' of https://github.com/semantic-release/semantic…",other,,False,other
84762,84760,fix(cli): adds usage text for skip-tag,fix,cli,False,bug_fixes
84994,84992,"Merge pull request #199 from semantic-release-plus/renovate/fs-extra-10.x

chore(deps): update dependency fs-extra to v10",other,,False,other
85034,85032,chore(deps): update dependency handlebars to 4.7.7 [security],chore,deps,False,tech_debt
85058,85056,"Merge pull request #202 from semantic-release-plus/renovate/npm-lodash-vulnerability

chore(deps): update dependency lodash to 4.17.21 [security]",other,,False,other
85090,85088,"Merge pull request #203 from semantic-release-plus/renovate/sinon-11.x

chore(deps): update dependency sinon to v11",other,,False,other
85779,85777,ci(workflow): add 'npm' cache for actions/setup-node in .github/workflows,ci,workflow,False,tech_debt
87071,87069,"docs(plugin developer guide): correction, additional details / advanced

A correction to the earlier documentation: the ""nextRelease"" object is NOT similar to the
lastRelease and there are some differences. Because of this, the object is now documented as a
separate entry. Added also information on how the error handling should be done so that
semantic-release would be able to handle errors from plugins properly and call ""fail"" lifecycle
plugins. Included some more advanced information on how the analyzeCommits-lifecycle plugins work
and how the result of the initial analyzer can be overridden. This is an edge case, but could happen
and is good to understand.",docs,plugin developer guide,False,docs
87316,87314,docs(readme): update key package name,docs,readme,False,docs
87324,87322,"fix(get-commits): correct how commitPaths  gets translated into args

* Testing needs to be improved, currently filtering works in a real repo but in the test temp repo it is not working.",fix,get-commits,False,bug_fixes
87388,87386,chore: add prettier dev dependency to pin prettier at a version,chore,,False,tech_debt
87588,87586,chore(deps): update dependency sinon to v8,chore,deps,False,tech_debt
87700,87698,Pin dependency got to 10.2.2,other,,False,other
87724,87722,"Merge pull request #45 from semantic-release-plus/merge-upstream-16.0.2

Merge upstream 16.0.2",other,,False,other
87796,87794,"Merge pull request #46 from semantic-release-plus/renovate/codecov-3.x

chore(deps): update dependency codecov to v3.6.2",other,,False,other
87972,87970,chore(deps): update dependency sinon to v9.0.1,chore,deps,False,tech_debt
88364,88362,chore(deps): update dependency ava to v3.11.0,chore,deps,False,tech_debt
88388,88386,docs: add steps for merging upstream changes,docs,,False,docs
88492,88490,chore(deps): update dependency got to v11.6.0,chore,deps,False,tech_debt
88540,88538,chore(deps): update dependency ava to v3.13.0,chore,deps,False,tech_debt
88644,88642,chore(deps): update dependency js-yaml to v3.14.1,chore,deps,False,tech_debt
88844,88842,chore(deps): update dependency nock to v13.0.11,chore,deps,False,tech_debt
88948,88946,docs: update README.md [skip ci],docs,,False,docs
89052,89050,chore(deps): update dependency handlebars to 4.7.7 [security],chore,deps,False,tech_debt
89373,89371,"docs(plugin developer guide): correction, additional details / advanced

A correction to the earlier documentation: the ""nextRelease"" object is NOT similar to the
lastRelease and there are some differences. Because of this, the object is now documented as a
separate entry. Added also information on how the error handling should be done so that
semantic-release would be able to handle errors from plugins properly and call ""fail"" lifecycle
plugins. Included some more advanced information on how the analyzeCommits-lifecycle plugins work
and how the result of the initial analyzer can be overridden. This is an edge case, but could happen
and is good to understand.",docs,plugin developer guide,False,docs
92357,92355,fix(deps): update dependency p-reduce to v3,fix,deps,False,bug_fixes
93544,93542,feat: add option to run when branch is behind remote (#1),feat,,False,feature_work
93724,93722,Merge pull request #1 from ccjette-logmein/allow-outdated-head,other,,False,other
101038,101036,docs: fix missing whitespace,docs,,False,docs
104537,104535,fix(deps): update dependency marked to v2,fix,deps,False,bug_fixes
107765,107763,"fix: normalize ci: false into noCi: true after configs get merged

This makes sure that options.ci is respected even when set inside a shareable config",fix,,False,bug_fixes
108705,108703,WIP reverting to simulating Travis CI test environment and setting GITHUB_API_URL,other,,False,other
1563,1561,test,other,,False,other
1757,1755,ci(action): update github/codeql-action action to v4.37.0,ci,action,False,tech_debt
2017,2015,chore(deps): update npm to v11.18.0,chore,deps,False,tech_debt
3001,2999,chore(docs): update node version support link to point to the new documentation site,chore,docs,False,tech_debt
3630,3628,"chore(deps): update dependency @types/node to v24.13.0 (#4196)

Co-authored-by: renovate[bot] <29139614+renovate[bot]@users.noreply.github.com>",chore,deps,False,tech_debt
3898,3896,ci(action): update actions/checkout action to v6.0.3,ci,action,False,tech_debt
4997,4995,chore(deps): update npm to v11.14.0,chore,deps,False,tech_debt
5157,5155,"build(deps-dev): bump fast-uri from 3.1.0 to 3.1.2

Bumps [fast-uri](https://github.com/fastify/fast-uri) from 3.1.0 to 3.1.2.
- [Release notes](https://github.com/fastify/fast-uri/releases)
- [Commits](https://github.com/fastify/fast-uri/compare/v3.1.0...v3.1.2)

---
updated-dependencies:
- dependency-name: fast-uri
  dependency-version: 3.1.2
  dependency-type: indirect
...

Signed-off-by: dependabot[bot] <support@github.com>",build,deps-dev,False,tech_debt
5582,5580,chore(deps): update dependency nock to v14.0.13,chore,deps,False,tech_debt
6009,6007,chore(deps): update dependency prettier to v3.8.2,chore,deps,False,tech_debt
6193,6191,chore(deps): update dependency nock to v14.0.12,chore,deps,False,tech_debt
6834,6832,"build(deps): bump picomatch from 2.3.1 to 2.3.2

Bumps [picomatch](https://github.com/micromatch/picomatch) from 2.3.1 to 2.3.2.
- [Release notes](https://github.com/micromatch/picomatch/releases)
- [Changelog](https://github.com/micromatch/picomatch/blob/master/CHANGELOG.md)
- [Commits](https://github.com/micromatch/picomatch/compare/2.3.1...2.3.2)

---
updated-dependencies:
- dependency-name: picomatch
  dependency-version: 2.3.2
  dependency-type: indirect
...

Signed-off-by: dependabot[bot] <support@github.com>",build,deps,False,tech_debt
6867,6865,chore(deps): update dependency dockerode to v4.0.10,chore,deps,False,tech_debt
6999,6997,ci(action): update github/codeql-action action to v4.34.0,ci,action,False,tech_debt
7131,7129,chore(deps): update npm to v11.11.1,chore,deps,False,tech_debt
7413,7411,ci(action): update github/codeql-action action to v4.32.6,ci,action,False,tech_debt
9772,9770,chore(deps): lock file maintenance,chore,deps,False,tech_debt
10274,10272,refactor(deps): remove deprecated semver-diff,refactor,deps,False,tech_debt
10353,10351,chore(deps): lock file maintenance,chore,deps,False,tech_debt
11265,11263,chore(deps): update npm to v11.6.4,chore,deps,False,tech_debt
12654,12652,Merge branch 'master' into patch-1,other,,False,other
12939,12937,docs(installation): update recommendations to align with advice provided as support for some time,docs,installation,False,docs
13514,13512,ci(action): update github/codeql-action action to v4.30.9,ci,action,False,tech_debt
14202,14200,ci(node-versions): update verification matrix to match supported versions,ci,node-versions,False,tech_debt
14764,14762,ci(action): update github/codeql-action action to v4,ci,action,False,tech_debt
14962,14960,ci(action): update github/codeql-action action to v3.30.6,ci,action,False,tech_debt
17033,17031,chore(deps): update dependency p-retry to v7,chore,deps,False,tech_debt
20119,20117,fix(deps): update @semantic-release/npm to ^12.0.2,fix,deps,False,bug_fixes
20319,20317,Merge branch 'master' into master,other,,False,other
21152,21150,chore(deps): update dependency @types/node to v22.15.32,chore,deps,False,tech_debt
21507,21505,chore(deps): update dependency ava to v6.4.0,chore,deps,False,tech_debt
21652,21650,refactor(index): make isBranchUpToDate check explicit,refactor,index,False,tech_debt
22868,22866,Merge branch 'master' into perf-get-notes,other,,False,other
24086,24084,chore(deps): update dependency ava to v6.3.0,chore,deps,False,tech_debt
24514,24512,log error and more explicit return of [],other,,False,other
26286,26284,ci(action): update actions/setup-node action to v4.3.0,ci,action,False,tech_debt
28244,28242,chore(deps): update dependency nock to v14.0.1,chore,deps,False,tech_debt
28394,28392,fixed broken github actions link,other,,False,other
28508,28506,ci(action): update github/codeql-action action to v3.28.8,ci,action,False,tech_debt
29403,29401,chore(deps): update dependency dockerode to v4.0.4,chore,deps,False,tech_debt
29523,29521,chore(deps): lock file maintenance,chore,deps,False,tech_debt
32187,32185,ci(node-versions): swap node v21 for v22 in the verification matrix,ci,node-versions,False,tech_debt
33263,33261,refactor: Update e2e.test.js to include clone_url in GET request,refactor,,False,tech_debt
33928,33926,ci(action): update actions/upload-artifact action to v4.4.0,ci,action,False,tech_debt
35542,35540,Merge branch 'master' into feat/captureOutputOfPrepare,other,,False,other
35707,35705,"docs(installation.md): remove repetitive instrux

Removed last sentence of first bullet point under Notes section which seemed repetitive of the 2nd bullet point",docs,installation.md,False,docs
35971,35969,chore(deps): update dependency npm-run-all2 to v6.2.2,chore,deps,False,tech_debt
36271,36269,Merge branch 'master' into master,other,,False,other
36905,36903,chore(deps): update dependency prettier to v3.3.2,chore,deps,False,tech_debt
37550,37548,docs(usage/configuration.md): add '.mjs' file extension option,docs,usage/configuration.md,False,docs
37567,37565,test(get-config): unit test for reading configuration options from '.releaserc.mjs' file,test,get-config,False,tech_debt
39781,39779,ci(action): update actions/upload-artifact action to v4.3.2,ci,action,False,tech_debt
40813,40811,"fix: trim repositoryUrl returned from `getAuthUrl`

If repository url is not trimmed, it causes error",fix,,False,bug_fixes
43335,43333,ci(action): update actions/upload-artifact action to v4.1.0,ci,action,False,tech_debt
44301,44299,"fix(deps): upgraded to the latest version of env-ci

BREAKING CHANGE: woodpecker ci users need to upgrade to v1.0.0 or higher to remain supported. see
https://github.com/semantic-release/env-ci/releases/tag/v11.0.0 for more information",fix,deps,False,bug_fixes
45558,45556,chore(deps): update dependency fs-extra to v11.2.0,chore,deps,False,tech_debt
45830,45828,"docs: fix broken link to 'sentimental versioning' resource

Fix #3066",docs,,False,docs
46922,46920,chore(deps): lock file maintenance,chore,deps,False,tech_debt
46958,46956,fix(deps): update dependency figures to v6,fix,deps,False,bug_fixes
47564,47562,chore(deps): update dependency publint to v0.2.5,chore,deps,False,tech_debt
47657,47655,chore(deps): update dependency sinon to v16.1.3,chore,deps,False,tech_debt
47950,47948,chore(deps): update dependency dockerode to v4,chore,deps,False,tech_debt
48602,48600,chore(deps): lock file maintenance,chore,deps,False,tech_debt
49376,49374,test(publish): added publint to verify the details of the published package,test,publish,False,tech_debt
49664,49662,fix(deps): update dependency aggregate-error to v5,fix,deps,False,bug_fixes
49843,49841,fix: .cjs extention for release.config,fix,,False,bug_fixes
50009,50007,fix(deps): update dependency marked to v9,fix,deps,False,bug_fixes
50247,50245,chore(deps): lock file maintenance,chore,deps,False,tech_debt
50336,50334,"feat(conventional-changelog-presets): supported new preset format

BREAKING CHANGE: the new preset format is a breaking change when compared to the previous preset format. updating to support the new format means that the old preset format is no longer supported. update your preset to the latest version to maintain compatibility",feat,conventional-changelog-presets,False,feature_work
50485,50483,Merge branch 'master' of github.com:semantic-release/semantic-release into beta,other,,False,other
80571,80569,"feat: require Node.js >=8.15

BREAKING CHANGE: Require Node.js => 8.15",feat,,False,feature_work
80603,80601,docs: fix link to FAQ node minimum version,docs,,False,docs
80836,80834,fix(package): update cosmiconfig to version 6.0.0,fix,package,False,bug_fixes
80876,80874,docs(shareable-configurations-list): add semantic-release-npm-github-publish,docs,shareable-configurations-list,False,docs
80932,80930,fix: update plugins dependencies,fix,,False,bug_fixes
81172,81170,fix(package): update env-ci to version 5.0.0,fix,package,False,bug_fixes
81236,81234,fix: correct error when remote repository has no branches,fix,,False,bug_fixes
81452,81450,chore(package): update xo to version 0.29.0,chore,package,False,tech_debt
81476,81474,"fix: adapt for semver to version 7.3.2

see https://github.com/npm/node-semver/issues/322",fix,,False,bug_fixes
81645,81643,docs(contributing): typo fix (#1638),docs,contributing,False,docs
81989,81987,"test: bump retries in `gitbox.createRepo()` helper, see https://github.com/semantic-release/semantic-release/pull/1761\#issuecomment-767122221",test,,False,tech_debt
82117,82115,"chore(deps): update dependency p-retry to v4.4.0 (#1803)

Co-authored-by: Renovate Bot <bot@renovateapp.com>",chore,deps,False,tech_debt
82141,82139,docs: fix missing whitespace (#1821),docs,,False,docs
82293,82291,fix: bump minimal version of lodash to address `CVE-2021-23337` (#1931),fix,,False,bug_fixes
82341,82339,docs(workflow-configurator): fix single typo (#1892),docs,workflow-configurator,False,docs
82501,82499,ci(workflow): add 'npm' cache for actions/setup-node in .github/workflows (#2038),ci,workflow,False,tech_debt
82878,82876,chore(deps): update dependency path-parse to 1.0.7 [security],chore,deps,False,tech_debt
83322,83320,"Merge pull request #10 from semantic-release-plus/fix-commit-path-params

fix(get-commits): correct how commitPaths  gets translated into args",other,,False,other
83330,83328,"Revert ""Sync fork source master""",other,,False,other
83346,83344,"Merge pull request #13 from semantic-release/master

chore: pull origin fork",other,,False,other
83442,83440,chore(deps): update dependency mockserver-client to v5.7.2,chore,deps,False,tech_debt
83450,83448,"Merge pull request #19 from semantic-release-plus/renovate/yargs-15.x

fix(deps): update dependency yargs to v15",other,,False,other
83538,83536,Merge branch 'master' of https://github.com/semantic-release-plus/semantic-release into beta,other,,False,other
83698,83696,Merge branch 'master' of https://github.com/semantic-release/semantic-release into merge-upstream-16.0.2,other,,False,other
83714,83712,Update dependency got to v10.3.0,other,,False,other
83722,83720,"Merge pull request #47 from semantic-release-plus/renovate/got-10.x

Update dependency got to v10.3.0",other,,False,other
84010,84008,chore(deps): update dependency nyc to v15.0.1,chore,deps,False,tech_debt
84034,84032,Merge branch 'master' of https://github.com/semantic-release/semantic-release into merge-upstream-17.0.6,other,,False,other
84154,84152,chore(deps): update dependency codecov to v3.7.0,chore,deps,False,tech_debt
84466,84464,chore(deps): update dependency ava to v3.12.1,chore,deps,False,tech_debt
84986,84984,chore(deps): update dependency fs-extra to v10,chore,deps,False,tech_debt
85026,85024,"Merge pull request #200 from semantic-release-plus/all-contributors/add-JoA-MoS

docs: add JoA-MoS as a contributor",other,,False,other
85082,85080,chore(deps): update dependency sinon to v11,chore,deps,False,tech_debt
85138,85136,"docs(plugin developer guide): correction, additional details / advanced (#1961)

A correction to the earlier documentation: the ""nextRelease"" object is NOT similar to the
lastRelease and there are some differences. Because of this, the object is now documented as a
separate entry. Added also information on how the error handling should be done so that
semantic-release would be able to handle errors from plugins properly and call ""fail"" lifecycle
plugins. Included some more advanced information on how the analyzeCommits-lifecycle plugins work
and how the result of the initial analyzer can be overridden. This is an edge case, but could happen
and is good to understand.",docs,plugin developer guide,False,docs
85146,85144,docs(README): improve sentence (#1962),docs,README,False,docs
86708,86706,chore(deps): update dependency sinon to v11,chore,deps,False,tech_debt
87628,87626,"Merge pull request #31 from semantic-release-plus/renovate/nyc-15.x

Update dependency nyc to v15",other,,False,other
87692,87690,Merge branch 'semantic-release-master',other,,False,other
87740,87738,"Merge pull request #47 from semantic-release-plus/renovate/got-10.x

Update dependency got to v10.3.0",other,,False,other
87900,87898,chore(deps): pin dependencies,chore,deps,False,tech_debt
87908,87906,chore(deps): update dependency ava to v3.4.0,chore,deps,False,tech_debt
88268,88266,chore(deps): update dependency ava to v3.10.0,chore,deps,False,tech_debt
88276,88274,chore(deps): update dependency ava to v3.10.1,chore,deps,False,tech_debt
88412,88410,"Merge pull request #128 from semantic-release-plus/adds-skip-tagging-option

feat: adds a skipTag option to turn off git tagging",other,,False,other
88428,88426,"Merge pull request #124 from semantic-release-plus/renovate/cosmiconfig-7.x

fix(deps): update dependency cosmiconfig to v7",other,,False,other
88652,88650,chore(deps): update dependency fs-extra to v9.1.0,chore,deps,False,tech_debt
88748,88746,"Merge pull request #170 from semantic-release-plus/beta

Beta",other,,False,other
88812,88810,chore(deps): update dependency nock to v13.0.8,chore,deps,False,tech_debt
88996,88994,chore(deps): update dependency codecov to v3.8.2,chore,deps,False,tech_debt
89004,89002,chore(deps): update dependency fs-extra to v10,chore,deps,False,tech_debt
89578,89576,Merge branch 'master' of github.com:semantic-release/semantic-release into docs/add_heroku_plugin,other,,False,other
93568,93566,Merge pull request #4 from jive/allow-outdated-head,other,,False,other
93860,93858,Merge branch 'master' into allow-outdated-head,other,,False,other
95634,95632,"feat: use `conventionalcommits` as the default preset

Nowadays the `conventionalcommits` is the closest thing we have that
looks like a standard and neutral. Also, a new cli option was added:
`--preset`.

BREAKING CHANGE: Previously, the default preset was `angular`. Despite
the similarities, the new one has some differences, such as accepting
exclamation marks (e.g. `feat!:`) for identifying breaking changes. To
restore the previous behavior, use `preset: 'angular'` or the new cli
option, `--preset angular`.

Closes #1652",feat,,False,feature_work
103654,103652,chore(deps): update dependency p-retry to v4.4.0,chore,deps,False,tech_debt
103805,103803,fix: update link to GitLab CI introduction,fix,,False,bug_fixes
105234,105232,chore(deps): update dependency p-retry to v4.3.0,chore,deps,False,tech_debt
106438,106436,chore(deps): update dependency sinon to v9.2.3,chore,deps,False,tech_debt
108358,108356,docs: add semantic-release-pypi plugin,docs,,False,docs
108486,108484,"docs: add semantic-release-license-plugin

This adds a semantic-release-plugin which we use to update our license files (copyright dates and more) based on their type.",docs,,False,docs
110500,110498,"feat: Throw an Error if package.json has duplicate ""repository"" key",feat,,False,feature_work
112874,112872,docs: update github documentation to `docs.github.com`,docs,,False,docs
115666,115664,chore: pin semver to 7.3.0,chore,,False,tech_debt
115775,115773,Merge branch 'master' into patch-1,other,,False,other
116862,116860,chore(package): update xo to version 0.28.0,chore,package,False,tech_debt
117476,117474,"Fixes incorrect formatting

Resolves following incorrectly formatted numbered list:",other,,False,other
122852,122850,fix: do not create tags in dry-run mode for released to add to a channel,fix,,False,bug_fixes
123214,123212,style: prettier formatting,style,,False,tech_debt
125052,125050,fix(package): update execa to version 3.1.0,fix,package,False,bug_fixes
125189,125187,"docs(recipes): add GitHub actions to recipes

Related to https://github.com/semantic-release/semantic-release/issues/974",docs,recipes,False,docs
125455,125453,"docs(recipes): Update description about GH_TOKEN master permission

Co-authored-by: Gregor Martynus <gregor@martynus.net>",docs,recipes,False,docs
125679,125677,Merge branch 'master' into EGITNOPERMISSION-message,other,,False,other
126026,126024,Merge branch 'master' into patch-1,other,,False,other
126210,126208,fix(package): update execa to version 2.0.5,fix,package,False,bug_fixes
126918,126916,docs: add `@semantic-release/apm` to plugins list,docs,,False,docs
127302,127300,feat: create annotated tags,feat,,False,feature_work
131380,131378,WIP,other,,False,other
133361,133359,fix(package): update read-pkg-up to version 6.0.0,fix,package,False,bug_fixes
135931,135929,fix(package): update read-pkg-up to version 5.0.0,fix,package,False,bug_fixes
136470,136468,fix(package): update get-stream to version 5.0.0,fix,package,False,bug_fixes
137032,137030,chore(package): update sinon to version 7.2.7,chore,package,False,tech_debt
138304,138302,fix(package): update marked to version 0.6.0,fix,package,False,bug_fixes
141499,141497,fix(package): update `@semantic-release/github`,fix,package,False,bug_fixes
141551,141549,fix(package): update `@semantic-release/npm` and `@semantic-release/github`,fix,package,False,bug_fixes
141721,141719,docs: remove mentions of `travis-deploy-once`,docs,,False,docs
142678,142676,test: delete unused test helper file,test,,False,tech_debt
145768,145766,feat: Return release notes on nextRelease even if running on dry mode,feat,,False,feature_work
146706,146704,docs: add troubleshooting item,docs,,False,docs
146943,146941,feat: add new `plugins` option,feat,,False,feature_work
147152,147150,chore(package): update nock to version 10.0.0,chore,package,False,tech_debt
149746,149744,"feat: return `lastRelease`, `commits`, `nextRelease`, `releases` from JS API",feat,,False,feature_work
151775,151773,feat: allow to disable the publish plugin hook,feat,,False,feature_work
151999,151997,refactor: simply EGITNOPERMISSION error parameters,refactor,,False,tech_debt
152829,152827,fix(package): update marked to version 0.4.0,fix,package,False,bug_fixes
158517,158515,fix: exclude prereleases from version retrived by `getLastRelease`,fix,,False,bug_fixes
164130,164128,feat: allow to exclude commits from analysis,feat,,False,feature_work
167416,167414,"feat: support sharable configuration

Adds the options `extends`, which can be defined via configuration file or CLI arguments to a single path or an array of paths of shareable configuration.
A shareable configuration is a file or a module that can be loaded with `require`.
Options is defined by merging in the following order of priority:
- CLI/API
- Configuration file
- Shareable configuration (from right to left)

Options set in a shareable configuration can be unset by setting it to `null` or `undefined` in the main configuration file. If a default value applies to this property it will be used.",feat,,False,feature_work
167768,167766,chore(package): update mockserver-client to version 5.1.1,chore,package,False,tech_debt
168200,168198,test: Add test to check unexpected plugin return values,test,,False,tech_debt
173205,173203,fix: Exit with 1 if unexpected error happens,fix,,False,bug_fixes
174061,174059,chore: Add license file,chore,,False,tech_debt
175010,175008,fix(package): update @semantic-release/commit-analyzer to version 3.0.0,fix,package,False,bug_fixes
175278,175276,"fix: Remove loglevel notice error

`notice` was added as a loglevl in 4.1.0 (See https://github.com/npm/npmlog/commit/77b3b95c3474afdc164eae9caa80749452d42300). Here, I up the `npmlog` version to stop an error I've been getting. Should close #430, but I don't know how to test that.",fix,,False,bug_fixes
117685,117683,Update github-actions.md,other,,False,other
118066,118064,chore(package): update nock to version 12.0.0,chore,package,False,tech_debt
119034,119032,fix(package): marked-terminal v4,fix,package,False,bug_fixes
119141,119139,fix(package): update @semantic-release/npm to version 7.0.0,fix,package,False,bug_fixes
119157,119155,fix(package): update @semantic-release/commit-analyzer to version 8.0.0,fix,package,False,bug_fixes
119738,119736,"docs: fix typo

just a little type fist -> first",docs,,False,docs
120328,120326,Allow custom git argument for finding commits,other,,False,other
122401,122399,test: fix calls to `fetch` in tests,test,,False,tech_debt
122441,122439,fix: modify fetch function to handle CircleCI specifics,fix,,False,bug_fixes
122783,122781,"feat: use Git notes to store the channels on which a version has been released

BREAKING CHANGE: this feature change the way semantic-release keep track of the channels on which a version has been released.
It now use a JSON object stored in a [Git note](https://git-scm.com/docs/git-notes) instead of Git tags formatted as v{version}@{channel}.

The tags formatted as v{version}@{channel} will now be ignored. If you have made releases with v16.0.0 on branches other than the default one you will have to update your repository.

The changes to make consist in:
- Finding all the versions that have been released on a branch other than the default one by searching for all tags formatted v{version}@{channel}
- For each of those version:
  - Create a tag without the {@channel} if none doesn't already exists
  - Add a Git note to the tag without the {@channel} containing the channels on which the version was released formatted as `{""channels"":[""channel1"",""channel2""]}` and using `null` for the default channel (for example.`{""channels"":[null,""channel1"",""channel2""]}`)
  - Push the tags and notes
  - Update the GitHub releases that refer to a tag formatted as v{version}@{channel} to use the tag without it
  - Delete the tags formatted as v{version}@{channel}",feat,,False,feature_work
122836,122834,fix: add `channel` to publish success log,fix,,False,bug_fixes
123254,123252,fix: allow multiple branches with same channel,fix,,False,bug_fixes
125263,125261,docs(recipes): moved repository_dispatch usage to another section,docs,recipes,False,docs
125309,125307,docs(recipes): Update secret vars link,docs,recipes,False,docs
125493,125491,Refine GitHub Actions guide (#1),other,,False,other
126862,126860,"feat(package): update @semantic-release/commit-analyzer to version 7.0.0

BREAKING CHANGE: Regexp are not supported anymore for property matching in the `releaseRules` option.

Regex are replaced by [globs](https://github.com/micromatch/micromatch#matching-features). For example `/core-.*/` should be changed to `'core-*'`.",feat,package,False,feature_work
127062,127060,fix: remove confusing logs when searching for releases to add to a channel,fix,,False,bug_fixes
127166,127164,docs: update FAQ regarding initial release version,docs,,False,docs
127238,127236,fix: fix maintenance branch regex,fix,,False,bug_fixes
127246,127244,chore(package): update @semantic-release/github to version 5.4.0-beta.1,chore,package,False,tech_debt
127958,127956,"revert: docs: repared broken links to ""CI configuration recipes""

This reverts commit 3f229786233e87a4e5e8d1d812a23cc7edc98bb2.",revert,,False,tech_debt
129419,129417,"docs: cleaned ""Developer guide"" section navigation",docs,,False,docs
129931,129929,feat: getLastRelease should consider release branch's tags,feat,,False,feature_work
130534,130532,fix: revert to execa `^1.0.0`,fix,,False,bug_fixes
131984,131982,test: fix parsing of `MODULE_NOT_FOUND` errors message in unit tests,test,,False,tech_debt
132644,132642,docs: Add helpful detail to `ERELEASEBRANCHES` error message,docs,,False,docs
133728,133726,WIP,other,,False,other
135379,135377,fix(cli): use unmodified PATH when checking git version,fix,cli,False,bug_fixes
135392,135390,fix(cli): lint,fix,cli,False,bug_fixes
135675,135673,Merge branch 'master' into greenkeeper/semver-5.7.0,other,,False,other
138351,138349,chore(package): update xo to version 0.24.0,chore,package,False,tech_debt
138668,138666,docs: fix typo in example,docs,,False,docs
141309,141307,Merge branch 'beta' into skipped-releases,other,,False,other
141666,141664,feat: allow `publish` plugins to return `false` in order to signify no release was done,feat,,False,feature_work
141992,141990,docs: add maven-semantic-release to list of community plugins,docs,,False,docs
142953,142951,fix: rename default branch,fix,,False,bug_fixes
144509,144507,"feat: add logs about `prepare`, `publish`, `success` and `fail` plugins skipped in dry-run mode",feat,,False,feature_work
144568,144566,fix: remove redundant log,fix,,False,bug_fixes
144889,144887,fix(package): update find-versions to version 3.0.0,fix,package,False,bug_fixes
146170,146168,docs: add troubleshooting section for `reference already exists` Git error,docs,,False,docs
146951,146949,docs: add a `Getting started` section and clarify config steps,docs,,False,docs
147530,147528,docs: clarify the URL encoding of `GIT_CREDENTIALS`,docs,,False,docs
147656,147654,docs: clarify the `--ci` / `--no-ci` CLI option,docs,,False,docs
148008,148006,fix(package): update execa to version 1.0.0,fix,package,False,bug_fixes
148502,148500,"Revert ""fix: do not convert ssh `repositoryUrl` to https""

This reverts commit b89523105cf04298f1f44858a02cc76c6c5dd0a5.",other,,False,other
150582,150580,"feat: allow to define multiple `generateNotes` plugins

Each `generateNotes` plugin will be called in the order defined and will receive the concatenation of the previous one in `nextRelease.notes`.
That gives each plugin the ability to test if there is a notes part that will precede it's own.
Each plugin is expected to return it's own part of the release notes only. **semantic-release** will take care of concatenating all the notes parts.",feat,,False,feature_work
150932,150930,docs: update `semantic-release` and `travis-deploy-once` versions in examples,docs,,False,docs
152905,152903,style: fix table indentation,style,,False,tech_debt
154491,154489,feat: add support for Bitbucket token in environment variables,feat,,False,feature_work
154536,154534,chore(package): update fs-extra to version 6.0.0,chore,package,False,tech_debt
154955,154953,refactor: rename `origin` parameters to `repositoryUrl`,refactor,,False,tech_debt
155321,155319,docs: add details on NPM error 403 to troubleshooting doc,docs,,False,docs
156270,156268,Update plugins.md,other,,False,other
157025,157023,"docs: fix grammar and typos in CI configuration, configuration, and shareable configurations",docs,,False,docs
159294,159292,chore(package): update xo to version 0.20.0,chore,package,False,tech_debt
163693,163691,docs: add CONTRIBUTING guidelines,docs,,False,docs
170631,170629,fix: Update npx command line,fix,,False,bug_fixes
171723,171721,chore(CODE_OF_CONDUCT): Contributor Covenant,chore,CODE_OF_CONDUCT,False,tech_debt
174069,174067,chore: Remove lockfiles,chore,,False,tech_debt
174695,174693,fix(package): update @semantic-release/last-release-npm to version 2.0.0,fix,package,False,bug_fixes
182141,182139,chore(package): update standard to version 8.4.0,chore,package,False,tech_debt
182376,182374,chore(package): update standard to version 8.3.0,chore,package,False,tech_debt
182539,182537,"chore(release): releasing component

affects: lerna-semantic-release-post@1.1.1

Released from sha undefined
Tag for lerna release",chore,release,False,tech_debt
182619,182617,"fix(bump): bump to 2.0.0 of get-last-release to get fixes. tagList is already being provided

affects: lerna-semantic-release-io",fix,bump,False,bug_fixes
182691,182689,"style(io): fix name for function to be accurate

affects: lerna-semantic-release-io",style,io,False,tech_debt
182988,182986,"chore(release): releasing component

affects: lerna-semantic-release@1.0.0

Released from sha undefined
Tag for lerna release",chore,release,False,tech_debt
183140,183138,docs(changelog): appending to changelog,docs,changelog,False,docs
183164,183162,"refactor: Removes committing & pushing the changelog

affects: lerna-semantic-release-post

BREAKING CHANGE: does not longer commit & push the CHANGELOG.md file",refactor,,False,tech_debt
183445,183443,"fix: Use new semantic-release version

affects: lerna-semantic-release-analyze-commits, lerna-semantic-release-get-last-release, lerna-semantic-release-pre",fix,,False,bug_fixes
183541,183539,"chore(release): releasing component

affects: lerna-semantic-release-post@5.0.1

Released from sha undefined
Tag for lerna release",chore,release,False,tech_debt
183605,183603,"chore(release): releasing component

affects: lerna-semantic-release-pre@4.0.2

Released from sha undefined
Tag for lerna release",chore,release,False,tech_debt
183893,183891,"chore(release): releasing component

affects: lerna-semantic-release-utils@4.0.1

Released from sha undefined
Tag for lerna release",chore,release,False,tech_debt
184053,184051,"chore(release): releasing component

affects: lerna-semantic-release-pre@4.0.2

Released from sha undefined
Tag for lerna release",chore,release,False,tech_debt
184085,184083,"chore(release): releasing component

affects: lerna-semantic-release-get-last-release@5.0.2

Released from sha b6c191537c5ff1dd7376009f74c6fc5d997a7e4c
Tag for lerna release",chore,release,False,tech_debt
184157,184155,chore(build): debugging build - deleted one line too many from co,chore,build,False,tech_debt
184269,184267,chore(debug): git checkout wrong,chore,debug,False,tech_debt
186129,186127,"chore(package): update github to version 2.4.1

https://greenkeeper.io/",chore,package,False,tech_debt
186225,186223,"chore(package): update github to version 2.4.0

https://greenkeeper.io/",chore,package,False,tech_debt
186316,186314,"chore(package): update npmlog to version 4.0.0

https://greenkeeper.io/",chore,package,False,tech_debt
187737,187735,"chore(package): update github to version 1.1.2

https://greenkeeper.io/",chore,package,False,tech_debt
188152,188150,Fix typo,other,,False,other
188885,188883,fix(ci): fix ci after master rebase,fix,ci,False,bug_fixes
190132,190130,"chore(package): update standard to version 6.0.3

http://greenkeeper.io/",chore,package,False,tech_debt
190957,190955,"chore(package): update lodash to version 4.0.0

http://greenkeeper.io/",chore,package,False,tech_debt
191272,191270,"chore: remove babel, fix integration tests

This commit removes babel/es6 from all source and test files, because it was introducing a lot of overhead and only little gain.
This commit fixes and enables integration tests on Travis.
This commit fixes #153 and #151 along the way.

_Originally this commit should have only removed babel, but without working tests that's a bit too hairy._
_I only realized that half way into removing babel/es6, so things are all over the place now._

Closes #153, Closes #151",chore,,False,tech_debt
191344,191342,"chore(package): update tap to version 3.1.2

http://greenkeeper.io/",chore,package,False,tech_debt
191373,191371,"chore(package): update tap to version 3.0.0

http://greenkeeper.io/",chore,package,False,tech_debt
194092,194090,fix(package): use correct condition-travis version,fix,package,False,bug_fixes
194718,194716,Merge branch 'caribou' into gitlab-support,other,,False,other
195967,195965,docs(readme): document the getLastRelease plugin,docs,readme,False,docs
198073,198071,"feat(npm-info): support private modules

closes #28",feat,npm-info,False,feature_work
181196,181194,"fix(commits): Use `--no-color` for `git branch`-command

When `git branch --contains ${commit}` has colored output the `inHistory` check failed",fix,commits,False,bug_fixes
182635,182633,"fix(logging): change logging so that relevant shas are printed to the logs

affects: lerna-semantic-release-analyze-commits",fix,logging,False,bug_fixes
182764,182762,chore: fix registry URL,chore,,False,tech_debt
182772,182770,"chore(release): releasing component

affects: lerna-semantic-release@1.0.0

Released from sha undefined
Tag for lerna release",chore,release,False,tech_debt
182796,182794,"chore(release): releasing component

affects: lerna-semantic-release-io@1.0.0

Released from sha undefined
Tag for lerna release",chore,release,False,tech_debt
183076,183074,"chore(release): releasing component

affects: lerna-semantic-release@5.0.1

Released from sha undefined
Tag for lerna release",chore,release,False,tech_debt
183132,183130,"chore(release): releasing component

affects: lerna-semantic-release@5.0.1

Released from sha undefined
Tag for lerna release",chore,release,False,tech_debt
183245,183243,chore: fix scrip execution & branch name,chore,,False,tech_debt
183789,183787,"chore(release): releasing component

affects: lerna-semantic-release-analyze-commits@4.0.2

Released from sha undefined
Tag for lerna release",chore,release,False,tech_debt
183989,183987,"chore(release): releasing component

affects: lerna-semantic-release-post@5.0.1

Released from sha undefined
Tag for lerna release",chore,release,False,tech_debt
184229,184227,chore(build): move git reclone to a new script,chore,build,False,tech_debt
184301,184299,"chore(release): releasing component

affects: lerna-semantic-release-get-last-release@5.0.2

Released from sha 02a85fa3de257a4b2ce59bc37666dfd7d57a14c8
Tag for lerna release",chore,release,False,tech_debt
184309,184307,"chore(release): releasing component

affects: lerna-semantic-release-io@5.0.1

Released from sha 02a85fa3de257a4b2ce59bc37666dfd7d57a14c8
Tag for lerna release",chore,release,False,tech_debt
184397,184395,"fix(package): bump all children (see individual changelogs for more details)

affects: lerna-semantic-release",fix,package,False,bug_fixes
187446,187444,"chore(package): update github to version 1.2.1

https://greenkeeper.io/",chore,package,False,tech_debt
190486,190484,"chore(package): update nock to version 7.0.1

http://greenkeeper.io/",chore,package,False,tech_debt
192580,192578,"chore(package): update babel to version 6.1.4

http://greenkeeper.io/",chore,package,False,tech_debt
192658,192656,"chore(package): update npmlog to version 2.0.0

http://greenkeeper.io/",chore,package,False,tech_debt
192826,192824,use normalize-package-metadata to normalize pkgs,other,,False,other
193196,193194,"feat(cli): added a version-command command to CLI

- Moved index.js to cli.js
- Created a new index.js that exposes library functions
- Moved configuration initialization logic to its own file
- Added a new 'next-version' command that returns the result of the
  pre() function. This could be used in other scripts. e.g.:

  `npm version $(semantic-release next-version --type)`
  `semantic-release next-version)`
  `semantic-release next-version --type)`
  `semantic-release next-version --version)`",feat,cli,False,feature_work
194291,194289,test(mocks): correctly fail git command when ref not in history,test,mocks,False,tech_debt
194727,194725,fix(gitlab): improved test coverage and adapted code style according js-standard,fix,gitlab,False,bug_fixes
197329,197327,style: backport import to require,style,,False,tech_debt
197361,197359,test(verify): not publishing placeholder versions,test,verify,False,tech_debt
197851,197849,docs(readme): add travis-after-all note to example travis.yml,docs,readme,False,docs
198477,198475,docs(intro) grammar fix,other,,False,other
199221,199219,chore(travis): add iojs to build matrix,chore,travis,False,tech_debt
2061,2059,ci(action): update github/codeql-action action to v4.36.3,ci,action,False,tech_debt
2985,2983,chore(docs): update linting scripts to exclude certain directories,chore,docs,False,tech_debt
3009,3007,chore(docs): update links in README.md to point to the new documentation structure,chore,docs,False,tech_debt
3074,3072,chore(deps): update dependency npm-run-all2 to v9.0.2,chore,deps,False,tech_debt
3302,3300,"refactor(tests): remove obsolete tests for plugins and verification

- Deleted tests for normalize, pipeline, and plugin utilities as they are no longer needed.
- Removed tests for verify functionality that were outdated and not aligned with current implementation.
- Cleaned up test files to streamline the testing process and improve maintainability.",refactor,tests,False,tech_debt
3310,3308,refactor: remove obsolete Git-related utilities and logging functions,refactor,,False,tech_debt
4233,4231,chore(deps): lock file maintenance,chore,deps,False,tech_debt
4753,4751,Merge branch 'master' into master,other,,False,other
6149,6147,ci(action): update actions/upload-artifact action to v7.0.1,ci,action,False,tech_debt
7314,7312,chore(deps): update dependency @types/node to v24.11.2,chore,deps,False,tech_debt
7380,7378,chore(deps): update dependency fs-extra to v11.3.4,chore,deps,False,tech_debt
7684,7682,chore(deps): lock file maintenance,chore,deps,False,tech_debt
8812,8810,chore(deps): update dependency lockfile-lint to v5,chore,deps,False,tech_debt
9453,9451,chore(deps): update dependency @types/node to v24.10.9,chore,deps,False,tech_debt
9540,9538,chore(deps): update dependency @types/node to v24.10.8,chore,deps,False,tech_debt
9696,9694,ci(action): update github/codeql-action action to v4.31.10,ci,action,False,tech_debt
10300,10298,Merge branch 'master' into fix/remove-deprecated-semver-diff,other,,False,other
10642,10640,chore(deps): update dependency @types/node to v24.10.2,chore,deps,False,tech_debt
10782,10780,ci(action): update github/codeql-action action to v4.31.7,ci,action,False,tech_debt
11525,11523,chore(deps): lock file maintenance,chore,deps,False,tech_debt
11686,11684,chore(deps): update dependency got to v14.6.5,chore,deps,False,tech_debt
12642,12640,Update README.md,other,,False,other
13274,13272,"docs: update GitHub Actions documentation for Trusted Publisher

Clarified the setup process for Trusted Publisher on npmjs for GitHub Actions, emphasizing the importance of specifying the correct workflow file.

See https://github.com/semantic-release/npm/issues/958#issuecomment-3418617666",docs,,False,docs
13726,13724,Merge branch 'beta' of github.com:semantic-release/semantic-release into alpha,other,,False,other
13774,13772,"docs(trusted-publishing): mention the updated restrictions for auth against the officail registry

for semantic-release/npm#958",docs,trusted-publishing,False,docs
14046,14044,ci(action): update actions/setup-node action to v6,ci,action,False,tech_debt
15548,15546,ci(action): update github/codeql-action action to v3.30.4,ci,action,False,tech_debt
16486,16484,ci(action): update github/codeql-action action to v3.30.2,ci,action,False,tech_debt
16540,16538,chore(deps): update dependency dockerode to v4.0.8,chore,deps,False,tech_debt
17727,17725,ci(action): update github/codeql-action action to v3.29.8,ci,action,False,tech_debt
17788,17786,ci(action): update github/codeql-action action to v3.29.7,ci,action,False,tech_debt
18000,17998,chore(deps): lock file maintenance,chore,deps,False,tech_debt
19421,19419,chore(deps): update dependency ava to v6.4.1,chore,deps,False,tech_debt
19529,19527,chore(deps): update dependency @types/node to v22.16.2,chore,deps,False,tech_debt
20275,20273,docs(plugins): add `semantic-release-openapi` community plugin,docs,plugins,False,docs
23390,23388,chore(deps): update npm to v11,chore,deps,False,tech_debt
24006,24004,chore(deps): update dependency npm-run-all2 to v8.0.1,chore,deps,False,tech_debt
24481,24479,gitignore .vs,other,,False,other
25139,25137,ci(action): update github/codeql-action action to v3.28.15,ci,action,False,tech_debt
25179,25177,chore(deps): lock file maintenance,chore,deps,False,tech_debt
25267,25265,"docs: update angular commit message guidelines link

Angular has moved their commit message guidelines from a section of the README into a separate markdown file. This PR fixes the link to point at the correct location.",docs,,False,docs
25557,25555,chore(deps): update dependency dockerode to v4.0.5,chore,deps,False,tech_debt
25789,25787,chore(deps): update dependency sinon to v20,chore,deps,False,tech_debt
26333,26331,chore(deps): lock file maintenance,chore,deps,False,tech_debt
27240,27238,ci(action): update github/codeql-action action to v3.28.10,ci,action,False,tech_debt
28164,28162,ci(action): update github/codeql-action action to v3.28.9,ci,action,False,tech_debt
28588,28586,ci(action): update github/codeql-action digest to 17a820b,ci,action,False,tech_debt
29042,29040,Merge branch 'master' into feat/config-file-selection,other,,False,other
29157,29155,ci(action): update github/codeql-action action to v3.28.2,ci,action,False,tech_debt
31133,31131,chore(deps): lock file maintenance,chore,deps,False,tech_debt
31173,31171,chore(deps): update dependency p-retry to v6.2.1,chore,deps,False,tech_debt
31395,31393,chore(deps): lock file maintenance,chore,deps,False,tech_debt
32158,32156,chore(deps): update node.js to v22,chore,deps,False,tech_debt
33005,33003,ci(action): update actions/checkout action to v4.2.1,ci,action,False,tech_debt
33242,33240,chore(deps): update @semantic-release/github to v11.0.0,chore,deps,False,tech_debt
33669,33667,chore(deps): update dependency sinon to v19.0.2,chore,deps,False,tech_debt
33749,33747,chore(deps): update dependency sinon to v18.0.1,chore,deps,False,tech_debt
34425,34423,ci(action): update github/codeql-action action to v3.26.13,ci,action,False,tech_debt
34473,34471,"test: update test case `'Expose ""error"", ""success"" and ""log"" functions'`",test,,False,tech_debt
35404,35402,chore(deps): update dependency publint to v0.2.9,chore,deps,False,tech_debt
35579,35577,chore(deps): lock file maintenance,chore,deps,False,tech_debt
35790,35788,chore(deps): update npm to v10.8.2,chore,deps,False,tech_debt
35870,35868,chore(deps): lock file maintenance,chore,deps,False,tech_debt
36481,36479,chore(deps): lock file maintenance,chore,deps,False,tech_debt
37559,37557,docs(usage/configuration.md): add 'release.config.mjs' example,docs,usage/configuration.md,False,docs
37785,37783,chore(deps): update dependency got to v14.3.0,chore,deps,False,tech_debt
40336,40334,fix(deps): update dependency find-versions to v6,fix,deps,False,bug_fixes
40468,40466,docs: add community plugin semantic-release-pull-request-analyzer,docs,,False,docs
41345,41343,chore(deps): update dependency ava to v6.1.2,chore,deps,False,tech_debt
42466,42464,ci(action): update github/codeql-action action to v3.24.0,ci,action,False,tech_debt
43288,43286,chore(deps): update dependency nock to v13.5.0,chore,deps,False,tech_debt
43387,43385,chore(deps): update dependency prettier to v3.2.2,chore,deps,False,tech_debt
43478,43476,ci(action): update github/codeql-action action to v3.23.0,ci,action,False,tech_debt
44158,44156,chore(deps): lock file maintenance,chore,deps,False,tech_debt
44282,44280,"ci(verify): avoid uncancellable workflow

https://github.com/semantic-release/.github/issues/19#issuecomment-1800963916

for semantic-release/.github#19",ci,verify,False,tech_debt
44526,44524,ci(action): update github/codeql-action action to v3,ci,action,False,tech_debt
44785,44783,chore(deps): lock file maintenance,chore,deps,False,tech_debt
44865,44863,"docs(cli): stop recommending setup with the cli

since we have not been keeping up with maintenance of the cli and it has known problems that are
likely to cause more pain than it is helpful",docs,cli,False,docs
47217,47215,ci(action): update ossf/scorecard-action action to v2.3.1,ci,action,False,tech_debt
47313,47311,ci(action): update actions/checkout action to v4.1.1,ci,action,False,tech_debt
47706,47704,ci(action): update actions/checkout action to v4.1.1,ci,action,False,tech_debt
48869,48867,fix(deps): update dependency marked-terminal to v6,fix,deps,False,bug_fixes
50953,50951,chore(deps): update dependency p-retry to v6,chore,deps,False,tech_debt
51107,51105,ci(action): update actions/checkout digest to f43a0e5,ci,action,False,tech_debt
52564,52562,chore(deps): lock file maintenance,chore,deps,False,tech_debt
53036,53034,ci(action): update github/codeql-action action to v2.20.3,ci,action,False,tech_debt
53314,53312,chore(deps): lock file maintenance,chore,deps,False,tech_debt
54357,54355,fix: bump `@semantic-release/commit-analyzer` to `v10.0.0-beta.1`,fix,,False,bug_fixes
55396,55394,"docs(npx-version): accept suggestions from @HonkingGoose

Co-authored-by: HonkingGoose <34918129+HonkingGoose@users.noreply.github.com>",docs,npx-version,False,docs
56692,56690,ci(release): enabled provenance for publishing to npm,ci,release,False,tech_debt
56967,56965,fix(deps): update dependency cosmiconfig to v8.1.2,fix,deps,False,bug_fixes
58788,58786,fix: handle import of ESM plugins,fix,,False,bug_fixes
59628,59626,Merge branch 'master' into patch-1,other,,False,other
59994,59992,feat(node-versions): raised the minimum required node version to v18 (#2620),feat,node-versions,False,feature_work
60649,60647,"test(index): forced plugins to use semantic-release beta

which deduped env-ci to the esm-only version, allowing test double to stub properly",test,index,False,tech_debt
61353,61351,chore(deps): update dependency sinon to v14,chore,deps,False,tech_debt
61523,61521,"test(plugins): referenced plugins with extension in the tests for normalization

BREAKING CHANGE: since semantic-release now executes in an ESM context, the file extension is
required when referencing plugin files

for #2543",test,plugins,False,tech_debt
61531,61529,"refactor(bin): updated the binary file to esm

for #2543",refactor,bin,False,tech_debt
61912,61910,refactor(plugins): improved variable names within reduce loops,refactor,plugins,False,tech_debt
61944,61942,"test(lint): disabled the check for `node/no-unsupported-features/es-syntax` when loading plugins

based on https://github.com/mysticatea/eslint-plugin-node/issues/250",test,lint,False,tech_debt
63350,63348,"test(integration): upgrade the gitbox image to support arm architecture in addition to x86

while the gitbox image now appears to be working properly, the mockserver image is still having
problems, so this does not fully get the tests working on arm yet

for #2478",test,integration,False,tech_debt
65570,65568,"fix: get correct version if prerelease branch shares version with other branches

Fix #2415",fix,,False,bug_fixes
66270,66268,(docs): update broken link to CI config recipes,other,,False,other
66735,66733,"Merge pull request #50 from semantic-release-plus/merge-upstream-v17.0.0

Merge upstream v17.0.0",other,,False,other
66751,66749,"Merge pull request #51 from semantic-release-plus/renovate/got-10.x

chore(deps): update dependency got to v10.5.5",other,,False,other
66864,66862,chore(deps): update dependency nock to v11.9.1,chore,deps,False,tech_debt
66880,66878,chore(deps): update dependency clear-module to v4.1.1,chore,deps,False,tech_debt
66896,66894,chore(deps): update dependency sinon to v9.0.1,chore,deps,False,tech_debt
66944,66942,chore(deps): update dependency ava to v3.6.0,chore,deps,False,tech_debt
67104,67102,chore(deps): update dependency nyc to v15.1.0,chore,deps,False,tech_debt
67120,67118,chore(deps): update dependency got to v11.2.0,chore,deps,False,tech_debt
67208,67206,chore(deps): update dependency got to v11.5.0,chore,deps,False,tech_debt
67232,67230,chore(deps): update dependency codecov to v3.7.1,chore,deps,False,tech_debt
67248,67246,chore(deps): update dependency tempy to v0.6.0,chore,deps,False,tech_debt
67376,67374,chore(deps): update dependency sinon to v9.0.3,chore,deps,False,tech_debt
67408,67406,chore(deps): update dependency ava to v3.12.1,chore,deps,False,tech_debt
67881,67879,docs: update .all-contributorsrc [skip ci],docs,,False,docs
67961,67959,Merge branch 'master' into all-contributors/add-JoA-MoS,other,,False,other
68113,68111,chore(deps): update dependency p-retry to v4.6.0,chore,deps,False,tech_debt
68241,68239,chore(deps): update dependency dockerode to v3.3.1,chore,deps,False,tech_debt
68337,68335,chore(deps): update dependency ssh2 to 1.4.0 [security],chore,deps,False,tech_debt
68473,68471,chore(deps): update dependency nock to v13.2.0,chore,deps,False,tech_debt
68610,68608,fix(deps): updates @semantic-release/npm to v9,fix,deps,False,bug_fixes
69575,69573,Merge branch 'master' into patch-1,other,,False,other
71709,71707,chore(deps): update dependency sinon to v12.0.1,chore,deps,False,tech_debt
73374,73372,docs: update readme for semantic-release-plus beta,docs,,False,docs
73503,73501,Merge branch 'semantic-release-master',other,,False,other
73575,73573,"Merge pull request #37 from semantic-release-plus/renovate/marked-terminal-4.x

fix(deps): update dependency marked-terminal to v4",other,,False,other
74015,74013,chore(deps): update dependency fs-extra to v9.0.1,chore,deps,False,tech_debt
74023,74021,chore(deps): update dependency got to v11.3.0,chore,deps,False,tech_debt
74159,74157,chore(deps): update dependency codecov to v3.7.2,chore,deps,False,tech_debt
74175,74173,chore(deps): update dependency ava to v3.11.0,chore,deps,False,tech_debt
74191,74189,Merge branch 'master' of https://github.com/semantic-release/semantic-release into merge-upstream,other,,False,other
74247,74245,chore(deps): update dependency got to v11.5.2,chore,deps,False,tech_debt
74423,74421,chore(deps): update dependency sinon to v9.2.3,chore,deps,False,tech_debt
74663,74661,fix(deps): update dependency hosted-git-info to v4,fix,deps,False,bug_fixes
74703,74701,chore(deps): update dependency p-retry to v4.5.0,chore,deps,False,tech_debt
74775,74773,"Merge pull request #185 from semantic-release-plus/all-contributors/add-JoA-MoS

docs: add JoA-MoS as a contributor",other,,False,other
74799,74797,chore(deps): update dependency dockerode to v3.3.0,chore,deps,False,tech_debt
74943,74941,"Merge pull request #206 from semantic-release-plus/renovate/npm-browserslist-vulnerability

chore(deps): update dependency browserslist to 4.16.5 [security]",other,,False,other
75023,75021,chore(deps): update dependency codecov to v3.8.3,chore,deps,False,tech_debt
75079,75077,chore(deps): update dependency sinon to v11.1.2,chore,deps,False,tech_debt
75191,75189,chore(deps): update dependency lint-staged to v11.2.1,chore,deps,False,tech_debt
75223,75221,chore(deps): update dependency ssh2 to 1.4.0 [security],chore,deps,False,tech_debt
75854,75852,docs(jenkins): encouraged running release steps against LTS rather than a specific version,docs,jenkins,False,docs
77068,77066,fix(error): upgraded to the beta of the error plugin,fix,error,False,bug_fixes
77598,77596,"Merge pull request #20 from semantic-release-plus/renovate/mockserver-client-5.x

chore(deps): update dependency mockserver-client to v5.7.2",other,,False,other
77694,77692,chore(deps): update dependency nyc to v15,chore,deps,False,tech_debt
79054,79052,docs: update README.md [skip ci],docs,,False,docs
79174,79172,chore(deps): update dependency handlebars to 4.7.7 [security],chore,deps,False,tech_debt
79246,79244,chore(deps): update dependency browserslist to 4.16.5 [security],chore,deps,False,tech_debt
79683,79681,chore(deps): update dependency sinon to v11.1.2,chore,deps,False,tech_debt
80780,80778,fix(package): update micromatch to version 3.1.10,fix,package,False,bug_fixes
80852,80850,fix: throws error if the commit associated with a tag cannot be found,fix,,False,bug_fixes
81012,81010,docs: clarify GitLab CI/CD protected variable usage,docs,,False,docs
81092,81090,fix: verify is branch is up to date by comparing remote and local HEAD,fix,,False,bug_fixes
81124,81122,chore: add Mockserver generated file to gitignore,chore,,False,tech_debt
81148,81146,Merge remote-tracking branch 'origin/beta',other,,False,other
81332,81330,chore(package): update got to version 10.5.2,chore,package,False,tech_debt
81629,81627,ci(docs): use actions/checkout@v2 (#1620),ci,docs,False,tech_debt
81669,81667,"docs(contributing): fix commit message examples (#1648)

It had the backticks (`\``) around the messages, but I think they were unintentional, probably a leftover from copy-pasting.",docs,contributing,False,docs
81781,81779,docs: add semantic-release-helm plugin (#1713),docs,,False,docs
82165,82163,fix(deps): peer dependecy error with `marked-terminal` (#1829),fix,deps,False,bug_fixes
82173,82171,"docs: update documentation for addNote function (#1833)

Co-Authored-By: Virgil <virgilwashere@users.noreply.github.com>",docs,,False,docs
82189,82187,chore(deps): lock file maintenance (#1835),chore,deps,False,tech_debt
82357,82355,"chore(deps): update dependency tempy to v1.0.1 (#1946)

Co-authored-by: Renovate Bot <bot@renovateapp.com>",chore,deps,False,tech_debt
82453,82451,"docs(recipes): fix some typos (#1999)

Signed-off-by: Moritz Wiesinger <moritz.wiesinger@dynatrace.com>",docs,recipes,False,docs
82976,82974,WIP convert CJS to ESM using https://github.com/homer0/cjs2esm,other,,False,other
83674,83672,Merge branch 'semantic-release-master',other,,False,other
83850,83848,"Merge pull request #66 from semantic-release-plus/sync-upstream-17.0.4

Sync upstream 17.0.4",other,,False,other
83906,83904,chore(deps): update dependency dockerode to v3.1.0,chore,deps,False,tech_debt
84378,84376,"Merge pull request #127 from semantic-release-plus/merge-upstream

Merge upstream",other,,False,other
84450,84448,"Merge pull request #130 from semantic-release-plus/renovate/get-stream-6.x

fix(deps): update dependency get-stream to v6",other,,False,other
84658,84656,chore(deps): update dependency nock to v13.0.7,chore,deps,False,tech_debt
84738,84736,docs(README): adds link to skipTag recipe,docs,README,False,docs
84794,84792,chore(deps): update dependency nock to v13.0.8,chore,deps,False,tech_debt
84802,84800,chore(deps): update dependency got to v11.8.2,chore,deps,False,tech_debt
87006,87004,Apply suggestions from code review,other,,False,other
87270,87268,"build(deps): bump browserslist from 4.16.3 to 4.16.6

Bumps [browserslist](https://github.com/browserslist/browserslist) from 4.16.3 to 4.16.6.
- [Release notes](https://github.com/browserslist/browserslist/releases)
- [Changelog](https://github.com/browserslist/browserslist/blob/main/CHANGELOG.md)
- [Commits](https://github.com/browserslist/browserslist/compare/4.16.3...4.16.6)

Signed-off-by: dependabot[bot] <support@github.com>",build,deps,False,tech_debt
87444,87442,"Merge pull request #17 from semantic-release-plus/renovate/pin-dependencies

chore(deps): pin dependencies",other,,False,other
87764,87762,"Merge pull request #37 from semantic-release-plus/renovate/marked-terminal-4.x

fix(deps): update dependency marked-terminal to v4",other,,False,other
87964,87962,chore(deps): update dependency tempy to v0.5.0,chore,deps,False,tech_debt
88116,88114,chore(deps): update dependency got to v11.0.3,chore,deps,False,tech_debt
88124,88122,chore(deps): update dependency got to v11.1.0,chore,deps,False,tech_debt
88212,88210,chore(deps): update dependency got to v11.3.0,chore,deps,False,tech_debt
88340,88338,chore(deps): update dependency mockserver-client to v5.11.1,chore,deps,False,tech_debt
88420,88418,fix(deps): update dependency cosmiconfig to v7,fix,deps,False,bug_fixes
88436,88434,chore(deps): update dependency got to v11.5.2,chore,deps,False,tech_debt
88484,88482,chore(deps): update dependency ava to v3.12.1,chore,deps,False,tech_debt
88604,88602,chore(deps): update dependency nock to v13.0.5,chore,deps,False,tech_debt
88620,88618,chore(deps): update dependency codecov to v3.8.1,chore,deps,False,tech_debt
88804,88802,"Merge pull request #173 from semantic-release-plus/mono-repo-docs

docs(recipes): adds documentation on how to use with an nx monorepo",other,,False,other
88892,88890,chore(deps): update dependency p-retry to v4.5.0,chore,deps,False,tech_debt
89176,89174,docs: add semantic-release-telegram to the list of community plugins,docs,,False,docs
90038,90036,fix(deps): update dependency semver-diff to v4,fix,deps,False,bug_fixes
91428,91426,fix(deps): update dependency aggregate-error to v4,fix,deps,False,bug_fixes
91496,91494,chore(deps): update dependency p-retry to v4.5.0,chore,deps,False,tech_debt
93506,93504,Update resources.md,other,,False,other
93708,93706,Merge pull request #14 from jive/update-master-allow,other,,False,other
93884,93882,Merge branch 'master' into allow-outdated-head,other,,False,other
94118,94116,chore(deps): lock file maintenance,chore,deps,False,tech_debt
103018,103016,chore(deps): lock file maintenance,chore,deps,False,tech_debt
103704,103702,chore(deps): lock file maintenance,chore,deps,False,tech_debt
105064,105062,chore(deps): lock file maintenance,chore,deps,False,tech_debt
108622,108620,ci: replace Travis environment variables with GitHub Action variables,ci,,False,tech_debt
110525,110523,style: xo,style,,False,tech_debt
111290,111288,"docs(contributing): typo fix, remove double ""the""",docs,contributing,False,docs
112628,112626,revert,other,,False,other
113257,113255,"docs: added recipe for Jenkins CI configuration (#1)

* Added Jenkins ci config file in Readme",docs,,False,docs
115313,115311,"docs: update recipe for gitlab-ci with Node.js >=10.18

Signed-off-by: solidnerd <niclas@mietz.io>",docs,,False,docs
134135,134133,docs: add semantic-release-circleci-orb to the plugin list,docs,,False,docs
135690,135688,Merge branch 'master' into greenkeeper/semver-5.7.0,other,,False,other
139278,139276,fix: ignore lasst release only if pre-release on the same channel as current branch,fix,,False,bug_fixes
140165,140163,docs: add missing recipes link in README,docs,,False,docs
140181,140179,docs: update FAQ regarding initial release version,docs,,False,docs
140729,140727,fix: do not call `addChannel`for 2 merged branches configured with the same channel,fix,,False,bug_fixes
142730,142728,fix: remove unnecessary `branch` parameter from `push` function,fix,,False,bug_fixes
144560,144558,docs: mention default `analyzeCommits` plugin,docs,,False,docs
144963,144961,fix: add debug logs for plugins resolved options,fix,,False,bug_fixes
146146,146144,docs: fix markdown link in configuration docs,docs,,False,docs
146178,146176,docs: add section existing tags in configuration docs,docs,,False,docs
146433,146431,feat: added --no-tag configuration option,feat,,False,feature_work
146772,146770,chore(package): update commitizen to version 3.0.0,chore,package,False,tech_debt
147365,147363,fix: support multiple generate-notes plugin in CLI arg,fix,,False,bug_fixes
147376,147374,Merge branch 'caribou' into cli-generate-notes,other,,False,other
147912,147910,fix: hide sensitive data in relesae notes and `fail`/`success` plugin params,fix,,False,bug_fixes
148567,148565,fix(package): update get-stream to version 4.0.0,fix,package,False,bug_fixes
149836,149834,refactor: pass `argv` via `proxyquire` for cli tests,refactor,,False,tech_debt
150826,150824,test: harmonize `git-utils` functions name,test,,False,tech_debt
151282,151280,"Update plugin developer guide

This information has been written based on what I've learned while trying to develop an Elm Package plugin.

I've tried to document it as accurately as I can based on my reading of the source code and my reading of existing plugins, as well as what I've observed in practice. 

This obviously isn't an exhaustive guide or tutorial, but hopefully it's helpful to other people starting out writing plugins, and can be the base of more complete docs later.",other,,False,other
152632,152630,"docs(plugins): remove warning

semantic-release-docker is compatible with latest semantic-release now,
see peerDependency: https://david-dm.org/felixfbecker/semantic-release-docker?type=peer",docs,plugins,False,docs
152722,152720,feat: verify minimum required git version is installed,feat,,False,feature_work
152759,152757,fix(package): update marked-terminal to version 3.0.0,fix,package,False,bug_fixes
153933,153931,docs(recipe): update gitlab usage configuration,docs,recipe,False,docs
155831,155829,docs: adding link to plugins-list,docs,,False,docs
157211,157209,fix: prevent git prompt before permissions verification,fix,,False,bug_fixes
157775,157773,fix: prevent git CLI to prompt user/password on CI,fix,,False,bug_fixes
160398,160396,docs: add CircleCI workflows recipe,docs,,False,docs
161195,161193,fix: get npm global node_modules to resolve global dependencies,fix,,False,bug_fixes
162217,162215,fix: hide sensitive info for `Buffer` and `undefined`,fix,,False,bug_fixes
162352,162350,chore(package): update ava to version 0.25.0,chore,package,False,tech_debt
162512,162510,"fix: fix the `--no-ci` arg parsing

The `noCi` is no properly set based on the `--no-ci` CLI arg and it is overwritten by the `noCi` option",fix,,False,bug_fixes
163042,163040,"docs(travis): recommend to use the `deploy` step instead of `script`

The `script` step can be used with Build Stage if `semantic-release` is the only `script` ran in the `release` stage.

See https://github.com/travis-ci/travis-ci/issues/1066",docs,travis,False,docs
168208,168206,test: Verify `Error` instance type and SemanticReleaseError name,test,,False,tech_debt
168870,168868,fix(package): update @semantic-release/commit-analyzer to version 5.0.0,fix,package,False,bug_fixes
169328,169326,"feat: Extract npm and github publish to plugins

- Add a new plugin type: `publish`
- Add support for multi-plugin. A plugin module can now return an object with a property for each plugin type
- Uses by default [npm](https://github.com/semantic-release/npm) and [github](https://github.com/semantic-release/github) in addition of Travis for the verify condition plugin
- Uses by default [npm](https://github.com/semantic-release/npm) and [github](https://github.com/semantic-release/github) for the publish plugin
- `gitTag` if one can be found is passed to `generateNotes` for both `lastRelease` and `nextRelease`
- `semantic-release` now verifies the plugin configuration (in the `release` property of `package.json`) and throws an error if it's invalid
- `semantic-release` now verifies each plugin output and will throw an error if a plugin returns an unexpected value.

BREAKING CHANGE: `githubToken`, `githubUrl` and `githubApiPathPrefix` have to be set at the [github](https://github.com/semantic-release/github) plugin level. They can be set via `GH_TOKEN`, `GH_URL` and `GH_PREFIX` environment variables.

BREAKING CHANGE: the `npm` parameter is not passed to any plugin anymore. Each plugin have to read `.npmrc` if they needs to (with https://github.com/kevva/npm-conf for example).",feat,,False,feature_work
171029,171027,fix: Check SemanticReleaseError by error.semanticRelease property,fix,,False,bug_fixes
172214,172212,Merge branch 'caribou' into greenkeeper/codecov-3.0.0,other,,False,other
173648,173646,refactor: use camel case naming for pre release variables,refactor,,False,tech_debt
175628,175626,Merge branch 'caribou' into patch-1,other,,False,other
179233,179231,"chore(package): update cz-conventional-changelog to version 2.0.0

https://greenkeeper.io/",chore,package,False,tech_debt
179515,179513,"Merge branch 'greenkeeper/github-8.0.0' into dep-updates

* greenkeeper/github-8.0.0:
  fix(package): update github to version 8.0.0",other,,False,other
182033,182031,chore(package): update github to version 5.2.1,chore,package,False,tech_debt
182089,182087,chore(package): update github to version 5.2.0,chore,package,False,tech_debt
182563,182561,"fix(pre): private packages now work correctly when intially started

affects: lerna-semantic-release-get-last-release, lerna-semantic-release-io",fix,pre,False,bug_fixes
182739,182737,chore: do not use npmrc file to allow local install,chore,,False,tech_debt
182892,182890,"chore(release): releasing component

affects: lerna-semantic-release@5.0.1

Released from sha undefined
Tag for lerna release",chore,release,False,tech_debt
182940,182938,"chore(release): releasing component

affects: lerna-semantic-release-io@1.0.0

Released from sha undefined
Tag for lerna release",chore,release,False,tech_debt
183100,183098,chore(build): add back the npm config set registry,chore,build,False,tech_debt
183180,183178,"Merge pull request #21 from atlassian/remove-feature-changelog-commit

refactor: Removes committing & pushing the changelog",other,,False,other
183757,183755,"chore(release): releasing component

affects: lerna-semantic-release-perform@4.0.1

Released from sha undefined
Tag for lerna release",chore,release,False,tech_debt
183805,183803,"chore(release): releasing component

affects: lerna-semantic-release-io@5.0.1

Released from sha undefined
Tag for lerna release",chore,release,False,tech_debt
183837,183835,"chore(release): releasing component

affects: lerna-semantic-release-utils@4.0.1

Released from sha undefined
Tag for lerna release",chore,release,False,tech_debt
183909,183907,"chore(release): releasing component

affects: lerna-semantic-release-get-last-release@5.0.2

Released from sha undefined
Tag for lerna release",chore,release,False,tech_debt
184061,184059,"chore(release): releasing component

affects: lerna-semantic-release-utils@4.0.1

Released from sha undefined
Tag for lerna release",chore,release,False,tech_debt
184133,184131,chore: add git fsck for debugging,chore,,False,tech_debt
184413,184411,chore(release): manual bump for release of lerna-semantic-release@8.0.2,chore,release,False,tech_debt
184721,184719,chore(package): update nyc to version 8.3.0,chore,package,False,tech_debt
187024,187022,"chore(package): update tap to version 6.1.0

https://greenkeeper.io/",chore,package,False,tech_debt
187059,187057,"chore(package): update tap to version 6.0.0

https://greenkeeper.io/",chore,package,False,tech_debt
187609,187607,"chore(package): update npmlog to version 3.1.0

https://greenkeeper.io/",chore,package,False,tech_debt
187769,187767,"chore(package): update npmlog to version 3.0.0

https://greenkeeper.io/",chore,package,False,tech_debt
187804,187802,"chore(package): update github to version 1.1.1

https://greenkeeper.io/",chore,package,False,tech_debt
191689,191687,fix(commits.js): Allow for long commit logs,fix,commits.js,False,bug_fixes
191698,191696,:green_heart:,other,,False,other
192716,192714,"chore(package): update babel to version 6.0.14

http://greenkeeper.io/",chore,package,False,tech_debt
192762,192760,"chore(package): update babel to version 6.0.2

http://greenkeeper.io/",chore,package,False,tech_debt
193894,193892,style(standard): fix ternaries,style,standard,False,tech_debt
195784,195782,docs(readme): Update semantic-release setup cmd,docs,readme,False,docs
197321,197319,style: use es6 in tests,style,,False,tech_debt
109683,109681,fix: don't parse port as part of the path in repository URLs,fix,,False,bug_fixes
109847,109845,"fix: typo in test/integration.test.js

Co-authored-by: Gregor Martynus <39992+gr2m@users.noreply.github.com>",fix,,False,bug_fixes
112479,112477,"Merge pull request #7 from kopal2212/feature-kopal

docs(configuration.md): updated documentation for dry-run",other,,False,other
112787,112785,docs: be clear about what module of semantic-release handles updating the package.json,docs,,False,docs
117146,117144,chore(package): update tempy to version 0.5.0,chore,package,False,tech_debt
117661,117659,Merge branch 'master' into patch-1,other,,False,other
117939,117937,Update configuration.md,other,,False,other
118324,118322,chore(package): update xo to version 0.26.0,chore,package,False,tech_debt
121055,121053,fix(package): update env-ci to version 5.0.0,fix,package,False,bug_fixes
122301,122299,"feat: require Node.js >=10.13

BREAKING CHANGE: Require Node.js >= 10.13",feat,,False,feature_work
123406,123404,fix(package): update yargs to version 15.0.1,fix,package,False,bug_fixes
125627,125625,"docs: remove unnecessarily apostrophe

- improve punctuation of the how-to revert a release section",docs,,False,docs
125744,125742,"fix: clarify egitnopermission, updated due linting",fix,,False,bug_fixes
125939,125937,fix(package): update execa to version 2.1.0,fix,package,False,bug_fixes
126249,126247,"docs: add leiningen-semantic-release to list

Adds `leiningen-semantic-release `to the community plugins list
`leiningen-semantic-release` enables releases for projects that use leiningen to build Clojure projects.",docs,,False,docs
127222,127220,docs: add semantic-release-ado to community plugins,docs,,False,docs
127334,127332,"revert: fix: prefix git auth url with ""x-access-token:"" when run in a GitHub Action

This reverts commit cb2c506d8b6545b90587b6b5b7bf979c3f2b40b6.",revert,,False,tech_debt
127966,127964,"revert: docs(recipes): cleaned doc and navigation

This reverts commit a8f8bffa3747b78bbac1c30f3faaf011750b592f.",revert,,False,tech_debt
128136,128134,"fix: prefix git auth url with ""x-access-token:"" when run in a GitHub Action",fix,,False,bug_fixes
129232,129230,"docs: made doc file org clearer and augmented content

This is a first step to improving the doc: - renamed directories; - augmented a fair bit of content.
To be continued",docs,,False,docs
129350,129348,"docs(contributing): copy/pasted ""Use gitbook locally"" instruction from original url",docs,contributing,False,docs
129654,129652,chore(package): update commitizen to version 4.0.0,chore,package,False,tech_debt
132559,132557,doc: clarify that branch names use globbing,other,,False,other
133547,133545,Merge branch 'master' into docs/plugin-development,other,,False,other
135449,135447,docs: correct way to print release plugin name,docs,,False,docs
140369,140367,fix(package): update aggregate-error to version 2.0.0,fix,package,False,bug_fixes
143751,143749,test: prefer array spread,test,,False,tech_debt
143783,143781,test: verify errors have message and details,test,,False,tech_debt
143917,143915,"feat: support multiple branches and distribution channels

- Allow to configure multiple branches to release from
- Allow to define a distribution channel associated with each branch
- Manage the availability on distribution channels based on git merges
- Support regular releases, maintenance releases and pre-releases
- Add the `addChannel` plugin step to make an existing release available on a different distribution channel

BREAKING CHANGE: the `branch` option has been removed in favor of `branches`

The new `branches` option expect either an Array or a single branch definition. To migrate your configuration:
- If you want to publish package from multiple branches, please the configuration documentation
- If you use the default configuration and want to publish only from `master`: nothing to change
- If you use the `branch` configuration and want to publish only from one branch: replace `branch` by `branches` (`""branch"": ""my-release-branch""` => `""branches"": ""my-release-branch""`)",feat,,False,feature_work
144425,144423,"docs/resources: fix quote marks

- Add a missing quote mark
- Use straight quotes consistently",other,,False,other
144493,144491,fix: do not underline log messages,fix,,False,bug_fixes
144704,144702,docs: update FAQ to reflect new `plugins` option,docs,,False,docs
145124,145122,fix: remove dependency to `git-url-parse`,fix,,False,bug_fixes
145827,145825,fix: remove debugging `console.error`,fix,,False,bug_fixes
146277,146275,fix: use module name in logs for plugins loaded with `plugins` option,fix,,False,bug_fixes
148923,148921,fix: do not clone `stdout`/`stderr` passed to pugins,fix,,False,bug_fixes
150606,150604,"refactor: build plugin pipeline parameters at initialization

In addition, factorize the pipeline config function to avoid code duplication.",refactor,,False,tech_debt
152865,152863,docs: fix typo,docs,,False,docs
155156,155154,docs: add semantic-release-chrome to the list of community plugins,docs,,False,docs
158656,158654,"Update README.md

Correct pluralization of 'contributor'",other,,False,other
160064,160062,"feat: add the `prepare` plugin hook

BREAKING CHANGE: Committing or creating files in the `publish` plugin hook is not supported anymore and now must be done in the `prepare` hook

Plugins with a `publish` hook that makes a commit or create a file that can be committed must use the `prepare` hook.",feat,,False,feature_work
164690,164688,"docs: update badges

Include npm version badges for both `@latest` and `@next` dist-tag",docs,,False,docs
167400,167398,feat: allow to define plugin options globally,feat,,False,feature_work
167454,167452,fix: log plugin type in addition of path,fix,,False,bug_fixes
168192,168190,Fix: Remove redundant test of commitAnalyzer plugin output,fix,,False,bug_fixes
170825,170823,fix(package): update @semantic-release/commit-analyzer to version 4.0.0,fix,package,False,bug_fixes
173907,173905,ci(codecov): Set default branch in codecov.yml,ci,codecov,False,tech_debt
174978,174976,fix(package): update @semantic-release/commit-analyzer to version 3.0.1,fix,package,False,bug_fixes
178089,178087,Merge branch 'caribou' into docs/sgc,other,,False,other
178525,178523,README: fix minor typo,other,,False,other
181496,181494,"chore(package): update dependencies

https://greenkeeper.io/",chore,package,False,tech_debt
182451,182449,"fix(pre): fake fix for pre for testing purposes

affects: lerna-semantic-release-pre",fix,pre,False,bug_fixes
182884,182882,"chore(release): releasing component

affects: lerna-semantic-release@5.0.1

Released from sha undefined
Tag for lerna release",chore,release,False,tech_debt
182900,182898,"chore(release): releasing component

affects: lerna-semantic-release@5.0.1

Released from sha undefined
Tag for lerna release",chore,release,False,tech_debt
183421,183419,"Merge pull request #26 from atlassian/move-changelog-to-package

Move changelog to package",other,,False,other
183597,183595,"chore(release): releasing component

affects: lerna-semantic-release-post@5.0.1

Released from sha undefined
Tag for lerna release",chore,release,False,tech_debt
183629,183627,"chore(release): releasing component

affects: lerna-semantic-release-get-last-release@5.0.2

Released from sha undefined
Tag for lerna release",chore,release,False,tech_debt
183653,183651,"chore(release): releasing component

affects: lerna-semantic-release-post@5.0.1

Released from sha undefined
Tag for lerna release",chore,release,False,tech_debt
183693,183691,"chore(release): releasing component

affects: lerna-semantic-release-io@5.0.1

Released from sha undefined
Tag for lerna release",chore,release,False,tech_debt
183773,183771,"chore(release): releasing component

affects: lerna-semantic-release-pre@4.0.2

Released from sha undefined
Tag for lerna release",chore,release,False,tech_debt
183957,183955,"chore(release): releasing component

affects: lerna-semantic-release-analyze-commits@4.0.2

Released from sha undefined
Tag for lerna release",chore,release,False,tech_debt
183965,183963,"chore(release): releasing component

affects: lerna-semantic-release-get-last-release@5.0.2

Released from sha undefined
Tag for lerna release",chore,release,False,tech_debt
183973,183971,"chore(release): releasing component

affects: lerna-semantic-release-io@5.0.1

Released from sha undefined
Tag for lerna release",chore,release,False,tech_debt
184213,184211,chore(debug): debug build,chore,debug,False,tech_debt
184429,184427,"test(analyze): forgot to add test file

affects: lerna-semantic-release-analyze-commits",test,analyze,False,tech_debt
184818,184816,chore(package): update tap to version 7.1.0,chore,package,False,tech_debt
185136,185134,chore(package): update github to version 2.6.0,chore,package,False,tech_debt
186865,186863,"chore(package): update nyc to version 7.0.0

https://greenkeeper.io/",chore,package,False,tech_debt
187574,187572,"chore(package): update npmlog to version 3.1.1

https://greenkeeper.io/",chore,package,False,tech_debt
188180,188178,"chore(package): update standard to version 7.0.1

https://greenkeeper.io/",chore,package,False,tech_debt
190547,190545,refactor(pre): Use npm.config instead of npmconf package.,refactor,pre,False,tech_debt
191183,191181,"chore(package): update nock to version 4.0.0

http://greenkeeper.io/",chore,package,False,tech_debt
191220,191218,Merge branch 'caribou' into greenkeeper-tap-5.0.0,other,,False,other
192291,192289,"chore(package): update nock to version 3.0.0

http://greenkeeper.io/",chore,package,False,tech_debt
192868,192866,"chore(package): update tap to version 2.2.0

http://greenkeeper.io/",chore,package,False,tech_debt
193324,193322,"chore(package): update proxyquire to version 1.7.3

http://greenkeeper.io/",chore,package,False,tech_debt
193361,193359,Updated link to deprecated npm cli `tag` command,other,,False,other
197369,197367,fix(verify): not publishing placeholder versions closes #24,fix,verify,False,bug_fixes
52745,52743,chore(deps): lock file maintenance,chore,deps,False,tech_debt
52790,52788,"docs: update example to use NODE_AUTH_TOKEN env

When you use NPM_TOKEN as the key you'll run into auth issues. See:
https://github.com/semantic-release/semantic-release/issues/2313",docs,,False,docs
53167,53165,chore(deps): update dependency prettier to v3,chore,deps,False,tech_debt
53274,53272,ci(action): update github/codeql-action action to v2.20.2,ci,action,False,tech_debt
54437,54435,fix: bump `@semantic-release/github` to `9.0.0-beta.2`,fix,,False,bug_fixes
54583,54581,chore(deps): update dependency got to v13,chore,deps,False,tech_debt
54985,54983,chore(deps): update dependency sinon to v15.1.0,chore,deps,False,tech_debt
55275,55273,chore: Update README.md with npm package provenance,chore,,False,tech_debt
56671,56669,fix(deps): updated to the latest version of the npm plugin,fix,deps,False,bug_fixes
57308,57306,"ci: index test should reset `testdouble`

The testdouble doc recommends resetting after each test.

The first test is now serial to ensure there is no conflict with future
tests since it uses mocking.

Signed-off-by: Chris. Webster <chris@webstech.net>",ci,,False,tech_debt
57373,57371,"ci: avoid Windows pop-up in credential tests

Windows uses a `credential.helper` that will open a pop-up for
credentials if they are missing.  A git config parameter will now be set
to avoid the pop-up.

Signed-off-by: Chris. Webster <chris@webstech.net>",ci,,False,tech_debt
59636,59634,Merge branch 'master' into patch-1,other,,False,other
59978,59976,Merge pull request #2610 from semantic-release/index-test,other,,False,other
60221,60219,chore: nits,chore,,False,tech_debt
60354,60352,"feat(node-versions): raised the minimum required node version to v18

in accordance with our node support policy:
https://semantic-release.gitbook.io/semantic-release/support/node-support-policy

BREAKING CHANGE: Node v18 or greater is now required. Please refer to
https://semantic-release.gitbook.io/semantic-release/support/node-version for recommended options
for releasing with a supported node version.

for #2543",feat,node-versions,False,feature_work
60812,60810,docs(node-version): raised the minimum version to align with `engines.node`,docs,node-version,False,docs
61055,61053,docs: fix typos in plugin list,docs,,False,docs
63921,63919,"Update docs/extending/plugins-list.md

Co-authored-by: Gregor Martynus <39992+gr2m@users.noreply.github.com>",other,,False,other
64113,64111,chore(deps): update dependency got to 11.8.5 [security],chore,deps,False,tech_debt
66671,66669,chore: update renovate config to force semantic commits,chore,,False,tech_debt
67088,67086,chore(deps): update dependency got to v11.1.4,chore,deps,False,tech_debt
67288,67286,chore(deps): update dependency ava to v3.11.0,chore,deps,False,tech_debt
67392,67390,"Merge pull request #130 from semantic-release-plus/renovate/get-stream-6.x

fix(deps): update dependency get-stream to v6",other,,False,other
67552,67550,chore(deps): update dependency ava to v3.15.0,chore,deps,False,tech_debt
67656,67654,Merge branch 'master' of https://github.com/semantic-release/semantic-release into merge-upstream,other,,False,other
67753,67751,chore(deps): update dependency nock to v13.0.9,chore,deps,False,tech_debt
68049,68047,chore(deps): update dependency browserslist to 4.16.5 [security],chore,deps,False,tech_debt
68097,68095,Merge branch 'master' of https://github.com/semantic-release/semantic-release into 20210618-merge-upstream,other,,False,other
68193,68191,chore(deps): update dependency sinon to v11.1.2,chore,deps,False,tech_debt
68297,68295,"Merge pull request #243 from semantic-release-plus/renovate/husky-7.x

chore(deps): update dependency husky to v7",other,,False,other
68441,68439,chore(deps): update dependency lint-staged to v11.2.5,chore,deps,False,tech_debt
68457,68455,chore(deps): update dependency lint-staged to v11.2.6,chore,deps,False,tech_debt
68553,68551,chore(deps): update dependency prettier to v2.5.0,chore,deps,False,tech_debt
69106,69104,fix(npm-plugin): upgraded to the latest beta version,fix,npm-plugin,False,bug_fixes
70770,70768,docs: update badges to include preset names,docs,,False,docs
71134,71132,chore(deps): update dependency got to v11.8.3,chore,deps,False,tech_debt
71321,71319,fix(deps): update dependency execa to v6,fix,deps,False,bug_fixes
73623,73621,"Merge pull request #50 from semantic-release-plus/merge-upstream-v17.0.0

Merge upstream v17.0.0",other,,False,other
73719,73717,chore(deps): update dependency ava to v3.4.0,chore,deps,False,tech_debt
74151,74149,chore(deps): update dependency mockserver-client to v5.11.1,chore,deps,False,tech_debt
74271,74269,fix(deps): update dependency get-stream to v6,fix,deps,False,bug_fixes
74359,74357,chore(deps): update dependency sinon to v9.1.0,chore,deps,False,tech_debt
74399,74397,chore(deps): update dependency got to v11.8.0,chore,deps,False,tech_debt
74511,74509,chore(deps): update dependency delay to v4.4.1,chore,deps,False,tech_debt
74575,74573,Merge branch 'master' into fix-doc-typo,other,,False,other
74607,74605,docs(recipes): adds documentation on how to use with an nx monorepo,docs,recipes,False,docs
74615,74613,"Merge pull request #173 from semantic-release-plus/mono-repo-docs

docs(recipes): adds documentation on how to use with an nx monorepo",other,,False,other
74751,74749,docs: update .all-contributorsrc [skip ci],docs,,False,docs
74807,74805,chore(deps): update dependency codecov to v3.8.2,chore,deps,False,tech_debt
74887,74885,"Merge pull request #202 from semantic-release-plus/renovate/npm-lodash-vulnerability

chore(deps): update dependency lodash to 4.17.21 [security]",other,,False,other
75095,75093,fix(deps): update dependency marked to v3,fix,deps,False,bug_fixes
75271,75269,chore(deps): update dependency ansi-regex to 5.0.1 [security],chore,deps,False,tech_debt
75730,75728,"fix(version): use configured prerelease id

When `branch.prerelease` is set to a String, it's expected that this
will be used as the prerelease for the version. However, if a previous
version using this branch name is found in the list of tags, the logic
here will always choose to use that branch name as the prerelease ID and
ignore your configuration. This makes it effectively impossible to
change a prerelease ID to something different than the branch name if
you make a mistake (which is very easy to do since this is mostly
undocumented behavior).

Fixes #2177",fix,version,False,bug_fixes
76422,76420,"build(deps): bump semver-regex from 3.1.2 to 3.1.3

Bumps [semver-regex](https://github.com/sindresorhus/semver-regex) from 3.1.2 to 3.1.3.
- [Release notes](https://github.com/sindresorhus/semver-regex/releases)
- [Commits](https://github.com/sindresorhus/semver-regex/commits)

---
updated-dependencies:
- dependency-name: semver-regex
  dependency-type: indirect
...

Signed-off-by: dependabot[bot] <support@github.com>",build,deps,False,tech_debt
77614,77612,fix(deps): update dependency marked to ^0.8.0,fix,deps,False,bug_fixes
77790,77788,style: run xo --fix to address linting issue,style,,False,tech_debt
77926,77924,Merge branch 'master' of https://github.com/semantic-release/semantic-release into merge-upstream-v17.0.0,other,,False,other
77958,77956,chore(deps): update dependency codecov to v3.6.5,chore,deps,False,tech_debt
78294,78292,chore(deps): update dependency codecov to v3.7.0,chore,deps,False,tech_debt
78350,78348,fix(deps): update dependency marked to v1,fix,deps,False,bug_fixes
78406,78404,chore(deps): update dependency got to v11.5.0,chore,deps,False,tech_debt
78846,78844,chore(deps): update dependency p-retry to v4.4.0,chore,deps,False,tech_debt
78862,78860,"Merge pull request #168 from semantic-release-plus/merge-upstream

Merge branch 'master' of https://github.com/semantic-release/semantic…",other,,False,other
78902,78900,fix(cli): adds usage text for skip-tag,fix,cli,False,bug_fixes
78998,78996,chore(deps): update dependency sinon to v10,chore,deps,False,tech_debt
79022,79020,"Update nx-monorepo.md

Added missing @ . Otherwise publishing will fail with `Cannot find module 'semantic-release/npm`.",other,,False,other
79334,79332,chore(deps): update dependency codecov to v3.8.3,chore,deps,False,tech_debt
79518,79516,"test: adds ""unused"" const back to fix tests",test,,False,tech_debt
79574,79572,fix: updates lint-staged conifg,fix,,False,bug_fixes
80003,80001,ci(engines): raised the lowest tested node version to match the fixed engines definition,ci,engines,False,tech_debt
80107,80105,"ci(engines): switched to using ls-engines to ensure compatibility

because `engine-strict` doesnt fail with `npm ci`",ci,engines,False,tech_debt
80668,80666,docs: typo is link to workflow config,docs,,False,docs
80860,80858,fix: simplify `get-tags` algorithm,fix,,False,bug_fixes
80972,80970,fix: do not create tags in dry-run mode for released to add to a channel,fix,,False,bug_fixes
81284,81282,fix(package): update @semantic-release/npm to version 7.0.0,fix,package,False,bug_fixes
81372,81370,chore(package): update nock to version 12.0.0,chore,package,False,tech_debt
81492,81490,build(deps): update got to version 11.0.0 (#1533),build,deps,False,tech_debt
81661,81659,"docs(README): welcome @travi, add alumni section",docs,README,False,docs
81677,81675,"docs: reorder default plugins list (#1650)

Reorder the list default plugins from alphabetical to order of execution.",docs,,False,docs
81773,81771,docs: add semantic-release-pypi plugin (#1707),docs,,False,docs
81813,81811,docs: clean and strip SVG logo (#1723) thanks @mxdvl,docs,,False,docs
81861,81859,fix: pin initial branch to master (#1740),fix,,False,bug_fixes
81869,81867,"ci: replace travis with actions, setup renovate (#1699)

Co-authored-by: Josh Soref <jsoref@users.noreply.github.com>",ci,,False,tech_debt
81877,81875,"chore(deps): update actions/setup-node action to v2 (#1741)

Co-authored-by: Renovate Bot <bot@renovateapp.com>",chore,deps,False,tech_debt
81973,81971,"chore(deps): update dependency p-retry to v4.3.0 (#1759)

Co-authored-by: Renovate Bot <bot@renovateapp.com>",chore,deps,False,tech_debt
82053,82051,build(engine-strict): strictly enforced node version compatibility for dependencies (#1763),build,engine-strict,False,tech_debt
82061,82059,"chore(deps): lock file maintenance (#1779)

Co-authored-by: Renovate Bot <bot@renovateapp.com>",chore,deps,False,tech_debt
82069,82067,"fix(deps): update dependency marked to v2

Co-authored-by: Renovate Bot <bot@renovateapp.com>",fix,deps,False,bug_fixes
82109,82107,"chore(deps): lock file maintenance (#1800)

Co-authored-by: Renovate Bot <bot@renovateapp.com>",chore,deps,False,tech_debt
82149,82147,"feat(config): Use cosmiconfig defaults to support .cjs config files (#1815)

This change adds support for `*.cjs` config files by removing the
explicit use of `searchPlaces` options and relying and the default
search places generated by `cosmicconfig`.  As per the docs for
[`cosmicconfig`][cc], the defaults include all the extensions/formats
previously supported by semantic-release in addition to the new .cjs
variants.

Resolves [#1814][issue].

[issue]: https://github.com/semantic-release/semantic-release/issues/1814
[cc]: https://github.com/davidtheclark/cosmiconfig#searchplaces",feat,config,False,feature_work
82365,82363,"docs(plugin developer guide): correction, additional details / advanced (#1961)

A correction to the earlier documentation: the ""nextRelease"" object is NOT similar to the
lastRelease and there are some differences. Because of this, the object is now documented as a
separate entry. Added also information on how the error handling should be done so that
semantic-release would be able to handle errors from plugins properly and call ""fail"" lifecycle
plugins. Included some more advanced information on how the analyzeCommits-lifecycle plugins work
and how the result of the initial analyzer can be overridden. This is an edge case, but could happen
and is good to understand.",docs,plugin developer guide,False,docs
82421,82419,"chore(deps): update dependency sinon to v11 (#1976)

Co-authored-by: Renovate Bot <bot@renovateapp.com>",chore,deps,False,tech_debt
82509,82507,"chore(deps): update dependency p-retry to v4.6.1 (#2042)

Co-authored-by: Renovate Bot <bot@renovateapp.com>",chore,deps,False,tech_debt
82746,82744,fix(deps): update dependency marked to v3,fix,deps,False,bug_fixes
83060,83058,"docs(node-version): updated documentation to reference the new minimum

for #2055",docs,node-version,False,docs
83290,83288,"feat: add the ability to filter commits by specifying an array of paths

* adds an optional parameter commitPaths that can be defined as an array of strings. This will be used to filter commit messages similar to git log -- \<paths\>

COMPLETES: #1",feat,,False,feature_work
83650,83648,style: run xo --fix to address linting issue,style,,False,tech_debt
83930,83928,chore(deps): update dependency ava to v3.5.0,chore,deps,False,tech_debt
83986,83984,chore(deps): update dependency got to v10.7.0,chore,deps,False,tech_debt
84170,84168,chore(deps): update dependency js-yaml to v3.14.0,chore,deps,False,tech_debt
84370,84368,docs: add steps for merging upstream changes,docs,,False,docs
84554,84552,fix(deps): update dependency yargs to v16,fix,deps,False,bug_fixes
84618,84616,chore(deps): update dependency got to v11.8.1,chore,deps,False,tech_debt
85162,85160,"Merge pull request #216 from semantic-release-plus/20210618-merge-upstream

20210618 merge upstream",other,,False,other
85178,85176,chore(deps): update dependency nock to v13.1.1,chore,deps,False,tech_debt
86627,86625,style: spelling of invalid plugin config error,style,,False,tech_debt
87660,87658,Merge branch 'master' into beta,other,,False,other
87876,87874,ci(renovate): adds renovate config to automerge package updates,ci,renovate,False,tech_debt
88708,88706,chore(deps): update dependency delay to v5,chore,deps,False,tech_debt
88796,88794,docs(recipes): adds documentation on how to use with an nx monorepo,docs,recipes,False,docs
88860,88858,"Merge pull request #179 from semantic-release-plus/renovate/hosted-git-info-4.x

fix(deps): update dependency hosted-git-info to v4",other,,False,other
88964,88962,"Merge pull request #185 from semantic-release-plus/all-contributors/add-JoA-MoS

docs: add JoA-MoS as a contributor",other,,False,other
89230,89228,chore(deps): update dependency sinon to v10,chore,deps,False,tech_debt
89274,89272,chore(deps): update dependency codecov to v3.8.2,chore,deps,False,tech_debt
91913,91911,"docs(Plugin Developer Guide): Added missing context field to analyzeCommits lifecycle documentation

analyzeCommits lifecycle context was missing documentation for ""commits"" list.",docs,Plugin Developer Guide,False,docs
93155,93153,chore(deps): lock file maintenance,chore,deps,False,tech_debt
93852,93850,Merge branch 'master' into allow-outdated-head,other,,False,other
94224,94222,fix(deps): update dependency hosted-git-info to v4,fix,deps,False,bug_fixes
104814,104812,chore(deps): update dependency nock to v13.0.7,chore,deps,False,tech_debt
107000,106998,fix(deps): update dependency execa to v5,fix,deps,False,bug_fixes
108247,108245,docs: add semantic-release-helm plugin,docs,,False,docs
110847,110845,test(branches): break test for PR,test,branches,False,tech_debt
112341,112339,Update docs/support/resources.md,other,,False,other
112494,112492,"docs: Updated dry -run documentation

Co-authored-by: Gregor Martynus <gregor@martynus.net>",docs,,False,docs
112620,112618,"Update docs/recipes/github-actions.md

Co-authored-by: Gregor Martynus <gregor@martynus.net>",other,,False,other
118814,118812,docs(Troubleshooting): release not found in prereleases branch (e.g. `beta`) after rebase on `master`,docs,Troubleshooting,False,docs
122159,122157,fix: increase next version on prerelease branch based on highest commit type,fix,,False,bug_fixes
123730,123728,fix(package): update cosmiconfig to version 6.0.0,fix,package,False,bug_fixes
124385,124383,docs(contributing): correct lint fix command,docs,contributing,False,docs
125087,125085,fix(package): update execa to version 3.0.0,fix,package,False,bug_fixes
125225,125223,docs(recipes): Remove package.json push recommendation,docs,recipes,False,docs
125301,125299,docs(recipe): Add links to NPM and GH tokens creation docs,docs,recipe,False,docs
126397,126395,fix(package): update read-pkg-up to version 7.0.0,fix,package,False,bug_fixes
126608,126606,chore(package): update dockerode to version 3.0.0,chore,package,False,tech_debt
127078,127076,fix: call `success` plugin only once for releases added to a channel,fix,,False,bug_fixes
127982,127980,"revert: fix(definitions): Repository documentation links

This reverts commit 1eb302545e3ed16044cb0533430d39ce0eeed9e2.",revert,,False,tech_debt
127998,127996,"revert: docs(contributing): copy/pasted ""Use gitbook locally"" instruction from original url

This reverts commit cd00c2dc864e49c066d334fc2971efb024de713a.",revert,,False,tech_debt
128014,128012,docs: update table of content in `README.md` and in Gitbook `SUMMARY.md`,docs,,False,docs
131697,131695,style: fix prettier style,style,,False,tech_debt
132960,132958,README: add info about git commit hook,other,,False,other
135737,135735,Update getting-started.md,other,,False,other
137449,137447,"feat(publish): add flag to enable git tag signing

[Related Issue semantic-release/semantic-release#214]",feat,publish,False,feature_work
140792,140790,fix: on maintenance branch add to channel only version >= to start range,fix,,False,bug_fixes
141611,141609,feat: allow `addChannel` plugins to return `false` in order to signify no release was done,feat,,False,feature_work
144806,144804,style: fix prettier errors,style,,False,tech_debt
146330,146328,docs: Correct spelling of false,docs,,False,docs
149722,149720,docs: fix link to resources page,docs,,False,docs
149754,149752,docs: add JS API documentation,docs,,False,docs
149803,149801,fix: do not override env variable with default if defined,fix,,False,bug_fixes
150550,150548,docs: fix default value for `analyzeCommits` plugin,docs,,False,docs
150639,150637,chore(package): update hosted-git-info to version 2.7.1,chore,package,False,tech_debt
152546,152544,chore(package): update nyc to version 12.0.1,chore,package,False,tech_debt
154939,154937,fix: verify the local branch is up to date with the remote one,fix,,False,bug_fixes
157092,157090,chore(package): update sinon to version 5.0.0,chore,package,False,tech_debt
157919,157917,fix(package): update execa to version 0.10.0,fix,package,False,bug_fixes
158611,158609,fix: remove unecessary `console.log`,fix,,False,bug_fixes
159135,159133,fix: verify branch first,fix,,False,bug_fixes
623,621,chore: update node versions in test matrix to 22.22.2 and 24.15,chore,,False,tech_debt
746,744,chore(deps): update dependency fs-extra to v11.4.0,chore,deps,False,tech_debt
1384,1382,ci(action): update actions/setup-node action to v6.5.0,ci,action,False,tech_debt
1737,1735,fix: adjust plugins.prepare call leaving dryRun skip to plugin normalization,fix,,False,bug_fixes
1973,1971,chore(deps): update dependency fs-extra to v11.3.6,chore,deps,False,tech_debt
2195,2193,chore(deps): update dependency js-yaml to v4.3.0,chore,deps,False,tech_debt
2961,2959,chore(docs): update repositoryUrl links in error messages to new documentation structure,chore,docs,False,tech_debt
3162,3160,chore(deps): update npm to v11.17.0,chore,deps,False,tech_debt
3374,3372,"fix(revert): next (#4200)

* Revert ""docs: update README to include information about the new core engine integration""

This reverts commit 4e476dee14bb9ee4c20aebd51970efc827769e68.

* Revert ""fix(code-quality): add missing comma in context object for consistency""

This reverts commit 493d6cdaa1ed697427acea596d0d25eb53b462a2.

* Revert ""refactor: replace direct logger and env-ci replacements with a mockCore function for better test organization""

This reverts commit d05e160668e8d31c534864cc00075a16fd683eeb.

* Revert ""test: add tests for core delegation and dry-run policy handling""

This reverts commit 4f464a72ae102fd1f4ffc2633fbb04ed0b220054.

* Revert ""refactor: integrate `core`; remove unused imports and restructuring the main export function""

This reverts commit 3f5d1b785ba26d95b30a98a4bf712b076d8c1e5e.

* Revert ""refactor: remove obsolete release type constants and notes separator""

This reverts commit 7d71f2eb14a7986f9c757874ec095af9139af432.

* Revert ""refactor: remove obsolete test files for logger, git, sensitive data handling, and utility functions""

This reverts commit 1ae1a19cdf3ef4a5fd7b4b2bbb1ed194e4096433.

* Revert ""refactor: remove obsolete Git-related utilities and logging functions""

This reverts commit bedddc409194882da889e5451be73de0ef8c066d.

* Revert ""refactor(tests): remove obsolete tests for plugins and verification""

This reverts commit 7172195d12d809b23c0ede6595e0b91e653780d1.

* Revert ""refactor: remove obsolete branch, error, and plugin definitions""

This reverts commit 51d1f5f9b2ae2be6a7da2de3aeead3b28665ffad.

* Merge branch 'master' of https://github.com/semantic-release/semantic-release into fix(revert)/next

* Revert ""Merge branch 'master' of https://github.com/semantic-release/semantic-release into fix(revert)/next""

This reverts commit bbfdc36be6f233fc34cf107acb3e5355d23244a2.",fix,revert,False,bug_fixes
3482,3480,"Revert ""test: add tests for core delegation and dry-run policy handling""

This reverts commit 4f464a72ae102fd1f4ffc2633fbb04ed0b220054.",other,,False,other
3522,3520,"Revert ""refactor(tests): remove obsolete tests for plugins and verification""

This reverts commit 7172195d12d809b23c0ede6595e0b91e653780d1.",other,,False,other
3530,3528,"Revert ""refactor: remove obsolete branch, error, and plugin definitions""

This reverts commit 51d1f5f9b2ae2be6a7da2de3aeead3b28665ffad.",other,,False,other
4438,4436,chore(deps): update dependency ava to v8.0.1,chore,deps,False,tech_debt
5108,5106,chore(deps): update dependency sinon to v22,chore,deps,False,tech_debt
5926,5924,docs: add semantic-release-linear-issue-status to community plugins list,docs,,False,docs
6741,6739,ci(action): update github/codeql-action action to v4.35.0,ci,action,False,tech_debt
7550,7548,chore(deps): update dependency @types/node to v24.11.0,chore,deps,False,tech_debt
8001,7999,"build(deps): bump tar and npm

Bumps [tar](https://github.com/isaacs/node-tar) and [npm](https://github.com/npm/cli). These dependencies needed to be updated together.

Updates `tar` from 7.5.7 to 7.5.9
- [Release notes](https://github.com/isaacs/node-tar/releases)
- [Changelog](https://github.com/isaacs/node-tar/blob/main/CHANGELOG.md)
- [Commits](https://github.com/isaacs/node-tar/compare/v7.5.7...v7.5.9)

Updates `npm` from 11.10.0 to 11.10.1
- [Release notes](https://github.com/npm/cli/releases)
- [Changelog](https://github.com/npm/cli/blob/latest/CHANGELOG.md)
- [Commits](https://github.com/npm/cli/compare/v11.10.0...v11.10.1)

---
updated-dependencies:
- dependency-name: tar
  dependency-version: 7.5.9
  dependency-type: indirect
- dependency-name: npm
  dependency-version: 11.10.1
  dependency-type: indirect
...

Signed-off-by: dependabot[bot] <support@github.com>",build,deps,False,tech_debt
8991,8989,chore: comma,chore,,False,tech_debt
9932,9930,chore(deps): update dependency ls-engines to v0.10.0,chore,deps,False,tech_debt
10862,10860,chore(deps): update dependency prettier to v3.7.3,chore,deps,False,tech_debt
11355,11353,ci(action): update actions/checkout action to v6,ci,action,False,tech_debt
11485,11483,ci(action): update actions/checkout action to v5.0.1,ci,action,False,tech_debt
11722,11720,ci(action): update github/codeql-action action to v4.31.3,ci,action,False,tech_debt
11951,11949,fix(deps): update dependency read-package-up to v12,fix,deps,False,bug_fixes
12390,12388,fix(deps): update dependency marked to v17,fix,deps,False,bug_fixes
12772,12770,ci(action): update github/codeql-action action to v4.31.1,ci,action,False,tech_debt
13382,13380,Merge branch 'master' into patch-1,other,,False,other
13678,13676,ci(release): enable triggering the release workflow for the alpha branch,ci,release,False,tech_debt
13694,13692,"fix(deps): temporarily force semantic-release v25 across plugin peer requirements

for semantic-release/npm#958",fix,deps,False,bug_fixes
13782,13780,"fix(deps): update to the beta of the npm plugin

for semantic-release/npm#958",fix,deps,False,bug_fixes
13992,13990,"fix(deps): update to the beta of the npm plugin

for semantic-release/npm#958",fix,deps,False,bug_fixes
14289,14287,ci(node-versions): update node version matrix to match updated supported ranges,ci,node-versions,False,tech_debt
14494,14492,chore(deps): update dependency @types/node to v22.18.10,chore,deps,False,tech_debt
14548,14546,ci(action): update github/codeql-action action to v4.30.8,ci,action,False,tech_debt
15220,15218,ci(action): update ossf/scorecard-action action to v2.4.3,ci,action,False,tech_debt
15872,15870,chore(deps): update dependency got to v14.4.9,chore,deps,False,tech_debt
16103,16101,chore(deps): update dependency @types/node to v22.18.4,chore,deps,False,tech_debt
16864,16862,chore(deps): update dependency got to v14.4.8,chore,deps,False,tech_debt
19637,19635,chore(deps): lock file maintenance,chore,deps,False,tech_debt
20311,20309,Merge branch 'master' into master,other,,False,other
21264,21262,chore(deps): update dependency sinon to v21,chore,deps,False,tech_debt
22472,22470,chore(deps): update dependency npm-run-all2 to v8.0.4,chore,deps,False,tech_debt
23723,23721,chore(deps): update dependency @types/node to v22.15.14,chore,deps,False,tech_debt
24490,24488,Use exit code 128,other,,False,other
24506,24504,fixed indent,other,,False,other
24851,24849,chore(deps): update dependency publint to v0.3.12,chore,deps,False,tech_debt
26666,26664,chore(deps): update npm to v11,chore,deps,False,tech_debt
27065,27063,chore(deps): update dependency prettier to v3.5.2,chore,deps,False,tech_debt
27571,27569,"feat(git): add ""git log"" options to get-commits.js via ""git-log"" in config file",feat,git,False,feature_work
28871,28869,ci(action): update github/codeql-action action to v3.28.3,ci,action,False,tech_debt
30573,30571,ci(action): update github/codeql-action action to v3.27.6,ci,action,False,tech_debt
31220,31218,ci(action): update github/codeql-action action to v3.27.4,ci,action,False,tech_debt
31898,31896,fix(deps): update dependency marked to v15,fix,deps,False,bug_fixes
32344,32342,chore(deps): update dependency publint to v0.2.12,chore,deps,False,tech_debt
33271,33269,refactor: Include clone_url in GET request in e2e.test.js,refactor,,False,tech_debt
33867,33865,fix(deps): update dependency hosted-git-info to v8,fix,deps,False,bug_fixes
36172,36170,ci(action): update github/codeql-action action to v3.25.11,ci,action,False,tech_debt
36733,36731,ci(action): update actions/checkout action to v4.1.7,ci,action,False,tech_debt
38688,38686,ci(action): update github/codeql-action action to v3.25.4,ci,action,False,tech_debt
39383,39381,ci(action): update github/codeql-action action to v3.25.3,ci,action,False,tech_debt
39429,39427,chore(deps): update npm to v10.6.0,chore,deps,False,tech_debt
41426,41424,fix: removed '$' character so users can copy paste commands directly into terminal without editing after pressing the copy button,fix,,False,bug_fixes
42038,42036,chore(deps): update dependency lockfile-lint to v4.13.1,chore,deps,False,tech_debt
42288,42286,chore(deps): lock file maintenance,chore,deps,False,tech_debt
42426,42424,chore(deps): update dependency got to v14.2.0,chore,deps,False,tech_debt
43681,43679,chore(deps): update dependency c8 to v9,chore,deps,False,tech_debt
44331,44329,"fix(deps): update dependency marked to v11 (#3079)

Co-authored-by: renovate[bot] <29139614+renovate[bot]@users.noreply.github.com>
Co-authored-by: Matt Travi <programmer@travi.org>",fix,deps,False,bug_fixes
45370,45368,chore(deps): update dependency got to v14,chore,deps,False,tech_debt
45745,45743,ci(action): update github/codeql-action action to v2.22.8,ci,action,False,tech_debt
46629,46627,test: add explicit coverage for shareable CJS configurations,test,,False,tech_debt
49045,49043,"fix(deps): upgraded `release-notes-generator` and `commit-analyzer` plugins to stable versions

follow up to #2934",fix,deps,False,bug_fixes
49761,49759,ci(action): update github/codeql-action action to v2.21.6,ci,action,False,tech_debt
50070,50068,ci(action): update actions/upload-artifact action to v3.1.3,ci,action,False,tech_debt
51931,51929,chore(deps): update dependency prettier to v3.0.2,chore,deps,False,tech_debt
53650,53648,chore(deps): lock file maintenance,chore,deps,False,tech_debt
53950,53948,chore(deps): update dependency ava to v5.3.1,chore,deps,False,tech_debt
55192,55190,WIP,other,,False,other
56631,56629,fix(deps): bump `@semantic-release/npm` to `^10.0.0-beta.1` (#2670),fix,deps,False,bug_fixes
56663,56661,"fix(deps): updated to the latest beta of the npm plugin, which updates npm to v9

BREAKING CHANGE: the npm plugin has updated the npm dependency to v9",fix,deps,False,bug_fixes
56737,56735,chore(deps): update dependency testdouble to v3.17.1,chore,deps,False,tech_debt
57106,57104,chore(deps): update dependency sinon to v15.0.2,chore,deps,False,tech_debt
57361,57359,"ci: win32 escape slash as doubleslash for test

Pathing in stderr output has double backslash in the filename.  The test
will now use double backslash in the existence test.

Signed-off-by: Chris. Webster <chris@webstech.net>",ci,,False,tech_debt
58757,58755,style: prettier,style,,False,tech_debt
59954,59952,"test(index): forced plugins to use semantic-release beta

which deduped env-ci to the esm-only version, allowing test double to stub properly",test,index,False,tech_debt
60119,60117,"chore(overrides): removed the `overrides` definition

for #2543",chore,overrides,False,tech_debt
60204,60202,test: emulate aggregate-error v4,test,,False,tech_debt
60669,60667,test: aligned pluginName with naming for functions,test,,False,tech_debt
60677,60675,Merge pull request #2610 from semantic-release/index-test,other,,False,other
60773,60771,chore(overrides): removed the `overrides` definition (#2634),chore,overrides,False,tech_debt
61511,61509,"fix(env-ci): upgraded to the ESM-only beta version of env-ci

for #2543",fix,env-ci,False,bug_fixes
61551,61549,"fix(get-config): loaded config with require rather than import

since loading json config cannot be accomplished with import without import assertions

for #2543",fix,get-config,False,bug_fixes
62661,62659,chore(deps): update dependency glob-parent to 5.1.2 [security],chore,deps,False,tech_debt
62863,62861,Merge branch 'master' into c8,other,,False,other
62987,62985,"test(mockserver): switched to the modern mockserver/mockserver image to get multi-arch support

fixes #2478",test,mockserver,False,tech_debt
63449,63447,"build(deps): bump terser from 5.14.0 to 5.14.2

Bumps [terser](https://github.com/terser/terser) from 5.14.0 to 5.14.2.
- [Release notes](https://github.com/terser/terser/releases)
- [Changelog](https://github.com/terser/terser/blob/master/CHANGELOG.md)
- [Commits](https://github.com/terser/terser/commits)

---
updated-dependencies:
- dependency-name: terser
  dependency-type: indirect
...

Signed-off-by: dependabot[bot] <support@github.com>",build,deps,False,tech_debt
63937,63935,Merge branch 'master' into patch-1,other,,False,other
66136,66134,"build(deps): bump minimist from 1.2.5 to 1.2.6

Bumps [minimist](https://github.com/substack/minimist) from 1.2.5 to 1.2.6.
- [Release notes](https://github.com/substack/minimist/releases)
- [Commits](https://github.com/substack/minimist/compare/1.2.5...1.2.6)

---
updated-dependencies:
- dependency-name: minimist
  dependency-type: indirect
...

Signed-off-by: dependabot[bot] <support@github.com>",build,deps,False,tech_debt
66791,66789,"Merge pull request #66 from semantic-release-plus/sync-upstream-17.0.4

Sync upstream 17.0.4",other,,False,other
67096,67094,chore(deps): update dependency codecov to v3.7.0,chore,deps,False,tech_debt
67256,67254,chore(deps): update dependency dockerode to v3.2.1,chore,deps,False,tech_debt
67264,67262,chore(deps): update dependency mockserver-client to v5.11.1,chore,deps,False,tech_debt
67737,67735,chore(deps): update dependency nock to v13.0.8,chore,deps,False,tech_debt
67849,67847,docs: create .all-contributorsrc [skip ci],docs,,False,docs
67921,67919,chore(deps): update dependency codecov to v3.8.2,chore,deps,False,tech_debt
67945,67943,docs: update README.md [skip ci],docs,,False,docs
67977,67975,chore(deps): update dependency handlebars to 4.7.7 [security],chore,deps,False,tech_debt
68105,68103,"Merge pull request #216 from semantic-release-plus/20210618-merge-upstream

20210618 merge upstream",other,,False,other
68578,68576,ci: run npm ci in release,ci,,False,tech_debt
69098,69096,Merge pull request #2332 from semantic-release/beta,other,,False,other
70975,70973,fix: bump @semantic-release/commit-analyzer to 9.0.2,fix,,False,bug_fixes
71672,71670,chore(deps): update dependency nock to v13.2.0,chore,deps,False,tech_debt
72048,72046,fix(deps): update dependency marked to v4,fix,deps,False,bug_fixes
73294,73292,chore(deps): update dependency mockserver-client to v5.8.0,chore,deps,False,tech_debt
73422,73420,"Merge pull request #30 from semantic-release-plus/renovate/sinon-8.x

chore(deps): update dependency sinon to v8",other,,False,other
74007,74005,chore(deps): update dependency got to v11.2.0,chore,deps,False,tech_debt
74071,74069,chore(deps): update dependency got to v11.4.0,chore,deps,False,tech_debt
74439,74437,chore(deps): update dependency ava to v3.15.0,chore,deps,False,tech_debt
74479,74477,chore(deps): update dependency nock to v13.0.6,chore,deps,False,tech_debt
75127,75125,chore(deps): update dependency dockerode to v3.3.1,chore,deps,False,tech_debt
75239,75237,Create FUNDING.yml,other,,False,other
77044,77042,Merge branch 'master' of github.com:semantic-release/semantic-release into beta,other,,False,other
77582,77580,chore(deps): update dependency mockserver-client to v5.7.2,chore,deps,False,tech_debt
77622,77620,fix(deps): update dependency semver to v7,fix,deps,False,bug_fixes
77686,77684,docs: update readme for semantic-release-plus beta,docs,,False,docs
77830,77828,"Merge pull request #41 from semantic-release-plus/renovate/pin-dependencies

Pin dependency got to 10.2.2",other,,False,other
77934,77932,"Merge pull request #50 from semantic-release-plus/merge-upstream-v17.0.0

Merge upstream v17.0.0",other,,False,other
78286,78284,chore(deps): update dependency got to v11.1.4,chore,deps,False,tech_debt
78478,78476,chore(deps): update dependency nock to v13.0.3,chore,deps,False,tech_debt
79182,79180,"Merge pull request #201 from semantic-release-plus/renovate/npm-handlebars-vulnerability

chore(deps): update dependency handlebars to 4.7.7 [security]",other,,False,other
79206,79204,Merge branch 'master' of https://github.com/semantic-release/semantic-release into latest-upstream,other,,False,other
79422,79420,"docs(README): correct all contributors badge and reorders team

* corrects typo in enhancements
* removes log level enhancement as it is not needed with the print next version solution",docs,README,False,docs
79478,79476,chore(deps): update dependency dockerode to v3.3.1,chore,deps,False,tech_debt
80035,80033,"ci(engines): separated the `ls-engines` step to a step that runs on macos

in the hopes that it will avoid failures for an unknown dependency with incompatible engines that isnt installed on macos",ci,engines,False,tech_debt
80868,80866,fix(package): update yargs to version 15.0.1,fix,package,False,bug_fixes
81028,81026,test: fix calls to `fetch` in tests,test,,False,tech_debt
81140,81138,Merge remote-tracking branch 'origin/master' into beta,other,,False,other
81444,81442,docs: add @google/semantic-release-replace-plugin to plugin list (#1509),docs,,False,docs
81540,81538,fix: prevent false positive secret replacement for Golang projects (#1562),fix,,False,bug_fixes
81580,81578,docs: update github documentation to `docs.github.com`,docs,,False,docs
81821,81819,"fix: normalize ci: false into noCi: true after configs get merged (#1732) thanks @dominykas 

This makes sure that options.ci is respected even when set inside a shareable config",fix,,False,bug_fixes
82237,82235,"chore(deps): lock file maintenance (#1861)

* chore(deps): lock file maintenance

* build(package): lock file

Co-authored-by: Renovate Bot <bot@renovateapp.com>
Co-authored-by: Gregor Martynus <39992+gr2m@users.noreply.github.com>",chore,deps,False,tech_debt
82269,82267,"chore(deps): update dependency p-retry to v4.5.0 (#1885)

Co-authored-by: Renovate Bot <bot@renovateapp.com>",chore,deps,False,tech_debt
82717,82715,chore(deps): update dependency tempy to v2,chore,deps,False,tech_debt
82960,82958,"feat(node-version): raised the minimum required version to v14.17

for #2055

BREAKING CHANGE: the minimum required version of node is now v14.17",feat,node-version,False,feature_work
82984,82982,WIP esm - adapt sinon,other,,False,other
83402,83400,chore(deps): pin dependencies,chore,deps,False,tech_debt
83634,83632,"Merge pull request #33 from semantic-release-plus/renovate/nock-11.x

chore(deps): update dependency nock to v11.7.2",other,,False,other
83642,83640,Merge branch 'master' into beta,other,,False,other
83762,83760,"Merge pull request #42 from semantic-release-plus/renovate/sinon-8.x

chore(deps): update dependency sinon to v8.1.1",other,,False,other
83882,83880,chore(deps): pin dependencies,chore,deps,False,tech_debt
83938,83936,chore(deps): update dependency clear-module to v4.1.1,chore,deps,False,tech_debt
83946,83944,chore(deps): update dependency tempy to v0.5.0,chore,deps,False,tech_debt
84042,84040,chore(deps): removes prettier package and relies on version bundled in xo,chore,deps,False,tech_debt
84186,84184,chore(deps): update dependency fs-extra to v9.0.1,chore,deps,False,tech_debt
84258,84256,chore(deps): update dependency ava to v3.10.1,chore,deps,False,tech_debt
84442,84440,fix(deps): update dependency get-stream to v6,fix,deps,False,bug_fixes
84578,84576,chore(deps): update dependency mockserver-client to v5.11.2,chore,deps,False,tech_debt
84770,84768,"Merge pull request #172 from semantic-release-plus/skip-tag-cli-usage

fix(cli): adds usage text for skip-tag",other,,False,other
84818,84816,chore(deps): update dependency nock to v13.0.10,chore,deps,False,tech_debt
84842,84840,"Merge pull request #179 from semantic-release-plus/renovate/hosted-git-info-4.x

fix(deps): update dependency hosted-git-info to v4",other,,False,other
84882,84880,"Update nx-monorepo.md

Added missing @ . Otherwise publishing will fail with `Cannot find module 'semantic-release/npm`.",other,,False,other
84946,84944,"Merge pull request #185 from semantic-release-plus/all-contributors/add-JoA-MoS

docs: add JoA-MoS as a contributor",other,,False,other
85042,85040,"Merge pull request #201 from semantic-release-plus/renovate/npm-handlebars-vulnerability

chore(deps): update dependency handlebars to 4.7.7 [security]",other,,False,other
85114,85112,"Merge pull request #206 from semantic-release-plus/renovate/npm-browserslist-vulnerability

chore(deps): update dependency browserslist to 4.16.5 [security]",other,,False,other
85194,85192,chore(deps): update dependency codecov to v3.8.3,chore,deps,False,tech_debt
87189,87187,chore(deps): update dependency fs-extra to v10,chore,deps,False,tech_debt
87348,87346,"Revert ""Sync fork source master""",other,,False,other
87428,87426,docs(README): basic updates to point to semantic-release-plus repos and build tools,docs,README,False,docs
87644,87642,Merge branch 'master' into renovate/nock-11.x,other,,False,other
87828,87826,"Merge pull request #51 from semantic-release-plus/renovate/got-10.x

chore(deps): update dependency got to v10.5.5",other,,False,other
87836,87834,chore(deps): update dependency codecov to v3.6.5,chore,deps,False,tech_debt
87940,87938,chore(deps): update dependency nock to v11.9.1,chore,deps,False,tech_debt
88524,88522,chore(deps): update dependency got to v11.7.0,chore,deps,False,tech_debt
88580,88578,"Merge pull request #137 from semantic-release-plus/renovate/yargs-16.x

fix(deps): update dependency yargs to v16",other,,False,other
88740,88738,"Merge pull request #168 from semantic-release-plus/merge-upstream

Merge branch 'master' of https://github.com/semantic-release/semantic…",other,,False,other
88780,88778,fix(cli): adds usage text for skip-tag,fix,cli,False,bug_fixes
88916,88914,docs: update README.md [skip ci],docs,,False,docs
89012,89010,"Merge pull request #199 from semantic-release-plus/renovate/fs-extra-10.x

chore(deps): update dependency fs-extra to v10",other,,False,other
89028,89026,docs: update .all-contributorsrc [skip ci],docs,,False,docs
89060,89058,"Merge pull request #201 from semantic-release-plus/renovate/npm-handlebars-vulnerability

chore(deps): update dependency handlebars to 4.7.7 [security]",other,,False,other
89076,89074,"Merge pull request #202 from semantic-release-plus/renovate/npm-lodash-vulnerability

chore(deps): update dependency lodash to 4.17.21 [security]",other,,False,other
89135,89133,chore(deps): update dependency tempy to v1.0.1,chore,deps,False,tech_debt
91943,91941,Merge branch 'master' into master,other,,False,other
93818,93816,Merge pull request #3 from tmeijn/chore/update-fork-with-changes,other,,False,other
94183,94181,chore(deps): update dependency nock to v13.0.11,chore,deps,False,tech_debt
132575,132573,doc: configuration#branches add more info link,other,,False,other
132910,132908,"[ImgBot] Optimize images

*Total -- 258.67kb -> 182.47kb (29.46%)

/media/semantic-release-cli.png -- 116.80kb -> 65.42kb (43.99%)
/media/bender.png -- 141.88kb -> 117.05kb (17.5%)",other,,False,other
135284,135282,fix(package): update hook-std to version 2.0.0,fix,package,False,bug_fixes
138545,138543,Add a reference to semantic-release-ado on the plugins list,other,,False,other
141227,141225,fix: correctly handle skipped releases,fix,,False,bug_fixes
141894,141892,chore(package): update p-retry to version 3.0.0,chore,package,False,tech_debt
142133,142131,fix: allow to set `ci` option via API and config file,fix,,False,bug_fixes
142141,142139,docs: mention that `debug` option is CLI only,docs,,False,docs
143061,143059,"docs(configuration.md): tweak grammar [ci skip]

just a few tweaks to reduce distraction",docs,configuration.md,False,docs
143597,143595,fix: push only tags to remote repo,fix,,False,bug_fixes
146154,146152,docs: remove troubleshooting section related to legacy error messages,docs,,False,docs
149139,149137,fix: unnecessary use of package url,fix,,False,bug_fixes
149164,149162,fix: unnecessary use of package url,fix,,False,bug_fixes
149303,149301,fix: do not hide env variable value if shorter than 5,fix,,False,bug_fixes
149967,149965,"docs: add new semantic-release-gcr plugin link

Update docs to add a new community plugin semantic-release-gcr. This plugin publishes a docker image to google cloud registry.",docs,,False,docs
151964,151962,fix: prevent exception during dryRun if generateNotes is disabled,fix,,False,bug_fixes
152156,152154,Merge branch 'caribou' into squashed-commits,other,,False,other
152509,152507,docs: clarify config file format,docs,,False,docs
153565,153563,fix: use `git rev-parse origin/${branch}` to verify origin head,fix,,False,bug_fixes
154028,154026,fix(package): update cosmiconfig to version 5.0.0,fix,package,False,bug_fixes
154458,154456,docs: remove old issue templates,docs,,False,docs
154646,154644,fix: unshallow to accept repositoryUrl,fix,,False,bug_fixes
156984,156982,fix: handle case with no last release in history,fix,,False,bug_fixes
158867,158865,"docs: fix grammar and typos in README, CONTRIBUTING, installation guide, and plugin guide",docs,,False,docs
159624,159622,fix: remove the github plugin from default success and fail hooks,fix,,False,bug_fixes
160284,160282,fix: fix `EPLUGINCONF` error details,fix,,False,bug_fixes
162874,162872,"fix: rename the `--repositoryUrl` CLI option to `--repository-url`

Harmonize the CLI option format.

BREAKING CHANGE: The `--repositoryUrl` CLI options is replaced by `--repository-url`",fix,,False,bug_fixes
163935,163933,"fix(security): Updated marked dependency

The marked dependency defined in package-lock.json has a known moderate severity security vulnerability in version range < 0.3.9 and should be updated.",fix,security,False,bug_fixes
164599,164597,"docs: documentation improvements

**Refactor and clarify the documentation in `README.md`**
- Add Highlights
- Add a Table of contents
- Clarify the way semantic-release works
- Clarify relationship with the CI environments
- Describe local install for Node projects (with a `package.json`) and global install for non-JavaScript projects
- Explain CI general configuration (environment variables and a run after all jobs are successful)
- Clarify configuration (via config file or CLI arguments)
- Clarify plugin roles and configuration
- Add doc for shareable configuration
- Add recipes
- Add resources (Videos, articles, tutorials)
- Add a Support section
- Add a Team section

**Add the following FAQs**
- How can I use a npm build script that requires the `package.json`’s version ?
- Can I use Semantic-release with Yarn?
- Can I use Semantic-release to publish non-JavaScript packages?
- Can I use Semantic-release with any CI service?
- Can I use Semantic-release with any GitLab?
- Can I use Semantic-release with any Git hosted environment?
- Can I skip the release to the npm registry?
- Can I use .npmrc options?
- How can I set the access level of the published npm package?
- Can I use Semantic-release to publish a package on Artifactory?
- Can I set the initial release version of my package to 0.0.1?
- Why does semantic-release require Node version >= 8?

**Clarify Nove 8 requirement and solutions**
- Add Node version requirement explanation and solutions
- [X] Display a link to the documentation when running on Node < 8 version

**Add recipes**
- Travis
- GitLab CI
- Travis with build stages - To be done in #573
- CircleCI workflows - To be done in #573",docs,,False,docs
165222,165220,fix(package): update @semantic-release/github to version 3.0.0,fix,package,False,bug_fixes
167241,167239,chore(package): update prettier to version 1.9.2,chore,package,False,tech_debt
168287,168285,chore(package): update ava to version 0.24.0,chore,package,False,tech_debt
168524,168522,"Update README.md

Add missing colon",other,,False,other
169889,169887,chore(package): update prettier to version 1.8.0,chore,package,False,tech_debt
171037,171035,test: Fix typos: only in tests and useless console.log(),test,,False,tech_debt
174160,174158,ci: Use codecov for code coverage,ci,,False,tech_debt
178808,178806,feat: add create-npmrc option,feat,,False,feature_work
180953,180951,fix(post): Create a tag before makeing a release,fix,post,False,bug_fixes
182491,182489,Merge branch 'caribou' of github.com:atlassian/lerna-semantic-release into caribou,other,,False,other
182651,182649,"chore(release): releasing component

affects: lerna-semantic-release-io@2.0.4

Released from sha undefined
Tag for lerna release",chore,release,False,tech_debt
182699,182697,"fix(post): fixed a bug where a rogue tag in the repository that did not conform to our conventions w

affects: lerna-semantic-release-post",fix,post,False,bug_fixes
182731,182729,docs(changelog): appending to changelog,docs,changelog,False,docs
182852,182850,chore(build): remove the registry line from the config,chore,build,False,tech_debt
183004,183002,"chore(release): releasing component

affects: lerna-semantic-release-get-last-release@1.0.0

Released from sha undefined
Tag for lerna release",chore,release,False,tech_debt
183196,183194,"fix: Fixes passed error parameter for -post

affects: lerna-semantic-release-post",fix,,False,bug_fixes
183221,183219,chore: do not cache node_modules,chore,,False,tech_debt
183325,183323,"chore(release): releasing component

affects: lerna-semantic-release-post@5.0.0

Released from sha undefined
Tag for lerna release",chore,release,False,tech_debt
183461,183459,"chore(release): releasing component

affects: lerna-semantic-release-analyze-commits@4.0.1

Released from sha undefined
Tag for lerna release",chore,release,False,tech_debt
183485,183483,"fix: Fix the dependencies

affects: lerna-semantic-release-analyze-commits, lerna-semantic-release-get-last-release, lerna-semantic-release-io, lerna-semantic-release-perform, lerna-semantic-release-post, lerna-semantic-release-pre, lerna-semantic-release-utils",fix,,False,bug_fixes
183749,183747,"chore(release): releasing component

affects: lerna-semantic-release-io@5.0.1

Released from sha undefined
Tag for lerna release",chore,release,False,tech_debt
183813,183811,"chore(release): releasing component

affects: lerna-semantic-release-perform@4.0.1

Released from sha undefined
Tag for lerna release",chore,release,False,tech_debt
184021,184019,"chore(release): releasing component

affects: lerna-semantic-release-get-last-release@5.0.2

Released from sha undefined
Tag for lerna release",chore,release,False,tech_debt
184037,184035,"chore(release): releasing component

affects: lerna-semantic-release-perform@4.0.1

Released from sha undefined
Tag for lerna release",chore,release,False,tech_debt
184101,184099,"chore(release): releasing component

affects: lerna-semantic-release-perform@4.0.1

Released from sha b6c191537c5ff1dd7376009f74c6fc5d997a7e4c
Tag for lerna release",chore,release,False,tech_debt
184325,184323,"chore(release): releasing component

affects: lerna-semantic-release-post@5.0.1

Released from sha 02a85fa3de257a4b2ce59bc37666dfd7d57a14c8
Tag for lerna release",chore,release,False,tech_debt
184349,184347,"fix(dependencies): all packages depend on the src of semantic-release, as we're now depending on a s

affects: lerna-semantic-release, lerna-semantic-release-io, lerna-semantic-release-pre

this can be reverted back to /dist/ at the point when we move back to using versions.",fix,dependencies,False,bug_fixes
184750,184748,chore(package): update tap to version 7.1.2,chore,package,False,tech_debt
185245,185243,chore(package): update tap to version 7.0.0,chore,package,False,tech_debt
186433,186431,"chore(package): update tap to version 6.2.0

https://greenkeeper.io/",chore,package,False,tech_debt
186474,186472,"chore(package): update github to version 2.2.0

https://greenkeeper.io/",chore,package,False,tech_debt
187100,187098,"chore(package): update github to version 2.1.0

https://greenkeeper.io/",chore,package,False,tech_debt
187173,187171,"chore(package): update github to version 2.0.1

https://greenkeeper.io/",chore,package,False,tech_debt
187959,187957,refactor(pre): adapt to new run-auto api,refactor,pre,False,tech_debt
189269,189267,docs(read): fixed typo,docs,read,False,docs
191249,191247,"chore(package): update nyc to version 5.2.0

http://greenkeeper.io/",chore,package,False,tech_debt
191861,191859,"chore(package): update babel to version 6.3.13

http://greenkeeper.io/",chore,package,False,tech_debt
193784,193782,"docs(README): fix mistake in headline

Closes #95",docs,README,False,docs
194328,194326,docs(README): smaller fixes and clarifications,docs,README,False,docs
197208,197206,"chore: allow es6 in src, wile keeping every commit addressable",chore,,False,tech_debt
66968,66966,chore(deps): update dependency ava to v3.7.0,chore,deps,False,tech_debt
67504,67502,"Merge pull request #137 from semantic-release-plus/renovate/yargs-16.x

fix(deps): update dependency yargs to v16",other,,False,other
67648,67646,chore(deps): update dependency p-retry to v4.4.0,chore,deps,False,tech_debt
67697,67695,"Merge pull request #171 from semantic-release-plus/fix-doc-typo

docs(README): adds link to skipTag recipe",other,,False,other
67777,67775,fix(deps): update dependency hosted-git-info to v4,fix,deps,False,bug_fixes
67785,67783,"Merge pull request #179 from semantic-release-plus/renovate/hosted-git-info-4.x

fix(deps): update dependency hosted-git-info to v4",other,,False,other
67929,67927,chore(deps): update dependency fs-extra to v10,chore,deps,False,tech_debt
68041,68039,Merge branch 'semantic-release:master' into master,other,,False,other
68161,68159,feat: adds semantic-release-plus as a command alias,feat,,False,feature_work
68201,68199,chore(deps): update dependency path-parse to 1.0.7 [security],chore,deps,False,tech_debt
68265,68263,"fix: switches to standard prettier and eslint and reformat code

* docs: fixes contributors shield

* style: removes xo and replaces with standard eslint and prettier and applies rules to 01_bug_report

this is in preparation for switching to jest and migrated to nx

COMPLETES: #211

* test: adds ""unused"" const back to fix tests

* refactor: move config to files outside of package.json

* Merge branch 'master' of https://github.com/semantic-release-plus/semantic-release into update-from-master

* chore(deps): update dependency p-retry to v4.6.0

* chore(deps): update dependency codecov to v3.8.3

* chore(deps): update dependency sinon to v11.1.2

* Merge branch 'master' of https://github.com/semantic-release-plus/semantic-release into update-from-master

* fix: updates lint-staged conifg

Co-authored-by: Renovate Bot <bot@renovateapp.com>",fix,,False,bug_fixes
68273,68271,chore(deps): pin dependencies,chore,deps,False,tech_debt
68425,68423,chore(deps): update dependency nock to v13.1.4,chore,deps,False,tech_debt
68465,68463,chore(deps): update dependency eslint to v8.2.0,chore,deps,False,tech_debt
68497,68495,chore(deps): update dependency nock to v13.2.1,chore,deps,False,tech_debt
68586,68584,"Merge pull request #282 from semantic-release-plus/merge-upstream-20220108

Merge-upstream-20220108",other,,False,other
69253,69251,fix: bump marked-terminal from 4.1.1 to 5.0.0,fix,,False,bug_fixes
69718,69716,"feat: add pathFilter option

limit commit analysis to a specific path",feat,,False,feature_work
73350,73348,"Merge pull request #25 from semantic-release-plus/renovate/marked-0.x

fix(deps): update dependency marked to ^0.8.0",other,,False,other
73471,73469,Merge branch 'master' into beta,other,,False,other
73775,73773,chore(deps): update dependency tempy to v0.5.0,chore,deps,False,tech_debt
73807,73805,chore(deps): update dependency ava to v3.5.2,chore,deps,False,tech_debt
73863,73861,Merge branch 'master' of https://github.com/semantic-release/semantic-release into merge-upstream-17.0.6,other,,False,other
73887,73885,"Merge pull request #88 from semantic-release-plus/merge-upstream-17.0.6

Merge upstream 17.0.6",other,,False,other
73919,73917,chore(deps): update dependency ava to v3.8.0,chore,deps,False,tech_debt
73943,73941,chore(deps): update dependency ava to v3.8.1,chore,deps,False,tech_debt
74183,74181,chore(deps): update dependency ava to v3.11.1,chore,deps,False,tech_debt
74207,74205,"Merge pull request #127 from semantic-release-plus/merge-upstream

Merge upstream",other,,False,other
74327,74325,chore(deps): update dependency tempy to v0.7.0,chore,deps,False,tech_debt
74527,74525,"Merge pull request #165 from semantic-release-plus/renovate/delay-5.x

chore(deps): update dependency delay to v5",other,,False,other
74903,74901,"Merge pull request #205 from semantic-release-plus/latest-upstream

Latest upstream",other,,False,other
74983,74981,Merge branch 'master' of https://github.com/semantic-release/semantic-release into 20210618-merge-upstream,other,,False,other
75031,75029,Merge branch 'master' of https://github.com/semantic-release/semantic-release into 20210719-upstream,other,,False,other
75071,75069,"Merge pull request #225 from semantic-release-plus/use-local-srp

Use local srp",other,,False,other
75087,75085,chore(deps): update dependency path-parse to 1.0.7 [security],chore,deps,False,tech_debt
75143,75141,"Merge pull request #238 from semantic-release-plus/merge-upstream-20210908

Merge-upstream-20210908",other,,False,other
75151,75149,"fix: switches to standard prettier and eslint and reformat code

* docs: fixes contributors shield

* style: removes xo and replaces with standard eslint and prettier and applies rules to 01_bug_report

this is in preparation for switching to jest and migrated to nx

COMPLETES: #211

* test: adds ""unused"" const back to fix tests

* refactor: move config to files outside of package.json

* Merge branch 'master' of https://github.com/semantic-release-plus/semantic-release into update-from-master

* chore(deps): update dependency p-retry to v4.6.0

* chore(deps): update dependency codecov to v3.8.3

* chore(deps): update dependency sinon to v11.1.2

* Merge branch 'master' of https://github.com/semantic-release-plus/semantic-release into update-from-master

* fix: updates lint-staged conifg

Co-authored-by: Renovate Bot <bot@renovateapp.com>",fix,,False,bug_fixes
75183,75181,"Merge pull request #243 from semantic-release-plus/renovate/husky-7.x

chore(deps): update dependency husky to v7",other,,False,other
75231,75229,Merge branch 'master' of https://github.com/semantic-release/semantic-release into merge-upstream,other,,False,other
75247,75245,style: updates to match repo prettier settings,style,,False,tech_debt
75862,75860,docs(node-version): removed an extra colon,docs,node-version,False,docs
76608,76606,docs: add section on logger usage for plugins,docs,,False,docs
77084,77082,fix(plugins): upgraded to the beta versions of the commit-analyzer and release-notes-generator plugins,fix,plugins,False,bug_fixes
77606,77604,chore(deps): update dependency mockserver-client to v5.8.0,chore,deps,False,tech_debt
77806,77804,Merge branch 'master' of https://github.com/semantic-release/semantic-release into semantic-release-master,other,,False,other
77838,77836,Merge branch 'master' of https://github.com/semantic-release/semantic-release into merge-upstream-16.0.2,other,,False,other
77902,77900,"Merge pull request #42 from semantic-release-plus/renovate/sinon-8.x

chore(deps): update dependency sinon to v8.1.1",other,,False,other
78038,78036,chore(deps): update dependency clear-module to v4.1.0,chore,deps,False,tech_debt
78094,78092,chore(deps): update dependency sinon to v9.0.1,chore,deps,False,tech_debt
78110,78108,chore(deps): update dependency mockserver-client to v5.10.0,chore,deps,False,tech_debt
78190,78188,test: updates function declaration to match updated syntax,test,,False,tech_debt
78390,78388,chore(deps): update dependency ava to v3.10.0,chore,deps,False,tech_debt
78430,78428,chore(deps): update dependency codecov to v3.7.1,chore,deps,False,tech_debt
78510,78508,docs: add steps for merging upstream changes,docs,,False,docs
78598,78596,chore(deps): update dependency ava to v3.12.0,chore,deps,False,tech_debt
78726,78724,chore(deps): update dependency nock to v13.0.5,chore,deps,False,tech_debt
78742,78740,chore(deps): update dependency codecov to v3.8.1,chore,deps,False,tech_debt
78782,78780,chore(deps): update dependency sinon to v9.2.4,chore,deps,False,tech_debt
79086,79084,"Merge pull request #185 from semantic-release-plus/all-contributors/add-JoA-MoS

docs: add JoA-MoS as a contributor",other,,False,other
79134,79132,"Merge pull request #199 from semantic-release-plus/renovate/fs-extra-10.x

chore(deps): update dependency fs-extra to v10",other,,False,other
79230,79228,"Merge pull request #203 from semantic-release-plus/renovate/sinon-11.x

chore(deps): update dependency sinon to v11",other,,False,other
79294,79292,Merge branch 'master' of https://github.com/semantic-release/semantic-release into 20210618-merge-upstream,other,,False,other
79398,79396,chore(deps): update dependency path-parse to 1.0.7 [security],chore,deps,False,tech_debt
80547,80545,"revert: fix(package): update @semantic-release/github back to a build from the beta branch

This reverts commit 3f0a37944db9324381f779b93ae4115b59c3e13b.",revert,,False,tech_debt
80651,80649,fix: clarify message for EGITNOPERMISSION error,fix,,False,bug_fixes
80732,80730,docs(contributing): correct lint fix command,docs,contributing,False,docs
80916,80914,fix: allow multiple branches with same channel,fix,,False,bug_fixes
81108,81106,fix: look also for previous prerelease versions to determine the next one,fix,,False,bug_fixes
81164,81162,chore(package): update dependencies,chore,package,False,tech_debt
81180,81178,docs: correct plugin execution order,docs,,False,docs
81196,81194,docs: replacing firefox plugin in the list (#1416),docs,,False,docs
81220,81218,"docs: fix typo

just a little type fist -> first",docs,,False,docs
81252,81250,chore(package): update ava to version 3.1.0,chore,package,False,tech_debt
81380,81378,docs(configuration): fix CLI usage with --branches option (#1465),docs,configuration,False,docs
81572,81570,docs: added recipe for Jenkins CI configuration (#1) (#1591),docs,,False,docs
81685,81683,"feat: throw an Error if package.json has duplicate ""repository"" key (#1656)",feat,,False,feature_work
81949,81947,"chore(deps): update dependency tempy to v1 (#1755)

Co-authored-by: Renovate Bot <bot@renovateapp.com>",chore,deps,False,tech_debt
82093,82091,fix: update link to GitLab CI introduction (#1794),fix,,False,bug_fixes
82157,82155,"chore(deps): lock file maintenance (#1826)

* chore(deps): lock file maintenance

* build(package): lock file

Co-authored-by: Renovate Bot <bot@renovateapp.com>
Co-authored-by: Gregor Martynus <39992+gr2m@users.noreply.github.com>",chore,deps,False,tech_debt
82213,82211,docs: use consistent version number for tag recovery (#1857),docs,,False,docs
82285,82283,docs(distribution-channels): fix branch name (#1925),docs,distribution-channels,False,docs
82533,82531,Merge branch 'master' into badger,other,,False,other
83562,83560,chore(deps): update dependency mockserver-client to v5.8.1,chore,deps,False,tech_debt
83810,83808,"Merge pull request #51 from semantic-release-plus/renovate/got-10.x

chore(deps): update dependency got to v10.5.5",other,,False,other
83842,83840,Merge branch 'semantic-release-master' into sync-upstream-17.0.4,other,,False,other
83970,83968,chore(deps): update dependency mockserver-client to v5.10.0,chore,deps,False,tech_debt
84306,84304,chore(deps): update dependency tempy to v0.6.0,chore,deps,False,tech_debt
84346,84344,chore(deps): update dependency ava to v3.11.0,chore,deps,False,tech_debt
84434,84432,chore(deps): update dependency sinon to v9.0.3,chore,deps,False,tech_debt
84474,84472,chore(deps): update dependency got to v11.6.0,chore,deps,False,tech_debt
84602,84600,chore(deps): update dependency codecov to v3.8.1,chore,deps,False,tech_debt
84690,84688,chore(deps): update dependency delay to v5,chore,deps,False,tech_debt
84714,84712,Merge branch 'master' of https://github.com/semantic-release/semantic-release into merge-upstream,other,,False,other
84906,84904,docs: create .all-contributorsrc [skip ci],docs,,False,docs
84922,84920,docs: update .all-contributorsrc [skip ci],docs,,False,docs
84978,84976,chore(deps): update dependency codecov to v3.8.2,chore,deps,False,tech_debt
85074,85072,"Merge pull request #205 from semantic-release-plus/latest-upstream

Latest upstream",other,,False,other
85186,85184,chore(deps): update dependency p-retry to v4.6.1,chore,deps,False,tech_debt
85347,85345,chore(deps): update dependency nock to v13.1.1,chore,deps,False,tech_debt
86793,86791,chore(deps): update dependency trim-newlines to 3.0.1 [security],chore,deps,False,tech_debt
87508,87506,Merge remote-tracking branch 'upstream/master' into sync-upstream-15.13.32,other,,False,other
87804,87802,Merge branch 'master' of https://github.com/semantic-release/semantic-release into merge-upstream-v17.0.0,other,,False,other
87988,87986,chore(deps): update dependency mockserver-client to v5.10.0,chore,deps,False,tech_debt
88044,88042,chore(deps): update dependency ava to v3.7.0,chore,deps,False,tech_debt
88052,88050,Merge branch 'master' of https://github.com/semantic-release/semantic-release into merge-upstream-17.0.6,other,,False,other
88324,88322,chore(deps): update dependency tempy to v0.6.0,chore,deps,False,tech_debt
88396,88394,"Merge pull request #127 from semantic-release-plus/merge-upstream

Merge upstream",other,,False,other
88452,88450,chore(deps): update dependency sinon to v9.0.3,chore,deps,False,tech_debt
88460,88458,fix(deps): update dependency get-stream to v6,fix,deps,False,bug_fixes
88876,88874,chore(deps): update dependency sinon to v10,chore,deps,False,tech_debt
88972,88970,fix(deps): update dependency marked-terminal to ^4.1.0,fix,deps,False,bug_fixes
91876,91874,fix(deps): update dependency p-each-series to v3,fix,deps,False,bug_fixes
103750,103748,chore(deps): update dependency js-yaml to v3.14.1,chore,deps,False,tech_debt
104646,104644,chore(deps): update dependency delay to v5,chore,deps,False,tech_debt
106957,106955,chore(deps): update dependency ava to v3.15.0,chore,deps,False,tech_debt
108685,108683,WIP run integration tests sequentially,other,,False,other
110545,110543,Update CONTRIBUTING.md,other,,False,other
112608,112606,docs: Suggest gh manual triggers,docs,,False,docs
118285,118283,fix: pass a branch name to `getGitAuthUrl`,fix,,False,bug_fixes
118631,118629,Merge branch 'master' into greenkeeper/got-10.5.2,other,,False,other
121578,121576,fix: correctly display command that errored out in logs,fix,,False,bug_fixes
123134,123132,fix: update beta deps for peerDependency patches,fix,,False,bug_fixes
123878,123876,"perf: use `git tag --merge <branch>` to filter tags present in a branch history

BREAKING CHANGE: Git CLI version 2.7.1 or higher is now required

The `--merge` option of the `git tag` command has been added in Git version 2.7.1 and is now used by semantic-release",perf,,False,tech_debt
125396,125394,docs(recipes): Change GH_TOKEN to GITHUB_TOKEN,docs,recipes,False,docs
125764,125762,fix: egitnopermission message update,fix,,False,bug_fixes
127142,127140,fix(pacjage): update `@semantic-release/github` and `@semantic-release/npm`,fix,pacjage,False,bug_fixes
127182,127180,fix: ignore lasst release only if pre-release on the same channel as current branch,fix,,False,bug_fixes
127918,127916,"revert: docs: update semantic-release-cli broken link

This reverts commit 3bd63eb6a8ca8931709754cc3ca7182cc0948f53.",revert,,False,tech_debt
127934,127932,"revert: docs: made doc file org clearer and augmented content

This reverts commit 5a5eaec3da5e3be4a505f6c5e7fa9eb81d202cea.",revert,,False,tech_debt
127990,127988,docs: correct list of default plugins,docs,,False,docs
129880,129878,fix(package): update marked to version 0.7.0,fix,package,False,bug_fixes
133720,133718,WIP,other,,False,other
135457,135455,Merge branch 'master' into patch-1,other,,False,other
136788,136786,chore(package): update ava to version 1.3.1,chore,package,False,tech_debt
8556,8554,ci(action): update github/codeql-action action to v4.32.1,ci,action,False,tech_debt
9294,9292,"build(deps): bump tar and npm

Bumps [tar](https://github.com/isaacs/node-tar) and [npm](https://github.com/npm/cli). These dependencies needed to be updated together.

Updates `tar` from 7.5.3 to 7.5.6
- [Release notes](https://github.com/isaacs/node-tar/releases)
- [Changelog](https://github.com/isaacs/node-tar/blob/main/CHANGELOG.md)
- [Commits](https://github.com/isaacs/node-tar/compare/v7.5.3...v7.5.6)

Updates `npm` from 11.7.0 to 11.8.0
- [Release notes](https://github.com/npm/cli/releases)
- [Changelog](https://github.com/npm/cli/blob/latest/CHANGELOG.md)
- [Commits](https://github.com/npm/cli/compare/v11.7.0...v11.8.0)

---
updated-dependencies:
- dependency-name: tar
  dependency-version: 7.5.6
  dependency-type: indirect
- dependency-name: npm
  dependency-version: 11.8.0
  dependency-type: indirect
...

Signed-off-by: dependabot[bot] <support@github.com>",build,deps,False,tech_debt
9374,9372,"build(deps): bump lodash-es from 4.17.22 to 4.17.23

Bumps [lodash-es](https://github.com/lodash/lodash) from 4.17.22 to 4.17.23.
- [Release notes](https://github.com/lodash/lodash/releases)
- [Commits](https://github.com/lodash/lodash/commits/4.17.23)

---
updated-dependencies:
- dependency-name: lodash-es
  dependency-version: 4.17.23
  dependency-type: direct:production
...

Signed-off-by: dependabot[bot] <support@github.com>",build,deps,False,tech_debt
9852,9850,chore(deps): update dependency got to v14.6.6,chore,deps,False,tech_debt
10012,10010,chore(deps): lock file maintenance,chore,deps,False,tech_debt
10566,10564,chore(deps): update npm to v11.7.0,chore,deps,False,tech_debt
11102,11100,chore(deps): update dependency prettier to v3.7.0,chore,deps,False,tech_debt
13766,13764,"fix(deps): update to the latest alpha of the npm plugin

for semantic-release/npm#958",fix,deps,False,bug_fixes
13968,13966,"fix(deps): update to the latest alpha of the npm plugin

for semantic-release/npm#958",fix,deps,False,bug_fixes
16294,16292,ci(action): update github/codeql-action action to v3.30.3,ci,action,False,tech_debt
18054,18052,chore(deps): update dependency nock to v14.0.8,chore,deps,False,tech_debt
21660,21658,feat(git): introduce skipPush option to allow release execution without git push operations,feat,git,False,feature_work
25087,25085,chore(deps): update npm to v11,chore,deps,False,tech_debt
25637,25635,chore(deps): update dependency nock to v14.0.2,chore,deps,False,tech_debt
27154,27152,chore(deps): update dependency @types/node to v22.13.5,chore,deps,False,tech_debt
27360,27358,chore(deps): pin dependencies,chore,deps,False,tech_debt
28925,28923,Merge branch 'master' into feat/config-file-selection,other,,False,other
29766,29764,chore(deps): update dependency dockerode to v4.0.3,chore,deps,False,tech_debt
29827,29825,fix(deps): update dependency import-from-esm to v2,fix,deps,False,bug_fixes
32431,32429,ci(action): update actions/checkout action to v4.2.2,ci,action,False,tech_debt
32547,32545,chore(deps): update dependency npm-run-all2 to v6.2.6,chore,deps,False,tech_debt
34051,34049,chore(deps): update dependency nock to v13.5.5,chore,deps,False,tech_debt
34758,34756,fix(deps): update dependency marked to v14,fix,deps,False,bug_fixes
35127,35125,ci(action): update github/codeql-action action to v3.25.15,ci,action,False,tech_debt
35167,35165,ci(action): update github/codeql-action action to v3.25.14,ci,action,False,tech_debt
39492,39490,ci(action): update actions/checkout action to v4.1.4,ci,action,False,tech_debt
39734,39732,docs(release-workflows): reworded some details about the release workflow docs for clarity,docs,release-workflows,False,docs
41687,41685,chore(deps): lock file maintenance,chore,deps,False,tech_debt
42513,42511,chore(deps): update dependency npm-run-all2 to v6.1.2,chore,deps,False,tech_debt
43182,43180,Merge branch 'master' into feat-configurable-tag-time,other,,False,other
44243,44241,fix(deps): update dependency env-ci to v11,fix,deps,False,bug_fixes
45105,45103,"Revert ""fix(deps): update dependency cosmiconfig to v9 (#3072)""

This reverts commit 8b0dbd28054328f8ce3999b813b750c180036447.",other,,False,other
45175,45173,chore(deps): update dependency ava to v6,chore,deps,False,tech_debt
45598,45596,chore(deps): update dependency nock to v13.4.0,chore,deps,False,tech_debt
46315,46313,fix(deps): update dependency marked to v10,fix,deps,False,bug_fixes
46527,46525,chore(deps): update dependency sinon to v17.0.1,chore,deps,False,tech_debt
48642,48640,fix(deps): update dependency env-ci to v10,fix,deps,False,bug_fixes
49344,49342,test(engines): moved the ls-engines check into the lint group under the combined test process,test,engines,False,tech_debt
51290,51288,fix(deps): update dependency execa to v8,fix,deps,False,bug_fixes
51370,51368,chore(deps): update dependency nock to v13.3.3,chore,deps,False,tech_debt
53722,53720,Merge branch 'master' of github.com:semantic-release/semantic-release into ossf-scorecard,other,,False,other
55331,55329,chore(deps): update dependency testdouble to v3.18.0,chore,deps,False,tech_debt
55442,55440,"docs: make reference to semantic-release bold

Co-authored-by: HonkingGoose <34918129+HonkingGoose@users.noreply.github.com>",docs,,False,docs
55617,55615,ci(action): pin dependencies,ci,action,False,tech_debt
55684,55682,fix(deps): update dependency @semantic-release/release-notes-generator to v11,fix,deps,False,bug_fixes
56903,56901,fix(deps): update dependency cosmiconfig to v8.1.3,fix,deps,False,bug_fixes
58403,58401,"ci: run docker tests on Windows

The latest docker engine api needs some more config specs to allow an
open port (equivalent to -p on the command line).

Signed-off-by: Chris. Webster <chris@webstech.net>",ci,,False,tech_debt
58765,58763,build(git-blame-ignore-revs): b06c9bbe4c6be121c5561b356d8c465c1cadffba,build,git-blame-ignore-revs,False,tech_debt
59745,59743,chore(deps): update dependency sinon to v14.0.2,chore,deps,False,tech_debt
60002,60000,style: prettier (#2624),style,,False,tech_debt
60042,60040,Merge branch 'master' of github.com:semantic-release/semantic-release into beta,other,,False,other
60281,60279,style: prettier,style,,False,tech_debt
61676,61674,"build: harden test.yml permissions
Signed-off-by: Alex <aleksandrosansan@gmail.com>",build,,False,tech_debt
61693,61691,Merge branch 'master' into patch-1,other,,False,other
61771,61769,Prettier fix,other,,False,other
61832,61830,docs: fix typo,docs,,False,docs
63807,63805,docs: remove deprecated keyword in gitlab-ci.md,docs,,False,docs
65962,65960,chore(deps): update dependency yargs-parser to 13.1.2 [security],chore,deps,False,tech_debt
66614,66612,Merge branch 'semantic-release-master',other,,False,other
66976,66974,Merge branch 'master' of https://github.com/semantic-release/semantic-release into merge-upstream-17.0.6,other,,False,other
67144,67142,chore(deps): update dependency ava to v3.9.0,chore,deps,False,tech_debt
67512,67510,chore(deps): update dependency got to v11.8.0,chore,deps,False,tech_debt
67713,67711,"Merge pull request #172 from semantic-release-plus/skip-tag-cli-usage

fix(cli): adds usage text for skip-tag",other,,False,other
67817,67815,chore(deps): update dependency p-retry to v4.5.0,chore,deps,False,tech_debt
68009,68007,Merge branch 'master' of https://github.com/semantic-release/semantic-release into latest-upstream,other,,False,other
68153,68151,"Merge pull request #224 from semantic-release-plus/20210719-upstream

20210719 upstream",other,,False,other
68169,68167,"fix: updates release script to run on all branches and use the current directory and the package

previous script would use the previously published version, this will make sure we are eating our own dogfood.",fix,,False,bug_fixes
68249,68247,Merge branch 'master' of https://github.com/semantic-release/semantic-release into merge-upstream-20210908,other,,False,other
68345,68343,Merge branch 'master' of https://github.com/semantic-release/semantic-release into merge-upstream,other,,False,other
68353,68351,Create FUNDING.yml,other,,False,other
68635,68633,"feat: allow missing stable branch if there are other branches (maintenance, prerelease) matching the config",feat,,False,feature_work
70839,70837,"docs(issue-templates): fixed links to templates for opening issues

and broke lines after sentences",docs,issue-templates,False,docs
71091,71089,"docs(recipes): fix path to recipes

 * removes link to unknown “package managers and languages” recipes",docs,recipes,False,docs
71373,71371,docs(recipes): moved recipes to sub-directories to align with gitbook expectations,docs,recipes,False,docs
72304,72302,docs: add semantic-release-npm-deprecate plugin,docs,,False,docs
73358,73356,"Merge pull request #26 from semantic-release-plus/renovate/semver-7.x

fix(deps): update dependency semver to v7",other,,False,other
73631,73629,chore(deps): update dependency got to v10.5.5,chore,deps,False,tech_debt
73759,73757,chore(deps): update dependency ava to v3.5.0,chore,deps,False,tech_debt
73791,73789,chore(deps): update dependency ava to v3.5.1,chore,deps,False,tech_debt
73871,73869,chore(deps): removes prettier package and relies on version bundled in xo,chore,deps,False,tech_debt
74239,74237,"Merge pull request #124 from semantic-release-plus/renovate/cosmiconfig-7.x

fix(deps): update dependency cosmiconfig to v7",other,,False,other
74535,74533,chore(deps): update dependency p-retry to v4.4.0,chore,deps,False,tech_debt
74551,74549,"Merge pull request #168 from semantic-release-plus/merge-upstream

Merge branch 'master' of https://github.com/semantic-release/semantic…",other,,False,other
74567,74565,docs(README): adds link to skipTag recipe,docs,README,False,docs
74863,74861,chore(deps): update dependency handlebars to 4.7.7 [security],chore,deps,False,tech_debt
74911,74909,chore(deps): update dependency sinon to v11,chore,deps,False,tech_debt
75159,75157,chore(deps): pin dependencies,chore,deps,False,tech_debt
75255,75253,Merge branch 'master' into merge-upstream,other,,False,other
75279,75277,"docs: plugin example should export verifyConditions

pluggin example was exporting verify not verifyConditions

(cherry picked from commit 242547acfc3903900023196861af2af9888c0d27)",docs,,False,docs
75349,75347,docs(plugins): add telegram-bot plugin to the plugin list,docs,plugins,False,docs
75889,75887,Merge branch 'master' of github.com:semantic-release/semantic-release into node-version-docs,other,,False,other
76239,76237,chore(deps): update dependency ssh2 to 1.4.0 [security],chore,deps,False,tech_debt
77950,77948,"Merge pull request #51 from semantic-release-plus/renovate/got-10.x

chore(deps): update dependency got to v10.5.5",other,,False,other
78022,78020,chore(deps): pin dependencies,chore,deps,False,tech_debt
78054,78052,chore(deps): update dependency got to v10.6.0,chore,deps,False,tech_debt
78102,78100,chore(deps): update dependency ava to v3.5.1,chore,deps,False,tech_debt
78126,78124,chore(deps): update dependency got to v10.7.0,chore,deps,False,tech_debt
78462,78460,chore(deps): update dependency mockserver-client to v5.11.1,chore,deps,False,tech_debt
78534,78532,"Merge pull request #128 from semantic-release-plus/adds-skip-tagging-option

feat: adds a skipTag option to turn off git tagging",other,,False,other
78558,78556,chore(deps): update dependency got to v11.5.2,chore,deps,False,tech_debt
78566,78564,chore(deps): update dependency nock to v13.0.4,chore,deps,False,tech_debt
78710,78708,chore(deps): update dependency got to v11.8.0,chore,deps,False,tech_debt
78822,78820,chore(deps): update dependency delay to v4.4.1,chore,deps,False,tech_debt
79214,79212,"Merge pull request #205 from semantic-release-plus/latest-upstream

Latest upstream",other,,False,other
79454,79452,"chore(deps): update dependency nock to v13.1.3 (#2107)

Co-authored-by: Renovate Bot <bot@renovateapp.com>",chore,deps,False,tech_debt
79510,79508,"style: removes xo and replaces with standard eslint and prettier and applies rules to 01_bug_report

this is in preparation for switching to jest and migrated to nx

COMPLETES: #211",style,,False,tech_debt
79558,79556,chore(deps): update dependency sinon to v11.1.2,chore,deps,False,tech_debt
79594,79592,chore(deps): update dependency dockerode to v3.3.1,chore,deps,False,tech_debt
79723,79721,chore(deps): update dependency nock to v13.1.3,chore,deps,False,tech_debt
79796,79794,"fix(npm): upgraded to the beta version of the npm plugin

which required swapping the registry from the integration tests to verdaccio, similar to the change
in https://github.com/semantic-release/npm/pull/304

for #2055",fix,npm,False,bug_fixes
79971,79969,fix(engines): fixed defined node version to account for the higher requirement from the npm plugin,fix,engines,False,bug_fixes
80043,80041,chore(fs-extra): downgraded to a version that is compatible with the supported node versions,chore,fs-extra,False,tech_debt
80051,80049,"Revert ""ci(engines): separated the `ls-engines` step to a step that runs on macos""

This reverts commit bba0c1765263032529f57a50aa8be8861bcd32fd.",other,,False,other
80627,80625,fix(package): update read-pkg-up to version 7.0.0,fix,package,False,bug_fixes
80788,80786,fix: display erroring git commands properly,fix,,False,bug_fixes
80892,80890,fix: handle branch properties set to `false`,fix,,False,bug_fixes
80908,80906,style: prettier formatting,style,,False,tech_debt
81420,81418,chore(package): update tempy to version 0.5.0,chore,package,False,tech_debt
81621,81619,docs(resources.md): added more sematnic release article (#1610),docs,resources.md,False,docs
81765,81763,"docs: add semantic-release-license-plugin (#1701)

This adds a semantic-release-plugin which we use to update our license files (copyright dates and more) based on their type.",docs,,False,docs
81909,81907,"chore(deps): update dependency ava to v3.15.0 (#1746)

Co-authored-by: Renovate Bot <bot@renovateapp.com>",chore,deps,False,tech_debt
81957,81955,"docs: clarify renovate/** branches (#1757)

Signed-off-by: Josh Soref <jsoref@users.noreply.github.com>
Co-authored-by: Gregor Martynus <39992+gr2m@users.noreply.github.com>",docs,,False,docs
82021,82019,"chore(deps): update dependency delay to v4.4.1 (#1768)

Co-authored-by: Renovate Bot <bot@renovateapp.com>",chore,deps,False,tech_debt
82029,82027,"chore(deps): lock file maintenance (#1769)

Co-authored-by: Renovate Bot <bot@renovateapp.com>",chore,deps,False,tech_debt
82101,82099,"chore(deps): update dependency js-yaml to v3.14.1 (#1797)

Co-authored-by: Renovate Bot <bot@renovateapp.com>",chore,deps,False,tech_debt
82205,82203,"chore(deps): update dependency nock to v13.0.11 (#1844)

Co-authored-by: Renovate Bot <bot@renovateapp.com>",chore,deps,False,tech_debt
83386,83384,chore(deps): add renovate.json,chore,deps,False,tech_debt
83458,83456,"Merge pull request #20 from semantic-release-plus/renovate/mockserver-client-5.x

chore(deps): update dependency mockserver-client to v5.7.2",other,,False,other
83474,83472,fix(deps): update dependency marked to ^0.8.0,fix,deps,False,bug_fixes
83490,83488,Merge remote-tracking branch 'upstream/master' into sync-upstream-15.13.32,other,,False,other
83498,83496,"Merge pull request #29 from semantic-release-plus/sync-upstream-15.13.32

Sync upstream 15.13.32",other,,False,other
83514,83512,Merge branch 'master' of https://github.com/semantic-release-plus/semantic-release into beta,other,,False,other
83530,83528,"Merge pull request #26 from semantic-release-plus/renovate/semver-7.x

fix(deps): update dependency semver to v7",other,,False,other
83666,83664,Merge branch 'master' of https://github.com/semantic-release/semantic-release into semantic-release-master,other,,False,other
83826,83824,"Merge pull request #52 from semantic-release-plus/renovate/codecov-3.x

chore(deps): update dependency codecov to v3.6.5",other,,False,other
83890,83888,chore(deps): update dependency ava to v3.4.0,chore,deps,False,tech_debt
83962,83960,chore(deps): update dependency ava to v3.5.1,chore,deps,False,tech_debt
84026,84024,chore(deps): update dependency ava to v3.7.0,chore,deps,False,tech_debt
84082,84080,chore(deps): update dependency ava to v3.7.1,chore,deps,False,tech_debt
84098,84096,chore(deps): update dependency got to v11.0.3,chore,deps,False,tech_debt
84122,84120,chore(deps): update dependency got to v11.1.2,chore,deps,False,tech_debt
84250,84248,chore(deps): update dependency ava to v3.10.0,chore,deps,False,tech_debt
84290,84288,chore(deps): update dependency codecov to v3.7.1,chore,deps,False,tech_debt
84330,84328,chore(deps): update dependency codecov to v3.7.2,chore,deps,False,tech_debt
84410,84408,"Merge pull request #124 from semantic-release-plus/renovate/cosmiconfig-7.x

fix(deps): update dependency cosmiconfig to v7",other,,False,other
84514,84512,chore(deps): update dependency tempy to v0.7.1,chore,deps,False,tech_debt
84538,84536,chore(deps): update dependency codecov to v3.8.0,chore,deps,False,tech_debt
84546,84544,chore(deps): update dependency sinon to v9.2.0,chore,deps,False,tech_debt
84666,84664,chore(deps): update dependency tempy to v1,chore,deps,False,tech_debt
84834,84832,fix(deps): update dependency hosted-git-info to v4,fix,deps,False,bug_fixes
84850,84848,chore(deps): update dependency tempy to v1.0.1,chore,deps,False,tech_debt
86025,86023,fix(deps): update dependency figures to v4,fix,deps,False,bug_fixes
87532,87530,Merge branch 'master' of https://github.com/semantic-release-plus/semantic-release into beta,other,,False,other
87548,87546,"Merge pull request #26 from semantic-release-plus/renovate/semver-7.x

fix(deps): update dependency semver to v7",other,,False,other
87668,87666,style: run xo --fix to address linting issue,style,,False,tech_debt
87812,87810,"Merge pull request #50 from semantic-release-plus/merge-upstream-v17.0.0

Merge upstream v17.0.0",other,,False,other
87852,87850,Merge branch 'master' of https://github.com/semantic-release/semantic-release into semantic-release-master,other,,False,other
87948,87946,chore(deps): update dependency ava to v3.5.0,chore,deps,False,tech_debt
88036,88034,chore(deps): update dependency sinon to v9.0.2,chore,deps,False,tech_debt
88060,88058,chore(deps): removes prettier package and relies on version bundled in xo,chore,deps,False,tech_debt
88332,88330,chore(deps): update dependency dockerode to v3.2.1,chore,deps,False,tech_debt
88572,88570,fix(deps): update dependency yargs to v16,fix,deps,False,bug_fixes
88636,88634,chore(deps): update dependency got to v11.8.1,chore,deps,False,tech_debt
88676,88674,chore(deps): update dependency nock to v13.0.7,chore,deps,False,tech_debt
88724,88722,chore(deps): update dependency p-retry to v4.4.0,chore,deps,False,tech_debt
89044,89042,"Merge pull request #200 from semantic-release-plus/all-contributors/add-JoA-MoS

docs: add JoA-MoS as a contributor",other,,False,other
89515,89513,docs(distribution-channels): fix branch name,docs,distribution-channels,False,docs
91000,90998,"Add custom git note

Enable option to add custom git note",other,,False,other
93608,93606,Merge pull request #9 from jive/release-allow-outdated-head,other,,False,other
93810,93808,Changes made to fix tests,other,,False,other
93826,93824,Merge branch 'master' into allow-outdated-head,other,,False,other
300,298,chore(deps): update dependency js-yaml to v4.3.1,chore,deps,False,tech_debt
919,917,chore(deps): update dependency sinon to v22.1.0,chore,deps,False,tech_debt
1020,1018,ci(action): update github/codeql-action action to v4.37.3,ci,action,False,tech_debt
1445,1443,chore(deps): update verdaccio/verdaccio docker tag to v6.8.0,chore,deps,False,tech_debt
2643,2641,chore(deps): update dependency mockserver-client to v7.2.0,chore,deps,False,tech_debt
2869,2867,chore(deps): update dependency mockserver-client to v7.1.0,chore,deps,False,tech_debt
2977,2975,chore(docs): remove outdated SUMMARY.md file,chore,docs,False,tech_debt
3017,3015,chore(docs): update documentation improvement section for clarity and link to new issues,chore,docs,False,tech_debt
3025,3023,chore(docs): fix link to configuration section in usage guide,chore,docs,False,tech_debt
3538,3536,Merge branch 'master' of https://github.com/semantic-release/semantic-release into fix(revert)/next,other,,False,other
3770,3768,chore(deps): update dependency @types/node to v24.13.0,chore,deps,False,tech_debt
4213,4211,"fix(git): merge multi-line tag notes from multiple refs

When multiple tags on the same commit have notes under different
semantic-release refs, git concatenates the JSON with newlines in %N
and may span stdout lines. Parse and merge channels instead of failing
JSON.parse silently.

Fixes #4073

Co-authored-by: Cursor <cursoragent@cursor.com>",fix,git,False,bug_fixes
4397,4395,chore(deps): update dependency npm-run-all2 to v9,chore,deps,False,tech_debt
4580,4578,chore(deps): update dependency publint to v0.3.21,chore,deps,False,tech_debt
4702,4700,chore(deps): update npm to v11.14.1,chore,deps,False,tech_debt
6705,6703,"build(deps): bump brace-expansion from 1.1.12 to 1.1.13

Bumps [brace-expansion](https://github.com/juliangruber/brace-expansion) from 1.1.12 to 1.1.13.
- [Release notes](https://github.com/juliangruber/brace-expansion/releases)
- [Commits](https://github.com/juliangruber/brace-expansion/compare/v1.1.12...v1.1.13)

---
updated-dependencies:
- dependency-name: brace-expansion
  dependency-version: 1.1.13
  dependency-type: indirect
...

Signed-off-by: dependabot[bot] <support@github.com>",build,deps,False,tech_debt
7206,7204,"build(deps): bump tar and npm

Bumps [tar](https://github.com/isaacs/node-tar) and [npm](https://github.com/npm/cli). These dependencies needed to be updated together.

Updates `tar` from 7.5.9 to 7.5.11
- [Release notes](https://github.com/isaacs/node-tar/releases)
- [Changelog](https://github.com/isaacs/node-tar/blob/main/CHANGELOG.md)
- [Commits](https://github.com/isaacs/node-tar/compare/v7.5.9...v7.5.11)

Updates `npm` from 11.11.0 to 11.11.1
- [Release notes](https://github.com/npm/cli/releases)
- [Changelog](https://github.com/npm/cli/blob/latest/CHANGELOG.md)
- [Commits](https://github.com/npm/cli/compare/v11.11.0...v11.11.1)

---
updated-dependencies:
- dependency-name: tar
  dependency-version: 7.5.11
  dependency-type: indirect
- dependency-name: npm
  dependency-version: 11.11.1
  dependency-type: indirect
...

Signed-off-by: dependabot[bot] <support@github.com>",build,deps,False,tech_debt
8371,8369,chore(deps): update npm to v11.9.0,chore,deps,False,tech_debt
9251,9249,chore(deps): update dependency lodash-es to v4.17.23 [security],chore,deps,False,tech_debt
9892,9890,chore(deps): lock file maintenance,chore,deps,False,tech_debt
9972,9970,chore(deps): update dependency sinon to v21.0.1,chore,deps,False,tech_debt
11565,11563,chore(deps): update dependency js-yaml to v4.1.1 [security],chore,deps,False,tech_debt
11613,11611,"build(deps-dev): bump js-yaml from 4.1.0 to 4.1.1

Bumps [js-yaml](https://github.com/nodeca/js-yaml) from 4.1.0 to 4.1.1.
- [Changelog](https://github.com/nodeca/js-yaml/blob/master/CHANGELOG.md)
- [Commits](https://github.com/nodeca/js-yaml/compare/4.1.0...4.1.1)

---
updated-dependencies:
- dependency-name: js-yaml
  dependency-version: 4.1.1
  dependency-type: direct:development
...

Signed-off-by: dependabot[bot] <support@github.com>",build,deps-dev,False,tech_debt
12424,12422,docs(plugins): add semantic-release-uv community plugin in plugins list,docs,plugins,False,docs
14149,14147,chore(deps): update dependency semantic-release to v25,chore,deps,False,tech_debt
14218,14216,Merge branch 'master' of github.com:semantic-release/semantic-release into beta,other,,False,other
14265,14263,fix(deps): upgrade to the new major version of the npm plugin,fix,deps,False,bug_fixes
15166,15164,chore(deps): update dependency @types/node to v22.18.8,chore,deps,False,tech_debt
15926,15924,chore(deps): update dependency @types/node to v22.18.5,chore,deps,False,tech_debt
16053,16051,chore(deps): update dependency fs-extra to v11.3.2,chore,deps,False,tech_debt
16157,16155,chore(deps): lock file maintenance,chore,deps,False,tech_debt
19928,19926,fix(deps): update dependency yargs to v18,fix,deps,False,bug_fixes
20011,20009,ci(action): update github/codeql-action action to v3.29.2,ci,action,False,tech_debt
20849,20847,chore(deps): update dependency prettier to v3.6.0,chore,deps,False,tech_debt
21860,21858,chore(deps): lock file maintenance,chore,deps,False,tech_debt
22146,22144,chore(deps): update dependency @types/node to v22.15.25,chore,deps,False,tech_debt
22577,22575,chore(deps): update npm to v11,chore,deps,False,tech_debt
22842,22840,fix: unit tests,fix,,False,bug_fixes
24246,24244,chore(deps): update dependency lockfile-lint to v4.14.1,chore,deps,False,tech_debt
24701,24699,chore(deps): update dependency nock to v14.0.4,chore,deps,False,tech_debt
25865,25863,ci(action): update github/codeql-action action to v3.28.13,ci,action,False,tech_debt
26060,26058,chore(deps): update dependency @types/node to v22.13.11,chore,deps,False,tech_debt
27320,27318,chore(deps): lock file maintenance,chore,deps,False,tech_debt
27580,27578,Merge branch 'master' into master,other,,False,other
27989,27987,"fix(get-git-auth-url.js): Added debug for success

Provides a timestamped log entry for this process so it's clear how long this took to complete.",fix,get-git-auth-url.js,False,bug_fixes
28204,28202,chore(deps): update dependency publint to v0.3.4,chore,deps,False,tech_debt
28409,28407,Merge branch 'master' into fix-gha-link,other,,False,other
28755,28753,chore(deps): update dependency nock to v14,chore,deps,False,tech_debt
28916,28914,"feat: allow manual config file selection

Add the `--config` CLI argument to specify the configuration file to load.

This is useful for users who require more control over their environment.

Closes #1592",feat,,False,feature_work
30970,30968,docs: update broken link to gitlab pipelines,docs,,False,docs
31093,31091,"build(deps): bump cross-spawn from 7.0.3 to 7.0.5

Bumps [cross-spawn](https://github.com/moxystudio/node-cross-spawn) from 7.0.3 to 7.0.5.
- [Changelog](https://github.com/moxystudio/node-cross-spawn/blob/master/CHANGELOG.md)
- [Commits](https://github.com/moxystudio/node-cross-spawn/compare/v7.0.3...v7.0.5)

---
updated-dependencies:
- dependency-name: cross-spawn
  dependency-type: indirect
...

Signed-off-by: dependabot[bot] <support@github.com>",build,deps,False,tech_debt
32304,32302,ci(action): update actions/setup-node action to v4.1.0,ci,action,False,tech_debt
33045,33043,chore(deps): lock file maintenance,chore,deps,False,tech_debt
33586,33584,chore(deps): update dependency publint to v0.2.11,chore,deps,False,tech_debt
33633,33631,chore(deps): update dependency npm-run-all2 to v6.2.3,chore,deps,False,tech_debt
34513,34511,type: update type interface doc for `logger`,other,,False,other
36038,36036,Merge branch 'master' into abhi-aggregate-error,other,,False,other
36058,36056,chore(deps): lock file maintenance,chore,deps,False,tech_debt
37025,37023,chore(deps): update dependency c8 to v10,chore,deps,False,tech_debt
38209,38207,ci(action): update actions/checkout action to v4.1.6,ci,action,False,tech_debt
38444,38442,"feat: add main branch to default release branch config (#1737)

Co-authored-by: Andrei Danilov <andreialexandr.danilov@gmail.com>
Co-authored-by: Oriol Torrillas <otorrillas@gmail.com>
Co-authored-by: Matt Travi <126441+travi@users.noreply.github.com>",feat,,False,feature_work
39535,39533,ci(action): update github/codeql-action action to v3.25.2,ci,action,False,tech_debt
39925,39923,chore(deps): lock file maintenance,chore,deps,False,tech_debt
40423,40421,chore(deps): lock file maintenance,chore,deps,False,tech_debt
41078,41076,ci(corepack): pinned the expected dev version of npm and explicitly used it for audit signatures,ci,corepack,False,tech_debt
41203,41201,chore(deps): update dependency got to v14.2.1,chore,deps,False,tech_debt
41917,41915,"feat: Add new option for appending a build suffix to prereleases

Fixes: #1793",feat,,False,feature_work
42141,42139,ci(action): update actions/setup-node action to v4.0.2,ci,action,False,tech_debt
43058,43056,ci(action): update github/codeql-action action to v3.23.1,ci,action,False,tech_debt
43968,43966,chore(deps): update dependency dockerode to v4.0.1,chore,deps,False,tech_debt
44342,44340,"fix: use one note reference per tag to prevent conflicts (#2085)

Co-authored-by: Matt Travi <126441+travi@users.noreply.github.com>",fix,,False,bug_fixes
46162,46160,chore(deps): update dependency prettier to v3.1.0,chore,deps,False,tech_debt
46202,46200,chore(deps): lock file maintenance,chore,deps,False,tech_debt
47181,47179,ci(action): update actions/setup-node action to v4,ci,action,False,tech_debt
48279,48277,ci(action): update ossf/scorecard-action action to v2.3.0,ci,action,False,tech_debt
48562,48560,chore(deps): update dependency p-retry to v6.1.0,chore,deps,False,tech_debt
48684,48682,"Allow running semantic-release with Bun

I've tested this and it works fine, and semantic-release can run with no issues in a Bun-only environment (no Node).

However, Bun reports its Node version as 18.15. So, when you try to run semantic-release without this change, you get this error:

```
 ~/Code/ bunx --bun semantic-release --version
[semantic-release]: node version ^18.17 || >=20.6.1 is required. Found v18.15.0.

See https://github.com/semantic-release/semantic-release/blob/master/docs/support/node-version.md for more details and solutions.
```

Given that semantic-release works fine with Bun, we should not exit if we are running in the Bun runtime.",other,,False,other
48702,48700,Merge branch 'master' into patch-1,other,,False,other
49392,49390,docs(contributing): updated details about local verification,docs,contributing,False,docs
49920,49918,chore(deps): lock file maintenance,chore,deps,False,tech_debt
50516,50514,"feat(node-versions): raised the minimum supported node version w/in the v20 range to v20.6.1

because of a known issue with v20.6.0 that we might as well avoid since we are restricting the
supported ranges at this point anyway: https://github.com/nodejs/node/issues/49497

BREAKING CHANGE: the minimum supported version for the v20 range of node has been raised slightly to
v20.6.1 to avoid a known node bug",feat,node-versions,False,feature_work
51250,51248,chore(deps): lock file maintenance,chore,deps,False,tech_debt
53367,53365,"ci: added a codeql workflow

which will help us understand if our code has any security issues that can be found through static analysis and will also satisfy the SAST check for the ossf scorecard",ci,,False,tech_debt
54097,54095,chore(deps): lock file maintenance,chore,deps,False,tech_debt
54626,54624,chore(deps): update dependency got to v12.6.1,chore,deps,False,tech_debt
57938,57936,"build(deps): bump http-cache-semantics from 4.1.0 to 4.1.1

Bumps [http-cache-semantics](https://github.com/kornelski/http-cache-semantics) from 4.1.0 to 4.1.1.
- [Release notes](https://github.com/kornelski/http-cache-semantics/releases)
- [Commits](https://github.com/kornelski/http-cache-semantics/compare/v4.1.0...v4.1.1)

---
updated-dependencies:
- dependency-name: http-cache-semantics
  dependency-type: indirect
...

Signed-off-by: dependabot[bot] <support@github.com>",build,deps,False,tech_debt
58238,58236,chore(deps): lock file maintenance,chore,deps,False,tech_debt
58686,58684,Merge branch 'master' into windows-git,other,,False,other
60229,60227,Merge branch 'master' into fix/aggregate-error,other,,False,other
60521,60519,docs(plugins): fix typo,docs,plugins,False,docs
60641,60639,"feat(esm): convert to esm (#2569)

for #2543

BREAKING CHANGE: semantic-release is now ESM-only. since it is used through its own executable, the impact on consuming projects should be minimal

BREAKING CHANGE: references to plugin files in configs need to include the file extension because of executing in an ESM context",feat,esm,False,feature_work
61129,61127,typo: corrected ci-configurations README.md usage link,other,,False,other
61432,61430,fix(cli): imported debug properly,fix,cli,False,bug_fixes
61448,61446,fix(tempy): upgraded to the esm version,fix,tempy,False,bug_fixes
62240,62238,docs: document that .cjs extensions are supported for config files,docs,,False,docs
62360,62358,chore(deps): update dependency p-retry to v4.6.2,chore,deps,False,tech_debt
62850,62848,test(coverage): switched from nyc to c8,test,coverage,False,tech_debt
62941,62939,Merge branch 'master' into testdouble,other,,False,other
66719,66717,"Merge pull request #46 from semantic-release-plus/renovate/codecov-3.x

chore(deps): update dependency codecov to v3.6.2",other,,False,other
66904,66902,chore(deps): update dependency ava to v3.5.1,chore,deps,False,tech_debt
111298,111296,"docs(contributing): typo fix, remove double ""the""",docs,contributing,False,docs
114188,114186,feat(bitbucket-basic-auth): support for bitbucket server basic auth,feat,bitbucket-basic-auth,False,feature_work
114402,114400,"Optimize npm package size

It doesn't make much sense to deliver docs to users via package",other,,False,other
115642,115640,Merge branch 'master' into docs-angular-links,other,,False,other
115886,115884,chore(package): update xo to version 0.29.0,chore,package,False,tech_debt
119216,119214,fix(package): update @semantic-release/release-notes-generator to version 9.0.0,fix,package,False,bug_fixes
119697,119695,fix: use `--no-verify` when testing the Git permissions,fix,,False,bug_fixes
121635,121633,Merge branch 'master' into plugins-env,other,,False,other
124293,124291,fix: require Node.js >=8.16,fix,,False,bug_fixes
125233,125231,docs(recipes): Change npm install to use ci installation,docs,recipes,False,docs
125255,125253,docs(recipes): Moved git plugin usage to anoter section,docs,recipes,False,docs
126998,126996,feat: allow `publish` plugins to return `false` in order to signify no release was done,feat,,False,feature_work
127046,127044,fix: correctly handle skipped releases,fix,,False,bug_fixes
127094,127092,fix(package): update @semantic-release/github to version 5.3.0-beta.5,fix,package,False,bug_fixes
127126,127124,fix(package): update aggregate-error to version 2.0.0,fix,package,False,bug_fixes
127190,127188,fix(package): update marked to version 0.6.0,fix,package,False,bug_fixes
128006,128004,"revert: docs(contributing): added instructions on how to run gitbook locally

This reverts commit a3da21a54477f8f6c007144e0dd38b800f3caf93.",revert,,False,tech_debt
128810,128808,fix(package): update hosted-git-info to version 3.0.0,fix,package,False,bug_fixes
132763,132761,"

fix(repositoryUrl): finishing up the changes to using the corrct repositoryUrl for the pre-release flow",fix,repositoryUrl,False,bug_fixes
133406,133404,chore(package): update fs-extra to version 8.0.0,chore,package,False,tech_debt
134199,134197,"Added a new community plugin

We created a new plugin for publishing messages from semantic release to a slack channel. The user can install a slack app and be notified depending on failure or success when running semantic release.",other,,False,other
134605,134603,Merge branch 'master' into greenkeeper/figures-3.0.0,other,,False,other
134654,134652,chore(package): update tempy to version 0.3.0,chore,package,False,tech_debt
135657,135655,fix(package): update semver to version 6.0.0,fix,package,False,bug_fixes
136340,136338,fix(package): update p-locate to version 4.0.0,fix,package,False,bug_fixes
138312,138310,docs: corrected typos in jsdocs,docs,,False,docs
138328,138326,docs: fix typo in CircleCI recipe,docs,,False,docs
141729,141727,docs: fix broken link in CircleCI recipe,docs,,False,docs
142785,142783,fix: remove unnecessary `branch` parameter from `push` function,fix,,False,bug_fixes
143292,143290,"Add maven-semantic-release to list of community plugins

This change adds [maven-semantic-release](https://github.com/conveyal/maven-semantic-release) to the list of community plugins.",other,,False,other
143589,143587,test: clarify variables name,test,,False,tech_debt
143928,143926,"feat(package): update @semantic-release/commit-analyzer to version 7.0.0

BREAKING CHANGE: Regexp are not supported anymore for property matching in the `releaseRules` option.

Regex are replaced by [globs](https://github.com/micromatch/micromatch#matching-features). For example `/core-.*/` should be changed to `'core-*'`.",feat,package,False,feature_work
144501,144499,test: test that dry-run also skips `prepare` step,test,,False,tech_debt
145727,145725,"feat: return release notes on nextRelease even if running on dry mode

re #959",feat,,False,feature_work
146009,146007,fix: do not log outated branch error for missing permission cases,fix,,False,bug_fixes
148834,148832,chore(package): update xo to version 0.22.0,chore,package,False,tech_debt
150893,150891,fix: add debug log for `git fetch` command,fix,,False,bug_fixes
152145,152143,docs: Add a troubleshooting section about squashed commits,docs,,False,docs
152602,152600,docs(plugins): add semantic-release-vsce,docs,plugins,False,docs
155878,155876,Update plugins-list.md,other,,False,other
156299,156297,update docs,other,,False,other
159066,159064,fix: exclude empty env var value from replacement,fix,,False,bug_fixes
160414,160412,"docs: simplify GitLAb-ci config

- remove Node 4",docs,,False,docs
162866,162864,"feat: get last release with git tags

- Remove the `getLastRelease` plugin type
- Retrieve the last release based on Git tags
- Create the next release Git tag before calling the `publish` plugins

BREAKING CHANGE: Remove the `getLastRelease` plugin type

The `getLastRelease` plugins will not be called anymore.

BREAKING CHANGE: Git repository authentication is now mandatory

The Git authentication is now mandatory and must be set via `GH_TOKEN`, `GITHUB_TOKEN`,  `GL_TOKEN`, `GITLAB_TOKEN` or `GIT_CREDENTIALS` as described in [CI configuration](https://github.com/semantic-release/semantic-release/blob/caribou/docs/usage/ci-configuration.md#authentication).",feat,,False,feature_work
162990,162988,fix(package): update lodash to version 4.17.4,fix,package,False,bug_fixes
163880,163878,docs: publish with gitbook,docs,,False,docs
167408,167406,test: add test for missing custom plugin modules,test,,False,tech_debt
168176,168174,fix: Typo in error messages,fix,,False,bug_fixes
168669,168667,"feat: extract `getCommits` into a plugin

Extracting `getCommits` into a plugin allows more flexibility, like filtering the commits to include
in a release (e.g. monorepo).",feat,,False,feature_work
168899,168897,fix(package): update @semantic-release/condition-travis to version 7.0.0,fix,package,False,bug_fixes
174422,174420,"fix: handle missing gitHead issue

resort to using git tag from last version

re https://github.com/semantic-release/semantic-release/issues/280 (Warn user about nonexistent gitHead returned by npm-registry-client)",fix,,False,bug_fixes
175365,175363,feat: support custom (additional) tag in GitHub release,feat,,False,feature_work
176986,176984,"feat(commits): check remote branches to contain the current releases commit

Depending on how the git repository got initialized on a CI system there
might occur issues when not
checking remote branches for the `from` commit.

For example Bitrise initializes it's git repositories as follows:
```
git ""init""
git ""remote"" ""add"" ""origin""
""git@github.com:zetaron/condition-bitrise.git""
git ""fetch""
git ""checkout"" ""52ab116ffe04c0f03e24e566b861cc1bde70024b""
git ""submodule"" ""update"" ""--init"" ""--recursive""
```

This results in semantic-release being unable to detect which branch
contains the '52ab116ffe04c0f03e24e566b861cc1bde70024b' commit, as git
is in a detatched HEAD mode.
There will be no release as semantic-release breaks with a message just
like the following:
```
$ semantic-release pre && npm publish && semantic-release post
semantic-release ERR! commits The commit the last release of this
package was derived from is not in the direct history of the ""master""
branch.
semantic-release ERR! commits This means semantic-release can not
extract the commits between now and then.
semantic-release ERR! commits This is usually caused by force pushing,
releasing from an unrelated branch, or using an already existing package
name.
semantic-release ERR! commits You can recover from this error by
publishing manually or restoring the commit
""52ab116ffe04c0f03e24e566b861cc1bde70024b"".
semantic-release ERR! commits Here is a list of branches that still
contain the commit in question:
semantic-release ERR! commits  * * (HEAD detached at 52ab116)
semantic-release ERR! pre Failed to determine new version.
semantic-release ERR! pre ENOTINHISTORY Commit not in history
error Command failed with exit code 1.
```

This commit introduces a small change to the comamnd used to detect the
commits branch, by addint the `--remote` option and normalizing remote
branch names to be matchable against the `options.branch` (eg. master)",feat,commits,False,feature_work
177794,177792,chore(package): update nyc to version 11.0.1,chore,package,False,tech_debt
178470,178468,"chore(package): update standard to version 10.0.0

https://greenkeeper.io/",chore,package,False,tech_debt
179491,179489,"chore(package): update tap to version 9.0.0

https://greenkeeper.io/",chore,package,False,tech_debt
179523,179521,"Merge branch 'greenkeeper/tap-9.0.0' into dep-updates

* greenkeeper/tap-9.0.0:
  chore(package): update tap to version 9.0.0",other,,False,other
179578,179576,"chore(package): update tap to version 9.0.0

https://greenkeeper.io/",chore,package,False,tech_debt
180416,180414,chore(package): update commitizen config,chore,package,False,tech_debt
181260,181258,fix: use travis-deploy-once to reenable travis-pro support,fix,,False,bug_fixes
182007,182005,chore(package): update github to version 5.2.2,chore,package,False,tech_debt
182271,182269,chore(package): update nyc to version 8.3.1,chore,package,False,tech_debt
182442,182440,"chore(bump): manual bump to 4 of lerna-sr

it should not have released the breaking changes, but it did",chore,bump,False,tech_debt
182523,182521,"fix(changelog): fix changelog generation: fix wonky links, and fix it so that it doesn't display the

affects: lerna-semantic-release-post

fixes #7",fix,changelog,False,bug_fixes
182571,182569,"fix(pre/tests): make tests pass again after refactoring get-last-release

affects: lerna-semantic-release-get-last-release, lerna-semantic-release-io",fix,pre/tests,False,bug_fixes
182627,182625,Merge branch 'caribou' of github.com:atlassian/lerna-semantic-release into caribou,other,,False,other
182844,182842,docs(changelog): appending to changelog,docs,changelog,False,docs
182916,182914,"chore(release): releasing component

affects: lerna-semantic-release@1.0.0

Released from sha undefined
Tag for lerna release",chore,release,False,tech_debt
183020,183018,"chore(release): releasing component

affects: lerna-semantic-release-perform@1.0.0

Released from sha undefined
Tag for lerna release",chore,release,False,tech_debt
183052,183050,chore(build): add back npmrc to fix auth issues,chore,build,False,tech_debt
183148,183146,"chore: update packages

affects: lerna-semantic-release, lerna-semantic-release-analyze-commits, lerna-semantic-release-get-last-release, lerna-semantic-release-io, lerna-semantic-release-perform, lerna-semantic-release-post, lerna-semantic-release-pre",chore,,False,tech_debt
183172,183170,docs: Add hint about changelog,docs,,False,docs
183213,183211,chore(package): update lerna,chore,package,False,tech_debt
183293,183291,"fix(package): Update to semantic-release without maxBuffer problem

affects: lerna-semantic-release-analyze-commits, lerna-semantic-release-get-last-release, lerna-semantic-release-pre",fix,package,False,bug_fixes
183637,183635,"chore(release): releasing component

affects: lerna-semantic-release-io@5.0.1

Released from sha undefined
Tag for lerna release",chore,release,False,tech_debt
183741,183739,"chore(release): releasing component

affects: lerna-semantic-release-get-last-release@5.0.2

Released from sha undefined
Tag for lerna release",chore,release,False,tech_debt
183845,183843,"chore(release): releasing component

affects: lerna-semantic-release-analyze-commits@4.0.2

Released from sha undefined
Tag for lerna release",chore,release,False,tech_debt
183949,183947,"chore(release): releasing component

affects: lerna-semantic-release-utils@4.0.1

Released from sha undefined
Tag for lerna release",chore,release,False,tech_debt
183997,183995,"chore(release): releasing component

affects: lerna-semantic-release-pre@4.0.2

Released from sha undefined
Tag for lerna release",chore,release,False,tech_debt
184069,184067,chore: unshallow the clone and fetch tags,chore,,False,tech_debt
184077,184075,"chore(release): releasing component

affects: lerna-semantic-release-analyze-commits@4.0.2

Released from sha b6c191537c5ff1dd7376009f74c6fc5d997a7e4c
Tag for lerna release",chore,release,False,tech_debt
184117,184115,"chore(release): releasing component

affects: lerna-semantic-release-pre@4.0.2

Released from sha b6c191537c5ff1dd7376009f74c6fc5d997a7e4c
Tag for lerna release",chore,release,False,tech_debt
184125,184123,"chore(release): releasing component

affects: lerna-semantic-release-utils@4.0.1

Released from sha b6c191537c5ff1dd7376009f74c6fc5d997a7e4c
Tag for lerna release",chore,release,False,tech_debt
184197,184195,chore(debug): clone correctly to do full clone,chore,debug,False,tech_debt
184421,184419,"fix(analyze): fixed a bug with multiline commits and affects: not getting detected

affects: lerna-semantic-release-analyze-commits",fix,analyze,False,bug_fixes
187208,187206,"chore(package): update github to version 2.0.0

https://greenkeeper.io/",chore,package,False,tech_debt
188857,188855,chore(gitignore): adding intellij project files to gitignore,chore,gitignore,False,tech_debt
190161,190159,"chore(package): update standard to version 6.0.2

http://greenkeeper.io/",chore,package,False,tech_debt
191832,191830,"chore(package): update nyc to version 5.0.0

http://greenkeeper.io/",chore,package,False,tech_debt
193135,193133,"chore(package): update rimraf to version 2.4.3

http://greenkeeper.io/",chore,package,False,tech_debt
193487,193485,"chore(package): update coveralls to version 2.11.4

http://greenkeeper.io/",chore,package,False,tech_debt
194170,194168,"docs(readme): add convention links

Link to commitizen and validate-commit-msg for project maintainers to simplify contributing.",docs,readme,False,docs
194299,194297,"fix(commits): handle failing git command correctly and show meaningful error

Closes #83",fix,commits,False,bug_fixes
196013,196011,fix(getLastRelease): Add @semantic-release/last-release-npm to dependencies,fix,getLastRelease,False,bug_fixes
196329,196327,fix: set npm registry from publishConfig.registry if existent,fix,,False,bug_fixes
197224,197222,chore(lib): move inside src folder,chore,lib,False,tech_debt
198949,198947,refactor(pre): use `gitHead` information from registry,refactor,pre,False,tech_debt
199404,199402,test: setup private npm registry w/sinopia,test,,False,tech_debt
199420,199418,test(install): initial scenario,test,install,False,tech_debt
1060,1058,ci(action): update github/codeql-action action to v4.37.2,ci,action,False,tech_debt
1306,1304,docs: fix issue template links,docs,,False,docs
2727,2725,chore(deps): update dependency ls-engines to v0.10.1,chore,deps,False,tech_debt
3614,3612,"chore(deps): update dependency js-yaml to v4.2.0 (#4193)

Co-authored-by: renovate[bot] <29139614+renovate[bot]@users.noreply.github.com>",chore,deps,False,tech_debt
3638,3636,"chore(deps): lock file maintenance (#4197)

Co-authored-by: renovate[bot] <29139614+renovate[bot]@users.noreply.github.com>",chore,deps,False,tech_debt
3662,3660,Merge branch 'next' into revert/next,other,,False,other
4161,4159,"fix: match prerelease tags when identifier contains dots

Replace semver prerelease .includes() check with prefix matching on the
joined prerelease components. Fixes branches like AS2024.10 where semver
splits the identifier into multiple components.

Fixes #4067

Co-authored-by: Cursor <cursoragent@cursor.com>",fix,,False,bug_fixes
4181,4179,"fix: complete HTTPS fallback when SSH auth fails

Return early after successful SSH verification and always fall back to
HTTPS when SSH fails. Support CI_JOB_TOKEN for GitLab CI and use HTTPS
without embedded auth when no credentials are available.

Fixes #4060

Co-authored-by: Cursor <cursoragent@cursor.com>",fix,,False,bug_fixes
4360,4358,ci(action): update github/codeql-action action to v4.36.0,ci,action,False,tech_debt
4779,4777,Merge branch 'master' into master,other,,False,other
5071,5069,chore(deps): update dependency got to v15.0.5,chore,deps,False,tech_debt
5466,5464,chore(deps): update npm to v11.13.0,chore,deps,False,tech_debt
7285,7283,chore(deps): lock file maintenance,chore,deps,False,tech_debt
8272,8270,chore(deps): update dependency @types/node to v24.10.12,chore,deps,False,tech_debt
9493,9491,chore(deps): update dependency prettier to v3.8.0,chore,deps,False,tech_debt
10146,10144,chore(deps): update dependency ls-engines to v0.9.4,chore,deps,False,tech_debt
10393,10391,chore(deps): update dependency @types/node to v24.10.3,chore,deps,False,tech_debt
10822,10820,ci(action): update actions/setup-node action to v6.1.0,ci,action,False,tech_debt
11148,11146,"build(deps): bump glob from 10.4.5 to 10.5.0

Bumps [glob](https://github.com/isaacs/node-glob) from 10.4.5 to 10.5.0.
- [Changelog](https://github.com/isaacs/node-glob/blob/main/changelog.md)
- [Commits](https://github.com/isaacs/node-glob/compare/v10.4.5...v10.5.0)

---
updated-dependencies:
- dependency-name: glob
  dependency-version: 10.5.0
  dependency-type: indirect
...

Signed-off-by: dependabot[bot] <support@github.com>",build,deps,False,tech_debt
13226,13224,docs(plugins): add @emantic-release-github-commit,docs,plugins,False,docs
13434,13432,chore(deps): update dependency publint to v0.3.15,chore,deps,False,tech_debt
13821,13819,fix(deps): update to latest npm plugin,fix,deps,False,bug_fixes
13920,13918,fix(deps): updated to latest alpha of the npm plugin,fix,deps,False,bug_fixes
13952,13950,"docs(trusted-publishing): update the github-actions recipe to account for trusted-publishing

for semantic-release/npm#958",docs,trusted-publishing,False,docs
14440,14438,chore(deps): lock file maintenance,chore,deps,False,tech_debt
15818,15816,chore(deps): update dependency @types/node to v22.18.6,chore,deps,False,tech_debt
16594,16592,chore(deps): lock file maintenance,chore,deps,False,tech_debt
18706,18704,chore(deps): update npm to v11.6.2,chore,deps,False,tech_debt
20287,20285,Merge branch 'master' into master,other,,False,other
21590,21588,chore(deps): update dependency @types/node to v22.15.30,chore,deps,False,tech_debt
21635,21633,refactor(git): change verifyAuth to verifyPush for clarity,refactor,git,False,tech_debt
21644,21642,"refactor(git): change isBranchUpToDate to use merge-base

this more accurately reflects if local is behind remote, than a HEAD comparison",refactor,git,False,tech_debt
21676,21674,feat(git): provide warning if local is ahead of remote when using skipPush,feat,git,False,feature_work
22066,22064,chore(deps): update dependency @types/node to v22.15.27,chore,deps,False,tech_debt
24126,24124,ci(action): update github/codeql-action action to v3.28.17,ci,action,False,tech_debt
24931,24929,chore(deps): lock file maintenance,chore,deps,False,tech_debt
26985,26983,chore(deps): update dependency publint to v0.3.7,chore,deps,False,tech_debt
27507,27505,"build(deps): bump @octokit/endpoint from 10.1.2 to 10.1.3

Bumps [@octokit/endpoint](https://github.com/octokit/endpoint.js) from 10.1.2 to 10.1.3.
- [Release notes](https://github.com/octokit/endpoint.js/releases)
- [Commits](https://github.com/octokit/endpoint.js/compare/v10.1.2...v10.1.3)

---
updated-dependencies:
- dependency-name: ""@octokit/endpoint""
  dependency-type: indirect
...

Signed-off-by: dependabot[bot] <support@github.com>",build,deps,False,tech_debt
27817,27815,Update 02_feature_request.yml,other,,False,other
27825,27823,Update 03_plugin_suggestion.yml,other,,False,other
27949,27947,chore(deps): update dependency prettier to v3.5.0,chore,deps,False,tech_debt
28791,28789,ci(action): update github/codeql-action action to v3.28.5,ci,action,False,tech_debt
29864,29862,chore(deps): lock file maintenance,chore,deps,False,tech_debt
30082,30080,chore(deps): update dependency npm-run-all2 to v7.0.2,chore,deps,False,tech_debt
30885,30883,chore(deps): update dependency got to v14.4.5,chore,deps,False,tech_debt
31990,31988,ci(action): update github/codeql-action action to v3.27.1,ci,action,False,tech_debt
32892,32890,ci(action): update actions/upload-artifact action to v4.4.2,ci,action,False,tech_debt
33515,33513,docs(plugins): community plugin `semantic-release-kaniko`,docs,plugins,False,docs
35740,35738,Merge branch 'master' into patch-1,other,,False,other
36540,36538,test(integration): renamed the index test file to integration to better align w/ the new categories,test,integration,False,tech_debt
36684,36682,ci(action): update github/codeql-action action to v3.25.10,ci,action,False,tech_debt
37288,37286,chore(deps): update dependency got to v14.4.0,chore,deps,False,tech_debt
37866,37864,fix: Support passing build metadata,fix,,False,bug_fixes
39307,39305,docs(ci-configurations): update github token URL,docs,ci-configurations,False,docs
41474,41472,feat: Adds a stopDir cli property,feat,,False,feature_work
41498,41496,"fix: Remove default stopDir

This should ensure the searchStrategy 'none' when no stopDir is provided",fix,,False,bug_fixes
41522,41520,chore(deps): update dependency lockfile-lint to v4.13.2,chore,deps,False,tech_debt
41872,41870,ci(action): update github/codeql-action action to v3.24.5,ci,action,False,tech_debt
42731,42729,chore(deps): update dependency nock to v13.5.1,chore,deps,False,tech_debt
42971,42969,ci(action): update actions/upload-artifact action to v4.2.0,ci,action,False,tech_debt
43121,43119,chore(deps): update dependency prettier to v3.2.4,chore,deps,False,tech_debt
43808,43806,chore(deps): update dependency dockerode to v4.0.2,chore,deps,False,tech_debt
44483,44481,ci(action): update actions/upload-artifact action to v4,ci,action,False,tech_debt
46082,46080,chore(deps): update dependency ls-engines to v0.9.1,chore,deps,False,tech_debt
47130,47128,chore(deps): update dependency node to v20,chore,deps,False,tech_debt
47392,47390,chore(deps): lock file maintenance,chore,deps,False,tech_debt
48909,48907,ci(action): update actions/checkout action to v4.1.0,ci,action,False,tech_debt
49336,49334,"test(lockfile): added lockfile lint to prevent attacks that download deps from malicious registries

i thought we'd already taken the step of adding this protection, but it looks like i failed to
follow up with getting applied across all repos",test,lockfile,False,tech_debt
50351,50349,"feat: defined exports for the package

BREAKING CHANGE: exports prevents access to internal files, but they arent intended for public use anyway",feat,,False,feature_work
50465,50463,fix(deps): upgraded to the latest version of the npm plugin with npm v10,fix,deps,False,bug_fixes
51330,51328,ci(action): update actions/setup-node digest to 5e21ff4,ci,action,False,tech_debt
52387,52385,chore(deps): lock file maintenance,chore,deps,False,tech_debt
52900,52898,chore(deps): update dependency nock to v13.3.2,chore,deps,False,tech_debt
54264,54262,fix(deps): update dependency @semantic-release/error to v4,fix,deps,False,bug_fixes
54532,54530,chore(deps): update dependency c8 to v7.14.0,chore,deps,False,tech_debt
55226,55224,docs(extending): add semantic-release-yarn to community plugins,docs,extending,False,docs
55751,55749,chore(deps): update dependency nock to v13.3.1,chore,deps,False,tech_debt
56777,56775,chore(deps): update dependency fs-extra to v11.1.1,chore,deps,False,tech_debt
57058,57056,chore(deps): update dependency testdouble to v3.17.0,chore,deps,False,tech_debt
57425,57423,"ci: update docker config for windows support

There is legacy support for PortBindings and Binds at the root level of
the config.  Currently (including Windows) these reside under the
HostConfig.  ExposedPorts is now used to identify the externally
available ports.

Signed-off-by: Chris. Webster <chris@webstech.net>",ci,,False,tech_debt
57489,57487,Merge branch 'master' into cw/timeout,other,,False,other
58112,58110,"fix: handle import of ESM plugins

Co-authored-by: Matt Travi <programmer@travi.org>",fix,,False,bug_fixes
58371,58369,"ci: serialize a plugin test

The index test `Plugins are called with expected values` is now
serialized to avoid possible concurrency problems.  This matches the rest of
the tests in `index.test.js`.

Signed-off-by: Chris. Webster <chris@webstech.net>",ci,,False,tech_debt
58741,58739,fix(deps): bump `@semantic-release/npm` to `^10.0.0-beta.1`,fix,deps,False,bug_fixes
59123,59121,docs(plugins): set analyzeCommits as not required,docs,plugins,False,docs
59327,59325,fix(deps): update dependency hosted-git-info to v6,fix,deps,False,bug_fixes
59428,59426,chore(deps): update dependency sinon to v15,chore,deps,False,tech_debt
59962,59960,Merge pull request #2606 from semantic-release/travi/esm,other,,False,other
60070,60068,"build(deps): bump decode-uri-component from 0.2.0 to 0.2.2

Bumps [decode-uri-component](https://github.com/SamVerschueren/decode-uri-component) from 0.2.0 to 0.2.2.
- [Release notes](https://github.com/SamVerschueren/decode-uri-component/releases)
- [Commits](https://github.com/SamVerschueren/decode-uri-component/compare/v0.2.0...v0.2.2)

---
updated-dependencies:
- dependency-name: decode-uri-component
  dependency-type: indirect
...

Signed-off-by: dependabot[bot] <support@github.com>",build,deps,False,tech_debt
61440,61438,fix(dependencies): upgraded most of the dependencies that are now esm-only,fix,dependencies,False,bug_fixes
61725,61723,Merge branch 'master' into patch-1,other,,False,other
61904,61902,"fix(plugins): referenced the default of the imported plugin

and fixed paren grouping",fix,plugins,False,bug_fixes
62087,62085,docs: fix troubleshooting git delete remote tag command,docs,,False,docs
62147,62145,"docs: fix typo

Fixes a small typo in the line introducing examples.",docs,,False,docs
63268,63266,Update plugins-list.md,other,,False,other
64434,64432,docs: drop duplicate word,docs,,False,docs
64528,64526,"Fix docs about `dryRun` skipped steps

Add `addChannel` to the list of steps that are skipped by dryRun=true",other,,False,other
65047,65045,"build(deps): bump npm from 8.3.1 to 8.12.0

Bumps [npm](https://github.com/npm/cli) from 8.3.1 to 8.12.0.
- [Release notes](https://github.com/npm/cli/releases)
- [Changelog](https://github.com/npm/cli/blob/latest/CHANGELOG.md)
- [Commits](https://github.com/npm/cli/compare/v8.3.1...v8.12.0)

---
updated-dependencies:
- dependency-name: npm
  dependency-type: indirect
...

Signed-off-by: dependabot[bot] <support@github.com>",build,deps,False,tech_debt
66679,66677,fix(deps): update dependency marked-terminal to v4,fix,deps,False,bug_fixes
66823,66821,chore(deps): pin dependencies,chore,deps,False,tech_debt
67224,67222,chore(deps): update dependency got to v11.5.1,chore,deps,False,tech_debt
67328,67326,feat: adds a skipTag option to turn off git tagging,feat,,False,feature_work
67368,67366,chore(deps): update dependency nock to v13.0.4,chore,deps,False,tech_debt
67600,67598,chore(deps): update dependency nock to v13.0.7,chore,deps,False,tech_debt
67624,67622,chore(deps): update dependency delay to v4.4.1,chore,deps,False,tech_debt
67721,67719,docs(recipes): adds documentation on how to use with an nx monorepo,docs,recipes,False,docs
67745,67743,chore(deps): update dependency got to v11.8.2,chore,deps,False,tech_debt
67841,67839,docs: update README.md [skip ci],docs,,False,docs
67857,67855,docs: update README.md [skip ci],docs,,False,docs
67873,67871,docs: update README.md [skip ci],docs,,False,docs
67937,67935,"Merge pull request #199 from semantic-release-plus/renovate/fs-extra-10.x

chore(deps): update dependency fs-extra to v10",other,,False,other
68081,68079,"docs(plugin developer guide): correction, additional details / advanced (#1961)

A correction to the earlier documentation: the ""nextRelease"" object is NOT similar to the
lastRelease and there are some differences. Because of this, the object is now documented as a
separate entry. Added also information on how the error handling should be done so that
semantic-release would be able to handle errors from plugins properly and call ""fail"" lifecycle
plugins. Included some more advanced information on how the analyzeCommits-lifecycle plugins work
and how the result of the initial analyzer can be overridden. This is an edge case, but could happen
and is good to understand.",docs,plugin developer guide,False,docs
68361,68359,style: updates to match repo prettier settings,style,,False,tech_debt
68409,68407,chore(deps): update dependency eslint to v8,chore,deps,False,tech_debt
68561,68559,Merge branch 'master' of https://github.com/semantic-release/semantic-release into merge-upstream-20220108,other,,False,other
68570,68568,ci: ignore scripts while linking,ci,,False,tech_debt
68594,68592,chore(deps): update dependency prettier to v2.5.1,chore,deps,False,tech_debt
71442,71440,docs(plugin-list): updates semantic-release-plus/docker with updated lifecycle hook.,docs,plugin-list,False,docs
71476,71474,chore(deps): update dependency nock to v13.2.1,chore,deps,False,tech_debt
71627,71625,docs(gitbook): updated the summary document so that missing pages are rendered by gitbook,docs,gitbook,False,docs
71749,71747,"Revert ""chore(deps): update dependency p-retry to v5 (#2229)""

This reverts commit 4ae9209b1cf770bc25716e1ca78953528830e352.",other,,False,other
71790,71788,chore(deps): update dependency p-retry to v5,chore,deps,False,tech_debt
71902,71900,chore(deps): update dependency sinon to v12,chore,deps,False,tech_debt
73318,73316,Merge remote-tracking branch 'upstream/master' into sync-upstream-15.13.32,other,,False,other
73607,73605,"Merge pull request #46 from semantic-release-plus/renovate/codecov-3.x

chore(deps): update dependency codecov to v3.6.2",other,,False,other
73911,73909,chore(deps): update dependency ava to v3.7.1,chore,deps,False,tech_debt
73991,73989,chore(deps): update dependency nyc to v15.1.0,chore,deps,False,tech_debt
74031,74029,chore(deps): update dependency ava to v3.9.0,chore,deps,False,tech_debt
74087,74085,chore(deps): update dependency ava to v3.10.1,chore,deps,False,tech_debt
74127,74125,chore(deps): update dependency delay to v4.4.0,chore,deps,False,tech_debt
74231,74229,fix(deps): update dependency cosmiconfig to v7,fix,deps,False,bug_fixes
74295,74293,chore(deps): update dependency ava to v3.12.1,chore,deps,False,tech_debt
74375,74373,chore(deps): update dependency sinon to v9.2.0,chore,deps,False,tech_debt
74855,74853,"Merge pull request #200 from semantic-release-plus/all-contributors/add-JoA-MoS

docs: add JoA-MoS as a contributor",other,,False,other
75047,75045,feat: adds semantic-release-plus as a command alias,feat,,False,feature_work
75063,75061,"ci: release should run every time after test has passed

* updates job order to be lint, test, release
* running release on every pr/trunk commit will make sure we are utilizing all the functionality of semantic-release",ci,,False,tech_debt
75167,75165,chore(deps): update dependency prettier to v2.4.0,chore,deps,False,tech_debt
75838,75836,docs(circle-ci): wrapped lines between sentences,docs,circle-ci,False,docs
75878,75876,docs(circle-ci): improved example to highlight releasing with the latest version of node,docs,circle-ci,False,docs
75982,75980,"docs(readme): minor updates, including formating and minor clarification",docs,readme,False,docs
77678,77676,Merge branch 'master' of https://github.com/semantic-release-plus/semantic-release into beta,other,,False,other
77862,77860,"Merge pull request #47 from semantic-release-plus/renovate/got-10.x

Update dependency got to v10.3.0",other,,False,other
77870,77868,chore: update renovate config to force semantic commits,chore,,False,tech_debt
77894,77892,chore(deps): update dependency sinon to v8.1.1,chore,deps,False,tech_debt
78158,78156,chore(deps): update dependency sinon to v9.0.2,chore,deps,False,tech_debt
78206,78204,chore(deps): pin dependencies,chore,deps,False,tech_debt
78238,78236,chore(deps): update dependency got to v11.0.3,chore,deps,False,tech_debt
78270,78268,chore(deps): update dependency ava to v3.8.2,chore,deps,False,tech_debt
78318,78316,chore(deps): update dependency got to v11.2.0,chore,deps,False,tech_debt
78358,78356,"Merge pull request #87 from semantic-release-plus/renovate/marked-1.x

fix(deps): update dependency marked to v1",other,,False,other
78398,78396,chore(deps): update dependency ava to v3.10.1,chore,deps,False,tech_debt
78614,78612,chore(deps): update dependency got to v11.6.0,chore,deps,False,tech_debt
78654,78652,chore(deps): update dependency tempy to v0.7.1,chore,deps,False,tech_debt
78662,78660,chore(deps): update dependency ava to v3.13.0,chore,deps,False,tech_debt
78718,78716,chore(deps): update dependency mockserver-client to v5.11.2,chore,deps,False,tech_debt
78958,78956,chore(deps): update dependency nock to v13.0.10,chore,deps,False,tech_debt
79030,79028,"Merge pull request #184 from vervallsweg/patch-1

docs(recipes): fixed typo",other,,False,other
79102,79100,fix(deps): update dependency lodash to ^4.17.20,fix,deps,False,bug_fixes
79238,79236,Merge branch 'semantic-release:master' into master,other,,False,other
79390,79388,chore(deps): update dependency sinon to v11.1.2,chore,deps,False,tech_debt
80684,80682,fix(package): update execa to version 3.0.0,fix,package,False,bug_fixes
80748,80746,fix(package): update @semantic-release/github to version 5.6.0-beta.1,fix,package,False,bug_fixes
80772,80770,fix(package): update p-each-series to version 2.1.0,fix,package,False,bug_fixes
80844,80842,fix: call `getTagHead` only when necessary,fix,,False,bug_fixes
80940,80938,fix: update commit-analyzer dep version off errant publish,fix,,False,bug_fixes
80964,80962,"fix: correctly determine release to add to a channel

- Add only the most recent release to a channel (rather than adding all the one not added yet)
- Avoid attempting to ad the version twice in case that version is already present in multiple upper branches",fix,,False,bug_fixes
81036,81034,Merge branch 'master' into beta,other,,False,other
81156,81154,fix: update plugin versions,fix,,False,bug_fixes
81204,81202,"docs(travis): build on all branches by default

If you want to have more prereleases than default so you have to enable deploy on all branches. ref.: https://docs.travis-ci.com/user/deployment#examples-of-conditional-deployment",docs,travis,False,docs
81324,81322,"revert: fix: allow plugins to set environment variables to be used by other plugins

This reverts commit 68f7e928f93440a891fdb7c053d37082e228e1a6.",revert,,False,tech_debt
81516,81514,"docs(GitHub Actions): Add alternative trigger options (#1471)

These options work the same as the curl command, but use a GitHub App so there's no need to provision and manage a Personal Access Token in order to trigger the Semantic Release action.",docs,GitHub Actions,False,docs
81532,81530,docs: Recommend using npx instead of installing globally (#1563),docs,,False,docs
81589,81587,docs: be clear about what module of semantic-release handles updating  the package.json (#1601),docs,,False,docs
81693,81691,"Revert ""feat: throw an Error if package.json has duplicate ""repository"" key (#1656)""

This reverts commit b8fb35c7e15d314c15182f779ef30b42b6c4e7ea.

fixes #1657",other,,False,other
81789,81787,"docs: semantic-release SVG logo (#1715) thanks @bromso

I recreated the logo and used this image as a reference: https://gblobscdn.gitbook.com/spaces%2F-LGsE7zdvzHI5cG-XV6p%2Favatar.png",docs,,False,docs
81925,81923,"chore(deps): update dependency got to v11.8.1 (#1749)

Co-authored-by: Renovate Bot <bot@renovateapp.com>",chore,deps,False,tech_debt
81965,81963,"fix(deps): update dependency get-stream to v6 (#1748)

Co-authored-by: Renovate Bot <bot@renovateapp.com>",fix,deps,False,bug_fixes
82005,82003,"chore(deps): lock file maintenance (#1761)

Co-authored-by: Renovate Bot <bot@renovateapp.com>",chore,deps,False,tech_debt
82309,82307,docs: add heroku to list of community plugins (#1920),docs,,False,docs
82349,82347,"chore(deps): update dependency browserslist to 4.16.5 [security] (#1954)

Co-authored-by: Renovate Bot <bot@renovateapp.com>",chore,deps,False,tech_debt
82469,82467,"docs(circleci): Update CircleCI recipes config (#2018)

Updates the included CircleCI config file example.

* Now uses 2.1 style config
* Uses Node Orb
* Use pre-defined node/test job
* Uses Matrix jobs to test multiple node versions.
* Updated Node versions
* Using new CircleCI docker images (from node executor)
* Updated language/terminology in description",docs,circleci,False,docs
82525,82523,"fix(deps): update dependency marked to v3

Co-authored-by: Renovate Bot <bot@renovateapp.com>",fix,deps,False,bug_fixes
83362,83360,style: corrects formatting to match xo/prettier,style,,False,tech_debt
83394,83392,"Merge pull request #16 from semantic-release-plus/renovate/configure

Configure Renovate",other,,False,other
83554,83552,chore(deps): update dependency nyc to v15,chore,deps,False,tech_debt
83610,83608,"Merge pull request #31 from semantic-release-plus/renovate/nyc-15.x

Update dependency nyc to v15",other,,False,other
83738,83736,fix(deps): update dependency marked-terminal to v4,fix,deps,False,bug_fixes
83922,83920,chore(deps): update dependency nock to v11.9.1,chore,deps,False,tech_debt
84018,84016,chore(deps): update dependency sinon to v9.0.2,chore,deps,False,tech_debt
84106,84104,chore(deps): update dependency got to v11.1.0,chore,deps,False,tech_debt
84314,84312,chore(deps): update dependency dockerode to v3.2.1,chore,deps,False,tech_debt
84394,84392,"Merge pull request #128 from semantic-release-plus/adds-skip-tagging-option

feat: adds a skipTag option to turn off git tagging",other,,False,other
84402,84400,fix(deps): update dependency cosmiconfig to v7,fix,deps,False,bug_fixes
84746,84744,Merge branch 'master' into fix-doc-typo,other,,False,other
84754,84752,"Merge pull request #171 from semantic-release-plus/fix-doc-typo

docs(README): adds link to skipTag recipe",other,,False,other
84858,84856,chore(deps): update dependency sinon to v10,chore,deps,False,tech_debt
84898,84896,docs: update README.md [skip ci],docs,,False,docs
84914,84912,docs: update README.md [skip ci],docs,,False,docs
84954,84952,fix(deps): update dependency marked-terminal to ^4.1.0,fix,deps,False,bug_fixes
85202,85200,Merge branch 'master' of https://github.com/semantic-release/semantic-release into 20210719-upstream,other,,False,other
86954,86952,"docs: adds updated docker plugin that supports major, minor tagging

@semantic-release-plus/docker is a fork of semantic-release-docker converted to typescript and 100% test coverage added.

@semantic-release-plus/docker also adds the functionality to support major, minor tagging.

(cherry picked from commit f30981403320bc8bec351498ed3e4f27ea754362)",docs,,False,docs
87364,87362,"Merge pull request #13 from semantic-release/master

chore: pull origin fork",other,,False,other
87412,87410,"Merge pull request #16 from semantic-release-plus/renovate/configure

Configure Renovate",other,,False,other
87484,87482,chore(deps): update dependency mockserver-client to v5.8.0,chore,deps,False,tech_debt
87492,87490,fix(deps): update dependency marked to ^0.8.0,fix,deps,False,bug_fixes
87580,87578,chore(deps): update dependency mockserver-client to v5.8.1,chore,deps,False,tech_debt
87716,87714,Merge branch 'master' of https://github.com/semantic-release/semantic-release into merge-upstream-16.0.2,other,,False,other
88028,88026,chore(deps): update dependency nyc to v15.0.1,chore,deps,False,tech_debt
88132,88130,chore(deps): update dependency ava to v3.8.1,chore,deps,False,tech_debt
88284,88282,chore(deps): update dependency got to v11.5.0,chore,deps,False,tech_debt
88476,88474,chore(deps): update dependency ava to v3.12.0,chore,deps,False,tech_debt
88516,88514,chore(deps): update dependency tempy to v0.7.0,chore,deps,False,tech_debt
88764,88762,Merge branch 'master' into fix-doc-typo,other,,False,other
88884,88882,"Merge pull request #181 from semantic-release-plus/renovate/sinon-10.x

chore(deps): update dependency sinon to v10",other,,False,other
90339,90337,fix(deps): update dependency yargs to v17,fix,deps,False,bug_fixes
90887,90885,fix(deps): update dependency find-versions to v5,fix,deps,False,bug_fixes
91058,91056,fix(deps): update dependency marked to ^2.0.1,fix,deps,False,bug_fixes
93793,93791,Merge branch 'allow-outdated-head' of github.com:agaudreault-jive/semantic-release into chore/update-fork-with-changes,other,,False,other
104730,104728,chore(deps): lock file maintenance,chore,deps,False,tech_debt
105190,105188,chore(deps): update dependency sinon to v9.2.4,chore,deps,False,tech_debt
107911,107909,chore: add sizing back,chore,,False,tech_debt
108630,108628,build(package): lock file,build,package,False,tech_debt
108729,108727,WIP we might not need serial testing after all,other,,False,other
108996,108994,build(deps): update @semantic-release/github to v7.2.0,build,deps,False,tech_debt
112470,112468,docs(configuration.md): modified documentation for dry-run,docs,configuration.md,False,docs
112657,112655,fix repository_dispatch docs url,other,,False,other
114502,114500,Set x-access-token as user when using Github Apps,other,,False,other
115351,115349,fix(package): update marked to version 1.0.0,fix,package,False,bug_fixes
115767,115765,Merge branch 'master' into patch-1,other,,False,other
118586,118584,"revert: fix: allow plugins to set environment variables to be used by other plugins

This reverts commit 68f7e928f93440a891fdb7c053d37082e228e1a6.",revert,,False,tech_debt
118822,118820,apply @pvdlg's feedback,other,,False,other
118830,118828,apply more of Pierr's feedback,other,,False,other
119149,119147,fix(package): update @semantic-release/release-notes-generator to version 9.0.0,fix,package,False,bug_fixes
120424,120422,replacing firefox plugin in the list,other,,False,other
120637,120635,docs: correct plugin execution order,docs,,False,docs
123300,123298,fix: handle branch properties set to `false`,fix,,False,bug_fixes
125127,125125,fix(package): update execa to version 3.0.0,fix,package,False,bug_fixes
125293,125291,docs(recipes): Remove default plugins from package.json example,docs,recipes,False,docs
125736,125734,Merge branch 'master' into update-egitnopermission-message,other,,False,other
125878,125876,docs: typo is link to workflow config,docs,,False,docs
126966,126964,fix: fix branch type regexp to handle version with multiple digits,fix,,False,bug_fixes
127086,127084,fix(package): update @semantic-release/commit-analyzer to version 7.0.0-beta.2,fix,package,False,bug_fixes
127134,127132,chore(package): update ava to version 1.0.1,chore,package,False,tech_debt
128030,128028,docs: various clarifications and language improvvements,docs,,False,docs
129016,129014,Update dependency lodash (patch version),other,,False,other
130323,130321,fix(package): update execa to version 2.0.2,fix,package,False,bug_fixes
131355,131353,feat(plugin): add support to overwrite branch,feat,plugin,False,feature_work
