variant,count
"('committed', 'created', 'review_requested', 'labeled', 'review_requested', 'review_requested', 'labeled', 'reviewed', 'merged', 'closed', 'head_ref_deleted')",64
"('committed', 'created', 'labeled', 'review_requested', 'review_requested', 'review_requested', 'labeled', 'reviewed', 'merged', 'closed', 'head_ref_deleted')",43
"('created', 'labeled', 'commented', 'closed')",19
"('committed', 'created', 'commented', 'merged', 'closed', 'head_ref_deleted')",19
"('committed', 'created', 'commented', 'labeled', 'commented', 'reviewed', 'merged', 'closed', 'head_ref_deleted')",16
"('committed', 'created', 'review_requested', 'review_requested', 'review_requested', 'labeled', 'labeled', 'reviewed', 'merged', 'closed', 'head_ref_deleted')",12
"('created', 'commented', 'closed')",12
"('committed', 'created', 'review_requested', 'review_requested', 'labeled', 'review_requested', 'labeled', 'reviewed', 'merged', 'closed', 'head_ref_deleted')",11
"('committed', 'created', 'review_requested', 'review_requested', 'review_requested', 'labeled', 'commented', 'reviewed', 'merged', 'closed', 'head_ref_deleted')",11
"('committed', 'created', 'commented', 'review_requested', 'review_requested', 'review_requested', 'labeled', 'reviewed', 'merged', 'closed', 'head_ref_deleted')",11
"('committed', 'created', 'commented', 'labeled', 'commented', 'merged', 'closed', 'head_ref_deleted')",10
"('committed', 'created', 'review_requested', 'review_requested', 'review_requested', 'labeled', 'labeled', 'commented', 'reviewed', 'merged', 'closed', 'head_ref_deleted')",10
"('created', 'committed', 'review_requested', 'labeled', 'review_requested', 'review_requested', 'labeled', 'reviewed', 'merged', 'closed', 'head_ref_deleted')",9
"('committed', 'created', 'commented', 'review_requested', 'review_requested', 'review_requested', 'labeled', 'commented', 'reviewed', 'merged', 'closed', 'head_ref_deleted')",9
"('committed', 'created', 'merged', 'closed', 'head_ref_deleted')",9
"('created', 'committed', 'commented', 'review_requested', 'review_requested', 'review_requested', 'labeled', 'reviewed', 'merged', 'closed', 'head_ref_deleted')",8
"('created', 'committed', 'labeled', 'review_requested', 'review_requested', 'review_requested', 'labeled', 'reviewed', 'merged', 'closed', 'head_ref_deleted')",8
"('created', 'labeled', 'cross_referenced', 'closed')",8
"('committed', 'created', 'commented', 'labeled', 'commented', 'commented', 'closed', 'head_ref_deleted')",7
"('committed', 'created', 'commented', 'merged', 'closed', 'commented')",6
"('committed', 'created', 'review_requested', 'review_requested', 'review_requested', 'labeled', 'labeled', 'commented', 'reviewed', 'merged', 'closed')",6
"('committed', 'created', 'commented', 'commented', 'merged', 'closed', 'head_ref_deleted')",6
"('committed', 'created', 'commented', 'cross_referenced', 'labeled', 'commented', 'reviewed', 'merged', 'closed', 'head_ref_deleted')",6
"('committed', 'created', 'mentioned', 'labeled', 'commented', 'merged', 'closed', 'head_ref_deleted')",6
"('created', 'labeled', 'commented', 'commented', 'closed')",6
"('committed', 'created', 'labeled', 'commented', 'merged', 'closed', 'head_ref_deleted')",6
"('committed', 'created', 'review_requested', 'commented', 'merged', 'closed', 'head_ref_deleted')",6
"('committed', 'committed', 'created', 'merged', 'closed', 'head_ref_deleted')",6
"('created', 'commented', 'commented', 'closed')",5
"('committed', 'created', 'labeled', 'review_requested', 'review_requested', 'review_requested', 'labeled', 'labeled', 'reviewed', 'merged', 'closed', 'head_ref_deleted')",5
"('created', 'labeled', 'commented', 'closed', 'commented')",5
"('committed', 'created', 'commented', 'review_requested', 'review_requested', 'review_requested', 'labeled', 'reviewed', 'merged', 'closed', 'head_ref_deleted', 'cross_referenced')",5
"('created', 'review_requested', 'labeled', 'review_requested', 'review_requested', 'labeled', 'commented', 'mentioned', 'committed', 'head_ref_force_pushed', 'reviewed', 'merged', 'closed', 'head_ref_deleted')",5
"('committed', 'created', 'review_requested', 'commented', 'reviewed', 'merged', 'closed', 'head_ref_deleted')",5
"('committed', 'committed', 'created', 'commented', 'merged', 'closed', 'head_ref_deleted')",4
"('committed', 'created', 'labeled', 'labeled', 'commented', 'ready_for_review', 'review_requested', 'review_requested', 'review_requested', 'reviewed', 'merged', 'closed')",4
"('committed', 'created', 'commented', 'reviewed', 'merged', 'closed', 'head_ref_deleted')",4
"('created', 'labeled', 'labeled', 'commented', 'closed')",4
"('committed', 'created', 'commented', 'merged', 'closed')",4
"('created', 'commented', 'labeled', 'commented', 'committed', 'head_ref_force_pushed', 'reviewed', 'merged', 'closed', 'head_ref_deleted')",4
"('created', 'committed', 'commented', 'labeled', 'commented', 'reviewed', 'merged', 'closed', 'head_ref_deleted')",4
"('committed', 'created', 'commented', 'reviewed', 'merged', 'closed')",4
"('committed', 'created', 'commented', 'cross_referenced', 'review_requested', 'labeled', 'commented', 'commented', 'closed', 'head_ref_deleted')",4
"('committed', 'created', 'review_requested', 'review_requested', 'review_requested', 'commented', 'labeled', 'commented', 'reviewed', 'merged', 'closed', 'head_ref_deleted')",4
"('committed', 'created', 'commented', 'cross_referenced', 'labeled', 'commented', 'merged', 'closed', 'head_ref_deleted')",3
"('committed', 'committed', 'committed', 'created', 'commented', 'merged', 'closed', 'head_ref_deleted')",3
"('committed', 'created', 'review_requested', 'review_requested', 'review_requested', 'labeled', 'commented', 'reviewed', 'merged', 'closed')",3
"('created', 'committed', 'commented', 'review_requested', 'review_requested', 'review_requested', 'labeled', 'reviewed', 'merged', 'closed', 'head_ref_deleted', 'cross_referenced')",3
"('committed', 'created', 'merged', 'closed')",3
"('committed', 'created', 'labeled', 'commented', 'closed', 'commented', 'head_ref_deleted')",3
"('committed', 'created', 'review_requested', 'review_requested', 'review_requested', 'labeled', 'labeled', 'labeled', 'commented', 'reviewed', 'merged', 'closed', 'head_ref_deleted')",3
"('committed', 'created', 'labeled', 'cross_referenced', 'closed', 'commented', 'head_ref_deleted')",3
"('committed', 'committed', 'created', 'review_requested', 'commented', 'reviewed', 'merged', 'closed', 'head_ref_deleted')",3
"('created', 'labeled', 'closed')",3
"('created', 'labeled', 'commented', 'closed', 'mentioned', 'subscribed')",3
"('created', 'labeled', 'commented', 'commented', 'closed', 'mentioned', 'subscribed')",3
"('created', 'labeled', 'commented', 'commented', 'commented', 'closed')",3
"('created', 'labeled', 'commented', 'commented', 'commented', 'cross_referenced', 'commented', 'closed')",3
"('created', 'commented', 'labeled', 'commented', 'commented', 'mentioned', 'commented', 'commented', 'mentioned', 'committed', 'head_ref_force_pushed', 'reviewed', 'merged', 'closed', 'head_ref_deleted')",2
"('committed', 'created', 'commented', 'labeled', 'commented', 'closed', 'head_ref_deleted')",2
"('committed', 'created', 'closed')",2
"('created', 'commented', 'cross_referenced', 'closed')",2
"('committed', 'committed', 'committed', 'committed', 'created', 'review_requested', 'review_requested', 'review_requested', 'labeled', 'closed', 'head_ref_deleted')",2
"('committed', 'created', 'review_requested', 'review_requested', 'review_requested', 'labeled', 'labeled', 'labeled', 'commented', 'reviewed', 'reviewed', 'merged', 'closed', 'head_ref_deleted')",2
"('committed', 'created', 'review_requested', 'review_requested', 'review_requested', 'commented', 'labeled', 'reviewed', 'merged', 'closed', 'head_ref_deleted')",2
"('created', 'committed', 'labeled', 'cross_referenced', 'closed', 'commented', 'head_ref_deleted')",2
"('created', 'commented', 'cross_referenced', 'labeled', 'commented', 'commented', 'mentioned', 'committed', 'head_ref_force_pushed', 'reviewed', 'merged', 'closed', 'head_ref_deleted')",2
"('committed', 'created', 'labeled', 'labeled', 'commented', 'ready_for_review', 'review_requested', 'review_requested', 'review_requested', 'milestoned', 'reviewed', 'merged', 'closed')",2
"('committed', 'created', 'review_requested', 'review_requested', 'review_requested', 'labeled', 'labeled', 'labeled', 'commented', 'reviewed', 'merged', 'closed')",2
"('committed', 'created', 'labeled', 'commented', 'reviewed', 'merged', 'closed')",2
"('created', 'commented', 'labeled', 'commented', 'mentioned', 'committed', 'head_ref_force_pushed', 'commented', 'reviewed', 'merged', 'closed', 'head_ref_deleted')",2
"('committed', 'created', 'reviewed', 'commented', 'merged', 'closed', 'head_ref_deleted')",2
"('committed', 'created', 'review_requested', 'labeled', 'review_requested', 'review_requested', 'cross_referenced', 'labeled', 'reviewed', 'merged', 'closed', 'head_ref_deleted')",2
"('created', 'committed', 'commented', 'labeled', 'commented', 'merged', 'closed', 'head_ref_deleted')",2
"('created', 'cross_referenced', 'closed')",2
"('created', 'committed', 'commented', 'review_requested', 'review_requested', 'review_requested', 'labeled', 'commented', 'reviewed', 'merged', 'closed', 'head_ref_deleted')",2
"('committed', 'created', 'review_requested', 'review_requested', 'review_requested', 'labeled', 'labeled', 'commented', 'reviewed', 'commented', 'merged', 'closed', 'head_ref_deleted')",2
"('committed', 'created', 'labeled', 'labeled', 'review_requested', 'review_requested', 'review_requested', 'labeled', 'labeled', 'labeled', 'reviewed', 'merged', 'closed', 'head_ref_deleted')",2
"('committed', 'committed', 'committed', 'created', 'merged', 'closed', 'head_ref_deleted')",2
"('committed', 'created', 'labeled', 'commented', 'cross_referenced', 'closed', 'commented', 'head_ref_deleted')",2
"('committed', 'created', 'labeled', 'commented', 'commented', 'closed', 'head_ref_deleted')",2
"('created', 'labeled', 'commented', 'closed', 'cross_referenced')",2
"('created', 'committed', 'labeled', 'review_requested', 'review_requested', 'review_requested', 'labeled', 'labeled', 'reviewed', 'merged', 'closed', 'head_ref_deleted')",2
"('committed', 'created', 'review_requested', 'review_requested', 'review_requested', 'labeled', 'reviewed', 'merged', 'closed', 'head_ref_deleted')",2
"('committed', 'created', 'labeled', 'review_requested', 'review_requested', 'review_requested', 'labeled', 'commented', 'closed', 'head_ref_deleted')",2
"('committed', 'created', 'commented', 'cross_referenced', 'labeled', 'commented', 'commented', 'closed', 'head_ref_deleted')",2
"('committed', 'created', 'commented', 'commented', 'reviewed', 'merged', 'closed', 'head_ref_deleted')",2
"('created', 'labeled', 'commented', 'cross_referenced', 'closed')",2
"('created', 'labeled', 'commented', 'head_ref_force_pushed', 'committed', 'head_ref_force_pushed', 'commented', 'closed', 'head_ref_deleted')",2
"('created', 'labeled', 'commented', 'labeled', 'commented', 'closed')",2
"('created', 'labeled', 'commented', 'labeled', 'referenced', 'cross_referenced', 'closed')",2
"('created', 'labeled', 'commented', 'mentioned', 'subscribed', 'commented', 'closed')",2
"('committed', 'created', 'commented', 'labeled', 'reviewed', 'merged', 'closed', 'head_ref_deleted')",2
"('committed', 'created', 'commented', 'review_requested', 'reviewed', 'merged', 'closed', 'head_ref_deleted')",2
"('created', 'labeled', 'labeled', 'commented', 'cross_referenced', 'closed')",2
"('created', 'labeled', 'labeled', 'cross_referenced', 'cross_referenced', 'commented', 'closed')",2
"('created', 'labeled', 'labeled', 'labeled', 'cross_referenced', 'closed')",2
"('created', 'labeled', 'renamed', 'commented', 'commented', 'closed')",2
"('created', 'labeled', 'review_requested', 'review_requested', 'review_requested', 'labeled', 'commented', 'mentioned', 'committed', 'head_ref_force_pushed', 'reviewed', 'merged', 'closed', 'head_ref_deleted')",2
"('created', 'renamed', 'cross_referenced', 'closed')",2
"('created', 'committed', 'head_ref_force_pushed', 'commented', 'merged', 'closed', 'head_ref_deleted')",2
"('created', 'review_requested', 'review_requested', 'review_requested', 'labeled', 'labeled', 'commented', 'head_ref_force_pushed', 'committed', 'head_ref_force_pushed', 'reviewed', 'merged', 'closed', 'head_ref_deleted')",2
"('created', 'review_requested', 'review_requested', 'review_requested', 'labeled', 'labeled', 'commented', 'reviewed', 'committed', 'head_ref_force_pushed', 'reviewed', 'merged', 'closed', 'head_ref_deleted')",2
"('committed', 'committed', 'committed', 'committed', 'committed', 'committed', 'committed', 'committed', 'committed', 'committed', 'created', 'review_requested', 'review_requested', 'review_requested', 'labeled', 'labeled', 'committed', 'head_ref_force_pushed', 'commented', 'base_ref_force_pushed', 'base_ref_force_pushed', 'base_ref_changed', 'convert_to_draft', 'closed')",2
"('committed', 'committed', 'committed', 'committed', 'committed', 'committed', 'committed', 'committed', 'committed', 'committed', 'committed', 'committed', 'committed', 'committed', 'committed', 'committed', 'committed', 'committed', 'committed', 'committed', 'committed', 'committed', 'committed', 'created', 'review_requested', 'review_requested', 'review_requested', 'labeled', 'cross_referenced', 'commented', 'committed', 'committed', 'committed', 'committed', 'committed', 'committed', 'committed', 'committed', 'committed', 'committed', 'committed', 'committed', 'committed', 'committed', 'committed', 'committed', 'committed', 'committed', 'committed', 'committed', 'committed', 'committed', 'committed', 'committed', 'committed', 'committed', 'committed', 'committed', 'committed', 'committed', 'committed', 'committed', 'committed', 'committed', 'committed', 'committed', 'committed', 'committed', 'committed', 'committed', 'committed', 'committed', 'head_ref_force_pushed', 'base_ref_force_pushed', 'commented', 'closed', 'head_ref_deleted')",1
"('committed', 'committed', 'committed', 'committed', 'committed', 'committed', 'committed', 'committed', 'created', 'labeled', 'committed', 'commented', 'committed', 'ready_for_review', 'review_requested', 'review_requested', 'review_requested', 'commented', 'committed', 'commented', 'commented', 'mentioned', 'subscribed', 'mentioned', 'subscribed', 'reviewed', 'committed', 'commented', 'reviewed', 'reviewed', 'commented', 'mentioned', 'subscribed', 'reviewed', 'merged', 'closed', 'cross_referenced', 'referenced', 'head_ref_deleted')",1
"('committed', 'committed', 'committed', 'committed', 'committed', 'committed', 'committed', 'created', 'committed', 'commented', 'mentioned', 'subscribed', 'commented', 'closed')",1
"('committed', 'committed', 'committed', 'committed', 'committed', 'committed', 'committed', 'created', 'head_ref_force_pushed', 'head_ref_force_pushed', 'head_ref_force_pushed', 'commented', 'commented', 'head_ref_force_pushed', 'committed', 'head_ref_force_pushed', 'merged', 'closed', 'head_ref_deleted')",1
"('committed', 'committed', 'committed', 'committed', 'committed', 'committed', 'committed', 'created', 'labeled', 'committed', 'head_ref_force_pushed', 'commented', 'mentioned', 'subscribed', 'base_ref_changed', 'commented', 'commented', 'cross_referenced', 'commented', 'closed', 'head_ref_deleted')",1
"('committed', 'committed', 'committed', 'committed', 'committed', 'committed', 'committed', 'created', 'review_requested', 'review_requested', 'review_requested', 'labeled', 'committed', 'commented', 'committed', 'committed', 'committed', 'reviewed', 'reviewed', 'labeled', 'unlabeled', 'reviewed', 'committed', 'labeled', 'commented', 'merged', 'closed', 'commented', 'commented', 'mentioned', 'subscribed', 'head_ref_deleted', 'cross_referenced', 'cross_referenced')",1
"('committed', 'committed', 'committed', 'committed', 'committed', 'committed', 'committed', 'created', 'review_requested', 'review_requested', 'review_requested', 'labeled', 'committed', 'committed', 'closed')",1
"('committed', 'committed', 'committed', 'committed', 'committed', 'committed', 'committed', 'created', 'review_requested', 'review_requested', 'review_requested', 'labeled', 'labeled', 'reviewed', 'reviewed', 'reviewed', 'merged', 'closed', 'head_ref_deleted')",1
"('committed', 'committed', 'committed', 'committed', 'committed', 'committed', 'created', 'commented', 'merged', 'closed', 'head_ref_deleted', 'cross_referenced')",1
"('committed', 'committed', 'committed', 'committed', 'committed', 'committed', 'created', 'commented', 'review_requested', 'merged', 'closed', 'head_ref_deleted', 'reviewed')",1
"('committed', 'committed', 'committed', 'committed', 'committed', 'committed', 'created', 'merged', 'closed', 'head_ref_deleted')",1
"('committed', 'committed', 'committed', 'committed', 'committed', 'committed', 'created', 'review_requested', 'review_requested', 'review_requested', 'labeled', 'commented', 'commented', 'milestoned', 'convert_to_draft', 'unlabeled', 'labeled', 'demilestoned', 'milestoned', 'base_ref_changed', 'base_ref_force_pushed', 'commented', 'closed', 'demilestoned')",1
"('committed', 'committed', 'committed', 'committed', 'committed', 'committed', 'created', 'review_requested', 'review_requested', 'review_requested', 'labeled', 'head_ref_force_pushed', 'cross_referenced', 'commented', 'committed', 'head_ref_force_pushed', 'commented', 'commented', 'commented', 'closed', 'head_ref_deleted')",1
"('committed', 'committed', 'committed', 'committed', 'committed', 'committed', 'created', 'review_requested', 'review_requested', 'review_requested', 'labeled', 'labeled', 'commented', 'reviewed', 'milestoned', 'labeled', 'unlabeled', 'convert_to_draft', 'base_ref_changed', 'demilestoned', 'milestoned', 'base_ref_force_pushed', 'base_ref_force_pushed', 'base_ref_force_pushed', 'base_ref_force_pushed', 'base_ref_deleted', 'closed')",1
"('committed', 'committed', 'committed', 'committed', 'committed', 'committed', 'created', 'reviewed', 'commented', 'mentioned', 'subscribed', 'reviewed', 'reviewed', 'committed', 'committed', 'committed', 'committed', 'commented', 'committed', 'committed', 'merged', 'closed', 'commented', 'mentioned', 'subscribed', 'head_ref_deleted')",1
"('committed', 'committed', 'committed', 'committed', 'committed', 'created', 'commented', 'commented', 'commented', 'commented', 'commented', 'commented', 'commented', 'commented', 'commented', 'commented', 'committed', 'committed', 'commented', 'merged', 'closed', 'head_ref_deleted')",1
"('committed', 'committed', 'committed', 'committed', 'committed', 'created', 'commented', 'committed', 'head_ref_force_pushed', 'merged', 'closed', 'head_ref_deleted', 'cross_referenced')",1
"('committed', 'committed', 'committed', 'committed', 'committed', 'created', 'committed', 'commented', 'reviewed', 'reviewed', 'cross_referenced', 'renamed', 'commented', 'commented', 'mentioned', 'subscribed', 'commented', 'mentioned', 'subscribed', 'committed', 'commented', 'committed', 'committed', 'reviewed', 'commented', 'closed')",1
"('committed', 'committed', 'committed', 'committed', 'committed', 'created', 'committed', 'merged', 'closed')",1
"('committed', 'committed', 'committed', 'committed', 'committed', 'created', 'renamed', 'commented', 'closed')",1
"('committed', 'committed', 'committed', 'committed', 'committed', 'created', 'renamed', 'committed', 'reviewed', 'commented', 'merged', 'closed', 'head_ref_deleted')",1
"('committed', 'committed', 'committed', 'committed', 'committed', 'created', 'review_requested', 'commented', 'commented', 'commented', 'commented', 'commented', 'commented', 'merged', 'closed', 'head_ref_deleted', 'cross_referenced')",1
"('committed', 'committed', 'committed', 'committed', 'committed', 'created', 'review_requested', 'committed', 'committed', 'head_ref_force_pushed', 'commented', 'reviewed', 'reviewed', 'merged', 'closed', 'head_ref_deleted')",1
"('committed', 'committed', 'committed', 'committed', 'committed', 'created', 'review_requested', 'review_requested', 'labeled', 'labeled', 'commented', 'closed', 'commented', 'head_ref_deleted')",1
"('committed', 'committed', 'committed', 'committed', 'created', 'closed')",1
"('committed', 'committed', 'committed', 'committed', 'created', 'commented', 'commented', 'closed', 'reopened', 'reviewed', 'reviewed', 'commented', 'commented', 'reviewed', 'merged', 'closed', 'head_ref_deleted')",1
"('committed', 'committed', 'committed', 'committed', 'created', 'commented', 'convert_to_draft', 'committed', 'committed', 'commented', 'ready_for_review', 'commented', 'commented', 'mentioned', 'subscribed', 'reviewed', 'reviewed', 'merged', 'closed', 'cross_referenced')",1
"('committed', 'committed', 'committed', 'committed', 'created', 'commented', 'merged', 'closed', 'head_ref_deleted')",1
"('committed', 'committed', 'committed', 'committed', 'created', 'committed', 'committed', 'commented', 'commented', 'committed', 'committed', 'committed', 'committed', 'committed', 'committed', 'committed', 'committed', 'committed', 'committed', 'closed', 'commented', 'reopened', 'mentioned', 'subscribed', 'closed')",1
"('committed', 'committed', 'committed', 'committed', 'created', 'cross_referenced', 'commented', 'commented', 'commented', 'mentioned', 'subscribed', 'merged', 'closed', 'commented', 'head_ref_deleted', 'cross_referenced')",1
"('committed', 'committed', 'committed', 'committed', 'created', 'labeled', 'cross_referenced', 'commented', 'reviewed', 'cross_referenced', 'cross_referenced', 'reviewed', 'cross_referenced', 'cross_referenced', 'commented', 'closed', 'head_ref_deleted')",1
"('committed', 'committed', 'committed', 'committed', 'created', 'review_requested', 'commented', 'mentioned', 'subscribed', 'committed', 'commented', 'reviewed', 'reviewed', 'committed', 'committed', 'committed', 'committed', 'head_ref_force_pushed', 'committed', 'commented', 'mentioned', 'subscribed', 'commented', 'merged', 'closed', 'head_ref_deleted', 'cross_referenced')",1
"('committed', 'committed', 'committed', 'committed', 'created', 'review_requested', 'head_ref_force_pushed', 'head_ref_force_pushed', 'commented', 'reviewed', 'reviewed', 'committed', 'committed', 'committed', 'head_ref_force_pushed', 'commented', 'committed', 'head_ref_force_pushed', 'commented', 'reviewed', 'merged', 'closed', 'head_ref_deleted')",1
"('committed', 'committed', 'committed', 'committed', 'created', 'review_requested', 'review_requested', 'labeled', 'milestoned', 'commented', 'commented', 'reviewed', 'commented', 'base_ref_changed', 'merged', 'closed', 'head_ref_deleted')",1
"('committed', 'committed', 'committed', 'committed', 'created', 'review_requested', 'review_requested', 'review_requested', 'labeled', 'commented', 'commented', 'commented', 'commented', 'reviewed', 'merged', 'closed', 'head_ref_deleted')",1
"('committed', 'committed', 'committed', 'committed', 'created', 'review_requested', 'review_requested', 'review_requested', 'labeled', 'commented', 'mentioned', 'subscribed', 'closed', 'head_ref_deleted')",1
"('committed', 'committed', 'committed', 'committed', 'created', 'review_requested', 'review_requested', 'review_requested', 'labeled', 'commented', 'reviewed', 'labeled', 'unlabeled', 'reviewed', 'merged', 'closed', 'head_ref_deleted', 'cross_referenced')",1
"('committed', 'committed', 'committed', 'committed', 'created', 'review_requested', 'review_requested', 'review_requested', 'labeled', 'labeled', 'commented', 'commented', 'renamed', 'commented', 'reviewed', 'commented', 'review_requested', 'reviewed', 'commented', 'unlabeled', 'labeled', 'committed', 'labeled', 'labeled', 'committed', 'committed', 'committed', 'committed', 'committed', 'commented', 'mentioned', 'subscribed', 'reviewed', 'reviewed', 'merged', 'closed')",1
"('committed', 'committed', 'committed', 'created', 'commented', 'commented', 'mentioned', 'subscribed', 'commented', 'commented', 'mentioned', 'subscribed', 'labeled', 'commented', 'mentioned', 'subscribed', 'mentioned', 'subscribed', 'commented', 'mentioned', 'subscribed', 'commented', 'mentioned', 'subscribed', 'unlabeled', 'labeled', 'commented', 'commented', 'mentioned', 'subscribed', 'review_requested', 'cross_referenced', 'referenced', 'cross_referenced', 'referenced', 'referenced', 'closed', 'closed', 'referenced')",1
"('committed', 'committed', 'committed', 'created', 'commented', 'committed', 'commented', 'merged', 'closed', 'head_ref_deleted', 'commented', 'mentioned', 'subscribed', 'commented', 'cross_referenced', 'cross_referenced')",1
"('committed', 'committed', 'committed', 'created', 'commented', 'committed', 'committed', 'ready_for_review', 'reviewed', 'cross_referenced', 'commented', 'mentioned', 'subscribed', 'commented', 'mentioned', 'subscribed', 'committed', 'commented', 'mentioned', 'subscribed', 'committed', 'committed', 'commented', 'mentioned', 'subscribed', 'merged', 'closed')",1
"('committed', 'committed', 'committed', 'created', 'commented', 'cross_referenced', 'assigned', 'labeled', 'reviewed', 'labeled', 'unlabeled', 'reviewed', 'merged', 'closed')",1
"('committed', 'committed', 'committed', 'created', 'commented', 'cross_referenced', 'review_requested', 'reviewed', 'merged', 'closed', 'head_ref_deleted', 'cross_referenced')",1
"('committed', 'committed', 'committed', 'created', 'commented', 'merged', 'closed')",1
"('committed', 'committed', 'committed', 'created', 'commented', 'ready_for_review', 'review_requested', 'labeled', 'reviewed', 'merged', 'closed', 'head_ref_deleted')",1
"('committed', 'committed', 'committed', 'created', 'commented', 'reviewed', 'committed', 'review_requested', 'reviewed', 'commented', 'commented', 'commented', 'merged', 'closed', 'cross_referenced')",1
"('committed', 'committed', 'committed', 'created', 'commented', 'reviewed', 'labeled', 'commented', 'mentioned', 'subscribed', 'commented', 'labeled', 'unlabeled', 'commented', 'reviewed', 'unlabeled', 'labeled', 'committed', 'committed', 'labeled', 'unlabeled', 'reviewed', 'cross_referenced', 'commented', 'commented', 'closed')",1
"('committed', 'committed', 'committed', 'created', 'commented', 'reviewed', 'merged', 'closed', 'commented')",1
"('committed', 'committed', 'committed', 'created', 'commented', 'reviewed', 'merged', 'closed', 'commented', 'head_ref_deleted')",1
"('committed', 'committed', 'committed', 'created', 'committed', 'commented', 'commented', 'mentioned', 'subscribed', 'mentioned', 'subscribed', 'labeled', 'commented', 'commented', 'commented', 'mentioned', 'subscribed', 'committed', 'committed', 'committed', 'committed', 'committed', 'committed', 'committed', 'committed', 'committed', 'committed', 'committed', 'committed', 'committed', 'committed', 'committed', 'committed', 'committed', 'committed', 'committed', 'committed', 'committed', 'committed', 'committed', 'committed', 'committed', 'committed', 'committed', 'committed', 'committed', 'committed', 'committed', 'committed', 'committed', 'committed', 'committed', 'closed', 'head_ref_deleted', 'commented', 'mentioned', 'subscribed', 'mentioned', 'subscribed')",1
"('committed', 'committed', 'committed', 'created', 'committed', 'commented', 'committed', 'committed', 'committed', 'commented', 'committed', 'committed', 'committed', 'committed', 'committed', 'committed', 'committed', 'committed', 'committed', 'committed', 'committed', 'committed', 'commented', 'mentioned', 'subscribed', 'mentioned', 'subscribed', 'reviewed', 'reviewed', 'review_requested', 'review_requested', 'committed', 'reviewed', 'commented', 'mentioned', 'subscribed', 'committed', 'committed', 'reviewed', 'committed', 'commented', 'mentioned', 'subscribed', 'committed', 'committed', 'committed', 'reviewed', 'review_requested', 'committed', 'reviewed', 'merged', 'closed', 'cross_referenced', 'cross_referenced')",1
"('committed', 'committed', 'committed', 'created', 'committed', 'review_requested', 'merged', 'closed', 'commented')",1
"('committed', 'committed', 'committed', 'created', 'committed', 'reviewed', 'commented', 'merged', 'closed', 'head_ref_deleted')",1
"('committed', 'committed', 'committed', 'created', 'labeled', 'labeled', 'commented', 'closed', 'head_ref_deleted')",1
"('committed', 'committed', 'committed', 'created', 'labeled', 'reviewed', 'committed', 'commented', 'merged', 'closed', 'head_ref_deleted')",1
"('committed', 'committed', 'committed', 'created', 'merged', 'closed', 'head_ref_deleted', 'cross_referenced')",1
"('committed', 'committed', 'committed', 'created', 'review_requested', 'commented', 'reviewed', 'merged', 'closed', 'head_ref_deleted')",1
"('committed', 'committed', 'committed', 'created', 'review_requested', 'commented', 'reviewed', 'merged', 'closed', 'head_ref_deleted', 'commented', 'commented')",1
"('committed', 'committed', 'committed', 'created', 'review_requested', 'commented', 'reviewed', 'merged', 'closed', 'head_ref_deleted', 'cross_referenced')",1
"('committed', 'committed', 'committed', 'created', 'review_requested', 'review_requested', 'labeled', 'auto_rebase_enabled', 'commented', 'reviewed', 'merged', 'closed', 'head_ref_deleted')",1
"('committed', 'committed', 'committed', 'created', 'review_requested', 'review_requested', 'labeled', 'labeled', 'commented', 'committed', 'reviewed', 'reviewed', 'reviewed', 'committed', 'committed', 'committed', 'merged', 'closed', 'head_ref_deleted')",1
"('committed', 'committed', 'committed', 'created', 'review_requested', 'review_requested', 'review_requested', 'labeled', 'labeled', 'reviewed', 'commented', 'milestoned', 'base_ref_changed', 'commented', 'mentioned', 'subscribed', 'demilestoned', 'assigned', 'closed')",1
"('committed', 'committed', 'created', 'assigned', 'assigned', 'mentioned', 'subscribed', 'cross_referenced', 'copilot_work_started', 'committed', 'committed', 'committed', 'renamed', 'review_requested', 'copilot_work_finished', 'base_ref_force_pushed', 'closed')",1
"('committed', 'committed', 'created', 'commented', 'commented', 'commented', 'commented', 'committed', 'review_requested', 'head_ref_force_pushed', 'review_request_removed', 'convert_to_draft', 'ready_for_review', 'commented', 'committed', 'head_ref_force_pushed', 'committed', 'merged', 'closed', 'head_ref_deleted')",1
"('committed', 'committed', 'created', 'commented', 'commented', 'commented', 'ready_for_review', 'reviewed', 'review_requested', 'labeled', 'commented', 'commented', 'mentioned', 'subscribed', 'commented', 'mentioned', 'subscribed', 'merged', 'closed', 'cross_referenced')",1
"('committed', 'committed', 'created', 'commented', 'commented', 'mentioned', 'subscribed', 'mentioned', 'subscribed', 'merged', 'closed', 'head_ref_deleted')",1
"('committed', 'committed', 'created', 'commented', 'commented', 'merged', 'closed', 'cross_referenced')",1
"('committed', 'committed', 'created', 'commented', 'commented', 'merged', 'closed', 'head_ref_deleted')",1
"('committed', 'committed', 'created', 'commented', 'committed', 'ready_for_review', 'commented', 'mentioned', 'subscribed', 'merged', 'closed')",1
"('committed', 'committed', 'created', 'commented', 'merged', 'closed')",1
"('committed', 'committed', 'created', 'commented', 'review_requested', 'reviewed', 'merged', 'closed', 'head_ref_deleted')",1
"('committed', 'committed', 'created', 'commented', 'reviewed', 'committed', 'reviewed', 'merged', 'closed', 'commented')",1
"('committed', 'committed', 'created', 'committed', 'commented', 'mentioned', 'subscribed', 'mentioned', 'subscribed', 'commented', 'mentioned', 'subscribed', 'commented', 'mentioned', 'subscribed', 'commented', 'commented', 'mentioned', 'subscribed', 'cross_referenced', 'labeled', 'referenced', 'cross_referenced', 'referenced', 'referenced', 'referenced', 'referenced', 'referenced', 'referenced', 'referenced', 'referenced', 'referenced', 'referenced', 'referenced', 'referenced', 'referenced', 'referenced', 'referenced', 'referenced', 'referenced', 'referenced', 'unlabeled', 'labeled', 'referenced', 'referenced', 'referenced', 'referenced', 'referenced', 'referenced', 'referenced', 'referenced', 'referenced', 'referenced', 'referenced', 'referenced', 'closed', 'referenced')",1
"('committed', 'committed', 'created', 'committed', 'committed', 'commented', 'merged', 'closed', 'head_ref_deleted')",1
"('committed', 'committed', 'created', 'committed', 'head_ref_force_pushed', 'commented', 'merged', 'closed', 'head_ref_deleted')",1
"('committed', 'committed', 'created', 'cross_referenced', 'commented', 'closed', 'head_ref_deleted')",1
"('committed', 'committed', 'created', 'cross_referenced', 'commented', 'merged', 'closed')",1
"('committed', 'committed', 'created', 'labeled', 'commented', 'cross_referenced', 'closed')",1
"('committed', 'committed', 'created', 'labeled', 'committed', 'commented', 'cross_referenced', 'renamed', 'closed', 'head_ref_deleted')",1
"('committed', 'committed', 'created', 'labeled', 'renamed', 'commented', 'reviewed', 'labeled', 'unlabeled', 'committed', 'committed', 'committed', 'committed', 'committed', 'labeled', 'committed', 'commented', 'commented', 'committed', 'committed', 'committed', 'committed', 'committed', 'committed', 'committed', 'committed', 'committed', 'committed', 'committed', 'committed', 'committed', 'committed', 'commented', 'mentioned', 'subscribed', 'reviewed', 'unlabeled', 'reviewed', 'commented', 'committed', 'labeled', 'committed', 'committed', 'committed', 'reviewed', 'committed', 'commented', 'mentioned', 'subscribed', 'committed', 'committed', 'committed', 'committed', 'committed', 'committed', 'committed', 'committed', 'committed', 'committed', 'committed', 'commented', 'mentioned', 'subscribed', 'commented', 'mentioned', 'subscribed', 'commented', 'mentioned', 'subscribed', 'commented', 'mentioned', 'subscribed', 'mentioned', 'subscribed', 'commented', 'mentioned', 'subscribed', 'commented', 'mentioned', 'subscribed', 'mentioned', 'subscribed', 'committed', 'merged', 'closed', 'head_ref_deleted', 'cross_referenced')",1
"('committed', 'committed', 'created', 'mentioned', 'subscribed', 'review_requested', 'review_requested', 'labeled', 'labeled', 'commented', 'reviewed', 'merged', 'closed', 'head_ref_deleted')",1
"('committed', 'committed', 'created', 'merged', 'closed', 'head_ref_deleted', 'cross_referenced', 'cross_referenced', 'commented', 'mentioned', 'subscribed')",1
"('committed', 'committed', 'created', 'review_requested', 'commented', 'committed', 'merged', 'closed', 'head_ref_deleted')",1
"('committed', 'committed', 'created', 'review_requested', 'commented', 'merged', 'closed', 'head_ref_deleted', 'commented')",1
"('committed', 'committed', 'created', 'review_requested', 'committed', 'head_ref_force_pushed', 'reviewed', 'commented', 'committed', 'committed', 'committed', 'reviewed', 'merged', 'closed', 'head_ref_deleted')",1
"('committed', 'committed', 'created', 'review_requested', 'labeled', 'unlabeled', 'labeled', 'commented', 'commented', 'mentioned', 'subscribed', 'reviewed', 'merged', 'closed', 'head_ref_deleted')",1
"('committed', 'committed', 'created', 'review_requested', 'review_requested', 'head_ref_force_pushed', 'labeled', 'labeled', 'head_ref_force_pushed', 'commented', 'commented', 'head_ref_force_pushed', 'commented', 'milestoned', 'committed', 'head_ref_force_pushed', 'commented', 'reviewed', 'base_ref_changed', 'reviewed', 'merged', 'closed', 'head_ref_deleted', 'head_ref_restored', 'head_ref_deleted')",1
"('committed', 'committed', 'created', 'review_requested', 'review_requested', 'labeled', 'auto_rebase_enabled', 'commented', 'cross_referenced', 'renamed', 'reviewed', 'merged', 'closed', 'head_ref_deleted')",1
"('committed', 'committed', 'created', 'review_requested', 'review_requested', 'labeled', 'commented', 'reviewed', 'labeled', 'unlabeled', 'cross_referenced', 'commented', 'merged', 'closed', 'head_ref_deleted')",1
"('committed', 'committed', 'created', 'review_requested', 'review_requested', 'renamed', 'labeled', 'labeled', 'labeled', 'commented', 'committed', 'committed', 'committed', 'committed', 'committed', 'committed', 'committed', 'committed', 'head_ref_force_pushed', 'commented', 'mentioned', 'subscribed', 'head_ref_force_pushed', 'commented', 'mentioned', 'subscribed', 'committed', 'committed', 'committed', 'commented', 'auto_rebase_enabled', 'reviewed', 'merged', 'closed', 'head_ref_deleted')",1
"('committed', 'committed', 'created', 'review_requested', 'review_requested', 'review_requested', 'labeled', 'commented', 'committed', 'head_ref_force_pushed', 'reviewed', 'commented', 'reviewed', 'reviewed', 'merged', 'closed', 'head_ref_deleted')",1
"('committed', 'committed', 'created', 'review_requested', 'review_requested', 'review_requested', 'labeled', 'commented', 'mentioned', 'subscribed', 'mentioned', 'subscribed', 'commented', 'mentioned', 'subscribed', 'mentioned', 'subscribed', 'commented', 'commented', 'commented', 'mentioned', 'subscribed', 'commented', 'mentioned', 'subscribed', 'commented', 'mentioned', 'subscribed', 'closed')",1
"('committed', 'committed', 'created', 'review_requested', 'review_requested', 'review_requested', 'labeled', 'convert_to_draft', 'commented', 'committed', 'committed', 'committed', 'ready_for_review', 'commented', 'mentioned', 'subscribed', 'commented', 'renamed', 'renamed', 'review_requested', 'copilot_work_started', 'reviewed', 'reviewed', 'reviewed', 'commented', 'cross_referenced', 'commented', 'closed')",1
"('committed', 'committed', 'created', 'review_requested', 'review_requested', 'review_requested', 'labeled', 'labeled', 'closed')",1
"('committed', 'committed', 'created', 'review_requested', 'review_requested', 'review_requested', 'labeled', 'labeled', 'commented', 'base_ref_force_pushed', 'reviewed', 'merged', 'closed')",1
"('committed', 'committed', 'created', 'review_requested', 'review_requested', 'review_requested', 'labeled', 'labeled', 'commented', 'reviewed', 'reviewed', 'merged', 'closed')",1
"('committed', 'committed', 'created', 'review_requested', 'review_requested', 'review_requested', 'labeled', 'labeled', 'milestoned', 'committed', 'commented', 'convert_to_draft', 'commented', 'closed', 'head_ref_deleted')",1
"('committed', 'committed', 'created', 'review_requested', 'review_requested', 'review_requested', 'labeled', 'labeled', 'reviewed', 'reviewed', 'merged', 'closed')",1
"('committed', 'committed', 'created', 'review_requested', 'review_requested', 'review_requested', 'labeled', 'renamed', 'commented', 'closed', 'head_ref_deleted')",1
"('committed', 'committed', 'created', 'review_requested', 'review_requested', 'review_requested', 'labeled', 'renamed', 'commented', 'reviewed', 'reviewed', 'merged', 'closed')",1
"('committed', 'committed', 'created', 'review_requested', 'review_requested', 'review_requested', 'labeled', 'renamed', 'committed', 'committed', 'head_ref_force_pushed', 'commented', 'closed', 'head_ref_deleted', 'cross_referenced')",1
"('committed', 'created', 'assigned', 'committed', 'commented', 'commented', 'mentioned', 'subscribed', 'merged', 'closed', 'head_ref_deleted', 'reviewed', 'cross_referenced')",1
"('committed', 'created', 'closed', 'reopened', 'merged', 'closed')",1
"('committed', 'created', 'commented')",1
"('committed', 'created', 'commented', 'assigned', 'reviewed', 'merged', 'closed')",1
"('committed', 'created', 'commented', 'closed')",1
"('committed', 'created', 'commented', 'closed', 'commented')",1
"('committed', 'created', 'commented', 'closed', 'head_ref_deleted')",1
"('committed', 'created', 'commented', 'commented', 'closed', 'head_ref_deleted')",1
"('committed', 'created', 'commented', 'commented', 'commented', 'closed', 'head_ref_deleted')",1
"('committed', 'created', 'commented', 'commented', 'commented', 'closed', 'mentioned', 'subscribed')",1
"('committed', 'created', 'commented', 'commented', 'commented', 'mentioned', 'subscribed', 'reviewed', 'labeled', 'unlabeled', 'labeled', 'labeled', 'unlabeled', 'labeled', 'unlabeled', 'unlabeled', 'labeled', 'unlabeled', 'labeled', 'commented', 'labeled', 'closed')",1
"('committed', 'created', 'commented', 'commented', 'committed', 'committed', 'commented', 'mentioned', 'subscribed', 'commented', 'closed', 'head_ref_deleted')",1
"('committed', 'created', 'commented', 'commented', 'labeled', 'merged', 'closed', 'head_ref_deleted')",1
"('committed', 'created', 'commented', 'commented', 'mentioned', 'subscribed', 'closed', 'unsubscribed')",1
"('committed', 'created', 'commented', 'commented', 'mentioned', 'subscribed', 'merged', 'closed', 'head_ref_deleted')",1
"('committed', 'created', 'commented', 'commented', 'mentioned', 'subscribed', 'reviewed', 'merged', 'closed', 'commented', 'mentioned', 'subscribed', 'head_ref_deleted')",1
"('committed', 'created', 'commented', 'commented', 'mentioned', 'subscribed', 'reviewed', 'merged', 'closed', 'head_ref_deleted')",1
"('committed', 'created', 'commented', 'commented', 'merged', 'closed')",1
"('committed', 'created', 'commented', 'commented', 'merged', 'closed', 'cross_referenced')",1
"('committed', 'created', 'commented', 'commented', 'reviewed', 'commented', 'commented', 'committed', 'committed', 'commented', 'closed')",1
"('committed', 'created', 'commented', 'commented', 'reviewed', 'merged', 'closed')",1
"('committed', 'created', 'commented', 'committed', 'commented', 'commented', 'merged', 'closed', 'commented')",1
"('committed', 'created', 'commented', 'committed', 'commented', 'merged', 'closed', 'head_ref_deleted')",1
"('committed', 'created', 'commented', 'committed', 'committed', 'head_ref_force_pushed', 'review_requested', 'committed', 'head_ref_force_pushed', 'reviewed', 'committed', 'committed', 'head_ref_force_pushed', 'committed', 'head_ref_force_pushed', 'commented', 'mentioned', 'subscribed', 'merged', 'closed', 'head_ref_deleted')",1
"('committed', 'created', 'commented', 'committed', 'merged', 'closed', 'head_ref_deleted')",1
"('committed', 'created', 'commented', 'committed', 'reviewed', 'merged', 'closed', 'head_ref_deleted')",1
"('committed', 'created', 'commented', 'committed', 'reviewed', 'reviewed', 'committed', 'merged', 'closed', 'commented')",1
"('committed', 'created', 'commented', 'cross_referenced', 'commented', 'merged', 'closed', 'head_ref_deleted')",1
"('committed', 'created', 'commented', 'cross_referenced', 'committed', 'committed', 'closed')",1
"('committed', 'created', 'commented', 'cross_referenced', 'cross_referenced', 'merged', 'closed', 'commented', 'commented', 'commented', 'cross_referenced')",1
"('committed', 'created', 'commented', 'cross_referenced', 'labeled', 'commented', 'closed', 'head_ref_deleted')",1
"('committed', 'created', 'commented', 'cross_referenced', 'renamed', 'review_requested', 'reviewed', 'commented', 'reviewed', 'merged', 'closed')",1
"('committed', 'created', 'commented', 'cross_referenced', 'review_requested', 'labeled', 'commented', 'cross_referenced', 'commented', 'closed', 'head_ref_deleted')",1
"('committed', 'created', 'commented', 'cross_referenced', 'reviewed', 'commented', 'commented', 'closed')",1
"('committed', 'created', 'commented', 'labeled', 'commented', 'commented', 'closed', 'head_ref_deleted', 'cross_referenced')",1
"('committed', 'created', 'commented', 'labeled', 'commented', 'committed', 'reviewed', 'merged', 'closed', 'head_ref_deleted')",1
"('committed', 'created', 'commented', 'mentioned', 'subscribed', 'commented', 'commented', 'mentioned', 'subscribed', 'commented', 'mentioned', 'subscribed', 'mentioned', 'subscribed', 'commented', 'commented', 'mentioned', 'subscribed', 'committed', 'committed', 'commented', 'commented', 'commented', 'closed')",1
"('committed', 'created', 'commented', 'mentioned', 'subscribed', 'committed', 'committed', 'reviewed', 'mentioned', 'subscribed', 'commented', 'merged', 'closed', 'commented', 'head_ref_deleted', 'commented')",1
"('committed', 'created', 'commented', 'mentioned', 'subscribed', 'mentioned', 'subscribed', 'commented', 'reviewed', 'merged', 'closed', 'commented', 'head_ref_deleted')",1
"('committed', 'created', 'commented', 'merged', 'closed', 'commented', 'head_ref_deleted')",1
"('committed', 'created', 'commented', 'merged', 'closed', 'head_ref_deleted', 'commented', 'mentioned', 'subscribed', 'mentioned', 'subscribed', 'referenced', 'commented', 'cross_referenced', 'commented', 'mentioned', 'subscribed')",1
"('committed', 'created', 'commented', 'merged', 'closed', 'reviewed', 'head_ref_deleted')",1
"('committed', 'created', 'commented', 'ready_for_review', 'review_requested', 'reviewed', 'committed', 'review_requested', 'commented', 'mentioned', 'subscribed', 'reviewed', 'committed', 'committed', 'committed', 'committed', 'review_requested', 'reviewed', 'merged', 'closed', 'commented', 'mentioned', 'subscribed', 'cross_referenced')",1
"('committed', 'created', 'commented', 'ready_for_review', 'reviewed', 'committed', 'committed', 'review_requested', 'reviewed', 'reviewed', 'merged', 'closed', 'cross_referenced', 'head_ref_deleted')",1
"('committed', 'created', 'commented', 'renamed', 'reviewed', 'commented', 'commented', 'commented', 'commented', 'commented', 'commented', 'mentioned', 'subscribed', 'commented', 'commented', 'commented', 'closed')",1
"('committed', 'created', 'commented', 'review_requested', 'commented', 'reviewed', 'merged', 'closed', 'head_ref_deleted', 'cross_referenced')",1
"('committed', 'created', 'commented', 'review_requested', 'merged', 'closed', 'head_ref_deleted')",1
"('committed', 'created', 'commented', 'review_requested', 'review_requested', 'labeled', 'reviewed', 'merged', 'closed', 'head_ref_deleted')",1
"('committed', 'created', 'commented', 'review_requested', 'review_requested', 'review_requested', 'cross_referenced', 'labeled', 'commented', 'closed', 'head_ref_deleted')",1
"('committed', 'created', 'commented', 'review_requested', 'review_requested', 'review_requested', 'cross_referenced', 'labeled', 'reviewed', 'committed', 'commented', 'merged', 'closed', 'head_ref_deleted', 'cross_referenced')",1
"('committed', 'created', 'commented', 'review_requested', 'review_requested', 'review_requested', 'cross_referenced', 'labeled', 'reviewed', 'merged', 'closed', 'head_ref_deleted')",1
"('committed', 'created', 'commented', 'review_requested', 'review_requested', 'review_requested', 'cross_referenced', 'labeled', 'reviewed', 'merged', 'closed', 'head_ref_deleted', 'cross_referenced')",1
"('committed', 'created', 'commented', 'review_requested', 'review_requested', 'review_requested', 'labeled', 'commented', 'commented', 'closed', 'head_ref_deleted')",1
"('committed', 'created', 'commented', 'review_requested', 'review_requested', 'review_requested', 'labeled', 'reviewed', 'commented', 'closed', 'head_ref_deleted')",1
"('committed', 'created', 'commented', 'review_requested', 'reviewed', 'reviewed', 'merged', 'closed', 'head_ref_deleted')",1
"('committed', 'created', 'commented', 'reviewed', 'closed')",1
"('committed', 'created', 'commented', 'reviewed', 'commented', 'committed', 'committed', 'commented', 'mentioned', 'subscribed', 'reviewed', 'committed', 'merged', 'closed', 'commented', 'head_ref_deleted')",1
"('committed', 'created', 'commented', 'reviewed', 'committed', 'commented', 'commented', 'merged', 'closed')",1
"('committed', 'created', 'commented', 'reviewed', 'labeled', 'merged', 'closed', 'commented', 'head_ref_deleted', 'cross_referenced', 'head_ref_restored', 'cross_referenced', 'cross_referenced')",1
"('committed', 'created', 'commented', 'reviewed', 'labeled', 'merged', 'closed', 'head_ref_deleted', 'cross_referenced')",1
"('committed', 'created', 'commented', 'reviewed', 'merged', 'closed', 'commented', 'mentioned', 'subscribed')",1
"('committed', 'created', 'commented', 'reviewed', 'merged', 'closed', 'cross_referenced')",1
"('committed', 'created', 'commented', 'reviewed', 'merged', 'closed', 'cross_referenced', 'cross_referenced')",1
"('committed', 'created', 'commented', 'reviewed', 'merged', 'closed', 'head_ref_deleted', 'cross_referenced')",1
"('committed', 'created', 'commented', 'reviewed', 'review_requested', 'merged', 'closed')",1
"('committed', 'created', 'commented', 'reviewed', 'review_requested', 'merged', 'closed', 'head_ref_deleted', 'commented', 'mentioned', 'subscribed', 'cross_referenced')",1
"('committed', 'created', 'commented', 'reviewed', 'reviewed', 'commented', 'mentioned', 'subscribed', 'merged', 'closed')",1
"('committed', 'created', 'committed', 'commented', 'committed', 'reviewed', 'commented', 'merged', 'closed', 'head_ref_deleted')",1
"('committed', 'created', 'committed', 'commented', 'reviewed', 'merged', 'closed', 'head_ref_deleted')",1
"('committed', 'created', 'committed', 'committed', 'committed', 'reviewed', 'commented', 'commented', 'commented', 'closed')",1
"('committed', 'created', 'committed', 'head_ref_force_pushed', 'commented', 'review_requested', 'review_request_removed', 'commented', 'merged', 'closed', 'head_ref_deleted')",1
"('committed', 'created', 'committed', 'merged', 'closed', 'head_ref_deleted')",1
"('committed', 'created', 'committed', 'reviewed', 'mentioned', 'subscribed', 'merged', 'closed', 'head_ref_deleted')",1
"('committed', 'created', 'cross_referenced', 'commented', 'commented', 'commented', 'ready_for_review', 'committed', 'committed', 'committed', 'convert_to_draft', 'ready_for_review', 'reviewed', 'merged', 'closed', 'head_ref_deleted')",1
"('committed', 'created', 'cross_referenced', 'commented', 'commented', 'mentioned', 'subscribed', 'commented', 'mentioned', 'subscribed', 'commented', 'committed', 'head_ref_force_pushed', 'commented', 'mentioned', 'subscribed', 'commented', 'merged', 'closed', 'cross_referenced')",1
"('committed', 'created', 'cross_referenced', 'commented', 'committed', 'merged', 'closed', 'head_ref_deleted')",1
"('committed', 'created', 'cross_referenced', 'commented', 'cross_referenced', 'committed', 'committed', 'committed', 'commented', 'commented', 'committed', 'committed', 'reviewed', 'merged', 'closed')",1
"('committed', 'created', 'cross_referenced', 'commented', 'labeled', 'labeled', 'unlabeled', 'commented', 'closed', 'mentioned', 'subscribed')",1
"('committed', 'created', 'cross_referenced', 'commented', 'reviewed', 'commented', 'commented', 'mentioned', 'subscribed', 'merged', 'closed', 'head_ref_deleted')",1
"('committed', 'created', 'cross_referenced', 'commented', 'reviewed', 'commented', 'mentioned', 'subscribed', 'labeled', 'labeled', 'committed', 'merged', 'closed')",1
"('committed', 'created', 'cross_referenced', 'commented', 'reviewed', 'merged', 'closed', 'head_ref_deleted')",1
"('committed', 'created', 'cross_referenced', 'commented', 'reviewed', 'merged', 'closed', 'head_ref_deleted', 'commented', 'commented', 'commented', 'commented', 'commented', 'cross_referenced', 'commented', 'cross_referenced')",1
"('committed', 'created', 'cross_referenced', 'labeled', 'cross_referenced', 'commented', 'commented', 'commented', 'closed')",1
"('committed', 'created', 'cross_referenced', 'reviewed', 'review_requested', 'commented', 'commented', 'mentioned', 'subscribed', 'reviewed', 'commented', 'committed', 'merged', 'closed', 'commented', 'head_ref_deleted')",1
"('committed', 'created', 'head_ref_force_pushed', 'cross_referenced', 'commented', 'merged', 'closed')",1
"('committed', 'created', 'labeled', 'closed', 'commented', 'head_ref_deleted')",1
"('committed', 'created', 'labeled', 'commented', 'closed', 'head_ref_deleted')",1
"('committed', 'created', 'labeled', 'commented', 'committed', 'committed', 'committed', 'ready_for_review', 'review_requested', 'review_requested', 'review_requested', 'cross_referenced', 'commented', 'commented', 'commented', 'labeled', 'unlabeled', 'reviewed', 'labeled', 'review_requested', 'reviewed', 'unlabeled', 'unlabeled', 'labeled', 'reviewed', 'labeled', 'unlabeled', 'labeled', 'reviewed', 'review_requested', 'reviewed', 'unlabeled', 'committed', 'head_ref_force_pushed', 'labeled', 'review_requested', 'reviewed', 'unlabeled', 'unlabeled', 'labeled', 'reviewed', 'commented', 'merged', 'closed', 'cross_referenced', 'cross_referenced')",1
"('committed', 'created', 'labeled', 'commented', 'cross_referenced', 'commented', 'mentioned', 'subscribed', 'mentioned', 'subscribed', 'commented', 'commented', 'commented', 'commented', 'reviewed', 'labeled', 'unlabeled', 'assigned', 'closed', 'head_ref_deleted')",1
"('committed', 'created', 'labeled', 'commented', 'cross_referenced', 'labeled', 'reviewed', 'labeled', 'unlabeled', 'merged', 'closed', 'head_ref_deleted')",1
"('committed', 'created', 'labeled', 'commented', 'head_ref_force_pushed', 'ready_for_review', 'review_requested', 'review_requested', 'review_requested', 'committed', 'head_ref_force_pushed', 'reviewed', 'merged', 'closed', 'head_ref_deleted')",1
"('committed', 'created', 'labeled', 'commented', 'labeled', 'unlabeled', 'reviewed', 'merged', 'closed', 'head_ref_deleted')",1
"('committed', 'created', 'labeled', 'commented', 'mentioned', 'subscribed', 'commented', 'closed', 'commented')",1
"('committed', 'created', 'labeled', 'commented', 'merged', 'closed')",1
"('committed', 'created', 'labeled', 'commented', 'ready_for_review', 'review_requested', 'review_requested', 'review_requested', 'milestoned', 'closed', 'reopened', 'reviewed', 'merged', 'closed')",1
"('committed', 'created', 'labeled', 'commented', 'ready_for_review', 'review_requested', 'review_requested', 'review_requested', 'reviewed', 'reviewed', 'commented', 'reviewed', 'labeled', 'unlabeled', 'commented', 'commented', 'merged', 'closed')",1
"('committed', 'created', 'labeled', 'commented', 'ready_for_review', 'reviewed', 'labeled', 'unlabeled', 'reviewed', 'committed', 'labeled', 'merged', 'closed', 'head_ref_deleted')",1
"('committed', 'created', 'labeled', 'commented', 'reviewed', 'labeled', 'unlabeled', 'reviewed', 'merged', 'closed', 'head_ref_deleted')",1
"('committed', 'created', 'labeled', 'commented', 'reviewed', 'merged', 'closed', 'head_ref_deleted', 'cross_referenced')",1
"('committed', 'created', 'labeled', 'committed', 'commented', 'reviewed', 'unlabeled', 'labeled', 'committed', 'committed', 'committed', 'labeled', 'unlabeled', 'labeled', 'reviewed', 'unlabeled', 'unlabeled', 'labeled', 'reviewed', 'merged', 'closed', 'head_ref_deleted')",1
"('committed', 'created', 'labeled', 'cross_referenced', 'commented', 'closed', 'head_ref_deleted')",1
"('committed', 'created', 'labeled', 'cross_referenced', 'commented', 'cross_referenced', 'closed', 'commented', 'head_ref_deleted')",1
"('committed', 'created', 'labeled', 'cross_referenced', 'commented', 'merged', 'closed', 'head_ref_deleted')",1
"('committed', 'created', 'labeled', 'labeled', 'commented', 'commented', 'closed')",1
"('committed', 'created', 'labeled', 'labeled', 'commented', 'head_ref_force_pushed', 'head_ref_force_pushed', 'committed', 'head_ref_force_pushed', 'closed', 'head_ref_deleted')",1
"('committed', 'created', 'labeled', 'labeled', 'commented', 'ready_for_review', 'review_requested', 'review_requested', 'review_requested', 'base_ref_changed', 'base_ref_changed', 'commented', 'base_ref_changed', 'base_ref_changed', 'closed', 'head_ref_deleted')",1
"('committed', 'created', 'labeled', 'labeled', 'cross_referenced', 'commented', 'reviewed', 'commented', 'closed')",1
"('committed', 'created', 'labeled', 'labeled', 'labeled', 'ready_for_review', 'review_requested', 'review_requested', 'review_requested', 'commented', 'reviewed', 'merged', 'closed', 'head_ref_deleted')",1
"('committed', 'created', 'labeled', 'labeled', 'labeled', 'review_requested', 'review_requested', 'labeled', 'commented', 'reviewed', 'merged', 'closed', 'head_ref_deleted')",1
"('committed', 'created', 'labeled', 'labeled', 'ready_for_review', 'review_requested', 'review_requested', 'review_requested', 'milestoned', 'reviewed', 'labeled', 'unlabeled', 'unlabeled', 'merged', 'closed')",1
"('committed', 'created', 'labeled', 'labeled', 'ready_for_review', 'review_requested', 'review_requested', 'review_requested', 'milestoned', 'reviewed', 'merged', 'closed', 'commented', 'head_ref_deleted')",1
"('committed', 'created', 'labeled', 'labeled', 'review_requested', 'review_requested', 'cross_referenced', 'commented', 'reviewed', 'merged', 'closed', 'head_ref_deleted', 'cross_referenced', 'cross_referenced', 'referenced', 'referenced', 'referenced')",1
"('committed', 'created', 'labeled', 'labeled', 'review_requested', 'review_requested', 'labeled', 'commented', 'committed', 'reviewed', 'merged', 'closed', 'head_ref_deleted')",1
"('committed', 'created', 'labeled', 'labeled', 'review_requested', 'review_requested', 'labeled', 'commented', 'cross_referenced', 'commented', 'closed')",1
"('committed', 'created', 'labeled', 'labeled', 'review_requested', 'review_requested', 'labeled', 'commented', 'cross_referenced', 'reviewed', 'merged', 'closed', 'head_ref_deleted', 'cross_referenced')",1
"('committed', 'created', 'labeled', 'merged', 'closed', 'head_ref_deleted')",1
"('committed', 'created', 'labeled', 'review_requested', 'review_requested', 'labeled', 'commented', 'reviewed', 'merged', 'closed')",1
"('committed', 'created', 'labeled', 'review_requested', 'review_requested', 'labeled', 'cross_referenced', 'commented', 'reviewed', 'merged', 'closed', 'head_ref_deleted')",1
"('committed', 'created', 'labeled', 'review_requested', 'review_requested', 'review_requested', 'cross_referenced', 'labeled', 'committed', 'commented', 'commented', 'mentioned', 'subscribed', 'reviewed', 'merged', 'closed', 'head_ref_deleted')",1
"('committed', 'created', 'labeled', 'review_requested', 'review_requested', 'review_requested', 'cross_referenced', 'labeled', 'reviewed', 'merged', 'closed', 'head_ref_deleted')",1
"('committed', 'created', 'labeled', 'reviewed', 'reviewed', 'merged', 'closed', 'head_ref_deleted', 'cross_referenced')",1
"('committed', 'created', 'mentioned', 'labeled', 'merged', 'closed', 'head_ref_deleted')",1
"('committed', 'created', 'mentioned', 'subscribed', 'review_requested', 'review_requested', 'review_requested', 'labeled', 'commented', 'renamed', 'reviewed', 'labeled', 'unlabeled', 'committed', 'labeled', 'reviewed', 'merged', 'closed', 'commented', 'cross_referenced')",1
"('committed', 'created', 'merged', 'closed', 'commented')",1
"('committed', 'created', 'referenced', 'commented', 'merged', 'closed', 'head_ref_deleted')",1
"('committed', 'created', 'renamed', 'committed', 'merged', 'closed', 'head_ref_deleted')",1
"('committed', 'created', 'renamed', 'head_ref_force_pushed', 'head_ref_force_pushed', 'committed', 'head_ref_force_pushed', 'committed', 'merged', 'closed', 'commented', 'commented')",1
"('committed', 'created', 'review_requested', 'commented', 'commented', 'commented', 'closed', 'head_ref_deleted')",1
"('committed', 'created', 'review_requested', 'commented', 'commented', 'mentioned', 'subscribed', 'merged', 'closed', 'head_ref_deleted')",1
"('committed', 'created', 'review_requested', 'commented', 'commented', 'reviewed', 'merged', 'closed', 'head_ref_deleted')",1
"('committed', 'created', 'review_requested', 'commented', 'committed', 'reviewed', 'merged', 'closed', 'head_ref_deleted')",1
"('committed', 'created', 'review_requested', 'commented', 'convert_to_draft', 'ready_for_review', 'merged', 'closed', 'head_ref_deleted', 'cross_referenced', 'cross_referenced')",1
"('committed', 'created', 'review_requested', 'commented', 'head_ref_force_pushed', 'committed', 'head_ref_force_pushed', 'merged', 'closed', 'head_ref_deleted', 'cross_referenced')",1
"('committed', 'created', 'review_requested', 'commented', 'review_requested', 'review_requested', 'labeled', 'commented', 'reviewed', 'merged', 'closed', 'head_ref_deleted')",1
"('committed', 'created', 'review_requested', 'commented', 'review_requested', 'review_requested', 'labeled', 'reviewed', 'merged', 'closed', 'head_ref_deleted')",1
"('committed', 'created', 'review_requested', 'committed', 'commented', 'reviewed', 'merged', 'closed', 'head_ref_deleted')",1
"('committed', 'created', 'review_requested', 'committed', 'committed', 'committed', 'commented', 'cross_referenced', 'cross_referenced', 'merged', 'closed', 'head_ref_deleted')",1
"('committed', 'created', 'review_requested', 'committed', 'labeled', 'commented', 'reviewed', 'merged', 'closed', 'head_ref_deleted')",1
"('committed', 'created', 'review_requested', 'cross_referenced', 'commented', 'commented', 'commented', 'commented', 'commented', 'cross_referenced', 'commented', 'commented', 'commented', 'commented', 'closed', 'head_ref_deleted', 'cross_referenced')",1
"('committed', 'created', 'review_requested', 'cross_referenced', 'cross_referenced', 'commented', 'merged', 'closed', 'head_ref_deleted')",1
"('committed', 'created', 'review_requested', 'labeled', 'commented', 'commented', 'mentioned', 'subscribed', 'commented', 'mentioned', 'subscribed', 'unlabeled', 'labeled', 'commented', 'merged', 'closed', 'head_ref_deleted')",1
"('committed', 'created', 'review_requested', 'labeled', 'review_requested', 'review_requested', 'cross_referenced', 'labeled', 'commented', 'closed', 'head_ref_deleted')",1
"('committed', 'created', 'review_requested', 'labeled', 'review_requested', 'review_requested', 'labeled', 'commented', 'closed', 'commented', 'head_ref_deleted')",1
"('committed', 'created', 'review_requested', 'labeled', 'review_requested', 'review_requested', 'labeled', 'reviewed', 'reviewed', 'merged', 'closed', 'head_ref_deleted')",1
"('committed', 'created', 'review_requested', 'review_requested', 'assigned', 'assigned', 'labeled', 'commented', 'reviewed', 'committed', 'committed', 'committed', 'merged', 'closed', 'head_ref_deleted')",1
"('committed', 'created', 'review_requested', 'review_requested', 'labeled', 'auto_squash_enabled', 'commented', 'reviewed', 'merged', 'closed', 'head_ref_deleted', 'referenced', 'cross_referenced')",1
"('committed', 'created', 'review_requested', 'review_requested', 'labeled', 'commented', 'auto_squash_enabled', 'reviewed', 'merged', 'closed', 'head_ref_deleted')",1
"('committed', 'created', 'review_requested', 'review_requested', 'labeled', 'commented', 'commented', 'mentioned', 'subscribed', 'reviewed', 'commented', 'commented', 'merged', 'closed', 'head_ref_deleted')",1
"('committed', 'created', 'review_requested', 'review_requested', 'labeled', 'commented', 'commented', 'merged', 'closed', 'head_ref_deleted')",1
"('committed', 'created', 'review_requested', 'review_requested', 'labeled', 'commented', 'commented', 'merged', 'closed', 'head_ref_deleted', 'commented')",1
"('committed', 'created', 'review_requested', 'review_requested', 'labeled', 'commented', 'commented', 'reviewed', 'commented', 'commented', 'committed', 'reviewed', 'merged', 'closed', 'head_ref_deleted')",1
"('committed', 'created', 'review_requested', 'review_requested', 'labeled', 'commented', 'commented', 'reviewed', 'reviewed', 'merged', 'closed', 'head_ref_deleted')",1
"('committed', 'created', 'review_requested', 'review_requested', 'labeled', 'commented', 'cross_referenced', 'auto_squash_enabled', 'reviewed', 'merged', 'closed', 'head_ref_deleted')",1
"('committed', 'created', 'review_requested', 'review_requested', 'labeled', 'commented', 'labeled', 'reviewed', 'reviewed', 'merged', 'closed', 'head_ref_deleted')",1
"('committed', 'created', 'review_requested', 'review_requested', 'labeled', 'commented', 'reviewed', 'committed', 'merged', 'closed', 'head_ref_deleted')",1
"('committed', 'created', 'review_requested', 'review_requested', 'labeled', 'commented', 'reviewed', 'merged', 'closed', 'head_ref_deleted')",1
"('committed', 'created', 'review_requested', 'review_requested', 'labeled', 'committed', 'commented', 'reviewed', 'merged', 'closed', 'head_ref_deleted', 'cross_referenced', 'cross_referenced')",1
"('committed', 'created', 'review_requested', 'review_requested', 'labeled', 'cross_referenced', 'commented', 'reviewed', 'merged', 'closed', 'head_ref_deleted')",1
"('committed', 'created', 'review_requested', 'review_requested', 'labeled', 'labeled', 'auto_rebase_enabled', 'reviewed', 'merged', 'closed', 'head_ref_deleted')",1
"('committed', 'created', 'review_requested', 'review_requested', 'labeled', 'labeled', 'auto_squash_enabled', 'commented', 'reviewed', 'merged', 'closed', 'head_ref_deleted')",1
"('committed', 'created', 'review_requested', 'review_requested', 'labeled', 'labeled', 'commented', 'auto_squash_enabled', 'reviewed', 'merged', 'closed')",1
"('committed', 'created', 'review_requested', 'review_requested', 'labeled', 'labeled', 'commented', 'commented', 'commented', 'closed', 'head_ref_deleted')",1
"('committed', 'created', 'review_requested', 'review_requested', 'labeled', 'labeled', 'commented', 'commented', 'merged', 'closed', 'head_ref_deleted')",1
"('committed', 'created', 'review_requested', 'review_requested', 'labeled', 'labeled', 'commented', 'milestoned', 'cross_referenced', 'commented', 'mentioned', 'subscribed', 'mentioned', 'subscribed', 'reviewed', 'reviewed', 'cross_referenced', 'merged', 'closed', 'head_ref_deleted')",1
"('committed', 'created', 'review_requested', 'review_requested', 'labeled', 'milestoned', 'base_ref_changed', 'commented', 'reviewed', 'merged', 'closed', 'head_ref_deleted')",1
"('committed', 'created', 'review_requested', 'review_requested', 'labeled', 'review_requested', 'cross_referenced', 'labeled', 'commented', 'closed', 'head_ref_deleted')",1
"('committed', 'created', 'review_requested', 'review_requested', 'labeled', 'review_requested', 'labeled', 'commented', 'closed', 'head_ref_deleted')",1
"('committed', 'created', 'review_requested', 'review_requested', 'mentioned', 'subscribed', 'mentioned', 'subscribed', 'labeled', 'labeled', 'commented', 'reviewed', 'reviewed', 'merged', 'closed', 'head_ref_deleted', 'commented', 'commented')",1
"('committed', 'created', 'review_requested', 'review_requested', 'review_requested', 'labeled', 'closed')",1
"('committed', 'created', 'review_requested', 'review_requested', 'review_requested', 'labeled', 'closed', 'commented', 'renamed', 'commented')",1
"('committed', 'created', 'review_requested', 'review_requested', 'review_requested', 'labeled', 'commented', 'auto_rebase_enabled', 'reviewed', 'merged', 'closed', 'head_ref_deleted')",1
"('committed', 'created', 'review_requested', 'review_requested', 'review_requested', 'labeled', 'commented', 'closed', 'commented')",1
"('committed', 'created', 'review_requested', 'review_requested', 'review_requested', 'labeled', 'commented', 'closed', 'commented', 'head_ref_deleted')",1
"('committed', 'created', 'review_requested', 'review_requested', 'review_requested', 'labeled', 'commented', 'closed', 'head_ref_deleted')",1
"('committed', 'created', 'review_requested', 'review_requested', 'review_requested', 'labeled', 'commented', 'commented', 'closed')",1
"('committed', 'created', 'review_requested', 'review_requested', 'review_requested', 'labeled', 'commented', 'commented', 'convert_to_draft', 'unlabeled', 'labeled', 'commented', 'commented', 'mentioned', 'subscribed', 'commented', 'closed')",1
"('committed', 'created', 'review_requested', 'review_requested', 'review_requested', 'labeled', 'commented', 'commented', 'reviewed', 'merged', 'closed', 'head_ref_deleted')",1
"('committed', 'created', 'review_requested', 'review_requested', 'review_requested', 'labeled', 'commented', 'committed', 'renamed', 'committed', 'committed', 'head_ref_force_pushed', 'reviewed', 'unlabeled', 'labeled', 'reviewed', 'merged', 'closed', 'head_ref_deleted')",1
"('committed', 'created', 'review_requested', 'review_requested', 'review_requested', 'labeled', 'commented', 'convert_to_draft', 'labeled', 'unlabeled', 'commented', 'closed')",1
"('committed', 'created', 'review_requested', 'review_requested', 'review_requested', 'labeled', 'commented', 'cross_referenced', 'commented', 'labeled', 'unlabeled', 'referenced', 'closed')",1
"('committed', 'created', 'review_requested', 'review_requested', 'review_requested', 'labeled', 'commented', 'cross_referenced', 'committed', 'commented', 'mentioned', 'subscribed', 'reviewed', 'commented', 'merged', 'closed', 'commented', 'commented', 'commented', 'mentioned', 'subscribed', 'commented', 'mentioned', 'subscribed', 'commented', 'mentioned', 'subscribed', 'commented', 'commented', 'cross_referenced', 'cross_referenced')",1
"('committed', 'created', 'review_requested', 'review_requested', 'review_requested', 'labeled', 'commented', 'milestoned', 'commented', 'mentioned', 'subscribed', 'mentioned', 'subscribed', 'reviewed', 'reviewed', 'merged', 'closed', 'demilestoned')",1
"('committed', 'created', 'review_requested', 'review_requested', 'review_requested', 'labeled', 'commented', 'renamed', 'reviewed', 'merged', 'closed', 'head_ref_deleted')",1
"('committed', 'created', 'review_requested', 'review_requested', 'review_requested', 'labeled', 'commented', 'reviewed', 'commented', 'commented', 'merged', 'closed', 'cross_referenced')",1
"('committed', 'created', 'review_requested', 'review_requested', 'review_requested', 'labeled', 'commented', 'reviewed', 'commented', 'mentioned', 'subscribed', 'reviewed', 'labeled', 'unlabeled', 'merged', 'closed', 'cross_referenced')",1
"('committed', 'created', 'review_requested', 'review_requested', 'review_requested', 'labeled', 'commented', 'reviewed', 'committed', 'committed', 'commented', 'reviewed', 'commented', 'merged', 'closed', 'cross_referenced')",1
"('committed', 'created', 'review_requested', 'review_requested', 'review_requested', 'labeled', 'commented', 'reviewed', 'committed', 'head_ref_force_pushed', 'reviewed', 'merged', 'closed', 'head_ref_deleted')",1
"('committed', 'created', 'review_requested', 'review_requested', 'review_requested', 'labeled', 'commented', 'reviewed', 'committed', 'reviewed', 'merged', 'closed', 'head_ref_deleted')",1
"('committed', 'created', 'review_requested', 'review_requested', 'review_requested', 'labeled', 'commented', 'reviewed', 'committed', 'reviewed', 'reviewed', 'reviewed', 'reviewed', 'merged', 'closed')",1
"('committed', 'created', 'review_requested', 'review_requested', 'review_requested', 'labeled', 'commented', 'reviewed', 'labeled', 'unlabeled', 'reviewed', 'merged', 'closed', 'head_ref_deleted')",1
"('committed', 'created', 'review_requested', 'review_requested', 'review_requested', 'labeled', 'commented', 'reviewed', 'merged', 'closed', 'cross_referenced', 'cross_referenced', 'cross_referenced', 'head_ref_deleted', 'commented')",1
"('committed', 'created', 'review_requested', 'review_requested', 'review_requested', 'labeled', 'commented', 'reviewed', 'merged', 'closed', 'head_ref_deleted', 'cross_referenced')",1
"('committed', 'created', 'review_requested', 'review_requested', 'review_requested', 'labeled', 'commented', 'reviewed', 'reviewed', 'base_ref_changed', 'labeled', 'unlabeled', 'merged', 'closed', 'head_ref_deleted')",1
"('committed', 'created', 'review_requested', 'review_requested', 'review_requested', 'labeled', 'commented', 'reviewed', 'reviewed', 'merged', 'closed')",1
"('committed', 'created', 'review_requested', 'review_requested', 'review_requested', 'labeled', 'commented', 'reviewed', 'reviewed', 'merged', 'closed', 'head_ref_deleted')",1
"('committed', 'created', 'review_requested', 'review_requested', 'review_requested', 'labeled', 'commented', 'reviewed', 'reviewed', 'reviewed', 'merged', 'closed')",1
"('committed', 'created', 'review_requested', 'review_requested', 'review_requested', 'labeled', 'commented', 'subscribed', 'reviewed', 'merged', 'closed', 'head_ref_deleted')",1
"('committed', 'created', 'review_requested', 'review_requested', 'review_requested', 'labeled', 'committed', 'commented', 'commented', 'mentioned', 'subscribed', 'closed')",1
"('committed', 'created', 'review_requested', 'review_requested', 'review_requested', 'labeled', 'committed', 'commented', 'renamed', 'reviewed', 'review_requested', 'commented', 'mentioned', 'subscribed', 'mentioned', 'subscribed', 'mentioned', 'subscribed', 'commented', 'mentioned', 'subscribed', 'mentioned', 'subscribed', 'mentioned', 'subscribed', 'reviewed', 'merged', 'closed')",1
"('committed', 'created', 'review_requested', 'review_requested', 'review_requested', 'labeled', 'committed', 'commented', 'reviewed', 'unlabeled', 'labeled', 'committed', 'labeled', 'reviewed', 'commented', 'unlabeled', 'labeled', 'committed', 'committed', 'labeled', 'review_requested', 'reviewed', 'committed', 'commented', 'mentioned', 'subscribed', 'mentioned', 'subscribed', 'mentioned', 'subscribed', 'merged', 'closed', 'cross_referenced', 'cross_referenced')",1
"('committed', 'created', 'review_requested', 'review_requested', 'review_requested', 'labeled', 'committed', 'reviewed', 'merged', 'closed')",1
"('committed', 'created', 'review_requested', 'review_requested', 'review_requested', 'labeled', 'cross_referenced', 'commented', 'committed', 'committed', 'closed', 'commented')",1
"('committed', 'created', 'review_requested', 'review_requested', 'review_requested', 'labeled', 'labeled', 'closed')",1
"('committed', 'created', 'review_requested', 'review_requested', 'review_requested', 'labeled', 'labeled', 'commented', 'auto_rebase_enabled', 'reviewed', 'auto_merge_disabled', 'merged', 'closed')",1
"('committed', 'created', 'review_requested', 'review_requested', 'review_requested', 'labeled', 'labeled', 'commented', 'base_ref_changed', 'base_ref_changed', 'reviewed', 'commented', 'closed', 'head_ref_deleted')",1
"('committed', 'created', 'review_requested', 'review_requested', 'review_requested', 'labeled', 'labeled', 'commented', 'base_ref_changed', 'merged', 'closed', 'head_ref_deleted')",1
"('committed', 'created', 'review_requested', 'review_requested', 'review_requested', 'labeled', 'labeled', 'commented', 'base_ref_changed', 'reviewed', 'merged', 'closed')",1
"('committed', 'created', 'review_requested', 'review_requested', 'review_requested', 'labeled', 'labeled', 'commented', 'closed')",1
"('committed', 'created', 'review_requested', 'review_requested', 'review_requested', 'labeled', 'labeled', 'commented', 'commented', 'closed', 'commented')",1
"('committed', 'created', 'review_requested', 'review_requested', 'review_requested', 'labeled', 'labeled', 'commented', 'commented', 'commented', 'commented', 'commented', 'convert_to_draft', 'commented', 'commented', 'closed', 'head_ref_deleted')",1
"('committed', 'created', 'review_requested', 'review_requested', 'review_requested', 'labeled', 'labeled', 'commented', 'commented', 'commented', 'committed', 'commented', 'closed')",1
"('committed', 'created', 'review_requested', 'review_requested', 'review_requested', 'labeled', 'labeled', 'commented', 'commented', 'committed', 'commented', 'mentioned', 'subscribed', 'reviewed', 'unlabeled', 'labeled', 'committed', 'labeled', 'committed', 'reviewed', 'reviewed', 'committed', 'reviewed', 'committed', 'reviewed', 'merged', 'closed')",1
"('committed', 'created', 'review_requested', 'review_requested', 'review_requested', 'labeled', 'labeled', 'commented', 'commented', 'mentioned', 'subscribed', 'mentioned', 'subscribed', 'unlabeled', 'labeled', 'renamed', 'commented', 'commented', 'mentioned', 'subscribed', 'commented', 'mentioned', 'subscribed', 'commented', 'mentioned', 'subscribed', 'commented', 'mentioned', 'subscribed', 'cross_referenced', 'commented', 'base_ref_changed', 'base_ref_deleted', 'closed')",1
"('committed', 'created', 'review_requested', 'review_requested', 'review_requested', 'labeled', 'labeled', 'commented', 'committed', 'reviewed', 'labeled', 'committed', 'committed', 'reviewed', 'unlabeled', 'mentioned', 'subscribed', 'mentioned', 'subscribed', 'mentioned', 'subscribed', 'mentioned', 'subscribed', 'merged', 'closed', 'head_ref_deleted')",1
"('committed', 'created', 'review_requested', 'review_requested', 'review_requested', 'labeled', 'labeled', 'commented', 'committed', 'reviewed', 'unlabeled', 'committed', 'labeled', 'reviewed', 'committed', 'reviewed', 'merged', 'closed')",1
"('committed', 'created', 'review_requested', 'review_requested', 'review_requested', 'labeled', 'labeled', 'commented', 'cross_referenced', 'convert_to_draft', 'ready_for_review', 'reviewed', 'merged', 'closed')",1
"('committed', 'created', 'review_requested', 'review_requested', 'review_requested', 'labeled', 'labeled', 'commented', 'mentioned', 'subscribed', 'review_requested', 'copilot_work_started', 'reviewed', 'commented', 'mentioned', 'subscribed', 'commented', 'reviewed', 'merged', 'closed', 'head_ref_deleted')",1
"('committed', 'created', 'review_requested', 'review_requested', 'review_requested', 'labeled', 'labeled', 'commented', 'milestoned', 'base_ref_changed', 'renamed', 'reviewed', 'merged', 'closed')",1
"('committed', 'created', 'review_requested', 'review_requested', 'review_requested', 'labeled', 'labeled', 'commented', 'milestoned', 'base_ref_changed', 'reviewed', 'merged', 'closed')",1
"('committed', 'created', 'review_requested', 'review_requested', 'review_requested', 'labeled', 'labeled', 'commented', 'milestoned', 'renamed', 'reviewed', 'merged', 'closed')",1
"('committed', 'created', 'review_requested', 'review_requested', 'review_requested', 'labeled', 'labeled', 'commented', 'milestoned', 'reviewed', 'merged', 'closed')",1
"('committed', 'created', 'review_requested', 'review_requested', 'review_requested', 'labeled', 'labeled', 'commented', 'renamed', 'reviewed', 'merged', 'closed', 'cross_referenced', 'head_ref_deleted')",1
"('committed', 'created', 'review_requested', 'review_requested', 'review_requested', 'labeled', 'labeled', 'commented', 'reviewed', 'base_ref_changed', 'merged', 'closed', 'head_ref_deleted', 'referenced')",1
"('committed', 'created', 'review_requested', 'review_requested', 'review_requested', 'labeled', 'labeled', 'commented', 'reviewed', 'closed', 'head_ref_deleted')",1
"('committed', 'created', 'review_requested', 'review_requested', 'review_requested', 'labeled', 'labeled', 'commented', 'reviewed', 'commented', 'committed', 'reviewed', 'merged', 'closed', 'commented', 'commented', 'commented', 'cross_referenced', 'commented', 'referenced', 'cross_referenced', 'referenced', 'cross_referenced')",1
"('committed', 'created', 'review_requested', 'review_requested', 'review_requested', 'labeled', 'labeled', 'commented', 'reviewed', 'commented', 'mentioned', 'subscribed', 'committed', 'committed', 'renamed', 'auto_squash_enabled', 'reviewed', 'merged', 'closed')",1
"('committed', 'created', 'review_requested', 'review_requested', 'review_requested', 'labeled', 'labeled', 'commented', 'reviewed', 'commented', 'mentioned', 'subscribed', 'mentioned', 'subscribed', 'merged', 'closed', 'commented', 'mentioned', 'subscribed', 'mentioned', 'subscribed', 'commented', 'mentioned', 'subscribed', 'mentioned', 'subscribed', 'commented', 'mentioned', 'subscribed', 'mentioned', 'subscribed', 'commented')",1
"('committed', 'created', 'review_requested', 'review_requested', 'review_requested', 'labeled', 'labeled', 'commented', 'reviewed', 'committed', 'commented', 'reviewed', 'base_ref_changed', 'milestoned', 'base_ref_force_pushed', 'unlabeled', 'labeled', 'base_ref_force_pushed', 'base_ref_force_pushed', 'base_ref_force_pushed', 'base_ref_changed', 'commented', 'mentioned', 'subscribed', 'closed', 'cross_referenced')",1
"('committed', 'created', 'review_requested', 'review_requested', 'review_requested', 'labeled', 'labeled', 'commented', 'reviewed', 'convert_to_draft', 'commented', 'closed', 'commented', 'reopened', 'commented', 'commented', 'commented', 'closed')",1
"('committed', 'created', 'review_requested', 'review_requested', 'review_requested', 'labeled', 'labeled', 'commented', 'reviewed', 'reviewed', 'merged', 'closed')",1
"('committed', 'created', 'review_requested', 'review_requested', 'review_requested', 'labeled', 'labeled', 'commented', 'reviewed', 'reviewed', 'merged', 'closed', 'cross_referenced')",1
"('committed', 'created', 'review_requested', 'review_requested', 'review_requested', 'labeled', 'labeled', 'commented', 'reviewed', 'reviewed', 'merged', 'closed', 'head_ref_deleted')",1
"('committed', 'created', 'review_requested', 'review_requested', 'review_requested', 'labeled', 'labeled', 'commented', 'reviewed', 'reviewed', 'merged', 'closed', 'head_ref_deleted', 'referenced')",1
"('committed', 'created', 'review_requested', 'review_requested', 'review_requested', 'labeled', 'labeled', 'commented', 'reviewed', 'reviewed', 'milestoned', 'merged', 'closed')",1
"('committed', 'created', 'review_requested', 'review_requested', 'review_requested', 'labeled', 'labeled', 'commented', 'reviewed', 'unlabeled', 'merged', 'closed', 'head_ref_deleted')",1
"('committed', 'created', 'review_requested', 'review_requested', 'review_requested', 'labeled', 'labeled', 'cross_referenced', 'commented', 'commented', 'commented', 'commented', 'mentioned', 'subscribed', 'commented', 'reviewed', 'commented', 'commented', 'unlabeled', 'labeled', 'committed', 'labeled', 'commented', 'reviewed', 'merged', 'closed')",1
"('committed', 'created', 'review_requested', 'review_requested', 'review_requested', 'labeled', 'labeled', 'labeled', 'commented', 'commented', 'mentioned', 'subscribed', 'reviewed', 'merged', 'closed', 'commented')",1
"('committed', 'created', 'review_requested', 'review_requested', 'review_requested', 'labeled', 'labeled', 'labeled', 'commented', 'commented', 'reviewed', 'commented', 'reviewed', 'cross_referenced', 'merged', 'closed', 'head_ref_deleted', 'referenced')",1
"('committed', 'created', 'review_requested', 'review_requested', 'review_requested', 'labeled', 'labeled', 'labeled', 'commented', 'milestoned', 'commented', 'commented', 'closed')",1
"('committed', 'created', 'review_requested', 'review_requested', 'review_requested', 'labeled', 'labeled', 'labeled', 'commented', 'milestoned', 'renamed', 'reviewed', 'base_ref_changed', 'merged', 'closed', 'demilestoned')",1
"('committed', 'created', 'review_requested', 'review_requested', 'review_requested', 'labeled', 'labeled', 'labeled', 'commented', 'renamed', 'reviewed', 'merged', 'closed', 'head_ref_deleted')",1
"('committed', 'created', 'review_requested', 'review_requested', 'review_requested', 'labeled', 'labeled', 'labeled', 'commented', 'renamed', 'reviewed', 'milestoned', 'unlabeled', 'committed', 'labeled', 'merged', 'closed')",1
"('committed', 'created', 'review_requested', 'review_requested', 'review_requested', 'labeled', 'labeled', 'labeled', 'commented', 'reviewed', 'base_ref_changed', 'merged', 'closed', 'head_ref_deleted', 'head_ref_restored')",1
"('committed', 'created', 'review_requested', 'review_requested', 'review_requested', 'labeled', 'labeled', 'labeled', 'reviewed', 'merged', 'closed', 'head_ref_deleted')",1
"('committed', 'created', 'review_requested', 'review_requested', 'review_requested', 'labeled', 'labeled', 'labeled', 'reviewed', 'merged', 'closed', 'head_ref_deleted', 'referenced')",1
"('committed', 'created', 'review_requested', 'review_requested', 'review_requested', 'labeled', 'labeled', 'reviewed', 'commented', 'milestoned', 'committed', 'commented', 'committed', 'unlabeled', 'labeled', 'demilestoned', 'commented', 'mentioned', 'subscribed', 'commented', 'commented', 'commented', 'mentioned', 'subscribed', 'cross_referenced', 'commented', 'commented', 'closed')",1
"('committed', 'created', 'review_requested', 'review_requested', 'review_requested', 'labeled', 'labeled', 'reviewed', 'merged', 'closed', 'referenced')",1
"('committed', 'created', 'review_requested', 'review_requested', 'review_requested', 'labeled', 'labeled', 'reviewed', 'merged', 'closed', 'referenced', 'commented', 'commented', 'referenced')",1
"('committed', 'created', 'review_requested', 'review_requested', 'review_requested', 'labeled', 'renamed', 'commented', 'closed', 'head_ref_deleted')",1
"('committed', 'created', 'review_requested', 'review_requested', 'review_requested', 'labeled', 'renamed', 'commented', 'commented', 'labeled', 'unlabeled', 'milestoned', 'closed')",1
"('committed', 'created', 'review_requested', 'review_requested', 'review_requested', 'labeled', 'renamed', 'commented', 'commented', 'mentioned', 'subscribed', 'mentioned', 'subscribed', 'commented', 'commented', 'commented', 'mentioned', 'subscribed', 'commented', 'assigned', 'unassigned', 'unassigned', 'assigned', 'commented', 'mentioned', 'subscribed', 'commented', 'mentioned', 'subscribed', 'commented', 'convert_to_draft', 'unlabeled', 'labeled', 'commented', 'commented', 'mentioned', 'subscribed', 'commented', 'closed')",1
"('committed', 'created', 'review_requested', 'review_requested', 'review_requested', 'labeled', 'renamed', 'commented', 'reviewed', 'labeled', 'unlabeled', 'merged', 'closed')",1
"('committed', 'created', 'review_requested', 'review_requested', 'review_requested', 'labeled', 'reviewed', 'commented', 'merged', 'closed')",1
"('committed', 'created', 'review_requested', 'review_requested', 'review_requested', 'labeled', 'reviewed', 'commented', 'renamed', 'labeled', 'unlabeled', 'merged', 'closed', 'cross_referenced')",1
"('committed', 'created', 'review_requested', 'review_requested', 'review_requested', 'labeled', 'reviewed', 'commented', 'reviewed', 'merged', 'closed')",1
"('committed', 'created', 'review_requested', 'review_requested', 'review_requested', 'labeled', 'reviewed', 'reviewed', 'commented', 'merged', 'closed', 'head_ref_deleted')",1
"('committed', 'created', 'review_requested', 'review_requested', 'review_requested', 'mentioned', 'subscribed', 'labeled', 'labeled', 'commented', 'reviewed', 'merged', 'closed', 'head_ref_deleted')",1
"('committed', 'created', 'reviewed', 'commented', 'closed')",1
"('committed', 'created', 'reviewed', 'commented', 'review_requested', 'merged', 'closed')",1
"('committed', 'created', 'reviewed', 'committed', 'reviewed', 'reviewed', 'merged', 'closed')",1
"('committed', 'created', 'reviewed', 'merged', 'closed')",1
"('committed', 'created', 'reviewed', 'merged', 'closed', 'head_ref_deleted')",1
"('committed', 'created', 'reviewed', 'reviewed', 'commented', 'committed', 'committed', 'review_requested', 'reviewed', 'reviewed', 'review_requested', 'reviewed', 'merged', 'closed')",1
"('created', 'assigned', 'labeled', 'labeled', 'commented', 'unlabeled', 'labeled', 'unlabeled', 'cross_referenced', 'labeled', 'labeled', 'unlabeled', 'cross_referenced', 'referenced', 'cross_referenced', 'referenced', 'commented', 'closed', 'commented')",1
"('created', 'assigned', 'mentioned', 'subscribed', 'commented', 'referenced', 'cross_referenced', 'commented', 'commented', 'commented', 'commented', 'referenced', 'cross_referenced', 'commented', 'closed')",1
"('created', 'assigned', 'referenced', 'referenced', 'cross_referenced', 'closed', 'referenced')",1
"('created', 'base_ref_force_pushed', 'head_ref_force_pushed', 'labeled', 'labeled', 'renamed', 'commented', 'base_ref_force_pushed', 'committed', 'head_ref_force_pushed', 'ready_for_review', 'review_requested', 'review_requested', 'review_requested', 'reviewed', 'merged', 'closed', 'head_ref_deleted')",1
"('created', 'commented', 'closed', 'commented', 'commented', 'mentioned', 'subscribed', 'cross_referenced')",1
"('created', 'commented', 'closed', 'cross_referenced')",1
"('created', 'commented', 'closed', 'referenced', 'referenced', 'cross_referenced')",1
"('created', 'commented', 'commented', 'closed', 'commented')",1
"('created', 'commented', 'commented', 'closed', 'commented', 'mentioned', 'subscribed')",1
"('created', 'commented', 'commented', 'closed', 'commented', 'reopened', 'commented', 'referenced', 'referenced', 'cross_referenced', 'closed', 'referenced')",1
"('created', 'commented', 'commented', 'closed', 'referenced', 'cross_referenced', 'referenced', 'referenced')",1
"('created', 'commented', 'commented', 'commented', 'closed', 'cross_referenced')",1
"('created', 'commented', 'commented', 'commented', 'commented', 'closed')",1
"('created', 'commented', 'commented', 'commented', 'commented', 'commented', 'commented', 'commented', 'commented', 'commented', 'commented', 'commented', 'commented', 'cross_referenced', 'commented', 'closed')",1
"('created', 'commented', 'commented', 'commented', 'commented', 'commented', 'commented', 'commented', 'commented', 'commented', 'mentioned', 'subscribed', 'commented', 'mentioned', 'subscribed', 'commented', 'mentioned', 'subscribed', 'commented', 'mentioned', 'subscribed', 'mentioned', 'subscribed', 'cross_referenced', 'commented', 'closed', 'commented')",1
"('created', 'commented', 'commented', 'commented', 'commented', 'commented', 'commented', 'commented', 'commented', 'cross_referenced', 'commented', 'closed', 'cross_referenced')",1
"('created', 'commented', 'commented', 'commented', 'commented', 'commented', 'commented', 'commented', 'cross_referenced', 'commented', 'closed')",1
"('created', 'commented', 'commented', 'commented', 'commented', 'commented', 'commented', 'cross_referenced', 'commented', 'commented', 'head_ref_force_pushed', 'commented', 'reviewed', 'reviewed', 'reviewed', 'committed', 'head_ref_force_pushed', 'commented', 'mentioned', 'subscribed', 'commented', 'merged', 'closed')",1
"('created', 'commented', 'commented', 'commented', 'commented', 'commented', 'commented', 'referenced', 'cross_referenced', 'closed')",1
"('created', 'commented', 'commented', 'commented', 'commented', 'commented', 'cross_referenced', 'commented', 'closed')",1
"('created', 'commented', 'commented', 'commented', 'commented', 'commented', 'mentioned', 'subscribed', 'commented', 'mentioned', 'subscribed', 'commented', 'closed')",1
"('created', 'commented', 'commented', 'commented', 'commented', 'commented', 'mentioned', 'subscribed', 'commented', 'mentioned', 'subscribed', 'commented', 'commented', 'commented', 'commented', 'commented', 'closed', 'commented', 'referenced', 'cross_referenced', 'referenced')",1
"('created', 'commented', 'commented', 'commented', 'commented', 'commented', 'ready_for_review', 'referenced', 'commented', 'committed', 'committed', 'commented', 'commented', 'commented', 'merged', 'closed', 'head_ref_deleted')",1
"('created', 'commented', 'commented', 'commented', 'commented', 'head_ref_force_pushed', 'commented', 'mentioned', 'subscribed', 'commented', 'commented', 'commented', 'mentioned', 'subscribed', 'commented', 'mentioned', 'subscribed', 'mentioned', 'subscribed', 'head_ref_force_pushed', 'head_ref_force_pushed', 'head_ref_force_pushed', 'commented', 'mentioned', 'subscribed', 'committed', 'head_ref_force_pushed', 'commented', 'commented', 'mentioned', 'subscribed', 'mentioned', 'subscribed', 'reviewed', 'reviewed', 'merged', 'closed', 'commented')",1
"('created', 'commented', 'commented', 'commented', 'commented', 'referenced', 'referenced', 'referenced', 'referenced', 'referenced', 'cross_referenced', 'commented', 'closed', 'mentioned', 'subscribed')",1
"('created', 'commented', 'commented', 'commented', 'commented', 'reviewed', 'reviewed', 'reviewed', 'commented', 'commented', 'mentioned', 'subscribed', 'commented', 'commented', 'commented', 'commented', 'commented', 'renamed', 'cross_referenced', 'commented', 'reviewed', 'labeled', 'labeled', 'commented', 'commented', 'commented', 'commented', 'commented', 'commented', 'base_ref_changed', 'commented', 'commented', 'commented', 'commented', 'head_ref_force_pushed', 'committed', 'committed', 'committed', 'committed', 'committed', 'committed', 'committed', 'committed', 'head_ref_force_pushed', 'commented', 'merged', 'closed', 'commented', 'cross_referenced', 'referenced', 'cross_referenced')",1
"('created', 'commented', 'commented', 'commented', 'cross_referenced', 'head_ref_force_pushed', 'head_ref_force_pushed', 'head_ref_force_pushed', 'head_ref_force_pushed', 'commented', 'commented', 'commented', 'mentioned', 'subscribed', 'reviewed', 'commented', 'mentioned', 'subscribed', 'review_requested', 'labeled', 'cross_referenced', 'commented', 'committed', 'committed', 'head_ref_force_pushed', 'commented', 'commented', 'mentioned', 'subscribed', 'reviewed', 'commented', 'committed', 'committed', 'committed', 'head_ref_force_pushed', 'commented', 'commented', 'commented', 'commented', 'commented', 'base_ref_changed', 'merged', 'closed', 'head_ref_deleted')",1
"('created', 'commented', 'commented', 'commented', 'cross_referenced', 'labeled', 'commented', 'closed', 'referenced', 'cross_referenced', 'referenced', 'referenced', 'referenced', 'referenced', 'referenced', 'referenced', 'referenced', 'referenced', 'referenced', 'referenced', 'referenced', 'referenced', 'referenced', 'referenced', 'referenced', 'referenced', 'referenced', 'referenced', 'referenced', 'referenced', 'referenced', 'referenced', 'referenced', 'referenced', 'referenced', 'referenced', 'referenced', 'referenced', 'referenced', 'referenced', 'referenced')",1
"('created', 'commented', 'commented', 'commented', 'head_ref_force_pushed', 'commented', 'commented', 'committed', 'head_ref_force_pushed', 'commented', 'commented', 'merged', 'closed')",1
"('created', 'commented', 'commented', 'commented', 'labeled', 'commented', 'commented', 'labeled', 'cross_referenced', 'commented', 'labeled', 'unlabeled', 'unlabeled', 'labeled', 'cross_referenced', 'commented', 'commented', 'unlabeled', 'commented', 'commented', 'labeled', 'labeled', 'commented', 'mentioned', 'subscribed', 'commented', 'cross_referenced', 'commented', 'cross_referenced', 'commented', 'commented', 'commented', 'mentioned', 'subscribed', 'unlabeled', 'assigned', 'cross_referenced', 'labeled', 'closed', 'cross_referenced')",1
"('created', 'commented', 'commented', 'commented', 'labeled', 'referenced', 'referenced', 'referenced', 'cross_referenced', 'commented', 'mentioned', 'subscribed', 'referenced', 'cross_referenced', 'cross_referenced', 'commented', 'closed', 'mentioned', 'subscribed')",1
"('created', 'commented', 'commented', 'commented', 'mentioned', 'committed', 'head_ref_force_pushed', 'reviewed', 'merged', 'closed', 'head_ref_deleted')",1
"('created', 'commented', 'commented', 'commented', 'mentioned', 'subscribed', 'labeled', 'labeled', 'unlabeled', 'cross_referenced', 'commented', 'commented', 'cross_referenced', 'commented', 'labeled', 'commented', 'commented', 'mentioned', 'subscribed', 'unlabeled', 'commented', 'mentioned', 'subscribed', 'commented', 'cross_referenced', 'commented', 'closed', 'subscribed')",1
"('created', 'commented', 'commented', 'commented', 'referenced', 'cross_referenced', 'closed', 'cross_referenced')",1
"('created', 'commented', 'commented', 'commented', 'review_requested', 'reviewed', 'labeled', 'labeled', 'labeled', 'labeled', 'unlabeled', 'cross_referenced', 'review_requested', 'head_ref_force_pushed', 'review_requested', 'review_requested', 'labeled', 'commented', 'mentioned', 'subscribed', 'mentioned', 'subscribed', 'commented', 'mentioned', 'subscribed', 'cross_referenced', 'unlabeled', 'unlabeled', 'unlabeled', 'assigned', 'assigned', 'head_ref_force_pushed', 'committed', 'committed', 'head_ref_force_pushed', 'renamed', 'commented', 'mentioned', 'subscribed', 'mentioned', 'subscribed', 'committed', 'committed', 'commented', 'commented', 'head_ref_force_pushed', 'commented', 'mentioned', 'subscribed', 'commented', 'commented', 'commented', 'reviewed', 'merged', 'closed', 'cross_referenced')",1
"('created', 'commented', 'commented', 'committed', 'head_ref_force_pushed', 'merged', 'closed')",1
"('created', 'commented', 'commented', 'cross_referenced', 'commented', 'mentioned', 'subscribed', 'commented', 'mentioned', 'subscribed', 'commented', 'mentioned', 'subscribed', 'commented', 'mentioned', 'subscribed', 'commented', 'mentioned', 'subscribed', 'cross_referenced', 'cross_referenced', 'labeled', 'commented', 'mentioned', 'subscribed', 'commented', 'mentioned', 'subscribed', 'commented', 'mentioned', 'subscribed', 'head_ref_force_pushed', 'reviewed', 'head_ref_force_pushed', 'head_ref_force_pushed', 'commented', 'mentioned', 'subscribed', 'unlabeled', 'reviewed', 'commented', 'commented', 'commented', 'head_ref_force_pushed', 'commented', 'commented', 'mentioned', 'subscribed', 'commented', 'mentioned', 'subscribed', 'labeled', 'labeled', 'unlabeled', 'cross_referenced', 'labeled', 'committed', 'committed', 'committed', 'committed', 'committed', 'committed', 'committed', 'committed', 'committed', 'committed', 'committed', 'committed', 'committed', 'committed', 'committed', 'committed', 'committed', 'head_ref_force_pushed', 'review_requested', 'review_requested', 'commented', 'closed')",1
"('created', 'commented', 'commented', 'cross_referenced', 'commented', 'mentioned', 'subscribed', 'reviewed', 'convert_to_draft', 'commented', 'commented', 'commented', 'mentioned', 'subscribed', 'closed', 'commented', 'commented', 'committed', 'committed', 'reopened', 'committed', 'commented', 'commented', 'commented', 'mentioned', 'subscribed', 'commented', 'mentioned', 'subscribed', 'mentioned', 'subscribed', 'commented', 'closed')",1
"('created', 'commented', 'commented', 'labeled', 'commented', 'labeled', 'labeled', 'unlabeled', 'commented', 'commented', 'mentioned', 'subscribed', 'commented', 'cross_referenced', 'closed')",1
"('created', 'commented', 'commented', 'labeled', 'commented', 'mentioned', 'committed', 'head_ref_force_pushed', 'reviewed', 'merged', 'closed', 'head_ref_deleted')",1
"('created', 'commented', 'commented', 'labeled', 'labeled', 'commented', 'commented', 'assigned', 'cross_referenced', 'closed')",1
"('created', 'commented', 'commented', 'mentioned', 'subscribed', 'closed', 'cross_referenced')",1
"('created', 'commented', 'commented', 'mentioned', 'subscribed', 'commented', 'commented', 'closed', 'cross_referenced')",1
"('created', 'commented', 'commented', 'mentioned', 'subscribed', 'commented', 'commented', 'commented', 'commented', 'head_ref_force_pushed', 'commented', 'commented', 'head_ref_force_pushed', 'commented', 'commented', 'commented', 'committed', 'head_ref_force_pushed', 'commented', 'commented', 'commented', 'review_requested', 'commented', 'committed', 'commented', 'reviewed', 'committed', 'reviewed', 'merged', 'closed', 'head_ref_deleted', 'cross_referenced')",1
"('created', 'commented', 'commented', 'mentioned', 'subscribed', 'commented', 'commented', 'mentioned', 'subscribed', 'head_ref_force_pushed', 'renamed', 'head_ref_force_pushed', 'reviewed', 'head_ref_force_pushed', 'committed', 'committed', 'head_ref_force_pushed', 'committed', 'commented', 'mentioned', 'subscribed', 'mentioned', 'subscribed', 'reviewed', 'merged', 'closed', 'commented', 'mentioned', 'subscribed', 'commented', 'mentioned', 'subscribed')",1
"('created', 'commented', 'commented', 'mentioned', 'subscribed', 'commented', 'labeled', 'subscribed', 'subscribed', 'unlabeled', 'labeled', 'review_requested', 'commented', 'mentioned', 'subscribed', 'reviewed', 'commented', 'mentioned', 'subscribed', 'reviewed', 'committed', 'committed', 'committed', 'committed', 'committed', 'committed', 'committed', 'committed', 'reviewed', 'unlabeled', 'labeled', 'commented', 'merged', 'closed', 'head_ref_deleted', 'cross_referenced')",1
"('created', 'commented', 'commented', 'mentioned', 'subscribed', 'commented', 'mentioned', 'subscribed', 'commented', 'mentioned', 'subscribed', 'ready_for_review', 'commented', 'mentioned', 'subscribed', 'commented', 'mentioned', 'subscribed', 'committed', 'merged', 'closed', 'cross_referenced')",1
"('created', 'commented', 'commented', 'mentioned', 'subscribed', 'committed', 'commented', 'head_ref_force_pushed', 'head_ref_force_pushed', 'committed', 'committed', 'head_ref_force_pushed', 'commented', 'mentioned', 'subscribed', 'commented', 'merged', 'closed', 'head_ref_deleted')",1
"('created', 'commented', 'commented', 'mentioned', 'subscribed', 'committed', 'commented', 'reviewed', 'merged', 'closed')",1
"('created', 'commented', 'commented', 'renamed', 'labeled', 'renamed', 'commented', 'commented', 'mentioned', 'subscribed', 'cross_referenced', 'closed')",1
"('created', 'commented', 'commented', 'reviewed', 'commented', 'mentioned', 'subscribed', 'reviewed', 'commented', 'committed', 'committed', 'committed', 'commented', 'mentioned', 'subscribed', 'commented', 'merged', 'closed')",1
"('created', 'commented', 'commented', 'reviewed', 'labeled', 'unlabeled', 'labeled', 'labeled', 'unlabeled', 'head_ref_force_pushed', 'commented', 'mentioned', 'subscribed', 'review_requested', 'labeled', 'unlabeled', 'reviewed', 'labeled', 'unlabeled', 'reviewed', 'review_requested', 'commented', 'mentioned', 'subscribed', 'unlabeled', 'labeled', 'committed', 'committed', 'committed', 'committed', 'committed', 'committed', 'committed', 'head_ref_force_pushed', 'reviewed', 'unlabeled', 'labeled', 'merged', 'closed', 'head_ref_deleted')",1
"('created', 'commented', 'committed', 'commented', 'ready_for_review', 'commented', 'merged', 'closed', 'commented', 'cross_referenced')",1
"('created', 'commented', 'committed', 'committed', 'committed', 'commented', 'mentioned', 'subscribed', 'review_requested', 'reviewed', 'merged', 'closed', 'cross_referenced')",1
"('created', 'commented', 'committed', 'committed', 'committed', 'committed', 'committed', 'committed', 'head_ref_force_pushed', 'commented', 'reviewed', 'commented', 'mentioned', 'subscribed', 'labeled', 'commented', 'mentioned', 'subscribed', 'mentioned', 'subscribed', 'cross_referenced', 'labeled', 'cross_referenced', 'commented', 'reviewed', 'cross_referenced', 'commented', 'cross_referenced', 'commented', 'mentioned', 'subscribed', 'commented', 'commented', 'commented', 'closed')",1
"('created', 'commented', 'committed', 'committed', 'committed', 'committed', 'committed', 'head_ref_force_pushed', 'commented', 'committed', 'committed', 'commented', 'merged', 'closed', 'commented', 'head_ref_deleted', 'cross_referenced', 'cross_referenced')",1
"('created', 'commented', 'committed', 'head_ref_force_pushed', 'merged', 'closed', 'head_ref_deleted')",1
"('created', 'commented', 'committed', 'merged', 'closed')",1
"('created', 'commented', 'convert_to_draft', 'commented', 'committed', 'ready_for_review', 'head_ref_force_pushed', 'merged', 'closed', 'head_ref_deleted', 'cross_referenced')",1
"('created', 'commented', 'convert_to_draft', 'cross_referenced', 'committed', 'committed', 'head_ref_force_pushed', 'commented', 'closed', 'head_ref_deleted')",1
"('created', 'commented', 'cross_referenced', 'committed', 'committed', 'head_ref_force_pushed', 'review_requested', 'commented', 'cross_referenced', 'reviewed', 'merged', 'closed', 'head_ref_deleted', 'cross_referenced')",1
"('created', 'commented', 'cross_referenced', 'review_requested', 'labeled', 'commented', 'commented', 'mentioned', 'committed', 'head_ref_force_pushed', 'commented', 'closed', 'head_ref_deleted')",1
"('created', 'commented', 'cross_referenced', 'review_requested', 'labeled', 'commented', 'head_ref_force_pushed', 'committed', 'head_ref_force_pushed', 'commented', 'closed', 'commented', 'head_ref_deleted')",1
"('created', 'commented', 'cross_referenced', 'reviewed', 'commented', 'head_ref_force_pushed', 'head_ref_force_pushed', 'commented', 'head_ref_force_pushed', 'committed', 'head_ref_force_pushed', 'review_requested', 'merged', 'closed')",1
"('created', 'commented', 'head_ref_force_pushed', 'committed', 'head_ref_force_pushed', 'labeled', 'reviewed', 'merged', 'closed', 'head_ref_deleted')",1
"('created', 'commented', 'head_ref_force_pushed', 'committed', 'head_ref_force_pushed', 'merged', 'closed', 'head_ref_deleted')",1
"('created', 'commented', 'head_ref_force_pushed', 'head_ref_force_pushed', 'commented', 'mentioned', 'subscribed', 'commented', 'mentioned', 'subscribed', 'commented', 'commented', 'commented', 'head_ref_force_pushed', 'commented', 'commented', 'head_ref_force_pushed', 'commented', 'committed', 'head_ref_force_pushed', 'commented', 'mentioned', 'subscribed', 'commented', 'reviewed', 'commented', 'committed', 'commented', 'mentioned', 'subscribed', 'reviewed', 'merged', 'closed', 'cross_referenced', 'head_ref_deleted', 'cross_referenced')",1
"('created', 'commented', 'head_ref_force_pushed', 'head_ref_force_pushed', 'head_ref_force_pushed', 'cross_referenced', 'head_ref_force_pushed', 'head_ref_force_pushed', 'head_ref_force_pushed', 'head_ref_force_pushed', 'commented', 'mentioned', 'subscribed', 'reviewed', 'commented', 'commented', 'head_ref_force_pushed', 'head_ref_force_pushed', 'head_ref_force_pushed', 'commented', 'mentioned', 'subscribed', 'base_ref_force_pushed', 'commented', 'base_ref_force_pushed', 'reviewed', 'commented', 'labeled', 'base_ref_force_pushed', 'head_ref_force_pushed', 'head_ref_force_pushed', 'head_ref_force_pushed', 'head_ref_force_pushed', 'commented', 'unlabeled', 'labeled', 'commented', 'cross_referenced', 'reviewed', 'unlabeled', 'labeled', 'labeled', 'reviewed', 'head_ref_force_pushed', 'reviewed', 'unlabeled', 'labeled', 'unlabeled', 'labeled', 'base_ref_force_pushed', 'committed', 'committed', 'committed', 'committed', 'committed', 'committed', 'head_ref_force_pushed', 'commented', 'labeled', 'unlabeled', 'unlabeled', 'reviewed', 'commented', 'merged', 'closed', 'head_ref_deleted')",1
"('created', 'commented', 'head_ref_force_pushed', 'head_ref_force_pushed', 'reviewed', 'reviewed', 'commented', 'head_ref_force_pushed', 'commented', 'head_ref_force_pushed', 'head_ref_force_pushed', 'head_ref_force_pushed', 'head_ref_force_pushed', 'commented', 'mentioned', 'subscribed', 'mentioned', 'subscribed', 'commented', 'commented', 'reviewed', 'commented', 'mentioned', 'subscribed', 'committed', 'committed', 'head_ref_force_pushed', 'commented', 'commented', 'review_requested', 'reviewed', 'commented', 'mentioned', 'subscribed', 'merged', 'closed', 'head_ref_deleted')",1
"('created', 'commented', 'labeled', 'commented', 'commented', 'mentioned', 'committed', 'head_ref_force_pushed', 'commented', 'mentioned', 'commented', 'reviewed', 'merged', 'closed', 'head_ref_deleted')",1
"('created', 'commented', 'labeled', 'commented', 'commented', 'mentioned', 'committed', 'head_ref_force_pushed', 'reviewed', 'merged', 'closed', 'head_ref_deleted')",1
"('created', 'commented', 'labeled', 'commented', 'commented', 'mentioned', 'subscribed', 'head_ref_force_pushed', 'reviewed', 'commented', 'mentioned', 'subscribed', 'reviewed', 'commented', 'mentioned', 'subscribed', 'commented', 'committed', 'committed', 'head_ref_force_pushed', 'review_requested', 'review_requested', 'labeled', 'unlabeled', 'commented', 'mentioned', 'subscribed', 'mentioned', 'subscribed', 'reviewed', 'merged', 'closed', 'head_ref_deleted')",1
"('created', 'commented', 'labeled', 'commented', 'head_ref_force_pushed', 'head_ref_force_pushed', 'head_ref_force_pushed', 'commented', 'mentioned', 'committed', 'head_ref_force_pushed', 'reviewed', 'merged', 'closed', 'head_ref_deleted')",1
"('created', 'commented', 'labeled', 'commented', 'mentioned', 'committed', 'head_ref_force_pushed', 'commented', 'reviewed', 'merged', 'closed', 'head_ref_deleted', 'cross_referenced')",1
"('created', 'commented', 'labeled', 'commented', 'mentioned', 'head_ref_force_pushed', 'commented', 'committed', 'head_ref_force_pushed', 'reviewed', 'merged', 'closed', 'head_ref_deleted')",1
"('created', 'commented', 'labeled', 'commented', 'mentioned', 'subscribed', 'milestoned', 'commented', 'labeled', 'unlabeled', 'unlabeled', 'labeled', 'cross_referenced', 'labeled', 'demilestoned', 'commented', 'cross_referenced', 'cross_referenced', 'commented', 'commented', 'commented', 'cross_referenced', 'cross_referenced', 'commented', 'mentioned', 'subscribed', 'commented', 'cross_referenced', 'commented', 'commented', 'closed', 'cross_referenced')",1
"('created', 'commented', 'labeled', 'commented', 'referenced', 'cross_referenced', 'referenced', 'referenced', 'closed')",1
"('created', 'commented', 'labeled', 'cross_referenced', 'referenced', 'cross_referenced', 'commented', 'mentioned', 'subscribed', 'commented', 'closed')",1
"('created', 'commented', 'labeled', 'head_ref_force_pushed', 'review_requested', 'commented', 'mentioned', 'subscribed', 'commented', 'commented', 'commented', 'commented', 'mentioned', 'commented', 'commented', 'mentioned', 'committed', 'head_ref_force_pushed', 'commented', 'closed', 'head_ref_deleted')",1
"('created', 'commented', 'labeled', 'labeled', 'commented', 'closed')",1
"('created', 'commented', 'labeled', 'labeled', 'commented', 'commented', 'milestoned', 'commented', 'commented', 'commented', 'mentioned', 'subscribed', 'commented', 'unlabeled', 'assigned', 'cross_referenced', 'cross_referenced', 'cross_referenced', 'commented', 'mentioned', 'subscribed', 'commented', 'closed')",1
"('created', 'commented', 'labeled', 'labeled', 'labeled', 'labeled', 'unlabeled', 'commented', 'mentioned', 'subscribed', 'commented', 'cross_referenced', 'cross_referenced', 'commented', 'closed')",1
"('created', 'commented', 'labeled', 'labeled', 'labeled', 'unlabeled', 'assigned', 'unassigned', 'commented', 'commented', 'mentioned', 'subscribed', 'commented', 'mentioned', 'subscribed', 'unlabeled', 'labeled', 'unlabeled', 'commented', 'closed')",1
"('created', 'commented', 'labeled', 'referenced', 'cross_referenced', 'referenced', 'commented', 'milestoned', 'labeled', 'referenced', 'cross_referenced', 'referenced', 'referenced', 'commented', 'closed', 'referenced')",1
"('created', 'commented', 'mentioned', 'subscribed', 'closed')",1
"('created', 'commented', 'mentioned', 'subscribed', 'commented', 'commented', 'commented', 'commented', 'commented', 'commented', 'commented', 'cross_referenced', 'commented', 'closed')",1
"('created', 'commented', 'mentioned', 'subscribed', 'commented', 'commented', 'commented', 'committed', 'merged', 'closed')",1
"('created', 'commented', 'mentioned', 'subscribed', 'commented', 'committed', 'committed', 'committed', 'committed', 'head_ref_force_pushed', 'reviewed', 'assigned', 'labeled', 'labeled', 'unlabeled', 'referenced', 'referenced', 'cross_referenced', 'referenced', 'closed')",1
"('created', 'commented', 'mentioned', 'subscribed', 'commented', 'labeled', 'labeled', 'unlabeled', 'commented', 'cross_referenced', 'cross_referenced', 'closed', 'commented', 'commented', 'commented', 'commented', 'cross_referenced', 'referenced', 'cross_referenced', 'referenced', 'referenced', 'referenced', 'referenced', 'referenced', 'referenced')",1
"('created', 'commented', 'mentioned', 'subscribed', 'commented', 'mentioned', 'subscribed', 'cross_referenced', 'commented', 'commented', 'mentioned', 'subscribed', 'head_ref_force_pushed', 'commented', 'reviewed', 'commented', 'commented', 'committed', 'committed', 'committed', 'committed', 'committed', 'committed', 'committed', 'committed', 'committed', 'committed', 'committed', 'committed', 'committed', 'committed', 'committed', 'committed', 'committed', 'head_ref_force_pushed', 'commented', 'committed', 'committed', 'committed', 'cross_referenced', 'committed', 'review_requested', 'commented', 'mentioned', 'subscribed', 'cross_referenced', 'commented', 'mentioned', 'subscribed', 'reviewed', 'review_request_removed', 'review_requested', 'review_request_removed', 'review_requested', 'review_request_removed', 'review_requested', 'review_request_removed', 'review_requested', 'review_request_removed', 'review_requested', 'cross_referenced', 'commented', 'reviewed', 'commented', 'mentioned', 'subscribed', 'cross_referenced', 'commented', 'reviewed', 'merged', 'closed', 'head_ref_deleted', 'cross_referenced')",1
"('created', 'commented', 'mentioned', 'subscribed', 'convert_to_draft', 'commented', 'mentioned', 'subscribed', 'reviewed', 'ready_for_review', 'convert_to_draft', 'head_ref_force_pushed', 'commented', 'ready_for_review', 'closed', 'reopened', 'commented', 'reviewed', 'committed', 'committed', 'head_ref_force_pushed', 'reviewed', 'merged', 'closed', 'commented', 'mentioned', 'subscribed', 'cross_referenced', 'commented', 'mentioned', 'subscribed', 'mentioned', 'subscribed')",1
"('created', 'commented', 'mentioned', 'subscribed', 'cross_referenced', 'closed')",1
"('created', 'commented', 'mentioned', 'subscribed', 'mentioned', 'subscribed', 'commented', 'commented', 'labeled', 'labeled', 'commented', 'closed')",1
"('created', 'commented', 'mentioned', 'subscribed', 'mentioned', 'subscribed', 'reviewed', 'reviewed', 'commented', 'committed', 'head_ref_force_pushed', 'cross_referenced', 'cross_referenced', 'closed', 'cross_referenced')",1
"('created', 'commented', 'ready_for_review', 'cross_referenced', 'reviewed', 'labeled', 'committed', 'merged', 'closed', 'head_ref_deleted')",1
"('created', 'commented', 'referenced', 'referenced', 'cross_referenced', 'closed', 'commented')",1
"('created', 'commented', 'review_requested', 'commented', 'mentioned', 'subscribed', 'reviewed', 'commented', 'committed', 'committed', 'committed', 'committed', 'head_ref_force_pushed', 'committed', 'review_requested', 'reviewed', 'commented', 'mentioned', 'subscribed', 'merged', 'closed', 'head_ref_deleted')",1
"('created', 'commented', 'review_requested', 'head_ref_force_pushed', 'head_ref_force_pushed', 'head_ref_force_pushed', 'head_ref_force_pushed', 'head_ref_force_pushed', 'head_ref_force_pushed', 'reviewed', 'reviewed', 'committed', 'committed', 'committed', 'committed', 'committed', 'committed', 'committed', 'committed', 'committed', 'committed', 'committed', 'committed', 'committed', 'committed', 'committed', 'committed', 'committed', 'committed', 'committed', 'committed', 'committed', 'head_ref_force_pushed', 'merged', 'closed', 'head_ref_deleted')",1
"('created', 'commented', 'review_requested', 'review_requested', 'review_requested', 'labeled', 'commented', 'commented', 'mentioned', 'committed', 'head_ref_force_pushed', 'reviewed', 'merged', 'closed', 'head_ref_deleted')",1
"('created', 'commented', 'review_requested', 'review_requested', 'review_requested', 'labeled', 'commented', 'mentioned', 'committed', 'head_ref_force_pushed', 'reviewed', 'merged', 'closed', 'head_ref_deleted')",1
"('created', 'commented', 'review_requested', 'review_requested', 'review_requested', 'labeled', 'commented', 'mentioned', 'committed', 'head_ref_force_pushed', 'reviewed', 'merged', 'closed', 'head_ref_deleted', 'cross_referenced')",1
"('created', 'commented', 'review_requested', 'review_requested', 'review_requested', 'labeled', 'reviewed', 'commented', 'mentioned', 'committed', 'head_ref_force_pushed', 'merged', 'closed', 'head_ref_deleted', 'cross_referenced')",1
"('created', 'commented', 'review_requested', 'reviewed', 'committed', 'head_ref_force_pushed', 'reviewed', 'merged', 'closed', 'cross_referenced')",1
"('created', 'commented', 'reviewed', 'commented', 'mentioned', 'subscribed', 'committed', 'head_ref_force_pushed', 'reviewed', 'commented', 'mentioned', 'subscribed', 'commented', 'commented', 'commented', 'cross_referenced', 'referenced', 'cross_referenced', 'commented', 'closed', 'cross_referenced')",1
"('created', 'commented', 'reviewed', 'commented', 'mentioned', 'subscribed', 'labeled', 'commented', 'commented', 'commented', 'cross_referenced', 'commented', 'commented', 'commented', 'commented', 'base_ref_force_pushed', 'head_ref_force_pushed', 'commented', 'commented', 'commented', 'commented', 'committed', 'committed', 'head_ref_force_pushed', 'commented', 'merged', 'closed', 'head_ref_deleted')",1
"('created', 'commented', 'reviewed', 'commented', 'mentioned', 'subscribed', 'mentioned', 'subscribed', 'commented', 'commented', 'labeled', 'committed', 'committed', 'commented', 'reviewed', 'commented', 'committed', 'commented', 'committed', 'committed', 'committed', 'commented', 'commented', 'review_requested', 'reviewed', 'commented', 'merged', 'closed', 'referenced')",1
"('created', 'commented', 'reviewed', 'commented', 'mentioned', 'subscribed', 'reviewed', 'commented', 'mentioned', 'subscribed', 'mentioned', 'subscribed', 'review_requested', 'commented', 'mentioned', 'subscribed', 'labeled', 'labeled', 'unlabeled', 'commented', 'committed', 'committed', 'committed', 'committed', 'committed', 'head_ref_force_pushed', 'reviewed', 'commented', 'mentioned', 'subscribed', 'mentioned', 'subscribed', 'reviewed', 'merged', 'closed', 'cross_referenced')",1
"('created', 'commented', 'reviewed', 'committed', 'head_ref_force_pushed', 'reviewed', 'merged', 'closed', 'cross_referenced')",1
"('created', 'commented', 'reviewed', 'committed', 'review_requested', 'review_request_removed', 'review_requested', 'review_request_removed', 'review_requested', 'review_request_removed', 'review_requested', 'reviewed', 'merged', 'closed', 'head_ref_deleted', 'commented', 'mentioned', 'subscribed')",1
"('created', 'commented', 'reviewed', 'head_ref_force_pushed', 'committed', 'head_ref_force_pushed', 'merged', 'closed')",1
"('created', 'commented', 'reviewed', 'reviewed', 'commented', 'committed', 'head_ref_force_pushed', 'committed', 'head_ref_force_pushed', 'merged', 'closed')",1
"('created', 'committed', 'assigned', 'assigned', 'mentioned', 'subscribed', 'cross_referenced', 'copilot_work_started', 'closed', 'review_requested', 'copilot_work_finished')",1
"('created', 'committed', 'commented', 'committed', 'reviewed', 'merged', 'closed', 'head_ref_deleted')",1
"('created', 'committed', 'commented', 'cross_referenced', 'review_requested', 'labeled', 'commented', 'commented', 'closed', 'head_ref_deleted')",1
"('created', 'committed', 'commented', 'labeled', 'commented', 'mentioned', 'commented', 'closed', 'head_ref_deleted')",1
"('created', 'committed', 'commented', 'review_requested', 'review_requested', 'review_requested', 'labeled', 'commented', 'closed', 'head_ref_deleted')",1
"('created', 'committed', 'commented', 'review_requested', 'review_requested', 'review_requested', 'labeled', 'labeled', 'reviewed', 'merged', 'closed', 'head_ref_deleted', 'cross_referenced', 'cross_referenced')",1
"('created', 'committed', 'committed', 'commented', 'commented', 'mentioned', 'subscribed', 'commented', 'mentioned', 'subscribed', 'commented', 'commented', 'commented', 'closed', 'mentioned', 'subscribed', 'mentioned', 'subscribed', 'commented', 'commented', 'cross_referenced')",1
"('created', 'committed', 'committed', 'committed', 'committed', 'committed', 'committed', 'committed', 'committed', 'committed', 'committed', 'committed', 'committed', 'committed', 'committed', 'committed', 'committed', 'committed', 'committed', 'committed', 'committed', 'committed', 'committed', 'committed', 'committed', 'committed', 'committed', 'committed', 'committed', 'committed', 'committed', 'committed', 'committed', 'committed', 'committed', 'committed', 'committed', 'committed', 'committed', 'committed', 'committed', 'committed', 'committed', 'committed', 'committed', 'committed', 'committed', 'committed', 'committed', 'committed', 'head_ref_force_pushed', 'commented', 'committed', 'merged', 'closed', 'head_ref_deleted')",1
"('created', 'committed', 'committed', 'head_ref_force_pushed', 'commented', 'committed', 'commented', 'mentioned', 'subscribed', 'committed', 'head_ref_force_pushed', 'reviewed', 'committed', 'committed', 'committed', 'committed', 'head_ref_force_pushed', 'head_ref_force_pushed', 'ready_for_review', 'committed', 'committed', 'committed', 'committed', 'committed', 'committed', 'head_ref_force_pushed', 'committed', 'head_ref_force_pushed', 'committed', 'committed', 'committed', 'committed', 'head_ref_force_pushed', 'committed', 'committed', 'committed', 'review_requested', 'commented', 'mentioned', 'subscribed', 'reviewed', 'merged', 'closed', 'head_ref_deleted')",1
"('created', 'committed', 'committed', 'head_ref_force_pushed', 'merged', 'closed', 'head_ref_deleted')",1
"('created', 'committed', 'head_ref_force_pushed', 'commented', 'committed', 'merged', 'closed', 'head_ref_deleted')",1
"('created', 'committed', 'head_ref_force_pushed', 'merged', 'closed', 'commented', 'head_ref_deleted')",1
"('created', 'committed', 'head_ref_force_pushed', 'merged', 'closed', 'head_ref_deleted')",1
"('created', 'committed', 'labeled', 'labeled', 'review_requested', 'review_requested', 'review_requested', 'labeled', 'labeled', 'labeled', 'reviewed', 'merged', 'closed', 'head_ref_deleted')",1
"('created', 'committed', 'labeled', 'review_requested', 'review_requested', 'review_requested', 'labeled', 'commented', 'closed', 'head_ref_deleted')",1
"('created', 'committed', 'review_requested', 'labeled', 'review_requested', 'review_requested', 'labeled', 'commented', 'closed', 'commented', 'head_ref_deleted')",1
"('created', 'committed', 'review_requested', 'review_requested', 'labeled', 'review_requested', 'labeled', 'reviewed', 'merged', 'closed', 'head_ref_deleted')",1
"('created', 'convert_to_draft', 'commented', 'ready_for_review', 'commented', 'mentioned', 'subscribed', 'renamed', 'reviewed', 'commented', 'committed', 'committed', 'committed', 'committed', 'committed', 'committed', 'committed', 'committed', 'committed', 'committed', 'committed', 'committed', 'committed', 'committed', 'committed', 'committed', 'committed', 'head_ref_force_pushed', 'commented', 'mentioned', 'subscribed', 'commented', 'merged', 'closed', 'head_ref_deleted', 'cross_referenced')",1
"('created', 'convert_to_draft', 'commented', 'renamed', 'committed', 'ready_for_review', 'commented', 'commented', 'committed', 'renamed', 'commented', 'mentioned', 'subscribed', 'reviewed', 'reviewed', 'committed', 'committed', 'reviewed', 'committed', 'referenced', 'reviewed', 'merged', 'closed', 'referenced', 'cross_referenced')",1
"('created', 'convert_to_draft', 'committed', 'committed', 'committed', 'committed', 'head_ref_force_pushed', 'commented', 'committed', 'ready_for_review', 'commented', 'reviewed', 'merged', 'closed', 'head_ref_deleted', 'cross_referenced', 'cross_referenced', 'cross_referenced')",1
"('created', 'convert_to_draft', 'reviewed', 'base_ref_force_pushed', 'head_ref_force_pushed', 'committed', 'head_ref_force_pushed', 'head_ref_force_pushed', 'committed', 'head_ref_force_pushed', 'cross_referenced', 'commented', 'mentioned', 'subscribed', 'commented', 'mentioned', 'subscribed', 'commented', 'commented', 'head_ref_force_pushed', 'head_ref_force_pushed', 'head_ref_force_pushed', 'head_ref_force_pushed', 'commented', 'head_ref_force_pushed', 'head_ref_force_pushed', 'head_ref_force_pushed', 'head_ref_force_pushed', 'head_ref_force_pushed', 'head_ref_force_pushed', 'head_ref_force_pushed', 'ready_for_review', 'head_ref_force_pushed', 'committed', 'head_ref_force_pushed', 'committed', 'committed', 'committed', 'commented', 'mentioned', 'subscribed', 'commented', 'committed', 'committed', 'commented', 'merged', 'closed', 'head_ref_deleted')",1
"('created', 'cross_referenced', 'commented', 'commented', 'committed', 'head_ref_force_pushed', 'commented', 'commented', 'merged', 'closed')",1
"('created', 'cross_referenced', 'commented', 'committed', 'commented', 'merged', 'closed')",1
"('created', 'cross_referenced', 'commented', 'convert_to_draft', 'head_ref_force_pushed', 'head_ref_force_pushed', 'head_ref_force_pushed', 'head_ref_force_pushed', 'head_ref_force_pushed', 'head_ref_force_pushed', 'commented', 'head_ref_force_pushed', 'head_ref_force_pushed', 'ready_for_review', 'commented', 'mentioned', 'subscribed', 'committed', 'head_ref_force_pushed', 'review_requested', 'committed', 'committed', 'labeled', 'labeled', 'commented', 'mentioned', 'subscribed', 'commented', 'mentioned', 'subscribed', 'commented', 'reviewed', 'unlabeled', 'unlabeled', 'labeled', 'labeled', 'reviewed', 'merged', 'closed', 'cross_referenced')",1
"('created', 'cross_referenced', 'commented', 'head_ref_force_pushed', 'commented', 'head_ref_force_pushed', 'commented', 'commented', 'commented', 'base_ref_changed', 'head_ref_force_pushed', 'head_ref_force_pushed', 'head_ref_force_pushed', 'head_ref_force_pushed', 'commented', 'head_ref_force_pushed', 'head_ref_force_pushed', 'head_ref_force_pushed', 'head_ref_force_pushed', 'head_ref_force_pushed', 'commented', 'base_ref_force_pushed', 'head_ref_force_pushed', 'committed', 'head_ref_force_pushed', 'cross_referenced', 'reviewed', 'reviewed', 'merged', 'closed', 'head_ref_deleted', 'commented', 'mentioned', 'subscribed', 'commented', 'commented')",1
"('created', 'cross_referenced', 'commented', 'labeled', 'milestoned', 'commented', 'mentioned', 'subscribed', 'commented', 'labeled', 'referenced', 'cross_referenced', 'referenced', 'referenced', 'commented', 'closed', 'referenced')",1
"('created', 'cross_referenced', 'commented', 'review_requested', 'assigned', 'reviewed', 'labeled', 'labeled', 'unlabeled', 'commented', 'commented', 'unlabeled', 'labeled', 'commented', 'commented', 'commented', 'mentioned', 'subscribed', 'commented', 'commented', 'mentioned', 'subscribed', 'commented', 'closed', 'head_ref_force_pushed', 'cross_referenced')",1
"('created', 'cross_referenced', 'committed', 'head_ref_force_pushed', 'renamed', 'committed', 'head_ref_force_pushed', 'merged', 'closed', 'head_ref_deleted')",1
"('created', 'cross_referenced', 'head_ref_force_pushed', 'commented', 'commented', 'mentioned', 'subscribed', 'mentioned', 'subscribed', 'reviewed', 'review_requested', 'referenced', 'labeled', 'reviewed', 'reviewed', 'reviewed', 'commented', 'unlabeled', 'labeled', 'referenced', 'commented', 'referenced', 'head_ref_force_pushed', 'commented', 'mentioned', 'subscribed', 'commented', 'mentioned', 'subscribed', 'labeled', 'labeled', 'commented', 'head_ref_force_pushed', 'labeled', 'commented', 'mentioned', 'subscribed', 'mentioned', 'subscribed', 'review_requested', 'commented', 'mentioned', 'subscribed', 'mentioned', 'subscribed', 'commented', 'mentioned', 'subscribed', 'unlabeled', 'unlabeled', 'unlabeled', 'unlabeled', 'labeled', 'assigned', 'review_requested', 'reviewed', 'unlabeled', 'labeled', 'commented', 'mentioned', 'subscribed', 'head_ref_force_pushed', 'labeled', 'review_requested', 'commented', 'mentioned', 'subscribed', 'commented', 'mentioned', 'subscribed', 'reviewed', 'commented', 'mentioned', 'subscribed', 'unlabeled', 'commented', 'commented', 'reviewed', 'labeled', 'labeled', 'head_ref_force_pushed', 'committed', 'committed', 'committed', 'committed', 'committed', 'committed', 'committed', 'committed', 'committed', 'committed', 'head_ref_force_pushed', 'commented', 'mentioned', 'subscribed', 'merged', 'closed', 'commented', 'head_ref_deleted')",1
"('created', 'cross_referenced', 'head_ref_force_pushed', 'commented', 'reviewed', 'reviewed', 'committed', 'head_ref_force_pushed', 'commented', 'merged', 'closed', 'head_ref_deleted')",1
"('created', 'cross_referenced', 'head_ref_force_pushed', 'head_ref_force_pushed', 'head_ref_force_pushed', 'head_ref_force_pushed', 'cross_referenced', 'head_ref_force_pushed', 'committed', 'head_ref_force_pushed', 'commented', 'reviewed', 'merged', 'closed')",1
"('created', 'cross_referenced', 'labeled', 'unlabeled', 'labeled', 'reviewed', 'unlabeled', 'labeled', 'labeled', 'labeled', 'unlabeled', 'commented', 'mentioned', 'subscribed', 'commented', 'mentioned', 'subscribed', 'commented', 'mentioned', 'subscribed', 'commented', 'mentioned', 'subscribed', 'commented', 'mentioned', 'subscribed', 'commented', 'mentioned', 'subscribed', 'commented', 'mentioned', 'subscribed', 'commented', 'commented', 'commented', 'commented', 'mentioned', 'subscribed', 'reviewed', 'unlabeled', 'unlabeled', 'labeled', 'committed', 'merged', 'closed', 'head_ref_deleted', 'cross_referenced')",1
"('created', 'cross_referenced', 'mentioned', 'subscribed', 'commented', 'mentioned', 'subscribed', 'commented', 'mentioned', 'subscribed', 'labeled', 'commented', 'commented', 'mentioned', 'subscribed', 'mentioned', 'subscribed', 'unlabeled', 'labeled', 'reviewed', 'unlabeled', 'labeled', 'unlabeled', 'labeled', 'commented', 'commented', 'mentioned', 'subscribed', 'commented', 'mentioned', 'subscribed', 'labeled', 'commented', 'mentioned', 'subscribed', 'commented', 'mentioned', 'subscribed', 'head_ref_force_pushed', 'commented', 'mentioned', 'subscribed', 'head_ref_force_pushed', 'commented', 'mentioned', 'subscribed', 'reviewed', 'unlabeled', 'unlabeled', 'labeled', 'labeled', 'unlabeled', 'commented', 'unlabeled', 'labeled', 'commented', 'mentioned', 'subscribed', 'reviewed', 'review_requested', 'committed', 'committed', 'committed', 'committed', 'committed', 'committed', 'committed', 'committed', 'committed', 'committed', 'committed', 'committed', 'committed', 'committed', 'committed', 'head_ref_force_pushed', 'labeled', 'unlabeled', 'commented', 'mentioned', 'subscribed', 'commented', 'mentioned', 'subscribed', 'labeled', 'unlabeled', 'commented', 'mentioned', 'subscribed', 'mentioned', 'subscribed', 'merged', 'closed')",1
"('created', 'head_ref_force_pushed', 'commented', 'base_ref_force_pushed', 'committed', 'head_ref_force_pushed', 'cross_referenced', 'merged', 'closed', 'commented', 'commented', 'commented', 'head_ref_deleted')",1
"('created', 'head_ref_force_pushed', 'commented', 'commented', 'cross_referenced', 'commented', 'commented', 'commented', 'mentioned', 'subscribed', 'commented', 'head_ref_force_pushed', 'head_ref_force_pushed', 'ready_for_review', 'reviewed', 'reviewed', 'committed', 'head_ref_force_pushed', 'merged', 'closed', 'commented')",1
"('created', 'head_ref_force_pushed', 'commented', 'head_ref_force_pushed', 'commented', 'mentioned', 'subscribed', 'commented', 'head_ref_force_pushed', 'committed', 'head_ref_force_pushed', 'commented', 'commented', 'mentioned', 'subscribed', 'commented', 'mentioned', 'subscribed', 'review_requested', 'merged', 'closed', 'head_ref_deleted')",1
"('created', 'head_ref_force_pushed', 'commented', 'labeled', 'commented', 'commented', 'reviewed', 'reviewed', 'commented', 'head_ref_force_pushed', 'head_ref_force_pushed', 'head_ref_force_pushed', 'committed', 'head_ref_force_pushed', 'commented', 'mentioned', 'subscribed', 'reviewed', 'commented', 'mentioned', 'subscribed', 'merged', 'closed')",1
"('created', 'head_ref_force_pushed', 'commented', 'reviewed', 'committed', 'head_ref_force_pushed', 'merged', 'closed', 'head_ref_deleted')",1
"('created', 'head_ref_force_pushed', 'committed', 'head_ref_force_pushed', 'commented', 'merged', 'closed', 'head_ref_deleted')",1
"('created', 'head_ref_force_pushed', 'committed', 'head_ref_force_pushed', 'merged', 'closed')",1
"('created', 'head_ref_force_pushed', 'head_ref_force_pushed', 'commented', 'closed', 'head_ref_force_pushed', 'reopened', 'commented', 'commented', 'mentioned', 'subscribed', 'committed', 'committed', 'head_ref_force_pushed', 'commented', 'mentioned', 'subscribed', 'reviewed', 'labeled', 'labeled', 'commented', 'merged', 'closed', 'cross_referenced')",1
"('created', 'head_ref_force_pushed', 'head_ref_force_pushed', 'commented', 'head_ref_force_pushed', 'head_ref_force_pushed', 'commented', 'reviewed', 'labeled', 'committed', 'head_ref_force_pushed', 'commented', 'mentioned', 'subscribed', 'labeled', 'unlabeled', 'cross_referenced', 'commented', 'closed', 'cross_referenced')",1
"('created', 'head_ref_force_pushed', 'head_ref_force_pushed', 'commented', 'mentioned', 'subscribed', 'head_ref_force_pushed', 'commented', 'committed', 'committed', 'head_ref_force_pushed', 'commented', 'commented', 'commented', 'commented', 'closed', 'head_ref_deleted')",1
"('created', 'head_ref_force_pushed', 'head_ref_force_pushed', 'commented', 'review_requested', 'cross_referenced', 'reviewed', 'labeled', 'commented', 'mentioned', 'subscribed', 'commented', 'head_ref_force_pushed', 'commented', 'committed', 'head_ref_force_pushed', 'review_requested', 'reviewed', 'committed', 'committed', 'committed', 'committed', 'head_ref_force_pushed', 'commented', 'review_requested', 'reviewed', 'merged', 'closed', 'head_ref_deleted', 'cross_referenced')",1
"('created', 'head_ref_force_pushed', 'head_ref_force_pushed', 'commented', 'reviewed', 'head_ref_force_pushed', 'head_ref_force_pushed', 'head_ref_force_pushed', 'reviewed', 'reviewed', 'reviewed', 'commented', 'commented', 'commented', 'head_ref_force_pushed', 'base_ref_force_pushed', 'base_ref_force_pushed', 'commented', 'mentioned', 'subscribed', 'mentioned', 'subscribed', 'labeled', 'base_ref_force_pushed', 'cross_referenced', 'head_ref_force_pushed', 'commented', 'unlabeled', 'labeled', 'labeled', 'commented', 'labeled', 'head_ref_force_pushed', 'base_ref_force_pushed', 'head_ref_force_pushed', 'commented', 'commented', 'mentioned', 'subscribed', 'mentioned', 'subscribed', 'commented', 'mentioned', 'subscribed', 'mentioned', 'subscribed', 'commented', 'head_ref_force_pushed', 'commented', 'mentioned', 'subscribed', 'base_ref_force_pushed', 'commented', 'commented', 'mentioned', 'subscribed', 'head_ref_force_pushed', 'head_ref_force_pushed', 'commented', 'unlabeled', 'commented', 'reviewed', 'head_ref_force_pushed', 'reviewed', 'base_ref_force_pushed', 'base_ref_changed', 'commented', 'mentioned', 'subscribed', 'commented', 'unlabeled', 'labeled', 'unlabeled', 'head_ref_force_pushed', 'commented', 'mentioned', 'subscribed', 'mentioned', 'subscribed', 'cross_referenced', 'head_ref_force_pushed', 'head_ref_force_pushed', 'commented', 'reviewed', 'reviewed', 'commented', 'commented', 'commented', 'mentioned', 'subscribed', 'head_ref_force_pushed', 'head_ref_force_pushed', 'head_ref_force_pushed', 'commented', 'commented', 'commented', 'commented', 'head_ref_force_pushed', 'commented', 'commented', 'cross_referenced', 'commented', 'mentioned', 'subscribed', 'commented', 'mentioned', 'subscribed', 'mentioned', 'subscribed', 'mentioned', 'subscribed', 'commented', 'mentioned', 'subscribed', 'mentioned', 'subscribed', 'mentioned', 'subscribed', 'mentioned', 'subscribed', 'commented', 'head_ref_force_pushed', 'labeled', 'commented', 'mentioned', 'subscribed', 'unlabeled', 'reviewed', 'reviewed', 'reviewed', 'reviewed', 'reviewed', 'commented', 'labeled', 'unlabeled', 'head_ref_force_pushed', 'labeled', 'head_ref_force_pushed', 'commented', 'reviewed', 'unlabeled', 'unlabeled', 'labeled', 'commented', 'mentioned', 'subscribed', 'committed', 'committed', 'committed', 'committed', 'assigned', 'head_ref_force_pushed', 'labeled', 'commented', 'mentioned', 'subscribed', 'cross_referenced', 'commented', 'mentioned', 'subscribed', 'committed', 'head_ref_force_pushed', 'commented', 'commented', 'committed', 'head_ref_force_pushed', 'merged', 'closed', 'head_ref_deleted', 'commented')",1
"('created', 'head_ref_force_pushed', 'head_ref_force_pushed', 'committed', 'committed', 'committed', 'head_ref_force_pushed', 'commented', 'commented', 'mentioned', 'subscribed', 'review_requested', 'reviewed', 'merged', 'closed', 'head_ref_deleted', 'cross_referenced')",1
"('created', 'head_ref_force_pushed', 'head_ref_force_pushed', 'committed', 'committed', 'head_ref_force_pushed', 'commented', 'committed', 'ready_for_review', 'reviewed', 'commented', 'committed', 'merged', 'closed', 'head_ref_deleted', 'cross_referenced')",1
"('created', 'head_ref_force_pushed', 'head_ref_force_pushed', 'committed', 'head_ref_force_pushed', 'merged', 'closed', 'head_ref_deleted')",1
"('created', 'head_ref_force_pushed', 'head_ref_force_pushed', 'head_ref_force_pushed', 'committed', 'head_ref_force_pushed', 'commented', 'commented', 'mentioned', 'subscribed', 'review_requested', 'reviewed', 'merged', 'closed')",1
"('created', 'head_ref_force_pushed', 'head_ref_force_pushed', 'head_ref_force_pushed', 'head_ref_force_pushed', 'commented', 'review_requested', 'commented', 'mentioned', 'subscribed', 'committed', 'committed', 'reviewed', 'renamed', 'head_ref_force_pushed', 'reviewed', 'commented', 'reviewed', 'commented', 'committed', 'reviewed', 'head_ref_force_pushed', 'commented', 'reviewed', 'merged', 'closed', 'head_ref_deleted', 'cross_referenced', 'cross_referenced')",1
"('created', 'head_ref_force_pushed', 'head_ref_force_pushed', 'head_ref_force_pushed', 'head_ref_force_pushed', 'head_ref_force_pushed', 'head_ref_force_pushed', 'head_ref_force_pushed', 'committed', 'head_ref_force_pushed', 'merged', 'closed', 'head_ref_deleted')",1
"('created', 'head_ref_force_pushed', 'head_ref_force_pushed', 'head_ref_force_pushed', 'head_ref_force_pushed', 'head_ref_force_pushed', 'head_ref_force_pushed', 'ready_for_review', 'reviewed', 'head_ref_force_pushed', 'renamed', 'renamed', 'head_ref_force_pushed', 'commented', 'head_ref_force_pushed', 'head_ref_force_pushed', 'head_ref_force_pushed', 'commented', 'head_ref_force_pushed', 'commented', 'head_ref_force_pushed', 'commented', 'mentioned', 'subscribed', 'renamed', 'reviewed', 'commented', 'commented', 'commented', 'base_ref_changed', 'head_ref_force_pushed', 'head_ref_force_pushed', 'committed', 'committed', 'committed', 'head_ref_force_pushed', 'review_requested', 'merged', 'closed', 'cross_referenced', 'referenced', 'referenced')",1
"('created', 'head_ref_force_pushed', 'reviewed', 'committed', 'committed', 'committed', 'committed', 'committed', 'committed', 'committed', 'committed', 'head_ref_force_pushed', 'merged', 'closed', 'head_ref_deleted')",1
"('created', 'head_ref_force_pushed', 'reviewed', 'reviewed', 'head_ref_force_pushed', 'head_ref_force_pushed', 'head_ref_force_pushed', 'head_ref_force_pushed', 'head_ref_force_pushed', 'committed', 'head_ref_force_pushed', 'commented', 'mentioned', 'subscribed', 'labeled', 'assigned', 'reviewed', 'unlabeled', 'labeled', 'labeled', 'commented', 'closed')",1
"('created', 'labeled', 'assigned', 'cross_referenced', 'closed')",1
"('created', 'labeled', 'assigned', 'cross_referenced', 'commented', 'closed')",1
"('created', 'labeled', 'assigned', 'labeled', 'commented', 'commented', 'commented', 'commented', 'commented', 'mentioned', 'subscribed', 'unlabeled', 'commented', 'commented', 'commented', 'closed', 'commented', 'commented', 'cross_referenced')",1
"('created', 'labeled', 'assigned', 'unlabeled', 'labeled', 'labeled', 'referenced', 'cross_referenced', 'labeled', 'unlabeled', 'closed', 'referenced', 'cross_referenced')",1
"('created', 'labeled', 'base_ref_changed', 'labeled', 'commented', 'ready_for_review', 'review_requested', 'review_requested', 'review_requested', 'convert_to_draft', 'head_ref_force_pushed', 'head_ref_force_pushed', 'head_ref_force_pushed', 'ready_for_review', 'renamed', 'head_ref_force_pushed', 'labeled', 'head_ref_force_pushed', 'milestoned', 'reviewed', 'unlabeled', 'labeled', 'labeled', 'head_ref_force_pushed', 'committed', 'head_ref_force_pushed', 'unlabeled', 'reviewed', 'merged', 'closed')",1
"('created', 'review_requested', 'review_requested', 'review_requested', 'labeled', 'renamed', 'head_ref_force_pushed', 'commented', 'head_ref_force_pushed', 'commented', 'commented', 'reviewed', 'labeled', 'unlabeled', 'assigned', 'cross_referenced', 'head_ref_force_pushed', 'labeled', 'commented', 'unlabeled', 'reviewed', 'unlabeled', 'labeled', 'head_ref_force_pushed', 'labeled', 'commented', 'unlabeled', 'commented', 'committed', 'head_ref_force_pushed', 'commented', 'unassigned', 'review_requested', 'reviewed', 'merged', 'closed', 'head_ref_deleted')",1
"('created', 'labeled', 'commented', 'assigned', 'commented', 'cross_referenced', 'commented', 'subscribed', 'unsubscribed', 'commented', 'mentioned', 'subscribed', 'commented', 'mentioned', 'subscribed', 'commented', 'mentioned', 'subscribed', 'cross_referenced', 'cross_referenced', 'unlabeled', 'labeled', 'commented', 'mentioned', 'subscribed', 'commented', 'mentioned', 'subscribed', 'commented', 'commented', 'closed')",1
"('created', 'labeled', 'commented', 'assigned', 'commented', 'referenced', 'commented', 'commented', 'commented', 'commented', 'pinned', 'referenced', 'labeled', 'unlabeled', 'commented', 'closed')",1
"('committed', 'committed', 'committed', 'committed', 'committed', 'committed', 'committed', 'committed', 'committed', 'committed', 'committed', 'committed', 'committed', 'committed', 'committed', 'committed', 'committed', 'committed', 'created', 'commented', 'ready_for_review', 'closed', 'head_ref_deleted')",1
"('created', 'reviewed', 'reviewed', 'review_requested', 'reviewed', 'commented', 'head_ref_force_pushed', 'commented', 'committed', 'committed', 'head_ref_force_pushed', 'committed', 'committed', 'committed', 'head_ref_force_pushed', 'commented', 'committed', 'committed', 'committed', 'commented', 'mentioned', 'subscribed', 'review_requested', 'reviewed', 'committed', 'head_ref_force_pushed', 'reviewed', 'commented', 'mentioned', 'subscribed', 'merged', 'closed', 'cross_referenced', 'head_ref_deleted')",1
"('created', 'labeled', 'commented', 'closed', 'commented', 'commented')",1
"('created', 'labeled', 'commented', 'closed', 'commented', 'commented', 'commented', 'commented', 'commented', 'mentioned', 'subscribed', 'commented', 'commented', 'commented')",1
"('created', 'labeled', 'commented', 'closed', 'commented', 'commented', 'cross_referenced')",1
"('created', 'labeled', 'commented', 'closed', 'commented', 'mentioned', 'subscribed', 'commented')",1
"('created', 'labeled', 'commented', 'closed', 'commented', 'mentioned', 'subscribed', 'cross_referenced')",1
"('committed', 'committed', 'committed', 'committed', 'committed', 'committed', 'committed', 'committed', 'committed', 'committed', 'committed', 'committed', 'committed', 'committed', 'committed', 'committed', 'committed', 'committed', 'committed', 'committed', 'committed', 'committed', 'committed', 'committed', 'committed', 'committed', 'committed', 'committed', 'committed', 'committed', 'committed', 'committed', 'committed', 'committed', 'committed', 'committed', 'committed', 'committed', 'committed', 'committed', 'committed', 'committed', 'committed', 'committed', 'committed', 'committed', 'committed', 'committed', 'committed', 'committed', 'committed', 'committed', 'created', 'review_requested', 'review_requested', 'review_requested', 'labeled', 'cross_referenced', 'commented', 'committed', 'committed', 'committed', 'committed', 'committed', 'committed', 'committed', 'committed', 'committed', 'committed', 'commented', 'mentioned', 'subscribed', 'commented', 'mentioned', 'subscribed', 'commented', 'closed', 'commented', 'commented', 'commented', 'commented', 'mentioned', 'subscribed', 'reopened', 'commented', 'mentioned', 'subscribed', 'base_ref_changed', 'commented', 'commented', 'commented', 'commented', 'commented', 'commented', 'mentioned', 'subscribed', 'closed')",1
"('created', 'labeled', 'commented', 'closed', 'labeled')",1
"('committed', 'committed', 'committed', 'committed', 'committed', 'committed', 'committed', 'committed', 'committed', 'committed', 'committed', 'committed', 'committed', 'committed', 'committed', 'committed', 'committed', 'committed', 'committed', 'committed', 'committed', 'committed', 'committed', 'committed', 'committed', 'committed', 'committed', 'committed', 'committed', 'committed', 'committed', 'committed', 'committed', 'committed', 'committed', 'committed', 'created', 'commented', 'commented', 'merged', 'closed', 'head_ref_deleted', 'cross_referenced')",1
"('created', 'labeled', 'commented', 'closed', 'mentioned', 'subscribed', 'labeled', 'commented', 'mentioned', 'subscribed', 'commented', 'cross_referenced')",1
"('created', 'labeled', 'commented', 'commented', 'assigned', 'unassigned', 'assigned', 'commented', 'commented', 'commented', 'commented', 'commented', 'commented', 'mentioned', 'subscribed', 'commented', 'commented', 'commented', 'cross_referenced', 'commented', 'mentioned', 'subscribed', 'commented', 'mentioned', 'subscribed', 'mentioned', 'subscribed', 'commented', 'commented', 'assigned', 'commented', 'commented', 'cross_referenced', 'commented', 'commented', 'mentioned', 'subscribed', 'labeled', 'unlabeled', 'cross_referenced', 'commented', 'commented', 'mentioned', 'subscribed', 'commented', 'mentioned', 'subscribed', 'mentioned', 'subscribed', 'mentioned', 'subscribed', 'cross_referenced', 'closed')",1
"('committed', 'committed', 'committed', 'committed', 'committed', 'committed', 'committed', 'committed', 'committed', 'committed', 'committed', 'committed', 'committed', 'committed', 'committed', 'committed', 'committed', 'committed', 'committed', 'committed', 'committed', 'committed', 'committed', 'committed', 'committed', 'committed', 'committed', 'committed', 'committed', 'committed', 'committed', 'committed', 'created', 'review_requested', 'review_requested', 'labeled', 'commented', 'commented', 'reviewed', 'committed', 'commented', 'merged', 'closed', 'head_ref_deleted')",1
"('created', 'labeled', 'commented', 'commented', 'closed', 'commented', 'commented')",1
"('created', 'labeled', 'commented', 'commented', 'closed', 'commented', 'commented', 'mentioned', 'subscribed', 'commented', 'commented', 'mentioned', 'subscribed')",1
"('created', 'labeled', 'commented', 'commented', 'closed', 'commented', 'commented', 'reopened', 'commented', 'commented', 'commented', 'closed', 'referenced', 'cross_referenced', 'commented', 'reopened', 'commented', 'commented', 'commented', 'commented', 'mentioned', 'subscribed', 'commented', 'commented', 'commented', 'commented', 'mentioned', 'subscribed', 'labeled', 'cross_referenced', 'cross_referenced', 'commented', 'mentioned', 'subscribed', 'commented', 'mentioned', 'subscribed', 'cross_referenced', 'commented', 'commented', 'closed', 'commented', 'commented', 'cross_referenced', 'commented', 'commented', 'commented', 'commented')",1
"('created', 'labeled', 'commented', 'commented', 'closed', 'cross_referenced')",1
"('created', 'labeled', 'commented', 'commented', 'closed', 'cross_referenced', 'commented', 'commented', 'mentioned', 'subscribed', 'commented', 'mentioned', 'subscribed')",1
"('committed', 'committed', 'committed', 'committed', 'committed', 'committed', 'committed', 'committed', 'committed', 'committed', 'committed', 'committed', 'committed', 'committed', 'committed', 'committed', 'committed', 'committed', 'committed', 'committed', 'committed', 'committed', 'committed', 'committed', 'committed', 'committed', 'committed', 'committed', 'committed', 'committed', 'created', 'review_requested', 'review_requested', 'review_requested', 'labeled', 'commented', 'reviewed', 'labeled', 'unlabeled', 'base_ref_force_pushed', 'base_ref_force_pushed', 'base_ref_deleted', 'closed', 'head_ref_deleted')",1
"('created', 'labeled', 'commented', 'commented', 'closed', 'mentioned', 'subscribed', 'commented')",1
"('created', 'labeled', 'commented', 'commented', 'closed', 'mentioned', 'subscribed', 'mentioned', 'subscribed', 'labeled', 'unlabeled')",1
"('committed', 'committed', 'committed', 'committed', 'committed', 'committed', 'committed', 'committed', 'committed', 'committed', 'committed', 'committed', 'committed', 'committed', 'committed', 'committed', 'committed', 'committed', 'committed', 'committed', 'committed', 'committed', 'committed', 'committed', 'committed', 'committed', 'committed', 'committed', 'committed', 'committed', 'created', 'review_requested', 'review_requested', 'review_requested', 'labeled', 'committed', 'head_ref_force_pushed', 'commented', 'renamed', 'renamed', 'convert_to_draft', 'closed', 'head_ref_deleted')",1
"('created', 'labeled', 'commented', 'commented', 'commented', 'closed', 'referenced')",1
"('created', 'labeled', 'commented', 'commented', 'commented', 'commented', 'closed')",1
"('created', 'labeled', 'commented', 'commented', 'commented', 'commented', 'closed', 'commented', 'commented')",1
"('created', 'labeled', 'commented', 'commented', 'commented', 'commented', 'closed', 'commented', 'mentioned', 'subscribed', 'commented', 'commented')",1
"('created', 'labeled', 'commented', 'commented', 'commented', 'commented', 'closed', 'mentioned', 'subscribed')",1
"('created', 'labeled', 'commented', 'commented', 'commented', 'commented', 'commented', 'closed')",1
"('created', 'labeled', 'commented', 'commented', 'commented', 'commented', 'commented', 'commented', 'closed')",1
"('created', 'labeled', 'commented', 'commented', 'commented', 'commented', 'commented', 'commented', 'commented', 'commented', 'commented', 'commented', 'commented', 'closed', 'commented')",1
"('created', 'labeled', 'commented', 'commented', 'commented', 'commented', 'commented', 'commented', 'commented', 'commented', 'commented', 'mentioned', 'subscribed', 'commented', 'mentioned', 'subscribed', 'commented', 'commented', 'cross_referenced', 'closed', 'cross_referenced')",1
"('created', 'labeled', 'commented', 'commented', 'commented', 'commented', 'commented', 'commented', 'commented', 'commented', 'commented', 'referenced', 'closed', 'cross_referenced')",1
"('created', 'labeled', 'commented', 'commented', 'commented', 'commented', 'commented', 'commented', 'commented', 'cross_referenced', 'referenced', 'referenced', 'referenced', 'referenced', 'referenced', 'referenced', 'referenced', 'referenced', 'referenced', 'referenced', 'referenced', 'referenced', 'referenced', 'referenced', 'referenced', 'referenced', 'referenced', 'referenced', 'referenced', 'referenced', 'referenced', 'referenced', 'referenced', 'referenced', 'referenced', 'referenced', 'referenced', 'referenced', 'referenced', 'referenced', 'closed', 'referenced')",1
"('created', 'labeled', 'commented', 'commented', 'commented', 'commented', 'commented', 'commented', 'commented', 'mentioned', 'subscribed', 'commented', 'mentioned', 'subscribed', 'referenced', 'cross_referenced', 'closed')",1
"('created', 'labeled', 'commented', 'commented', 'commented', 'commented', 'commented', 'commented', 'mentioned', 'subscribed', 'commented', 'commented', 'commented', 'mentioned', 'subscribed', 'commented', 'commented', 'commented', 'commented', 'commented', 'commented', 'closed')",1
"('created', 'labeled', 'commented', 'commented', 'commented', 'commented', 'commented', 'commented', 'mentioned', 'subscribed', 'mentioned', 'subscribed', 'labeled', 'unlabeled', 'labeled', 'commented', 'mentioned', 'subscribed', 'closed')",1
"('created', 'labeled', 'commented', 'commented', 'commented', 'commented', 'commented', 'commented', 'mentioned', 'subscribed', 'mentioned', 'subscribed', 'unlabeled', 'labeled', 'labeled', 'commented', 'commented', 'assigned', 'referenced', 'referenced', 'referenced', 'cross_referenced', 'commented', 'referenced', 'referenced', 'closed', 'referenced', 'commented', 'commented', 'mentioned', 'subscribed', 'cross_referenced', 'cross_referenced')",1
"('created', 'labeled', 'commented', 'commented', 'commented', 'commented', 'commented', 'referenced', 'cross_referenced', 'labeled', 'commented', 'milestoned', 'unlabeled', 'labeled', 'labeled', 'labeled', 'unlabeled', 'cross_referenced', 'commented', 'closed', 'cross_referenced')",1
"('created', 'labeled', 'commented', 'commented', 'commented', 'commented', 'cross_referenced', 'commented', 'mentioned', 'subscribed', 'commented', 'mentioned', 'subscribed', 'commented', 'closed')",1
"('created', 'labeled', 'commented', 'commented', 'commented', 'commented', 'cross_referenced', 'commented', 'mentioned', 'subscribed', 'mentioned', 'subscribed', 'closed')",1
"('created', 'labeled', 'commented', 'commented', 'commented', 'commented', 'cross_referenced', 'cross_referenced', 'commented', 'commented', 'mentioned', 'subscribed', 'cross_referenced', 'commented', 'commented', 'mentioned', 'subscribed', 'commented', 'commented', 'commented', 'cross_referenced', 'closed')",1
"('created', 'labeled', 'commented', 'commented', 'commented', 'commented', 'labeled', 'commented', 'commented', 'closed', 'commented')",1
"('created', 'labeled', 'commented', 'commented', 'commented', 'commented', 'mentioned', 'subscribed', 'commented', 'closed', 'commented', 'mentioned', 'subscribed')",1
"('created', 'labeled', 'commented', 'commented', 'commented', 'commented', 'mentioned', 'subscribed', 'commented', 'mentioned', 'subscribed', 'labeled', 'commented', 'commented', 'commented', 'closed', 'mentioned', 'subscribed')",1
"('created', 'labeled', 'commented', 'commented', 'commented', 'commented', 'mentioned', 'subscribed', 'mentioned', 'subscribed', 'commented', 'commented', 'mentioned', 'subscribed', 'commented', 'commented', 'commented', 'commented', 'commented', 'mentioned', 'subscribed', 'cross_referenced', 'closed')",1
"('created', 'labeled', 'commented', 'commented', 'commented', 'commented', 'referenced', 'cross_referenced', 'closed')",1
"('created', 'labeled', 'commented', 'commented', 'commented', 'commented', 'referenced', 'cross_referenced', 'referenced', 'referenced', 'referenced', 'closed', 'cross_referenced')",1
"('committed', 'committed', 'committed', 'committed', 'committed', 'committed', 'committed', 'committed', 'committed', 'committed', 'committed', 'committed', 'committed', 'committed', 'committed', 'committed', 'committed', 'committed', 'committed', 'committed', 'committed', 'committed', 'committed', 'committed', 'committed', 'created', 'committed', 'commented', 'closed')",1
"('created', 'labeled', 'commented', 'commented', 'commented', 'cross_referenced', 'commented', 'commented', 'commented', 'commented', 'commented', 'commented', 'cross_referenced', 'closed')",1
"('created', 'labeled', 'commented', 'commented', 'commented', 'cross_referenced', 'commented', 'commented', 'referenced', 'cross_referenced', 'referenced', 'labeled', 'referenced', 'referenced', 'referenced', 'referenced', 'closed', 'referenced')",1
"('created', 'labeled', 'commented', 'commented', 'commented', 'cross_referenced', 'commented', 'mentioned', 'subscribed', 'commented', 'commented', 'mentioned', 'subscribed', 'mentioned', 'subscribed', 'commented', 'closed')",1
"('created', 'labeled', 'commented', 'commented', 'commented', 'cross_referenced', 'labeled', 'closed', 'cross_referenced', 'cross_referenced')",1
"('created', 'labeled', 'commented', 'commented', 'commented', 'cross_referenced', 'labeled', 'unlabeled', 'cross_referenced', 'assigned', 'assigned', 'unassigned', 'labeled', 'unlabeled', 'labeled', 'referenced', 'closed', 'closed')",1
"('created', 'labeled', 'commented', 'commented', 'commented', 'labeled', 'unlabeled', 'commented', 'commented', 'commented', 'closed')",1
"('created', 'labeled', 'commented', 'commented', 'commented', 'labeled', 'unlabeled', 'commented', 'locked', 'converted_to_discussion')",1
"('created', 'labeled', 'commented', 'commented', 'commented', 'labeled', 'unlabeled', 'commented', 'mentioned', 'subscribed', 'mentioned', 'subscribed', 'labeled', 'unlabeled', 'locked', 'converted_to_discussion')",1
"('created', 'labeled', 'commented', 'commented', 'commented', 'mentioned', 'subscribed', 'commented', 'commented', 'closed', 'mentioned', 'subscribed')",1
"('created', 'labeled', 'commented', 'commented', 'commented', 'mentioned', 'subscribed', 'commented', 'commented', 'commented', 'mentioned', 'subscribed', 'commented', 'commented', 'commented', 'mentioned', 'subscribed', 'mentioned', 'subscribed', 'commented', 'commented', 'commented', 'commented', 'commented', 'labeled', 'commented', 'commented', 'cross_referenced', 'commented', 'cross_referenced', 'cross_referenced', 'commented', 'commented', 'unlabeled', 'cross_referenced', 'cross_referenced', 'commented', 'closed', 'commented', 'commented', 'mentioned', 'subscribed', 'commented', 'mentioned', 'subscribed', 'commented', 'mentioned', 'subscribed', 'commented', 'mentioned', 'subscribed')",1
"('created', 'labeled', 'commented', 'commented', 'commented', 'mentioned', 'subscribed', 'commented', 'commented', 'mentioned', 'subscribed', 'cross_referenced', 'commented', 'mentioned', 'subscribed', 'commented', 'mentioned', 'subscribed', 'commented', 'commented', 'commented', 'commented', 'closed', 'cross_referenced')",1
"('created', 'labeled', 'commented', 'commented', 'commented', 'mentioned', 'subscribed', 'commented', 'cross_referenced', 'commented', 'mentioned', 'subscribed', 'commented', 'mentioned', 'subscribed', 'commented', 'mentioned', 'subscribed', 'referenced', 'cross_referenced', 'referenced', 'referenced', 'referenced', 'referenced', 'referenced', 'referenced', 'closed', 'referenced')",1
"('created', 'labeled', 'commented', 'commented', 'commented', 'mentioned', 'subscribed', 'commented', 'mentioned', 'subscribed', 'referenced', 'cross_referenced', 'referenced', 'referenced', 'referenced', 'commented', 'closed')",1
"('created', 'labeled', 'commented', 'commented', 'commented', 'mentioned', 'subscribed', 'commented', 'referenced', 'cross_referenced', 'cross_referenced', 'closed')",1
"('created', 'labeled', 'commented', 'commented', 'commented', 'mentioned', 'subscribed', 'commented', 'renamed', 'referenced', 'cross_referenced', 'commented', 'mentioned', 'subscribed', 'labeled', 'unlabeled', 'labeled', 'commented', 'commented', 'referenced', 'referenced', 'referenced', 'referenced', 'referenced', 'referenced', 'referenced', 'referenced', 'referenced', 'referenced', 'referenced', 'referenced', 'referenced', 'referenced', 'closed', 'referenced', 'referenced', 'referenced')",1
"('created', 'labeled', 'commented', 'commented', 'commented', 'mentioned', 'subscribed', 'commented', 'renamed', 'renamed', 'closed')",1
"('created', 'labeled', 'commented', 'commented', 'commented', 'mentioned', 'subscribed', 'mentioned', 'subscribed', 'commented', 'mentioned', 'subscribed', 'commented', 'closed')",1
"('created', 'labeled', 'commented', 'commented', 'commented', 'mentioned', 'subscribed', 'mentioned', 'subscribed', 'cross_referenced', 'labeled', 'unlabeled', 'labeled', 'commented', 'commented', 'closed', 'mentioned', 'subscribed', 'commented')",1
"('created', 'labeled', 'commented', 'commented', 'commented', 'referenced', 'referenced', 'commented', 'mentioned', 'subscribed', 'referenced', 'referenced', 'commented', 'mentioned', 'subscribed', 'commented', 'commented', 'closed')",1
"('created', 'labeled', 'commented', 'commented', 'cross_referenced', 'commented', 'closed', 'commented', 'mentioned', 'subscribed', 'commented', 'mentioned', 'subscribed', 'commented', 'mentioned', 'subscribed', 'commented', 'mentioned', 'subscribed')",1
"('created', 'labeled', 'commented', 'commented', 'cross_referenced', 'commented', 'commented', 'closed')",1
"('created', 'labeled', 'commented', 'commented', 'cross_referenced', 'commented', 'mentioned', 'subscribed', 'commented', 'closed', 'cross_referenced')",1
"('created', 'labeled', 'commented', 'commented', 'labeled', 'cross_referenced', 'commented', 'commented', 'commented', 'commented', 'commented', 'commented', 'commented', 'closed', 'cross_referenced')",1
"('created', 'labeled', 'commented', 'commented', 'labeled', 'labeled', 'commented', 'commented', 'commented', 'commented', 'commented', 'labeled', 'commented', 'cross_referenced', 'commented', 'labeled', 'commented', 'unlabeled', 'unlabeled', 'labeled', 'cross_referenced', 'commented', 'mentioned', 'subscribed', 'mentioned', 'subscribed', 'commented', 'commented', 'cross_referenced', 'commented', 'closed')",1
"('created', 'labeled', 'commented', 'commented', 'labeled', 'referenced', 'closed', 'referenced')",1
"('created', 'labeled', 'commented', 'commented', 'labeled', 'unlabeled', 'commented', 'commented', 'commented', 'labeled', 'labeled', 'commented', 'commented', 'commented', 'closed', 'commented', 'commented', 'commented', 'cross_referenced', 'cross_referenced', 'cross_referenced')",1
"('created', 'labeled', 'commented', 'commented', 'labeled', 'unlabeled', 'labeled', 'unlabeled', 'labeled', 'cross_referenced', 'labeled', 'referenced', 'commented', 'closed')",1
"('created', 'labeled', 'commented', 'commented', 'mentioned', 'subscribed', 'commented', 'closed')",1
"('created', 'labeled', 'commented', 'commented', 'mentioned', 'subscribed', 'commented', 'closed', 'mentioned', 'subscribed', 'cross_referenced')",1
"('created', 'labeled', 'commented', 'commented', 'mentioned', 'subscribed', 'commented', 'commented', 'mentioned', 'subscribed', 'locked', 'converted_to_discussion')",1
"('created', 'labeled', 'commented', 'commented', 'mentioned', 'subscribed', 'commented', 'cross_referenced', 'closed', 'cross_referenced')",1
"('created', 'labeled', 'commented', 'commented', 'mentioned', 'subscribed', 'commented', 'labeled', 'commented', 'cross_referenced', 'commented', 'closed')",1
"('created', 'labeled', 'commented', 'commented', 'mentioned', 'subscribed', 'commented', 'mentioned', 'subscribed', 'commented', 'closed', 'mentioned', 'subscribed')",1
"('created', 'labeled', 'commented', 'commented', 'mentioned', 'subscribed', 'labeled', 'commented', 'commented', 'unlabeled', 'labeled', 'commented', 'closed', 'cross_referenced')",1
"('created', 'labeled', 'commented', 'commented', 'mentioned', 'subscribed', 'labeled', 'commented', 'mentioned', 'subscribed', 'commented', 'mentioned', 'subscribed', 'cross_referenced', 'closed')",1
"('created', 'labeled', 'commented', 'commented', 'mentioned', 'subscribed', 'labeled', 'referenced', 'closed')",1
"('created', 'labeled', 'commented', 'commented', 'mentioned', 'subscribed', 'mentioned', 'subscribed', 'labeled', 'commented', 'mentioned', 'subscribed', 'commented', 'cross_referenced', 'cross_referenced', 'referenced', 'cross_referenced', 'closed')",1
"('created', 'labeled', 'commented', 'commented', 'referenced', 'cross_referenced', 'closed', 'commented')",1
"('created', 'labeled', 'commented', 'commented', 'subscribed', 'commented', 'closed')",1
"('committed', 'committed', 'committed', 'committed', 'committed', 'committed', 'committed', 'committed', 'committed', 'committed', 'committed', 'committed', 'committed', 'committed', 'committed', 'committed', 'committed', 'committed', 'committed', 'committed', 'committed', 'committed', 'committed', 'committed', 'committed', 'created', 'review_requested', 'review_requested', 'review_requested', 'labeled', 'closed', 'commented')",1
"('created', 'labeled', 'commented', 'cross_referenced', 'commented', 'cross_referenced', 'closed', 'referenced')",1
"('created', 'labeled', 'commented', 'cross_referenced', 'commented', 'mentioned', 'subscribed', 'commented', 'mentioned', 'subscribed', 'commented', 'commented', 'cross_referenced', 'commented', 'closed')",1
"('created', 'labeled', 'commented', 'cross_referenced', 'cross_referenced', 'commented', 'closed', 'commented', 'mentioned', 'subscribed', 'mentioned', 'subscribed')",1
"('created', 'labeled', 'commented', 'cross_referenced', 'labeled', 'commented', 'mentioned', 'subscribed', 'labeled', 'cross_referenced', 'closed')",1
"('committed', 'committed', 'committed', 'committed', 'committed', 'committed', 'committed', 'committed', 'committed', 'committed', 'committed', 'committed', 'committed', 'committed', 'committed', 'committed', 'committed', 'committed', 'committed', 'committed', 'committed', 'committed', 'committed', 'committed', 'created', 'review_requested', 'review_requested', 'review_requested', 'labeled', 'labeled', 'head_ref_force_pushed', 'reviewed', 'commented', 'cross_referenced', 'reviewed', 'renamed', 'committed', 'head_ref_force_pushed', 'labeled', 'commented', 'commented', 'mentioned', 'subscribed', 'committed', 'head_ref_force_pushed', 'commented', 'base_ref_force_pushed', 'commented', 'commented', 'commented', 'commented', 'closed', 'cross_referenced', 'commented', 'head_ref_deleted', 'cross_referenced')",1
"('created', 'labeled', 'commented', 'head_ref_force_pushed', 'head_ref_force_pushed', 'head_ref_force_pushed', 'head_ref_force_pushed', 'head_ref_force_pushed', 'committed', 'head_ref_force_pushed', 'closed', 'commented', 'head_ref_deleted')",1
"('created', 'labeled', 'commented', 'head_ref_force_pushed', 'head_ref_force_pushed', 'head_ref_force_pushed', 'head_ref_force_pushed', 'head_ref_force_pushed', 'head_ref_force_pushed', 'ready_for_review', 'review_requested', 'review_requested', 'reviewed', 'cross_referenced', 'commented', 'mentioned', 'subscribed', 'mentioned', 'subscribed', 'reviewed', 'commented', 'commented', 'reviewed', 'commented', 'commented', 'commented', 'commented', 'commented', 'commented', 'mentioned', 'subscribed', 'head_ref_force_pushed', 'commented', 'commented', 'commented', 'reviewed', 'commented', 'commented', 'committed', 'committed', 'committed', 'head_ref_force_pushed', 'merged', 'closed', 'head_ref_deleted', 'cross_referenced', 'cross_referenced')",1
"('created', 'labeled', 'commented', 'head_ref_force_pushed', 'renamed', 'ready_for_review', 'review_requested', 'review_requested', 'connected', 'reviewed', 'reviewed', 'committed', 'committed', 'committed', 'committed', 'committed', 'head_ref_force_pushed', 'merged', 'closed', 'head_ref_deleted')",1
"('created', 'labeled', 'commented', 'issue_type_added', 'unlabeled', 'labeled', 'labeled', 'commented', 'mentioned', 'subscribed', 'commented', 'assigned', 'commented', 'commented', 'closed')",1
"('committed', 'committed', 'committed', 'committed', 'committed', 'committed', 'committed', 'committed', 'created', 'committed', 'committed', 'commented', 'merged', 'closed', 'head_ref_deleted')",1
"('created', 'labeled', 'commented', 'labeled', 'commented', 'closed', 'cross_referenced')",1
"('created', 'labeled', 'commented', 'labeled', 'commented', 'commented', 'mentioned', 'subscribed', 'unlabeled', 'commented', 'commented', 'mentioned', 'subscribed', 'cross_referenced', 'closed', 'labeled')",1
"('created', 'labeled', 'commented', 'labeled', 'commented', 'cross_referenced', 'commented', 'closed')",1
"('created', 'labeled', 'commented', 'labeled', 'commented', 'mentioned', 'subscribed', 'commented', 'mentioned', 'subscribed', 'assigned', 'referenced', 'referenced', 'cross_referenced', 'referenced', 'commented', 'closed', 'cross_referenced', 'referenced', 'referenced', 'referenced', 'cross_referenced', 'cross_referenced')",1
"('created', 'labeled', 'commented', 'labeled', 'commented', 'mentioned', 'subscribed', 'commented', 'mentioned', 'subscribed', 'commented', 'commented', 'mentioned', 'subscribed', 'referenced', 'cross_referenced', 'commented', 'mentioned', 'subscribed', 'referenced', 'commented', 'mentioned', 'subscribed', 'referenced', 'referenced', 'commented', 'referenced', 'referenced', 'referenced', 'referenced', 'unlabeled', 'labeled', 'referenced', 'referenced', 'referenced', 'referenced', 'referenced', 'referenced', 'referenced', 'referenced', 'closed')",1
"('created', 'labeled', 'commented', 'labeled', 'cross_referenced', 'referenced', 'referenced', 'referenced', 'referenced', 'referenced', 'referenced', 'referenced', 'referenced', 'referenced', 'referenced', 'referenced', 'referenced', 'referenced', 'referenced', 'referenced', 'referenced', 'referenced', 'referenced', 'unlabeled', 'referenced', 'referenced', 'referenced', 'referenced', 'referenced', 'referenced', 'referenced', 'referenced', 'referenced', 'referenced', 'referenced', 'referenced', 'closed', 'referenced')",1
"('created', 'labeled', 'commented', 'labeled', 'labeled', 'commented', 'mentioned', 'subscribed', 'cross_referenced', 'commented', 'closed', 'unlabeled', 'labeled')",1
"('created', 'labeled', 'commented', 'labeled', 'labeled', 'labeled', 'commented', 'commented', 'mentioned', 'subscribed', 'mentioned', 'subscribed', 'commented', 'mentioned', 'subscribed', 'commented', 'cross_referenced', 'unlabeled', 'commented', 'mentioned', 'subscribed', 'commented', 'closed')",1
"('created', 'labeled', 'commented', 'labeled', 'labeled', 'labeled', 'commented', 'referenced', 'cross_referenced', 'commented', 'mentioned', 'subscribed', 'closed')",1
"('created', 'labeled', 'commented', 'labeled', 'labeled', 'unlabeled', 'commented', 'commented', 'commented', 'cross_referenced', 'unlabeled', 'labeled', 'commented', 'closed')",1
"('created', 'review_requested', 'review_requested', 'review_requested', 'labeled', 'renamed', 'reviewed', 'head_ref_force_pushed', 'commented', 'reviewed', 'labeled', 'unlabeled', 'head_ref_force_pushed', 'labeled', 'commented', 'mentioned', 'subscribed', 'commented', 'mentioned', 'subscribed', 'unlabeled', 'head_ref_force_pushed', 'labeled', 'commented', 'commented', 'cross_referenced', 'head_ref_force_pushed', 'committed', 'committed', 'head_ref_force_pushed', 'reviewed', 'reviewed', 'committed', 'merged', 'closed', 'cross_referenced', 'cross_referenced')",1
"('created', 'labeled', 'commented', 'labeled', 'unlabeled', 'commented', 'mentioned', 'subscribed', 'mentioned', 'subscribed', 'labeled', 'unlabeled', 'commented', 'commented', 'mentioned', 'subscribed', 'committed', 'head_ref_force_pushed', 'labeled', 'commented', 'commented', 'cross_referenced', 'reviewed', 'reviewed', 'cross_referenced', 'commented', 'closed', 'commented')",1
"('created', 'labeled', 'commented', 'labeled', 'unlabeled', 'commented', 'unlabeled', 'labeled', 'commented', 'mentioned', 'subscribed', 'commented', 'mentioned', 'subscribed', 'mentioned', 'subscribed', 'commented', 'commented', 'mentioned', 'subscribed', 'unlabeled', 'labeled', 'labeled', 'unlabeled', 'commented', 'mentioned', 'subscribed', 'commented', 'mentioned', 'subscribed', 'mentioned', 'subscribed', 'commented', 'commented', 'commented', 'mentioned', 'subscribed', 'head_ref_force_pushed', 'labeled', 'commented', 'mentioned', 'subscribed', 'mentioned', 'subscribed', 'cross_referenced', 'commented', 'commented', 'mentioned', 'subscribed', 'mentioned', 'subscribed', 'commented', 'commented', 'commented', 'commented', 'commented', 'commented', 'unlabeled', 'commented', 'commented', 'mentioned', 'subscribed', 'mentioned', 'subscribed', 'mentioned', 'subscribed', 'commented', 'mentioned', 'subscribed', 'commented', 'commented', 'mentioned', 'subscribed', 'commented', 'commented', 'mentioned', 'subscribed', 'reviewed', 'commented', 'mentioned', 'subscribed', 'commented', 'mentioned', 'subscribed', 'commented', 'commented', 'mentioned', 'subscribed', 'commented', 'head_ref_force_pushed', 'commented', 'mentioned', 'subscribed', 'mentioned', 'subscribed', 'reviewed', 'commented', 'commented', 'cross_referenced', 'commented', 'committed', 'committed', 'committed', 'committed', 'committed', 'head_ref_force_pushed', 'commented', 'mentioned', 'subscribed', 'assigned', 'commented', 'commented', 'mentioned', 'subscribed', 'commented', 'cross_referenced', 'merged', 'closed', 'cross_referenced', 'cross_referenced')",1
"('created', 'labeled', 'commented', 'mentioned', 'subscribed', 'closed')",1
"('created', 'review_requested', 'review_requested', 'review_requested', 'labeled', 'reviewed', 'commented', 'cross_referenced', 'reviewed', 'base_ref_changed', 'labeled', 'committed', 'head_ref_force_pushed', 'labeled', 'reviewed', 'merged', 'closed', 'head_ref_deleted')",1
"('created', 'labeled', 'commented', 'mentioned', 'subscribed', 'commented', 'closed', 'labeled', 'referenced', 'cross_referenced', 'commented', 'mentioned', 'subscribed', 'referenced')",1
"('created', 'labeled', 'commented', 'mentioned', 'subscribed', 'commented', 'closed', 'mentioned', 'subscribed', 'mentioned', 'subscribed')",1
"('created', 'labeled', 'commented', 'mentioned', 'subscribed', 'commented', 'commented', 'closed', 'commented', 'cross_referenced', 'cross_referenced')",1
"('created', 'labeled', 'commented', 'mentioned', 'subscribed', 'commented', 'commented', 'commented', 'commented', 'commented', 'commented', 'commented', 'cross_referenced', 'commented', 'commented', 'mentioned', 'subscribed', 'commented', 'closed', 'commented')",1
"('created', 'labeled', 'commented', 'mentioned', 'subscribed', 'commented', 'commented', 'commented', 'commented', 'commented', 'commented', 'mentioned', 'subscribed', 'labeled', 'commented', 'commented', 'commented', 'mentioned', 'subscribed', 'cross_referenced', 'commented', 'mentioned', 'subscribed', 'commented', 'cross_referenced', 'cross_referenced', 'unlabeled', 'commented', 'labeled', 'commented', 'cross_referenced', 'closed')",1
"('created', 'labeled', 'commented', 'mentioned', 'subscribed', 'commented', 'commented', 'commented', 'commented', 'mentioned', 'subscribed', 'commented', 'labeled', 'commented', 'commented', 'mentioned', 'subscribed', 'cross_referenced', 'cross_referenced', 'cross_referenced', 'commented', 'mentioned', 'subscribed', 'closed')",1
"('created', 'labeled', 'commented', 'mentioned', 'subscribed', 'commented', 'commented', 'cross_referenced', 'closed')",1
"('created', 'labeled', 'commented', 'mentioned', 'subscribed', 'commented', 'cross_referenced', 'commented', 'labeled', 'unlabeled', 'labeled', 'cross_referenced', 'cross_referenced', 'commented', 'mentioned', 'subscribed', 'commented', 'mentioned', 'subscribed', 'mentioned', 'subscribed', 'commented', 'mentioned', 'subscribed', 'commented', 'mentioned', 'subscribed', 'commented', 'mentioned', 'subscribed', 'commented', 'mentioned', 'subscribed', 'commented', 'cross_referenced', 'commented', 'labeled', 'labeled', 'assigned', 'unlabeled', 'commented', 'closed')",1
"('created', 'labeled', 'commented', 'mentioned', 'subscribed', 'commented', 'mentioned', 'subscribed', 'closed')",1
"('created', 'labeled', 'commented', 'mentioned', 'subscribed', 'commented', 'mentioned', 'subscribed', 'commented', 'commented', 'commented', 'closed')",1
"('created', 'labeled', 'commented', 'mentioned', 'subscribed', 'commented', 'mentioned', 'subscribed', 'commented', 'commented', 'commented', 'cross_referenced', 'commented', 'mentioned', 'subscribed', 'cross_referenced', 'closed', 'commented', 'mentioned', 'subscribed', 'cross_referenced', 'commented', 'mentioned', 'subscribed')",1
"('created', 'labeled', 'commented', 'mentioned', 'subscribed', 'commented', 'mentioned', 'subscribed', 'commented', 'commented', 'cross_referenced', 'commented', 'mentioned', 'subscribed', 'commented', 'commented', 'commented', 'labeled', 'commented', 'commented', 'closed', 'subscribed')",1
"('created', 'labeled', 'commented', 'mentioned', 'subscribed', 'commented', 'mentioned', 'subscribed', 'commented', 'cross_referenced', 'cross_referenced', 'commented', 'commented', 'mentioned', 'subscribed', 'commented', 'commented', 'cross_referenced', 'commented', 'mentioned', 'subscribed', 'commented', 'mentioned', 'subscribed', 'commented', 'mentioned', 'subscribed', 'commented', 'commented', 'mentioned', 'subscribed', 'commented', 'commented', 'mentioned', 'subscribed', 'cross_referenced', 'commented', 'mentioned', 'subscribed', 'commented', 'mentioned', 'subscribed', 'closed', 'commented', 'mentioned', 'subscribed')",1
"('created', 'labeled', 'commented', 'mentioned', 'subscribed', 'commented', 'mentioned', 'subscribed', 'commented', 'referenced', 'cross_referenced', 'closed')",1
"('created', 'labeled', 'commented', 'mentioned', 'subscribed', 'commented', 'mentioned', 'subscribed', 'mentioned', 'subscribed', 'commented', 'commented', 'commented', 'commented', 'closed', 'mentioned', 'subscribed', 'mentioned', 'subscribed', 'mentioned', 'subscribed')",1
"('created', 'labeled', 'commented', 'mentioned', 'subscribed', 'commented', 'referenced', 'cross_referenced', 'commented', 'closed', 'commented', 'commented', 'mentioned', 'subscribed')",1
"('created', 'labeled', 'commented', 'mentioned', 'subscribed', 'commented', 'referenced', 'cross_referenced', 'referenced', 'referenced', 'referenced', 'referenced', 'referenced', 'referenced', 'referenced', 'referenced', 'referenced', 'referenced', 'referenced', 'labeled', 'referenced', 'cross_referenced', 'cross_referenced', 'closed')",1
"('created', 'labeled', 'commented', 'mentioned', 'subscribed', 'cross_referenced', 'closed')",1
"('created', 'labeled', 'commented', 'mentioned', 'subscribed', 'head_ref_force_pushed', 'head_ref_force_pushed', 'head_ref_force_pushed', 'head_ref_force_pushed', 'ready_for_review', 'review_requested', 'review_requested', 'review_requested', 'reviewed', 'renamed', 'head_ref_force_pushed', 'review_requested', 'reviewed', 'labeled', 'unlabeled', 'labeled', 'committed', 'head_ref_force_pushed', 'head_ref_force_pushed', 'unlabeled', 'merged', 'closed')",1
"('created', 'labeled', 'commented', 'mentioned', 'subscribed', 'labeled', 'commented', 'commented', 'mentioned', 'subscribed', 'commented', 'closed')",1
"('created', 'labeled', 'commented', 'mentioned', 'subscribed', 'labeled', 'commented', 'commented', 'mentioned', 'subscribed', 'labeled', 'commented', 'mentioned', 'subscribed', 'commented', 'cross_referenced', 'commented', 'commented', 'commented', 'mentioned', 'subscribed', 'commented', 'mentioned', 'subscribed', 'mentioned', 'subscribed', 'cross_referenced', 'closed')",1
"('created', 'labeled', 'commented', 'mentioned', 'subscribed', 'labeled', 'commented', 'labeled', 'commented', 'closed', 'mentioned', 'subscribed', 'commented')",1
"('created', 'labeled', 'commented', 'mentioned', 'subscribed', 'labeled', 'commented', 'mentioned', 'subscribed', 'closed')",1
"('created', 'labeled', 'commented', 'mentioned', 'subscribed', 'labeled', 'labeled', 'unlabeled', 'labeled', 'cross_referenced', 'commented', 'renamed', 'referenced', 'cross_referenced', 'referenced', 'commented', 'closed', 'mentioned', 'subscribed', 'commented', 'mentioned', 'subscribed', 'commented', 'mentioned', 'subscribed')",1
"('created', 'labeled', 'commented', 'mentioned', 'subscribed', 'labeled', 'renamed', 'commented', 'closed', 'mentioned', 'subscribed', 'mentioned', 'subscribed')",1
"('created', 'labeled', 'commented', 'mentioned', 'subscribed', 'mentioned', 'subscribed', 'commented', 'commented', 'commented', 'referenced', 'cross_referenced', 'commented', 'closed', 'cross_referenced')",1
"('created', 'labeled', 'commented', 'mentioned', 'subscribed', 'mentioned', 'subscribed', 'commented', 'commented', 'labeled', 'issue_type_added', 'commented', 'commented', 'labeled', 'commented', 'unlabeled', 'commented', 'mentioned', 'subscribed', 'mentioned', 'subscribed', 'commented', 'labeled', 'unlabeled', 'commented', 'closed')",1
"('created', 'labeled', 'commented', 'mentioned', 'subscribed', 'mentioned', 'subscribed', 'commented', 'commented', 'mentioned', 'subscribed', 'mentioned', 'subscribed', 'commented', 'commented', 'commented', 'mentioned', 'subscribed', 'commented', 'closed')",1
"('created', 'labeled', 'commented', 'mentioned', 'subscribed', 'mentioned', 'subscribed', 'commented', 'cross_referenced', 'commented', 'mentioned', 'subscribed', 'labeled', 'unlabeled', 'closed')",1
"('created', 'labeled', 'commented', 'mentioned', 'subscribed', 'mentioned', 'subscribed', 'commented', 'referenced', 'cross_referenced', 'referenced', 'referenced', 'referenced', 'referenced', 'referenced', 'referenced', 'referenced', 'closed', 'referenced')",1
"('created', 'labeled', 'commented', 'mentioned', 'subscribed', 'mentioned', 'subscribed', 'labeled', 'labeled', 'unlabeled', 'unlabeled', 'commented', 'commented', 'mentioned', 'subscribed', 'mentioned', 'subscribed', 'commented', 'mentioned', 'subscribed', 'commented', 'closed', 'labeled', 'unlabeled')",1
"('created', 'labeled', 'commented', 'mentioned', 'subscribed', 'mentioned', 'subscribed', 'labeled', 'unlabeled', 'labeled', 'assigned', 'assigned', 'commented', 'closed', 'unlabeled', 'labeled', 'cross_referenced')",1
"('created', 'labeled', 'commented', 'mentioned', 'subscribed', 'referenced', 'cross_referenced', 'commented', 'closed', 'mentioned', 'subscribed')",1
"('created', 'labeled', 'commented', 'mentioned', 'subscribed', 'unlabeled', 'labeled', 'commented', 'commented', 'commented', 'commented', 'commented', 'commented', 'mentioned', 'subscribed', 'mentioned', 'subscribed', 'commented', 'commented', 'closed')",1
"('created', 'labeled', 'commented', 'ready_for_review', 'review_requested', 'review_requested', 'review_requested', 'head_ref_force_pushed', 'reviewed', 'head_ref_force_pushed', 'head_ref_force_pushed', 'committed', 'head_ref_force_pushed', 'reviewed', 'merged', 'closed', 'head_ref_deleted')",1
"('created', 'labeled', 'commented', 'ready_for_review', 'review_requested', 'review_requested', 'review_requested', 'renamed', 'reviewed', 'labeled', 'unlabeled', 'commented', 'reviewed', 'commented', 'mentioned', 'subscribed', 'mentioned', 'subscribed', 'committed', 'labeled', 'review_requested', 'merged', 'closed', 'commented', 'mentioned', 'subscribed', 'head_ref_deleted')",1
"('created', 'labeled', 'commented', 'ready_for_review', 'review_requested', 'review_requested', 'review_requested', 'reviewed', 'committed', 'renamed', 'commented', 'reviewed', 'merged', 'closed')",1
"('created', 'labeled', 'commented', 'referenced', 'cross_referenced', 'commented', 'closed', 'mentioned', 'subscribed', 'commented', 'commented')",1
"('created', 'labeled', 'commented', 'referenced', 'cross_referenced', 'referenced', 'commented', 'closed')",1
"('created', 'labeled', 'commented', 'renamed', 'commented', 'commented', 'closed')",1
"('created', 'labeled', 'commented', 'renamed', 'commented', 'mentioned', 'subscribed', 'cross_referenced', 'commented', 'mentioned', 'subscribed', 'mentioned', 'subscribed', 'mentioned', 'subscribed', 'commented', 'closed')",1
"('created', 'labeled', 'commented', 'renamed', 'cross_referenced', 'closed', 'referenced')",1
"('created', 'labeled', 'commented', 'reviewed', 'head_ref_force_pushed', 'head_ref_force_pushed', 'head_ref_force_pushed', 'unsubscribed', 'head_ref_force_pushed', 'head_ref_force_pushed', 'committed', 'head_ref_force_pushed', 'commented', 'closed', 'head_ref_deleted')",1
"('created', 'labeled', 'commented', 'reviewed', 'unlabeled', 'labeled', 'commented', 'commented', 'commented', 'mentioned', 'subscribed', 'labeled', 'commented', 'unlabeled', 'labeled', 'committed', 'committed', 'committed', 'committed', 'committed', 'head_ref_force_pushed', 'reviewed', 'reviewed', 'merged', 'closed', 'cross_referenced', 'cross_referenced')",1
"('created', 'labeled', 'commented', 'reviewed', 'unlabeled', 'labeled', 'labeled', 'renamed', 'renamed', 'labeled', 'reviewed', 'unlabeled', 'unlabeled', 'labeled', 'reviewed', 'reviewed', 'unlabeled', 'labeled', 'labeled', 'commented', 'mentioned', 'subscribed', 'committed', 'committed', 'committed', 'committed', 'committed', 'committed', 'head_ref_force_pushed', 'committed', 'commented', 'mentioned', 'subscribed', 'head_ref_force_pushed', 'commented', 'mentioned', 'subscribed', 'merged', 'closed', 'head_ref_deleted')",1
"('created', 'labeled', 'convert_to_draft', 'ready_for_review', 'reviewed', 'commented', 'committed', 'head_ref_force_pushed', 'commented', 'merged', 'closed')",1
"('created', 'labeled', 'cross_referenced', 'assigned', 'labeled', 'unlabeled', 'labeled', 'referenced', 'closed')",1
"('created', 'review_requested', 'review_requested', 'review_requested', 'labeled', 'reviewed', 'commented', 'head_ref_force_pushed', 'head_ref_force_pushed', 'head_ref_force_pushed', 'head_ref_force_pushed', 'head_ref_force_pushed', 'head_ref_force_pushed', 'head_ref_force_pushed', 'renamed', 'renamed', 'reviewed', 'committed', 'committed', 'head_ref_force_pushed', 'reviewed', 'base_ref_changed', 'merged', 'closed', 'head_ref_deleted')",1
"('created', 'labeled', 'cross_referenced', 'closed', 'commented', 'cross_referenced', 'commented', 'commented', 'mentioned', 'subscribed')",1
"('created', 'labeled', 'cross_referenced', 'closed', 'referenced')",1
"('created', 'labeled', 'cross_referenced', 'commented', 'closed')",1
"('created', 'labeled', 'cross_referenced', 'commented', 'closed', 'mentioned', 'subscribed', 'commented', 'commented', 'mentioned', 'subscribed', 'commented')",1
"('created', 'labeled', 'cross_referenced', 'commented', 'commented', 'closed')",1
"('created', 'labeled', 'cross_referenced', 'commented', 'commented', 'commented', 'commented', 'closed')",1
"('created', 'labeled', 'cross_referenced', 'commented', 'commented', 'commented', 'commented', 'closed', 'mentioned', 'subscribed')",1
"('created', 'labeled', 'cross_referenced', 'commented', 'commented', 'commented', 'commented', 'cross_referenced', 'cross_referenced', 'cross_referenced', 'cross_referenced', 'labeled', 'commented', 'closed', 'mentioned', 'subscribed')",1
"('created', 'labeled', 'cross_referenced', 'commented', 'commented', 'commented', 'cross_referenced', 'commented', 'commented', 'commented', 'mentioned', 'subscribed', 'commented', 'mentioned', 'subscribed', 'commented', 'commented', 'commented', 'closed')",1
"('created', 'labeled', 'cross_referenced', 'commented', 'commented', 'commented', 'labeled', 'commented', 'labeled', 'commented', 'closed')",1
"('created', 'labeled', 'cross_referenced', 'commented', 'commented', 'mentioned', 'subscribed', 'commented', 'cross_referenced', 'cross_referenced', 'commented', 'closed')",1
"('created', 'labeled', 'cross_referenced', 'commented', 'committed', 'head_ref_force_pushed', 'closed', 'commented', 'head_ref_deleted')",1
"('created', 'labeled', 'cross_referenced', 'commented', 'committed', 'head_ref_force_pushed', 'commented', 'closed', 'head_ref_deleted')",1
"('created', 'labeled', 'cross_referenced', 'commented', 'committed', 'head_ref_force_pushed', 'reviewed', 'reviewed', 'merged', 'closed')",1
"('created', 'labeled', 'cross_referenced', 'commented', 'cross_referenced', 'commented', 'closed', 'commented', 'commented', 'mentioned', 'subscribed')",1
"('created', 'labeled', 'cross_referenced', 'commented', 'head_ref_force_pushed', 'head_ref_force_pushed', 'committed', 'head_ref_force_pushed', 'commented', 'closed', 'head_ref_deleted')",1
"('created', 'labeled', 'cross_referenced', 'commented', 'labeled', 'labeled', 'unlabeled', 'labeled', 'commented', 'mentioned', 'subscribed', 'referenced', 'cross_referenced', 'referenced', 'closed')",1
"('created', 'labeled', 'cross_referenced', 'commented', 'mentioned', 'subscribed', 'assigned', 'commented', 'labeled', 'unlabeled', 'closed')",1
"('created', 'labeled', 'cross_referenced', 'commented', 'mentioned', 'subscribed', 'commented', 'commented', 'commented', 'mentioned', 'subscribed', 'commented', 'commented', 'closed', 'reopened', 'cross_referenced', 'commented', 'commented', 'mentioned', 'subscribed', 'mentioned', 'subscribed', 'commented', 'commented', 'mentioned', 'subscribed', 'mentioned', 'subscribed', 'mentioned', 'subscribed', 'commented', 'mentioned', 'subscribed', 'commented', 'commented', 'mentioned', 'subscribed', 'commented', 'commented', 'commented', 'mentioned', 'subscribed', 'commented', 'commented', 'mentioned', 'subscribed', 'commented', 'commented', 'mentioned', 'subscribed', 'commented', 'cross_referenced', 'closed', 'commented', 'commented')",1
"('created', 'labeled', 'cross_referenced', 'commented', 'mentioned', 'subscribed', 'commented', 'cross_referenced', 'closed')",1
"('created', 'labeled', 'cross_referenced', 'commented', 'mentioned', 'subscribed', 'commented', 'mentioned', 'subscribed', 'mentioned', 'subscribed', 'commented', 'mentioned', 'subscribed', 'commented', 'commented', 'mentioned', 'subscribed', 'mentioned', 'subscribed', 'commented', 'closed')",1
"('created', 'labeled', 'cross_referenced', 'commented', 'mentioned', 'subscribed', 'cross_referenced', 'referenced', 'cross_referenced', 'referenced', 'referenced', 'referenced', 'commented', 'mentioned', 'subscribed', 'commented', 'commented', 'closed', 'referenced', 'commented', 'commented', 'mentioned', 'subscribed')",1
"('created', 'labeled', 'cross_referenced', 'commented', 'mentioned', 'subscribed', 'mentioned', 'subscribed', 'commented', 'commented', 'cross_referenced', 'commented', 'commented', 'commented', 'mentioned', 'subscribed', 'cross_referenced', 'commented', 'mentioned', 'subscribed', 'labeled', 'commented', 'commented', 'closed')",1
"('created', 'labeled', 'cross_referenced', 'committed', 'head_ref_force_pushed', 'commented', 'reviewed', 'merged', 'closed')",1
"('created', 'labeled', 'cross_referenced', 'committed', 'head_ref_force_pushed', 'cross_referenced', 'closed', 'commented', 'head_ref_deleted')",1
"('created', 'labeled', 'cross_referenced', 'cross_referenced', 'commented', 'commented', 'closed')",1
"('created', 'labeled', 'cross_referenced', 'cross_referenced', 'labeled', 'unlabeled', 'labeled', 'labeled', 'unlabeled', 'labeled', 'commented', 'commented', 'unlabeled', 'renamed', 'commented', 'closed', 'commented', 'mentioned', 'subscribed')",1
"('created', 'labeled', 'cross_referenced', 'cross_referenced', 'referenced', 'referenced', 'closed')",1
"('created', 'labeled', 'cross_referenced', 'labeled', 'commented', 'closed')",1
"('created', 'labeled', 'cross_referenced', 'labeled', 'labeled', 'commented', 'mentioned', 'subscribed', 'commented', 'closed')",1
"('created', 'labeled', 'cross_referenced', 'referenced', 'referenced', 'referenced', 'cross_referenced', 'cross_referenced', 'closed')",1
"('created', 'labeled', 'cross_referenced', 'referenced', 'referenced', 'referenced', 'referenced', 'cross_referenced', 'referenced', 'referenced', 'referenced', 'referenced', 'referenced', 'cross_referenced', 'referenced', 'referenced', 'referenced', 'closed')",1
"('created', 'labeled', 'cross_referenced', 'renamed', 'cross_referenced', 'referenced', 'cross_referenced', 'referenced', 'referenced', 'referenced', 'referenced', 'cross_referenced', 'closed')",1
"('created', 'labeled', 'head_ref_force_pushed', 'commented', 'ready_for_review', 'review_requested', 'review_requested', 'review_requested', 'committed', 'head_ref_force_pushed', 'reviewed', 'labeled', 'commented', 'mentioned', 'subscribed', 'mentioned', 'subscribed', 'mentioned', 'subscribed', 'reviewed', 'merged', 'closed')",1
"('created', 'labeled', 'head_ref_force_pushed', 'commented', 'renamed', 'head_ref_force_pushed', 'ready_for_review', 'review_requested', 'review_requested', 'review_requested', 'renamed', 'head_ref_force_pushed', 'reviewed', 'reviewed', 'reviewed', 'reviewed', 'cross_referenced', 'commented', 'cross_referenced', 'head_ref_force_pushed', 'reviewed', 'reviewed', 'renamed', 'head_ref_force_pushed', 'commented', 'reviewed', 'reviewed', 'head_ref_force_pushed', 'labeled', 'head_ref_force_pushed', 'renamed', 'head_ref_force_pushed', 'base_ref_changed', 'labeled', 'head_ref_force_pushed', 'milestoned', 'base_ref_force_pushed', 'base_ref_force_pushed', 'head_ref_force_pushed', 'head_ref_force_pushed', 'reviewed', 'head_ref_force_pushed', 'head_ref_force_pushed', 'committed', 'head_ref_force_pushed', 'base_ref_deleted', 'closed', 'cross_referenced')",1
"('created', 'labeled', 'head_ref_force_pushed', 'head_ref_force_pushed', 'head_ref_force_pushed', 'head_ref_force_pushed', 'committed', 'head_ref_force_pushed', 'ready_for_review', 'review_requested', 'review_requested', 'review_requested', 'commented', 'committed', 'reviewed', 'base_ref_changed', 'merged', 'closed', 'head_ref_deleted')",1
"('created', 'labeled', 'head_ref_force_pushed', 'head_ref_force_pushed', 'head_ref_force_pushed', 'head_ref_force_pushed', 'head_ref_force_pushed', 'committed', 'head_ref_force_pushed', 'commented', 'closed', 'head_ref_deleted')",1
"('created', 'labeled', 'head_ref_force_pushed', 'renamed', 'head_ref_force_pushed', 'head_ref_force_pushed', 'head_ref_force_pushed', 'head_ref_force_pushed', 'head_ref_force_pushed', 'head_ref_force_pushed', 'head_ref_force_pushed', 'head_ref_force_pushed', 'head_ref_force_pushed', 'head_ref_force_pushed', 'head_ref_force_pushed', 'head_ref_force_pushed', 'committed', 'committed', 'committed', 'committed', 'head_ref_force_pushed', 'committed', 'committed', 'committed', 'head_ref_force_pushed', 'commented', 'renamed', 'cross_referenced', 'review_requested', 'review_requested', 'commented', 'unlabeled', 'labeled', 'commented', 'committed', 'commented', 'commented', 'commented', 'closed')",1
"('created', 'labeled', 'labeled', 'assigned', 'cross_referenced', 'commented', 'closed', 'mentioned', 'subscribed', 'commented')",1
"('created', 'labeled', 'labeled', 'commented', 'base_ref_changed', 'head_ref_force_pushed', 'head_ref_force_pushed', 'base_ref_force_pushed', 'base_ref_force_pushed', 'base_ref_force_pushed', 'committed', 'committed', 'committed', 'head_ref_force_pushed', 'base_ref_deleted', 'closed')",1
"('created', 'labeled', 'labeled', 'commented', 'base_ref_force_pushed', 'labeled', 'unlabeled', 'committed', 'committed', 'committed', 'committed', 'committed', 'committed', 'committed', 'committed', 'committed', 'committed', 'committed', 'committed', 'committed', 'committed', 'head_ref_force_pushed', 'labeled', 'closed', 'head_ref_deleted')",1
"('created', 'review_requested', 'review_requested', 'review_requested', 'labeled', 'reviewed', 'head_ref_force_pushed', 'commented', 'committed', 'head_ref_force_pushed', 'commented', 'reviewed', 'merged', 'closed')",1
"('created', 'labeled', 'labeled', 'commented', 'closed', 'cross_referenced')",1
"('created', 'labeled', 'labeled', 'commented', 'commented', 'commented', 'commented', 'commented', 'cross_referenced', 'subscribed', 'cross_referenced', 'closed')",1
"('created', 'labeled', 'labeled', 'commented', 'commented', 'commented', 'mentioned', 'subscribed', 'labeled', 'unlabeled', 'unlabeled', 'labeled', 'commented', 'commented', 'commented', 'mentioned', 'subscribed', 'commented', 'mentioned', 'subscribed', 'cross_referenced', 'commented', 'labeled', 'commented', 'commented', 'commented', 'referenced', 'referenced', 'cross_referenced', 'referenced', 'closed', 'referenced')",1
"('created', 'labeled', 'labeled', 'commented', 'commented', 'labeled', 'cross_referenced', 'cross_referenced', 'cross_referenced', 'commented', 'closed')",1
"('created', 'labeled', 'labeled', 'commented', 'commented', 'mentioned', 'subscribed', 'commented', 'closed', 'mentioned', 'subscribed')",1
"('created', 'labeled', 'labeled', 'commented', 'commented', 'mentioned', 'subscribed', 'mentioned', 'subscribed', 'cross_referenced', 'commented', 'commented', 'closed', 'commented')",1
"('created', 'labeled', 'labeled', 'commented', 'commented', 'ready_for_review', 'review_requested', 'review_requested', 'review_requested', 'head_ref_force_pushed', 'review_requested', 'copilot_work_started', 'reviewed', 'committed', 'head_ref_force_pushed', 'auto_squash_enabled', 'reviewed', 'merged', 'closed', 'head_ref_deleted')",1
"('created', 'labeled', 'labeled', 'commented', 'commented', 'unlabeled', 'labeled', 'labeled', 'milestoned', 'subscribed', 'cross_referenced', 'closed')",1
"('created', 'labeled', 'labeled', 'commented', 'committed', 'committed', 'committed', 'head_ref_force_pushed', 'ready_for_review', 'review_requested', 'review_requested', 'review_requested', 'cross_referenced', 'referenced', 'referenced', 'labeled', 'reviewed', 'labeled', 'unlabeled', 'committed', 'labeled', 'unlabeled', 'labeled', 'committed', 'head_ref_force_pushed', 'committed', 'commented', 'mentioned', 'subscribed', 'reviewed', 'committed', 'reviewed', 'commented', 'committed', 'renamed', 'auto_squash_enabled', 'reviewed', 'commented', 'mentioned', 'subscribed', 'merged', 'closed', 'review_request_removed', 'review_request_removed', 'review_request_removed', 'review_requested', 'copilot_work_started', 'head_ref_deleted', 'reviewed', 'cross_referenced')",1
"('created', 'labeled', 'labeled', 'commented', 'cross_referenced', 'assigned', 'closed')",1
"('created', 'review_requested', 'review_requested', 'review_requested', 'labeled', 'reviewed', 'head_ref_force_pushed', 'commented', 'head_ref_force_pushed', 'cross_referenced', 'cross_referenced', 'cross_referenced', 'head_ref_force_pushed', 'base_ref_changed', 'head_ref_force_pushed', 'reviewed', 'milestoned', 'reviewed', 'head_ref_force_pushed', 'committed', 'head_ref_force_pushed', 'renamed', 'reviewed', 'merged', 'closed')",1
"('created', 'labeled', 'labeled', 'commented', 'head_ref_force_pushed', 'base_ref_force_pushed', 'head_ref_force_pushed', 'renamed', 'base_ref_force_pushed', 'committed', 'head_ref_force_pushed', 'ready_for_review', 'review_requested', 'review_requested', 'review_requested', 'reviewed', 'merged', 'closed', 'head_ref_deleted')",1
"('created', 'labeled', 'labeled', 'commented', 'labeled', 'cross_referenced', 'closed')",1
"('created', 'labeled', 'labeled', 'commented', 'mentioned', 'subscribed', 'commented', 'assigned', 'referenced', 'cross_referenced', 'closed', 'referenced')",1
"('created', 'labeled', 'labeled', 'commented', 'mentioned', 'subscribed', 'commented', 'closed', 'commented')",1
"('created', 'labeled', 'labeled', 'commented', 'mentioned', 'subscribed', 'commented', 'commented', 'commented', 'commented', 'commented', 'assigned', 'cross_referenced', 'commented', 'closed')",1
"('created', 'labeled', 'labeled', 'commented', 'mentioned', 'subscribed', 'commented', 'commented', 'unlabeled', 'unlabeled', 'labeled', 'commented', 'closed', 'cross_referenced', 'cross_referenced')",1
"('created', 'labeled', 'labeled', 'commented', 'mentioned', 'subscribed', 'commented', 'mentioned', 'subscribed', 'assigned', 'cross_referenced', 'closed')",1
"('created', 'labeled', 'labeled', 'commented', 'mentioned', 'subscribed', 'cross_referenced', 'commented', 'commented', 'closed')",1
"('created', 'labeled', 'labeled', 'commented', 'mentioned', 'subscribed', 'labeled', 'cross_referenced', 'closed')",1
"('created', 'labeled', 'labeled', 'commented', 'mentioned', 'subscribed', 'milestoned', 'unlabeled', 'labeled', 'labeled', 'commented', 'assigned', 'cross_referenced', 'commented', 'commented', 'labeled', 'unassigned', 'assigned', 'cross_referenced', 'closed')",1
"('created', 'labeled', 'labeled', 'commented', 'mentioned', 'subscribed', 'referenced', 'referenced', 'commented', 'cross_referenced', 'referenced', 'referenced', 'referenced', 'referenced', 'labeled', 'closed')",1
"('created', 'labeled', 'labeled', 'commented', 'ready_for_review', 'review_requested', 'review_requested', 'review_requested', 'base_ref_force_pushed', 'milestoned', 'convert_to_draft', 'commented', 'base_ref_force_pushed', 'base_ref_force_pushed', 'committed', 'head_ref_force_pushed', 'ready_for_review', 'cross_referenced', 'reviewed', 'merged', 'closed', 'head_ref_deleted')",1
"('created', 'labeled', 'labeled', 'commented', 'ready_for_review', 'review_requested', 'review_requested', 'review_requested', 'committed', 'head_ref_force_pushed', 'reviewed', 'merged', 'closed', 'cross_referenced', 'cross_referenced')",1
"('created', 'labeled', 'labeled', 'commented', 'ready_for_review', 'review_requested', 'review_requested', 'review_requested', 'cross_referenced', 'head_ref_force_pushed', 'commented', 'unlabeled', 'labeled', 'reviewed', 'committed', 'committed', 'committed', 'committed', 'head_ref_force_pushed', 'labeled', 'head_ref_force_pushed', 'head_ref_force_pushed', 'renamed', 'reviewed', 'committed', 'head_ref_force_pushed', 'reviewed', 'commented', 'commented', 'mentioned', 'subscribed', 'commented', 'reviewed', 'commented', 'mentioned', 'subscribed', 'base_ref_changed', 'reviewed', 'commented', 'committed', 'commented', 'mentioned', 'subscribed', 'commented', 'mentioned', 'subscribed', 'mentioned', 'subscribed', 'base_ref_changed', 'committed', 'commented', 'commented', 'mentioned', 'subscribed', 'mentioned', 'subscribed', 'commented', 'mentioned', 'subscribed', 'mentioned', 'subscribed', 'committed', 'committed', 'committed', 'commented', 'unlabeled', 'unlabeled', 'labeled', 'commented', 'commented', 'commented', 'commented', 'commented', 'mentioned', 'subscribed', 'committed', 'labeled', 'committed', 'committed', 'committed', 'commented', 'assigned', 'reviewed', 'base_ref_changed', 'merged', 'closed', 'referenced')",1
"('created', 'labeled', 'labeled', 'commented', 'ready_for_review', 'review_requested', 'review_requested', 'review_requested', 'milestoned', 'base_ref_changed', 'renamed', 'reviewed', 'head_ref_force_pushed', 'head_ref_force_pushed', 'reviewed', 'committed', 'head_ref_force_pushed', 'reviewed', 'merged', 'closed', 'head_ref_deleted')",1
"('created', 'labeled', 'labeled', 'commented', 'ready_for_review', 'review_requested', 'review_requested', 'review_requested', 'milestoned', 'reviewed', 'head_ref_force_pushed', 'reviewed', 'head_ref_force_pushed', 'head_ref_force_pushed', 'reviewed', 'unlabeled', 'labeled', 'head_ref_force_pushed', 'labeled', 'head_ref_force_pushed', 'base_ref_force_pushed', 'committed', 'committed', 'committed', 'committed', 'head_ref_force_pushed', 'reviewed', 'committed', 'merged', 'closed')",1
"('created', 'labeled', 'labeled', 'commented', 'ready_for_review', 'review_requested', 'review_requested', 'review_requested', 'reviewed', 'head_ref_force_pushed', 'head_ref_force_pushed', 'head_ref_force_pushed', 'reviewed', 'labeled', 'unlabeled', 'head_ref_force_pushed', 'labeled', 'committed', 'committed', 'head_ref_force_pushed', 'base_ref_changed', 'commented', 'merged', 'closed')",1
"('created', 'labeled', 'labeled', 'commented', 'ready_for_review', 'review_requested', 'review_requested', 'review_requested', 'reviewed', 'reviewed', 'commented', 'mentioned', 'subscribed', 'mentioned', 'subscribed', 'commented', 'commented', 'commented', 'head_ref_force_pushed', 'convert_to_draft', 'commented', 'mentioned', 'subscribed', 'base_ref_changed', 'commented', 'mentioned', 'subscribed', 'head_ref_force_pushed', 'head_ref_force_pushed', 'ready_for_review', 'commented', 'mentioned', 'subscribed', 'review_requested', 'reviewed', 'commented', 'reviewed', 'head_ref_force_pushed', 'review_requested', 'base_ref_changed', 'commented', 'head_ref_force_pushed', 'commented', 'mentioned', 'subscribed', 'committed', 'head_ref_force_pushed', 'commented', 'mentioned', 'subscribed', 'renamed', 'merged', 'closed', 'commented', 'cross_referenced', 'cross_referenced')",1
"('created', 'labeled', 'labeled', 'commented', 'reviewed', 'commented', 'ready_for_review', 'review_requested', 'review_requested', 'commented', 'review_requested', 'copilot_work_started', 'reviewed', 'cross_referenced', 'commented', 'mentioned', 'subscribed', 'committed', 'head_ref_force_pushed', 'merged', 'closed', 'head_ref_deleted', 'cross_referenced')",1
"('created', 'labeled', 'labeled', 'commented', 'unlabeled', 'labeled', 'commented', 'cross_referenced', 'assigned', 'unlabeled', 'labeled', 'commented', 'closed')",1
"('created', 'labeled', 'labeled', 'commented', 'unlabeled', 'labeled', 'issue_type_added', 'mentioned', 'subscribed', 'commented', 'mentioned', 'subscribed', 'assigned', 'commented', 'cross_referenced', 'cross_referenced', 'subscribed', 'cross_referenced', 'commented', 'closed', 'mentioned', 'subscribed')",1
"('created', 'labeled', 'labeled', 'committed', 'head_ref_force_pushed', 'ready_for_review', 'review_requested', 'review_requested', 'review_requested', 'commented', 'reviewed', 'merged', 'closed')",1
"('created', 'labeled', 'labeled', 'cross_referenced', 'closed')",1
"('created', 'labeled', 'labeled', 'cross_referenced', 'commented', 'closed')",1
"('created', 'review_requested', 'review_requested', 'review_requested', 'labeled', 'reviewed', 'labeled', 'unlabeled', 'commented', 'labeled', 'unlabeled', 'review_requested', 'labeled', 'commented', 'commented', 'base_ref_force_pushed', 'committed', 'committed', 'head_ref_force_pushed', 'reviewed', 'merged', 'closed', 'head_ref_deleted', 'cross_referenced', 'cross_referenced', 'cross_referenced')",1
"('created', 'labeled', 'labeled', 'cross_referenced', 'labeled', 'referenced', 'cross_referenced', 'referenced', 'referenced', 'referenced', 'referenced', 'referenced', 'referenced', 'referenced', 'referenced', 'referenced', 'referenced', 'referenced', 'referenced', 'referenced', 'referenced', 'referenced', 'referenced', 'referenced', 'referenced', 'referenced', 'closed')",1
"('created', 'labeled', 'labeled', 'cross_referenced', 'milestoned', 'unlabeled', 'labeled', 'commented', 'closed')",1
"('created', 'labeled', 'labeled', 'cross_referenced', 'referenced', 'referenced', 'cross_referenced', 'closed', 'referenced', 'referenced')",1
"('created', 'labeled', 'labeled', 'cross_referenced', 'renamed', 'closed')",1
"('created', 'labeled', 'labeled', 'cross_referenced', 'renamed', 'commented', 'subscribed', 'commented', 'assigned', 'unassigned', 'commented', 'mentioned', 'subscribed', 'commented', 'commented', 'assigned', 'unlabeled', 'commented', 'mentioned', 'subscribed', 'mentioned', 'subscribed', 'issue_type_added', 'labeled', 'commented', 'commented', 'cross_referenced', 'commented', 'mentioned', 'subscribed', 'commented', 'mentioned', 'subscribed', 'commented', 'commented', 'mentioned', 'subscribed', 'mentioned', 'subscribed', 'mentioned', 'subscribed', 'commented', 'closed')",1
"('created', 'labeled', 'labeled', 'cross_referenced', 'unlabeled', 'commented', 'commented', 'commented', 'commented', 'commented', 'commented', 'commented', 'commented', 'cross_referenced', 'commented', 'cross_referenced', 'commented', 'commented', 'renamed', 'labeled', 'commented', 'mentioned', 'subscribed', 'cross_referenced', 'cross_referenced', 'commented', 'closed', 'unsubscribed')",1
"('created', 'labeled', 'labeled', 'head_ref_force_pushed', 'commented', 'head_ref_force_pushed', 'head_ref_force_pushed', 'ready_for_review', 'review_requested', 'review_requested', 'review_requested', 'commented', 'commented', 'reviewed', 'commented', 'head_ref_force_pushed', 'reviewed', 'commented', 'head_ref_force_pushed', 'reviewed', 'committed', 'committed', 'committed', 'committed', 'committed', 'committed', 'committed', 'committed', 'committed', 'committed', 'head_ref_force_pushed', 'committed', 'reviewed', 'merged', 'closed', 'cross_referenced', 'cross_referenced', 'head_ref_deleted')",1
"('created', 'labeled', 'labeled', 'head_ref_force_pushed', 'commented', 'mentioned', 'subscribed', 'mentioned', 'subscribed', 'renamed', 'commented', 'commented', 'mentioned', 'subscribed', 'commented', 'commented', 'commented', 'commented', 'commented', 'commented', 'milestoned', 'head_ref_force_pushed', 'cross_referenced', 'cross_referenced', 'commented', 'ready_for_review', 'review_requested', 'review_requested', 'head_ref_force_pushed', 'commented', 'mentioned', 'subscribed', 'commented', 'mentioned', 'subscribed', 'cross_referenced', 'commented', 'commented', 'mentioned', 'subscribed', 'commented', 'committed', 'committed', 'committed', 'committed', 'committed', 'committed', 'committed', 'committed', 'committed', 'committed', 'committed', 'committed', 'committed', 'committed', 'committed', 'committed', 'committed', 'committed', 'committed', 'committed', 'committed', 'committed', 'committed', 'committed', 'committed', 'committed', 'committed', 'committed', 'committed', 'committed', 'committed', 'committed', 'committed', 'committed', 'committed', 'committed', 'committed', 'committed', 'committed', 'committed', 'committed', 'committed', 'committed', 'committed', 'committed', 'committed', 'committed', 'committed', 'committed', 'committed', 'committed', 'committed', 'committed', 'committed', 'committed', 'committed', 'committed', 'committed', 'committed', 'committed', 'committed', 'committed', 'committed', 'committed', 'head_ref_force_pushed', 'commented', 'mentioned', 'subscribed', 'commented', 'commented', 'committed', 'committed', 'committed', 'committed', 'committed', 'committed', 'committed', 'committed', 'committed', 'committed', 'committed', 'committed', 'committed', 'commented', 'committed', 'committed', 'committed', 'commented', 'commented', 'merged', 'closed', 'head_ref_deleted', 'cross_referenced')",1
"('created', 'labeled', 'labeled', 'head_ref_force_pushed', 'head_ref_force_pushed', 'commented', 'head_ref_force_pushed', 'ready_for_review', 'review_requested', 'review_requested', 'review_requested', 'reviewed', 'base_ref_force_pushed', 'labeled', 'unlabeled', 'milestoned', 'commented', 'head_ref_force_pushed', 'labeled', 'head_ref_force_pushed', 'review_requested', 'commented', 'renamed', 'reviewed', 'unlabeled', 'base_ref_force_pushed', 'head_ref_force_pushed', 'labeled', 'head_ref_force_pushed', 'reviewed', 'base_ref_force_pushed', 'committed', 'head_ref_force_pushed', 'cross_referenced', 'reviewed', 'merged', 'closed', 'head_ref_deleted')",1
"('created', 'labeled', 'labeled', 'head_ref_force_pushed', 'head_ref_force_pushed', 'head_ref_force_pushed', 'ready_for_review', 'review_requested', 'review_requested', 'review_requested', 'reviewed', 'head_ref_force_pushed', 'commented', 'head_ref_force_pushed', 'cross_referenced', 'head_ref_force_pushed', 'head_ref_force_pushed', 'head_ref_force_pushed', 'reviewed', 'milestoned', 'head_ref_force_pushed', 'reviewed', 'head_ref_force_pushed', 'head_ref_force_pushed', 'reviewed', 'head_ref_force_pushed', 'base_ref_changed', 'reviewed', 'demilestoned', 'milestoned', 'unlabeled', 'committed', 'head_ref_force_pushed', 'labeled', 'committed', 'head_ref_force_pushed', 'committed', 'merged', 'closed')",1
"('created', 'labeled', 'labeled', 'head_ref_force_pushed', 'ready_for_review', 'review_requested', 'review_requested', 'review_requested', 'commented', 'head_ref_force_pushed', 'renamed', 'head_ref_force_pushed', 'reviewed', 'milestoned', 'committed', 'head_ref_force_pushed', 'reviewed', 'merged', 'closed', 'head_ref_deleted')",1
"('created', 'labeled', 'labeled', 'labeled', 'closed')",1
"('created', 'labeled', 'labeled', 'labeled', 'commented', 'assigned', 'unlabeled', 'unlabeled', 'labeled', 'commented', 'subscribed', 'cross_referenced', 'commented', 'commented', 'subscribed', 'commented', 'closed', 'commented', 'subscribed')",1
"('created', 'labeled', 'labeled', 'labeled', 'commented', 'closed', 'cross_referenced')",1
"('created', 'labeled', 'labeled', 'labeled', 'commented', 'commented', 'commented', 'commented', 'closed')",1
"('created', 'labeled', 'labeled', 'labeled', 'commented', 'commented', 'mentioned', 'subscribed', 'closed')",1
"('created', 'labeled', 'labeled', 'labeled', 'commented', 'cross_referenced', 'assigned', 'unlabeled', 'unlabeled', 'unlabeled', 'labeled', 'closed')",1
"('created', 'labeled', 'labeled', 'labeled', 'commented', 'head_ref_force_pushed', 'committed', 'head_ref_force_pushed', 'commented', 'closed', 'commented', 'mentioned', 'subscribed', 'commented', 'commented')",1
"('created', 'labeled', 'labeled', 'labeled', 'commented', 'mentioned', 'subscribed', 'commented', 'assigned', 'unlabeled', 'commented', 'referenced', 'cross_referenced', 'referenced', 'referenced', 'commented', 'closed')",1
"('created', 'labeled', 'labeled', 'labeled', 'commented', 'mentioned', 'subscribed', 'unlabeled', 'labeled', 'commented', 'closed')",1
"('created', 'labeled', 'labeled', 'labeled', 'commented', 'milestoned', 'ready_for_review', 'review_requested', 'review_requested', 'review_requested', 'head_ref_force_pushed', 'committed', 'committed', 'head_ref_force_pushed', 'reviewed', 'merged', 'closed', 'head_ref_deleted')",1
"('created', 'review_requested', 'review_requested', 'review_requested', 'labeled', 'reviewed', 'reviewed', 'labeled', 'unlabeled', 'base_ref_force_pushed', 'committed', 'head_ref_force_pushed', 'labeled', 'commented', 'committed', 'committed', 'reviewed', 'merged', 'closed', 'head_ref_deleted', 'cross_referenced', 'cross_referenced', 'cross_referenced')",1
"('created', 'labeled', 'labeled', 'labeled', 'cross_referenced', 'unlabeled', 'closed')",1
"('created', 'labeled', 'labeled', 'labeled', 'labeled', 'commented', 'mentioned', 'subscribed', 'commented', 'mentioned', 'subscribed', 'commented', 'mentioned', 'subscribed', 'commented', 'commented', 'labeled', 'unlabeled', 'cross_referenced', 'commented', 'commented', 'closed')",1
"('created', 'labeled', 'labeled', 'labeled', 'labeled', 'unlabeled', 'commented', 'commented', 'mentioned', 'subscribed', 'commented', 'mentioned', 'subscribed', 'commented', 'commented', 'cross_referenced', 'commented', 'closed')",1
"('created', 'labeled', 'labeled', 'labeled', 'labeled', 'unlabeled', 'commented', 'mentioned', 'subscribed', 'commented', 'assigned', 'commented', 'mentioned', 'subscribed', 'cross_referenced', 'labeled', 'unlabeled', 'closed')",1
"('created', 'labeled', 'labeled', 'labeled', 'labeled', 'unlabeled', 'commented', 'referenced', 'cross_referenced', 'commented', 'commented', 'cross_referenced', 'referenced', 'referenced', 'referenced', 'commented', 'referenced', 'closed', 'closed', 'commented', 'referenced', 'commented', 'cross_referenced')",1
"('created', 'labeled', 'labeled', 'labeled', 'labeled', 'unlabeled', 'cross_referenced', 'referenced', 'closed')",1
"('created', 'labeled', 'labeled', 'labeled', 'labeled', 'unlabeled', 'labeled', 'commented', 'mentioned', 'subscribed', 'commented', 'mentioned', 'subscribed', 'commented', 'assigned', 'commented', 'mentioned', 'subscribed', 'mentioned', 'subscribed', 'commented', 'cross_referenced', 'cross_referenced', 'cross_referenced', 'commented', 'commented', 'cross_referenced', 'referenced', 'referenced', 'referenced', 'referenced', 'cross_referenced', 'closed', 'referenced')",1
"('created', 'labeled', 'labeled', 'labeled', 'labeled', 'unlabeled', 'referenced', 'cross_referenced', 'referenced', 'closed')",1
"('created', 'labeled', 'labeled', 'labeled', 'mentioned', 'subscribed', 'mentioned', 'subscribed', 'commented', 'mentioned', 'subscribed', 'mentioned', 'subscribed', 'commented', 'commented', 'commented', 'cross_referenced', 'commented', 'cross_referenced', 'commented', 'milestoned', 'commented', 'unlabeled', 'labeled', 'commented', 'commented', 'commented', 'commented', 'commented', 'commented', 'commented', 'assigned', 'demilestoned', 'milestoned', 'commented', 'unlabeled', 'issue_type_added', 'labeled', 'commented', 'commented', 'commented', 'cross_referenced', 'cross_referenced', 'commented', 'commented', 'commented', 'closed', 'commented', 'reopened', 'labeled', 'closed', 'commented', 'cross_referenced')",1
"('created', 'labeled', 'labeled', 'labeled', 'referenced', 'cross_referenced', 'commented', 'labeled', 'unlabeled', 'unlabeled', 'commented', 'assigned', 'cross_referenced', 'closed')",1
"('created', 'labeled', 'labeled', 'labeled', 'referenced', 'referenced', 'referenced', 'cross_referenced', 'referenced', 'referenced', 'referenced', 'commented', 'closed', 'referenced', 'referenced')",1
"('created', 'labeled', 'labeled', 'labeled', 'renamed', 'cross_referenced', 'closed')",1
"('created', 'labeled', 'labeled', 'labeled', 'renamed', 'labeled', 'unlabeled', 'issue_type_added', 'cross_referenced', 'commented', 'mentioned', 'subscribed', 'closed')",1
"('created', 'labeled', 'labeled', 'labeled', 'renamed', 'unlabeled', 'issue_type_added', 'commented', 'commented', 'assigned', 'cross_referenced', 'closed')",1
"('created', 'labeled', 'labeled', 'labeled', 'renamed', 'unlabeled', 'labeled', 'cross_referenced', 'closed')",1
"('created', 'labeled', 'labeled', 'labeled', 'review_requested', 'review_requested', 'labeled', 'committed', 'head_ref_force_pushed', 'commented', 'cross_referenced', 'reviewed', 'merged', 'closed', 'commented', 'mentioned', 'subscribed', 'mentioned', 'subscribed', 'commented', 'commented', 'commented', 'head_ref_deleted', 'commented')",1
"('created', 'labeled', 'labeled', 'labeled', 'review_requested', 'review_requested', 'labeled', 'head_ref_force_pushed', 'committed', 'committed', 'head_ref_force_pushed', 'commented', 'commented', 'mentioned', 'subscribed', 'commented', 'reviewed', 'commented', 'merged', 'closed', 'commented', 'reviewed', 'cross_referenced', 'cross_referenced')",1
"('created', 'labeled', 'labeled', 'labeled', 'unlabeled', 'commented', 'cross_referenced', 'assigned', 'labeled', 'closed')",1
"('created', 'labeled', 'labeled', 'labeled', 'unlabeled', 'commented', 'mentioned', 'subscribed', 'mentioned', 'subscribed', 'mentioned', 'subscribed', 'assigned', 'assigned', 'commented', 'closed', 'unlabeled', 'labeled', 'cross_referenced')",1
"('created', 'labeled', 'labeled', 'labeled', 'unlabeled', 'cross_referenced', 'assigned', 'labeled', 'labeled', 'commented', 'connected', 'commented', 'closed')",1
"('created', 'labeled', 'labeled', 'labeled', 'unlabeled', 'cross_referenced', 'commented', 'closed')",1
"('created', 'labeled', 'labeled', 'labeled', 'unlabeled', 'issue_type_added', 'commented', 'commented', 'commented', 'commented', 'renamed', 'renamed', 'referenced', 'cross_referenced', 'assigned', 'unlabeled', 'closed')",1
"('created', 'labeled', 'labeled', 'labeled', 'unlabeled', 'issue_type_added', 'labeled', 'cross_referenced', 'closed')",1
"('created', 'labeled', 'labeled', 'labeled', 'unlabeled', 'labeled', 'commented', 'mentioned', 'subscribed', 'commented', 'mentioned', 'subscribed', 'assigned', 'cross_referenced', 'closed')",1
"('created', 'labeled', 'labeled', 'labeled', 'unlabeled', 'labeled', 'referenced', 'cross_referenced', 'referenced', 'referenced', 'closed')",1
"('created', 'labeled', 'labeled', 'labeled', 'unlabeled', 'referenced', 'cross_referenced', 'closed', 'referenced')",1
"('created', 'labeled', 'labeled', 'milestoned', 'commented', 'ready_for_review', 'review_requested', 'review_requested', 'review_requested', 'base_ref_changed', 'renamed', 'head_ref_force_pushed', 'committed', 'head_ref_force_pushed', 'committed', 'head_ref_force_pushed', 'reviewed', 'merged', 'closed')",1
"('created', 'labeled', 'labeled', 'milestoned', 'commented', 'ready_for_review', 'review_requested', 'review_requested', 'review_requested', 'committed', 'head_ref_force_pushed', 'base_ref_changed', 'reviewed', 'merged', 'closed')",1
"('created', 'labeled', 'labeled', 'referenced', 'closed')",1
"('created', 'labeled', 'labeled', 'referenced', 'cross_referenced', 'closed', 'referenced', 'referenced')",1
"('created', 'labeled', 'labeled', 'referenced', 'cross_referenced', 'referenced', 'commented', 'closed')",1
"('created', 'labeled', 'labeled', 'renamed', 'unlabeled', 'labeled', 'labeled', 'issue_type_added', 'milestoned', 'cross_referenced', 'closed')",1
"('created', 'labeled', 'labeled', 'review_requested', 'review_requested', 'commented', 'cross_referenced', 'head_ref_force_pushed', 'reviewed', 'commented', 'committed', 'head_ref_force_pushed', 'renamed', 'merged', 'closed', 'head_ref_deleted', 'cross_referenced')",1
"('created', 'labeled', 'labeled', 'review_requested', 'review_requested', 'labeled', 'committed', 'head_ref_force_pushed', 'commented', 'reviewed', 'merged', 'closed', 'head_ref_deleted', 'cross_referenced')",1
"('created', 'labeled', 'labeled', 'review_requested', 'review_requested', 'labeled', 'renamed', 'head_ref_force_pushed', 'head_ref_force_pushed', 'head_ref_force_pushed', 'head_ref_force_pushed', 'commented', 'reviewed', 'committed', 'head_ref_force_pushed', 'merged', 'closed', 'head_ref_deleted', 'cross_referenced')",1
"('created', 'labeled', 'labeled', 'reviewed', 'reviewed', 'commented', 'reviewed', 'ready_for_review', 'review_requested', 'review_requested', 'review_requested', 'head_ref_force_pushed', 'convert_to_draft', 'commented', 'reviewed', 'cross_referenced', 'head_ref_force_pushed', 'ready_for_review', 'commented', 'head_ref_force_pushed', 'cross_referenced', 'cross_referenced', 'reviewed', 'labeled', 'unlabeled', 'milestoned', 'labeled', 'head_ref_force_pushed', 'head_ref_force_pushed', 'reviewed', 'cross_referenced', 'cross_referenced', 'cross_referenced', 'cross_referenced', 'head_ref_force_pushed', 'head_ref_force_pushed', 'head_ref_force_pushed', 'commented', 'cross_referenced', 'reviewed', 'cross_referenced', 'cross_referenced', 'committed', 'head_ref_force_pushed', 'cross_referenced', 'cross_referenced', 'cross_referenced', 'merged', 'closed', 'head_ref_deleted')",1
"('created', 'labeled', 'labeled', 'subscribed', 'commented', 'commented', 'commented', 'mentioned', 'subscribed', 'cross_referenced', 'commented', 'mentioned', 'subscribed', 'cross_referenced', 'commented', 'commented', 'mentioned', 'subscribed', 'commented', 'commented', 'mentioned', 'subscribed', 'commented', 'commented', 'referenced', 'cross_referenced', 'commented', 'mentioned', 'subscribed', 'mentioned', 'subscribed', 'commented', 'mentioned', 'subscribed', 'referenced', 'commented', 'mentioned', 'subscribed', 'commented', 'unlabeled', 'labeled', 'labeled', 'labeled', 'unlabeled', 'referenced', 'commented', 'referenced', 'closed', 'referenced')",1
"('created', 'labeled', 'labeled', 'unlabeled', 'commented', 'closed', 'mentioned', 'subscribed')",1
"('created', 'labeled', 'labeled', 'unlabeled', 'commented', 'commented', 'commented', 'closed', 'commented')",1
"('created', 'labeled', 'labeled', 'unlabeled', 'commented', 'commented', 'commented', 'commented', 'closed')",1
"('created', 'labeled', 'labeled', 'unlabeled', 'commented', 'commented', 'commented', 'labeled', 'labeled', 'labeled', 'unlabeled', 'commented', 'closed')",1
"('created', 'labeled', 'labeled', 'unlabeled', 'commented', 'cross_referenced', 'cross_referenced', 'cross_referenced', 'cross_referenced', 'commented', 'closed')",1
"('created', 'labeled', 'labeled', 'unlabeled', 'commented', 'labeled', 'commented', 'closed')",1
"('created', 'labeled', 'labeled', 'unlabeled', 'commented', 'mentioned', 'subscribed', 'assigned', 'referenced', 'referenced', 'cross_referenced', 'renamed', 'referenced', 'referenced', 'referenced', 'referenced', 'referenced', 'referenced', 'closed')",1
"('created', 'labeled', 'labeled', 'unlabeled', 'cross_referenced', 'cross_referenced', 'closed')",1
"('created', 'labeled', 'labeled', 'unlabeled', 'labeled', 'assigned', 'commented', 'cross_referenced', 'referenced', 'referenced', 'referenced', 'referenced', 'closed', 'closed', 'referenced', 'referenced')",1
"('created', 'labeled', 'labeled', 'unlabeled', 'labeled', 'commented', 'cross_referenced', 'subscribed', 'commented', 'mentioned', 'subscribed', 'commented', 'commented', 'closed', 'mentioned', 'subscribed')",1
"('created', 'labeled', 'labeled', 'unlabeled', 'labeled', 'commented', 'mentioned', 'subscribed', 'assigned', 'commented', 'commented', 'mentioned', 'subscribed', 'cross_referenced', 'commented', 'closed')",1
"('created', 'labeled', 'labeled', 'unlabeled', 'labeled', 'commented', 'mentioned', 'subscribed', 'commented', 'mentioned', 'subscribed', 'assigned', 'cross_referenced', 'commented', 'closed')",1
"('created', 'labeled', 'labeled', 'unlabeled', 'labeled', 'issue_type_added', 'labeled', 'cross_referenced', 'closed')",1
"('created', 'labeled', 'labeled', 'unlabeled', 'labeled', 'labeled', 'commented', 'mentioned', 'subscribed', 'commented', 'commented', 'cross_referenced', 'commented', 'closed')",1
"('created', 'labeled', 'labeled', 'unlabeled', 'labeled', 'labeled', 'commented', 'mentioned', 'subscribed', 'cross_referenced', 'referenced', 'commented', 'closed', 'mentioned', 'subscribed')",1
"('created', 'labeled', 'labeled', 'unlabeled', 'labeled', 'labeled', 'unlabeled', 'issue_type_added', 'cross_referenced', 'closed')",1
"('created', 'labeled', 'labeled', 'unlabeled', 'labeled', 'renamed', 'labeled', 'commented', 'commented', 'referenced', 'cross_referenced', 'referenced', 'referenced', 'closed', 'closed', 'referenced', 'referenced')",1
"('created', 'labeled', 'labeled', 'unlabeled', 'labeled', 'unlabeled', 'commented', 'mentioned', 'subscribed', 'mentioned', 'subscribed', 'commented', 'labeled', 'commented', 'mentioned', 'subscribed', 'unlabeled', 'labeled', 'assigned', 'commented', 'labeled', 'cross_referenced', 'closed')",1
"('created', 'labeled', 'labeled', 'unlabeled', 'unlabeled', 'labeled', 'commented', 'assigned', 'referenced', 'cross_referenced', 'cross_referenced', 'closed')",1
"('created', 'labeled', 'labeled', 'unlabeled', 'unlabeled', 'labeled', 'referenced', 'cross_referenced', 'referenced', 'closed', 'referenced')",1
"('created', 'labeled', 'mentioned', 'subscribed', 'commented', 'commented', 'closed', 'reopened', 'commented', 'commented', 'commented', 'closed')",1
"('created', 'labeled', 'mentioned', 'subscribed', 'cross_referenced', 'commented', 'commented', 'commented', 'cross_referenced', 'commented', 'commented', 'closed')",1
"('created', 'labeled', 'mentioned', 'subscribed', 'labeled', 'commented', 'assigned', 'commented', 'commented', 'commented', 'mentioned', 'subscribed', 'labeled', 'unlabeled', 'commented', 'commented', 'labeled', 'labeled', 'unlabeled', 'unassigned', 'assigned', 'unassigned', 'cross_referenced', 'commented', 'closed')",1
"('created', 'labeled', 'mentioned', 'subscribed', 'labeled', 'commented', 'cross_referenced', 'closed')",1
"('created', 'labeled', 'mentioned', 'subscribed', 'labeled', 'commented', 'mentioned', 'subscribed', 'unsubscribed', 'commented', 'commented', 'commented', 'closed')",1
"('created', 'labeled', 'mentioned', 'subscribed', 'labeled', 'cross_referenced', 'commented', 'commented', 'commented', 'cross_referenced', 'commented', 'closed')",1
"('created', 'labeled', 'parent_issue_added', 'labeled', 'issue_type_added', 'cross_referenced', 'unlabeled', 'labeled', 'labeled', 'cross_referenced', 'cross_referenced', 'closed')",1
"('created', 'labeled', 'pinned', 'unpinned', 'closed')",1
"('created', 'labeled', 'ready_for_review', 'review_requested', 'review_requested', 'review_requested', 'commented', 'reviewed', 'labeled', 'unlabeled', 'cross_referenced', 'committed', 'head_ref_force_pushed', 'labeled', 'labeled', 'base_ref_changed', 'merged', 'closed', 'head_ref_deleted')",1
"('created', 'labeled', 'ready_for_review', 'review_requested', 'review_requested', 'review_requested', 'convert_to_draft', 'commented', 'committed', 'ready_for_review', 'reviewed', 'merged', 'closed', 'head_ref_deleted')",1
"('created', 'labeled', 'referenced', 'closed')",1
"('created', 'labeled', 'referenced', 'cross_referenced', 'closed')",1
"('created', 'labeled', 'referenced', 'cross_referenced', 'closed', 'referenced')",1
"('created', 'labeled', 'referenced', 'cross_referenced', 'commented', 'closed')",1
"('created', 'labeled', 'referenced', 'cross_referenced', 'referenced', 'referenced', 'referenced', 'cross_referenced', 'referenced', 'referenced', 'referenced', 'closed', 'referenced')",1
"('created', 'labeled', 'referenced', 'referenced', 'cross_referenced', 'labeled', 'unlabeled', 'closed', 'referenced')",1
"('created', 'labeled', 'referenced', 'referenced', 'referenced', 'cross_referenced', 'commented', 'referenced', 'closed', 'referenced', 'commented', 'cross_referenced')",1
"('created', 'labeled', 'referenced', 'referenced', 'referenced', 'referenced', 'commented', 'commented', 'commented', 'commented', 'mentioned', 'subscribed', 'commented', 'referenced', 'commented', 'mentioned', 'subscribed', 'commented', 'referenced', 'cross_referenced', 'closed', 'cross_referenced', 'referenced', 'referenced', 'referenced', 'referenced')",1
"('created', 'labeled', 'renamed', 'closed')",1
"('created', 'labeled', 'renamed', 'commented', 'closed')",1
"('created', 'labeled', 'renamed', 'commented', 'closed', 'mentioned', 'subscribed')",1
"('created', 'review_requested', 'review_requested', 'review_requested', 'mentioned', 'subscribed', 'labeled', 'labeled', 'committed', 'head_ref_force_pushed', 'reviewed', 'unlabeled', 'merged', 'closed', 'head_ref_deleted')",1
"('created', 'labeled', 'renamed', 'commented', 'commented', 'closed', 'mentioned', 'subscribed')",1
"('created', 'labeled', 'renamed', 'commented', 'commented', 'commented', 'assigned', 'cross_referenced', 'commented', 'closed', 'cross_referenced', 'cross_referenced')",1
"('created', 'labeled', 'renamed', 'commented', 'commented', 'commented', 'commented', 'closed')",1
"('created', 'labeled', 'renamed', 'commented', 'commented', 'commented', 'commented', 'mentioned', 'subscribed', 'commented', 'mentioned', 'subscribed', 'commented', 'commented', 'commented', 'commented', 'closed')",1
"('created', 'labeled', 'renamed', 'commented', 'commented', 'cross_referenced', 'commented', 'closed')",1
"('created', 'labeled', 'renamed', 'commented', 'commented', 'mentioned', 'subscribed', 'commented', 'cross_referenced', 'commented', 'closed')",1
"('created', 'labeled', 'renamed', 'commented', 'cross_referenced', 'closed')",1
"('created', 'labeled', 'renamed', 'commented', 'cross_referenced', 'commented', 'closed')",1
"('created', 'labeled', 'renamed', 'commented', 'cross_referenced', 'commented', 'commented', 'mentioned', 'subscribed', 'cross_referenced', 'labeled', 'unlabeled', 'commented', 'mentioned', 'subscribed', 'mentioned', 'subscribed', 'cross_referenced', 'commented', 'mentioned', 'subscribed', 'issue_type_added', 'commented', 'commented', 'closed')",1
"('created', 'labeled', 'renamed', 'commented', 'cross_referenced', 'labeled', 'commented', 'commented', 'cross_referenced', 'unlabeled', 'labeled', 'closed')",1
"('created', 'labeled', 'renamed', 'commented', 'labeled', 'commented', 'mentioned', 'subscribed', 'assigned', 'unassigned', 'assigned', 'commented', 'mentioned', 'subscribed', 'commented', 'closed')",1
"('created', 'labeled', 'renamed', 'commented', 'mentioned', 'subscribed', 'commented', 'commented', 'commented', 'commented', 'commented', 'closed')",1
"('created', 'labeled', 'renamed', 'commented', 'mentioned', 'subscribed', 'commented', 'commented', 'mentioned', 'subscribed', 'mentioned', 'subscribed', 'commented', 'mentioned', 'subscribed', 'cross_referenced', 'labeled', 'assigned', 'cross_referenced', 'closed')",1
"('created', 'labeled', 'renamed', 'commented', 'mentioned', 'subscribed', 'commented', 'labeled', 'labeled', 'referenced', 'cross_referenced', 'referenced', 'closed', 'cross_referenced')",1
"('created', 'labeled', 'renamed', 'commented', 'mentioned', 'subscribed', 'commented', 'referenced', 'cross_referenced', 'commented', 'closed', 'referenced', 'cross_referenced')",1
"('created', 'labeled', 'renamed', 'commented', 'mentioned', 'subscribed', 'cross_referenced', 'commented', 'mentioned', 'subscribed', 'referenced', 'cross_referenced', 'referenced', 'referenced', 'referenced', 'referenced', 'referenced', 'commented', 'closed')",1
"('created', 'labeled', 'renamed', 'commented', 'mentioned', 'subscribed', 'labeled', 'commented', 'commented', 'mentioned', 'subscribed', 'mentioned', 'subscribed', 'commented', 'closed', 'cross_referenced', 'commented', 'mentioned', 'subscribed', 'mentioned', 'subscribed', 'mentioned', 'subscribed')",1
"('created', 'labeled', 'renamed', 'commented', 'mentioned', 'subscribed', 'labeled', 'commented', 'labeled', 'labeled', 'labeled', 'unlabeled', 'unlabeled', 'unlabeled', 'unlabeled', 'labeled', 'labeled', 'commented', 'mentioned', 'subscribed', 'cross_referenced', 'commented', 'closed', 'mentioned', 'subscribed')",1
"('created', 'labeled', 'renamed', 'commented', 'mentioned', 'subscribed', 'labeled', 'commented', 'mentioned', 'subscribed', 'commented', 'commented', 'commented', 'mentioned', 'subscribed', 'commented', 'commented', 'commented', 'commented', 'unlabeled', 'labeled', 'commented', 'closed')",1
"('created', 'labeled', 'renamed', 'commented', 'mentioned', 'subscribed', 'mentioned', 'subscribed', 'mentioned', 'subscribed', 'labeled', 'unlabeled', 'labeled', 'commented', 'mentioned', 'subscribed', 'commented', 'mentioned', 'subscribed', 'unlabeled', 'labeled', 'labeled', 'referenced', 'cross_referenced', 'assigned', 'referenced', 'closed', 'referenced', 'referenced', 'referenced')",1
"('created', 'labeled', 'renamed', 'commented', 'referenced', 'referenced', 'commented', 'referenced', 'closed')",1
"('created', 'labeled', 'renamed', 'labeled', 'unlabeled', 'commented', 'commented', 'commented', 'commented', 'cross_referenced', 'referenced', 'referenced', 'referenced', 'referenced', 'referenced', 'referenced', 'referenced', 'referenced', 'referenced', 'referenced', 'referenced', 'referenced', 'referenced', 'referenced', 'referenced', 'closed')",1
"('created', 'labeled', 'renamed', 'locked', 'converted_to_discussion')",1
"('created', 'labeled', 'renamed', 'referenced', 'cross_referenced', 'cross_referenced', 'commented', 'closed')",1
"('created', 'labeled', 'renamed', 'renamed', 'commented', 'commented', 'labeled', 'unlabeled', 'labeled', 'commented', 'commented', 'closed')",1
"('created', 'labeled', 'renamed', 'renamed', 'commented', 'commented', 'mentioned', 'subscribed', 'unlabeled', 'labeled', 'issue_type_added', 'commented', 'closed')",1
"('created', 'labeled', 'renamed', 'renamed', 'head_ref_force_pushed', 'labeled', 'commented', 'head_ref_force_pushed', 'head_ref_force_pushed', 'head_ref_force_pushed', 'head_ref_force_pushed', 'head_ref_force_pushed', 'base_ref_force_pushed', 'head_ref_force_pushed', 'head_ref_force_pushed', 'base_ref_force_pushed', 'committed', 'head_ref_force_pushed', 'base_ref_deleted', 'closed')",1
"('created', 'labeled', 'renamed', 'renamed', 'labeled', 'cross_referenced', 'assigned', 'commented', 'closed')",1
"('created', 'labeled', 'renamed', 'renamed', 'renamed', 'commented', 'closed', 'commented', 'commented', 'commented', 'commented', 'commented', 'commented')",1
"('created', 'labeled', 'renamed', 'renamed', 'renamed', 'referenced', 'referenced', 'referenced', 'cross_referenced', 'referenced', 'referenced', 'closed', 'referenced')",1
"('created', 'labeled', 'renamed', 'unlabeled', 'commented', 'cross_referenced', 'labeled', 'closed')",1
"('created', 'labeled', 'review_requested', 'review_requested', 'labeled', 'commented', 'committed', 'head_ref_force_pushed', 'reviewed', 'committed', 'committed', 'merged', 'closed', 'head_ref_deleted', 'cross_referenced')",1
"('created', 'labeled', 'review_requested', 'review_requested', 'labeled', 'cross_referenced', 'commented', 'reviewed', 'committed', 'head_ref_force_pushed', 'merged', 'closed', 'head_ref_deleted', 'cross_referenced')",1
"('created', 'labeled', 'review_requested', 'review_requested', 'review_requested', 'cross_referenced', 'labeled', 'head_ref_force_pushed', 'committed', 'head_ref_force_pushed', 'commented', 'closed', 'head_ref_deleted')",1
"('created', 'review_requested', 'review_requested', 'review_requested', 'review_requested', 'reviewed', 'labeled', 'committed', 'commented', 'reviewed', 'base_ref_changed', 'base_ref_changed', 'merged', 'closed')",1
"('created', 'labeled', 'review_requested', 'review_requested', 'review_requested', 'labeled', 'head_ref_force_pushed', 'committed', 'head_ref_force_pushed', 'committed', 'commented', 'reviewed', 'merged', 'closed', 'head_ref_deleted')",1
"('created', 'labeled', 'review_requested', 'review_requested', 'review_requested', 'labeled', 'reviewed', 'commented', 'head_ref_force_pushed', 'committed', 'head_ref_force_pushed', 'merged', 'closed', 'head_ref_deleted')",1
"('created', 'labeled', 'subscribed', 'commented', 'closed')",1
"('created', 'labeled', 'unlabeled', 'labeled', 'commented', 'cross_referenced', 'assigned', 'commented', 'closed')",1
"('created', 'labeled', 'unlabeled', 'labeled', 'labeled', 'labeled', 'commented', 'commented', 'commented', 'commented', 'commented', 'mentioned', 'subscribed', 'mentioned', 'subscribed', 'commented', 'commented', 'commented', 'cross_referenced', 'subscribed', 'subscribed', 'cross_referenced', 'closed')",1
"('created', 'mentioned', 'subscribed', 'commented', 'commented', 'commented', 'cross_referenced', 'referenced', 'cross_referenced', 'closed', 'cross_referenced')",1
"('created', 'mentioned', 'subscribed', 'commented', 'commented', 'review_requested', 'reviewed', 'head_ref_force_pushed', 'committed', 'head_ref_force_pushed', 'reviewed', 'merged', 'closed', 'head_ref_deleted')",1
"('created', 'mentioned', 'subscribed', 'head_ref_force_pushed', 'head_ref_force_pushed', 'commented', 'labeled', 'reviewed', 'unlabeled', 'labeled', 'labeled', 'unlabeled', 'labeled', 'unlabeled', 'labeled', 'head_ref_force_pushed', 'head_ref_force_pushed', 'commented', 'mentioned', 'subscribed', 'reviewed', 'head_ref_force_pushed', 'assigned', 'head_ref_force_pushed', 'commented', 'mentioned', 'subscribed', 'commented', 'mentioned', 'subscribed', 'mentioned', 'subscribed', 'commented', 'mentioned', 'subscribed', 'commented', 'mentioned', 'subscribed', 'committed', 'head_ref_force_pushed', 'commented', 'mentioned', 'subscribed', 'referenced', 'referenced', 'committed', 'committed', 'unlabeled', 'unlabeled', 'labeled', 'reviewed', 'commented', 'mentioned', 'subscribed', 'commented', 'merged', 'closed', 'referenced', 'cross_referenced', 'referenced', 'referenced', 'referenced', 'referenced', 'referenced')",1
"('created', 'mentioned', 'subscribed', 'labeled', 'assigned', 'unlabeled', 'labeled', 'cross_referenced', 'labeled', 'issue_type_added', 'closed')",1
"('created', 'mentioned', 'subscribed', 'labeled', 'commented', 'closed')",1
"('created', 'mentioned', 'subscribed', 'labeled', 'commented', 'renamed', 'renamed', 'labeled', 'labeled', 'unlabeled', 'commented', 'commented', 'sub_issue_added', 'commented', 'cross_referenced', 'commented', 'commented', 'cross_referenced', 'commented', 'cross_referenced', 'cross_referenced', 'commented', 'closed')",1
"('created', 'mentioned', 'subscribed', 'labeled', 'cross_referenced', 'closed')",1
"('created', 'mentioned', 'subscribed', 'labeled', 'cross_referenced', 'referenced', 'referenced', 'referenced', 'referenced', 'closed', 'referenced')",1
"('created', 'mentioned', 'subscribed', 'labeled', 'issue_type_added', 'unlabeled', 'labeled', 'milestoned', 'commented', 'cross_referenced', 'unlabeled', 'labeled', 'assigned', 'closed', 'commented', 'reopened', 'labeled', 'cross_referenced', 'closed')",1
"('created', 'mentioned', 'subscribed', 'labeled', 'labeled', 'labeled', 'renamed', 'unlabeled', 'issue_type_added', 'renamed', 'labeled', 'cross_referenced', 'closed')",1
"('created', 'mentioned', 'subscribed', 'labeled', 'labeled', 'labeled', 'unlabeled', 'unlabeled', 'unlabeled', 'labeled', 'labeled', 'labeled', 'cross_referenced', 'referenced', 'referenced', 'closed')",1
"('created', 'mentioned', 'subscribed', 'labeled', 'labeled', 'unlabeled', 'labeled', 'cross_referenced', 'closed')",1
"('created', 'mentioned', 'subscribed', 'labeled', 'renamed', 'cross_referenced', 'commented', 'closed')",1
"('created', 'mentioned', 'subscribed', 'labeled', 'renamed', 'labeled', 'unlabeled', 'commented', 'cross_referenced', 'cross_referenced', 'commented', 'closed')",1
"('created', 'mentioned', 'subscribed', 'labeled', 'renamed', 'unlabeled', 'labeled', 'labeled', 'labeled', 'issue_type_added', 'unlabeled', 'commented', 'cross_referenced', 'closed')",1
"('created', 'mentioned', 'subscribed', 'labeled', 'subscribed', 'cross_referenced', 'referenced', 'closed')",1
"('created', 'mentioned', 'subscribed', 'labeled', 'unlabeled', 'labeled', 'issue_type_added', 'issue_type_changed', 'issue_type_changed', 'issue_type_changed', 'cross_referenced', 'commented', 'closed')",1
"('created', 'mentioned', 'subscribed', 'labeled', 'unlabeled', 'labeled', 'labeled', 'cross_referenced', 'commented', 'unlabeled', 'labeled', 'assigned', 'commented', 'closed')",1
"('created', 'mentioned', 'subscribed', 'labeled', 'unlabeled', 'labeled', 'labeled', 'issue_type_added', 'commented', 'commented', 'closed')",1
"('created', 'mentioned', 'subscribed', 'labeled', 'unlabeled', 'labeled', 'labeled', 'labeled', 'issue_type_added', 'cross_referenced', 'closed')",1
"('created', 'mentioned', 'subscribed', 'labeled', 'unlabeled', 'labeled', 'labeled', 'referenced', 'cross_referenced', 'referenced', 'referenced', 'cross_referenced', 'cross_referenced', 'referenced', 'referenced', 'referenced', 'closed', 'referenced', 'referenced')",1
"('created', 'mentioned', 'subscribed', 'labeled', 'unlabeled', 'labeled', 'labeled', 'renamed', 'cross_referenced', 'labeled', 'assigned', 'closed')",1
"('created', 'mentioned', 'subscribed', 'review_requested', 'review_requested', 'review_requested', 'labeled', 'commented', 'mentioned', 'subscribed', 'commented', 'cross_referenced', 'cross_referenced', 'reviewed', 'reviewed', 'unlabeled', 'labeled', 'review_requested', 'review_requested', 'labeled', 'unlabeled', 'labeled', 'committed', 'committed', 'committed', 'commented', 'mentioned', 'subscribed', 'commented', 'mentioned', 'subscribed', 'commented', 'commented', 'commented', 'commented', 'commented', 'mentioned', 'subscribed', 'commented', 'mentioned', 'subscribed', 'commented', 'mentioned', 'subscribed', 'committed', 'commented', 'mentioned', 'subscribed', 'reviewed', 'labeled', 'unlabeled', 'unlabeled', 'commented', 'mentioned', 'subscribed', 'commented', 'mentioned', 'subscribed', 'mentioned', 'subscribed', 'merged', 'closed')",1
"('created', 'mentioned', 'subscribed', 'review_requested', 'review_requested', 'review_requested', 'labeled', 'commented', 'mentioned', 'subscribed', 'commented', 'reviewed', 'labeled', 'unlabeled', 'committed', 'labeled', 'labeled', 'unlabeled', 'committed', 'labeled', 'unlabeled', 'cross_referenced', 'reviewed', 'committed', 'cross_referenced', 'reviewed', 'merged', 'closed')",1
"('created', 'mentioned', 'subscribed', 'reviewed', 'commented', 'mentioned', 'subscribed', 'commented', 'mentioned', 'subscribed', 'commented', 'mentioned', 'subscribed', 'commented', 'mentioned', 'subscribed', 'head_ref_force_pushed', 'ready_for_review', 'review_requested', 'committed', 'committed', 'head_ref_force_pushed', 'commented', 'reviewed', 'commented', 'mentioned', 'subscribed', 'labeled', 'merged', 'closed')",1
"('created', 'parent_issue_added', 'labeled', 'renamed', 'unlabeled', 'labeled', 'labeled', 'cross_referenced', 'referenced', 'unlabeled', 'labeled', 'closed', 'referenced')",1
"('created', 'ready_for_review', 'review_requested', 'review_requested', 'review_requested', 'reviewed', 'milestoned', 'labeled', 'head_ref_force_pushed', 'labeled', 'labeled', 'base_ref_force_pushed', 'commented', 'head_ref_force_pushed', 'head_ref_force_pushed', 'base_ref_force_pushed', 'committed', 'head_ref_force_pushed', 'cross_referenced', 'reviewed', 'merged', 'closed', 'head_ref_deleted')",1
"('created', 'referenced', 'commented', 'closed')",1
"('created', 'referenced', 'cross_referenced', 'closed')",1
"('created', 'referenced', 'cross_referenced', 'closed', 'referenced')",1
"('created', 'referenced', 'cross_referenced', 'commented', 'closed', 'referenced', 'commented')",1
"('created', 'referenced', 'cross_referenced', 'commented', 'closed', 'referenced', 'cross_referenced', 'referenced', 'referenced', 'cross_referenced', 'referenced')",1
"('created', 'referenced', 'cross_referenced', 'referenced', 'commented', 'mentioned', 'subscribed', 'commented', 'commented', 'commented', 'commented', 'commented', 'closed')",1
"('created', 'referenced', 'cross_referenced', 'referenced', 'labeled', 'referenced', 'referenced', 'commented', 'closed')",1
"('created', 'referenced', 'referenced', 'cross_referenced', 'commented', 'closed')",1
"('created', 'referenced', 'referenced', 'cross_referenced', 'referenced', 'referenced', 'referenced', 'closed')",1
"('created', 'referenced', 'referenced', 'referenced', 'referenced', 'referenced', 'referenced', 'referenced', 'referenced', 'referenced', 'referenced', 'referenced', 'referenced', 'referenced', 'referenced', 'cross_referenced', 'referenced', 'referenced', 'referenced', 'referenced', 'cross_referenced', 'commented', 'commented', 'commented', 'mentioned', 'subscribed', 'commented', 'closed')",1
"('created', 'renamed', 'commented', 'commented', 'mentioned', 'subscribed', 'mentioned', 'subscribed', 'cross_referenced', 'referenced', 'commented', 'commented', 'closed')",1
"('created', 'renamed', 'commented', 'commented', 'reviewed', 'commented', 'head_ref_force_pushed', 'head_ref_force_pushed', 'mentioned', 'subscribed', 'mentioned', 'subscribed', 'committed', 'head_ref_force_pushed', 'commented', 'mentioned', 'subscribed', 'mentioned', 'subscribed', 'commented', 'merged', 'closed', 'cross_referenced')",1
"('created', 'renamed', 'commented', 'reviewed', 'reviewed', 'committed', 'committed', 'committed', 'committed', 'committed', 'reviewed', 'reviewed', 'reviewed', 'commented', 'committed', 'commented', 'committed', 'reviewed', 'commented', 'commented', 'committed', 'committed', 'commented', 'committed', 'committed', 'commented', 'commented', 'merged', 'closed', 'head_ref_deleted', 'cross_referenced')",1
"('created', 'renamed', 'committed', 'committed', 'committed', 'committed', 'committed', 'committed', 'committed', 'committed', 'committed', 'committed', 'committed', 'committed', 'committed', 'committed', 'committed', 'head_ref_force_pushed', 'reviewed', 'commented', 'committed', 'reviewed', 'committed', 'committed', 'merged', 'closed', 'head_ref_deleted')",1
"('created', 'review_requested', 'reviewed', 'committed', 'head_ref_force_pushed', 'commented', 'merged', 'closed', 'head_ref_deleted')",1
"('created', 'renamed', 'labeled', 'commented', 'commented', 'commented', 'referenced', 'referenced', 'referenced', 'referenced', 'referenced', 'cross_referenced', 'commented', 'referenced', 'referenced', 'referenced', 'referenced', 'referenced', 'referenced', 'commented', 'closed', 'mentioned', 'subscribed', 'cross_referenced')",1
"('created', 'renamed', 'labeled', 'referenced', 'referenced', 'referenced', 'referenced', 'referenced', 'commented', 'commented', 'commented', 'commented', 'commented', 'referenced', 'referenced', 'referenced', 'referenced', 'referenced', 'cross_referenced', 'referenced', 'referenced', 'referenced', 'referenced', 'closed', 'commented', 'commented', 'mentioned', 'subscribed', 'commented', 'commented', 'mentioned', 'subscribed')",1
"('created', 'renamed', 'ready_for_review', 'commented', 'commented', 'base_ref_changed', 'commented', 'commented', 'commented', 'commented', 'commented', 'commented', 'head_ref_force_pushed', 'commented', 'review_requested', 'base_ref_force_pushed', 'base_ref_changed', 'committed', 'committed', 'committed', 'head_ref_force_pushed', 'reviewed', 'labeled', 'reviewed', 'committed', 'merged', 'closed', 'head_ref_deleted')",1
"('created', 'renamed', 'renamed', 'commented', 'head_ref_force_pushed', 'renamed', 'reviewed', 'labeled', 'labeled', 'committed', 'head_ref_force_pushed', 'committed', 'commented', 'head_ref_force_pushed', 'commented', 'reviewed', 'merged', 'closed', 'head_ref_deleted', 'cross_referenced')",1
"('created', 'review_requested', 'commented', 'commented', 'commented', 'mentioned', 'subscribed', 'commented', 'cross_referenced', 'commented', 'commented', 'mentioned', 'subscribed', 'commented', 'mentioned', 'subscribed', 'mentioned', 'subscribed', 'committed', 'head_ref_force_pushed', 'commented', 'mentioned', 'subscribed', 'renamed', 'commented', 'merged', 'closed', 'head_ref_deleted')",1
"('created', 'review_requested', 'commented', 'head_ref_force_pushed', 'committed', 'head_ref_force_pushed', 'labeled', 'reviewed', 'merged', 'closed', 'head_ref_deleted')",1
"('created', 'review_requested', 'commented', 'labeled', 'review_requested', 'unlabeled', 'labeled', 'head_ref_force_pushed', 'unlabeled', 'head_ref_force_pushed', 'reviewed', 'committed', 'committed', 'committed', 'head_ref_force_pushed', 'merged', 'closed', 'head_ref_deleted')",1
"('created', 'review_requested', 'commented', 'mentioned', 'subscribed', 'commented', 'commented', 'convert_to_draft', 'committed', 'committed', 'committed', 'committed', 'committed', 'committed', 'committed', 'committed', 'committed', 'committed', 'head_ref_force_pushed', 'commented', 'commented', 'committed', 'ready_for_review', 'commented', 'reviewed', 'reviewed', 'reviewed', 'committed', 'commented', 'committed', 'commented', 'commented', 'merged', 'closed', 'head_ref_deleted')",1
"('created', 'review_requested', 'commented', 'review_requested', 'review_requested', 'labeled', 'commented', 'mentioned', 'committed', 'head_ref_force_pushed', 'reviewed', 'merged', 'closed', 'head_ref_deleted')",1
"('created', 'review_requested', 'commented', 'reviewed', 'committed', 'head_ref_force_pushed', 'merged', 'closed', 'head_ref_deleted')",1
"('created', 'review_requested', 'commented', 'reviewed', 'head_ref_force_pushed', 'cross_referenced', 'head_ref_force_pushed', 'head_ref_force_pushed', 'commented', 'head_ref_force_pushed', 'committed', 'head_ref_force_pushed', 'committed', 'commented', 'mentioned', 'subscribed', 'ready_for_review', 'commented', 'commented', 'head_ref_force_pushed', 'commented', 'mentioned', 'subscribed', 'committed', 'head_ref_force_pushed', 'head_ref_force_pushed', 'reviewed', 'commented', 'mentioned', 'subscribed', 'commented', 'reviewed', 'head_ref_force_pushed', 'reviewed', 'labeled', 'committed', 'head_ref_force_pushed', 'reviewed', 'merged', 'closed', 'head_ref_deleted')",1
"('created', 'review_requested', 'committed', 'commented', 'committed', 'committed', 'head_ref_force_pushed', 'committed', 'committed', 'head_ref_force_pushed', 'committed', 'head_ref_force_pushed', 'committed', 'committed', 'merged', 'closed', 'head_ref_deleted', 'cross_referenced')",1
"('created', 'review_requested', 'committed', 'head_ref_force_pushed', 'commented', 'commented', 'commented', 'commented', 'reviewed', 'merged', 'closed', 'head_ref_deleted')",1
"('created', 'review_requested', 'head_ref_force_pushed', 'commented', 'commented', 'head_ref_force_pushed', 'reviewed', 'committed', 'head_ref_force_pushed', 'merged', 'closed', 'head_ref_deleted', 'cross_referenced')",1
"('created', 'review_requested', 'head_ref_force_pushed', 'commented', 'labeled', 'committed', 'committed', 'committed', 'committed', 'head_ref_force_pushed', 'commented', 'mentioned', 'subscribed', 'reviewed', 'merged', 'closed', 'head_ref_deleted', 'cross_referenced')",1
"('created', 'review_requested', 'labeled', 'review_requested', 'review_requested', 'labeled', 'commented', 'committed', 'head_ref_force_pushed', 'commented', 'reviewed', 'merged', 'closed', 'head_ref_deleted')",1
"('created', 'reviewed', 'commented', 'committed', 'head_ref_force_pushed', 'reviewed', 'merged', 'closed')",1
"('created', 'review_requested', 'review_requested', 'commented', 'labeled', 'committed', 'head_ref_force_pushed', 'unlabeled', 'reviewed', 'merged', 'closed', 'head_ref_deleted')",1
"('created', 'review_requested', 'review_requested', 'commented', 'review_requested', 'labeled', 'head_ref_force_pushed', 'commented', 'mentioned', 'head_ref_force_pushed', 'committed', 'head_ref_force_pushed', 'committed', 'committed', 'commented', 'reviewed', 'merged', 'closed', 'head_ref_deleted')",1
"('created', 'review_requested', 'review_requested', 'committed', 'committed', 'committed', 'committed', 'committed', 'committed', 'committed', 'committed', 'committed', 'committed', 'committed', 'committed', 'committed', 'committed', 'committed', 'committed', 'committed', 'committed', 'committed', 'committed', 'committed', 'committed', 'committed', 'committed', 'committed', 'committed', 'committed', 'committed', 'committed', 'committed', 'committed', 'committed', 'committed', 'committed', 'committed', 'committed', 'head_ref_force_pushed', 'labeled', 'commented', 'merged', 'closed', 'head_ref_deleted')",1
"('created', 'review_requested', 'review_requested', 'labeled', 'commented', 'committed', 'committed', 'head_ref_force_pushed', 'renamed', 'reviewed', 'reviewed', 'merged', 'closed', 'head_ref_deleted', 'commented', 'cross_referenced')",1
"('created', 'review_requested', 'review_requested', 'labeled', 'commented', 'committed', 'head_ref_force_pushed', 'reviewed', 'merged', 'closed', 'head_ref_deleted')",1
"('created', 'review_requested', 'review_requested', 'labeled', 'commented', 'head_ref_force_pushed', 'committed', 'head_ref_force_pushed', 'reviewed', 'merged', 'closed', 'head_ref_deleted')",1
"('created', 'review_requested', 'review_requested', 'labeled', 'commented', 'head_ref_force_pushed', 'unlabeled', 'reviewed', 'cross_referenced', 'committed', 'head_ref_force_pushed', 'commented', 'merged', 'closed', 'head_ref_deleted')",1
"('created', 'review_requested', 'review_requested', 'labeled', 'commented', 'labeled', 'head_ref_force_pushed', 'head_ref_force_pushed', 'head_ref_force_pushed', 'head_ref_force_pushed', 'commented', 'commented', 'commented', 'commented', 'reviewed', 'unlabeled', 'labeled', 'labeled', 'head_ref_force_pushed', 'unlabeled', 'reviewed', 'commented', 'reviewed', 'commented', 'head_ref_force_pushed', 'labeled', 'head_ref_force_pushed', 'head_ref_force_pushed', 'head_ref_force_pushed', 'head_ref_force_pushed', 'head_ref_force_pushed', 'committed', 'committed', 'head_ref_force_pushed', 'commented', 'commented', 'mentioned', 'subscribed', 'mentioned', 'subscribed', 'commented', 'mentioned', 'subscribed', 'mentioned', 'subscribed', 'commented', 'reviewed', 'commented', 'merged', 'closed', 'head_ref_deleted', 'commented', 'cross_referenced', 'cross_referenced', 'commented', 'referenced', 'cross_referenced', 'referenced', 'cross_referenced')",1
"('created', 'review_requested', 'review_requested', 'labeled', 'commented', 'mentioned', 'subscribed', 'mentioned', 'subscribed', 'commented', 'head_ref_force_pushed', 'reviewed', 'commented', 'committed', 'head_ref_force_pushed', 'merged', 'closed', 'head_ref_deleted')",1
"('created', 'review_requested', 'review_requested', 'labeled', 'commented', 'reviewed', 'reviewed', 'cross_referenced', 'cross_referenced', 'committed', 'committed', 'committed', 'committed', 'head_ref_force_pushed', 'merged', 'closed', 'head_ref_deleted')",1
"('created', 'review_requested', 'review_requested', 'labeled', 'committed', 'commented', 'head_ref_force_pushed', 'reviewed', 'merged', 'closed', 'head_ref_deleted')",1
"('created', 'review_requested', 'review_requested', 'labeled', 'committed', 'head_ref_force_pushed', 'labeled', 'labeled', 'commented', 'reviewed', 'merged', 'closed', 'head_ref_deleted', 'cross_referenced')",1
"('created', 'review_requested', 'review_requested', 'labeled', 'head_ref_force_pushed', 'commented', 'reviewed', 'committed', 'committed', 'committed', 'committed', 'committed', 'head_ref_force_pushed', 'cross_referenced', 'reviewed', 'commented', 'merged', 'closed', 'head_ref_deleted', 'commented', 'commented')",1
"('created', 'review_requested', 'review_requested', 'labeled', 'head_ref_force_pushed', 'commented', 'reviewed', 'head_ref_force_pushed', 'committed', 'committed', 'committed', 'committed', 'committed', 'head_ref_force_pushed', 'merged', 'closed', 'head_ref_deleted', 'cross_referenced')",1
"('created', 'review_requested', 'review_requested', 'labeled', 'head_ref_force_pushed', 'head_ref_force_pushed', 'committed', 'head_ref_force_pushed', 'commented', 'mentioned', 'subscribed', 'reviewed', 'cross_referenced', 'merged', 'closed', 'head_ref_deleted', 'cross_referenced', 'cross_referenced', 'cross_referenced')",1
"('created', 'review_requested', 'review_requested', 'labeled', 'labeled', 'commented', 'auto_rebase_enabled', 'reviewed', 'reviewed', 'head_ref_force_pushed', 'commented', 'reviewed', 'committed', 'committed', 'head_ref_force_pushed', 'reviewed', 'merged', 'closed', 'cross_referenced')",1
"('created', 'review_requested', 'review_requested', 'labeled', 'labeled', 'commented', 'committed', 'head_ref_force_pushed', 'reviewed', 'merged', 'closed', 'head_ref_deleted')",1
"('created', 'review_requested', 'review_requested', 'labeled', 'labeled', 'head_ref_force_pushed', 'renamed', 'committed', 'head_ref_force_pushed', 'cross_referenced', 'commented', 'reviewed', 'merged', 'closed', 'head_ref_deleted', 'cross_referenced')",1
"('created', 'review_requested', 'review_requested', 'labeled', 'labeled', 'milestoned', 'commented', 'base_ref_changed', 'reviewed', 'head_ref_force_pushed', 'commented', 'head_ref_force_pushed', 'commented', 'mentioned', 'subscribed', 'base_ref_force_pushed', 'head_ref_force_pushed', 'review_requested', 'reviewed', 'base_ref_force_pushed', 'committed', 'committed', 'head_ref_force_pushed', 'merged', 'closed', 'head_ref_deleted')",1
"('created', 'review_requested', 'review_requested', 'labeled', 'milestoned', 'head_ref_force_pushed', 'head_ref_force_pushed', 'commented', 'reviewed', 'committed', 'committed', 'head_ref_force_pushed', 'merged', 'closed', 'head_ref_deleted')",1
"('created', 'review_requested', 'review_requested', 'labeled', 'review_requested', 'labeled', 'commented', 'head_ref_force_pushed', 'commented', 'reviewed', 'commented', 'mentioned', 'commented', 'committed', 'head_ref_force_pushed', 'merged', 'closed', 'head_ref_deleted')",1
"('created', 'review_requested', 'review_requested', 'labeled', 'unlabeled', 'labeled', 'labeled', 'labeled', 'milestoned', 'unlabeled', 'commented', 'reviewed', 'committed', 'head_ref_force_pushed', 'labeled', 'reviewed', 'reviewed', 'merged', 'closed', 'head_ref_deleted')",1
"('created', 'review_requested', 'review_requested', 'mentioned', 'review_requested', 'subscribed', 'labeled', 'labeled', 'commented', 'commented', 'commented', 'convert_to_draft', 'renamed', 'commented', 'committed', 'head_ref_force_pushed', 'ready_for_review', 'cross_referenced', 'commented', 'renamed', 'commented', 'reviewed', 'merged', 'closed', 'commented', 'head_ref_deleted')",1
"('created', 'review_requested', 'review_requested', 'mentioned', 'subscribed', 'labeled', 'auto_rebase_enabled', 'commented', 'cross_referenced', 'commented', 'committed', 'head_ref_force_pushed', 'commented', 'committed', 'committed', 'head_ref_force_pushed', 'reviewed', 'merged', 'closed')",1
"('created', 'review_requested', 'review_requested', 'review_requested', 'convert_to_draft', 'labeled', 'cross_referenced', 'commented', 'head_ref_force_pushed', 'head_ref_force_pushed', 'committed', 'committed', 'head_ref_force_pushed', 'committed', 'committed', 'committed', 'head_ref_force_pushed', 'closed', 'head_ref_deleted')",1
"('created', 'review_requested', 'review_requested', 'review_requested', 'labeled', 'commented', 'assigned', 'reviewed', 'reviewed', 'reviewed', 'labeled', 'unlabeled', 'reviewed', 'milestoned', 'head_ref_force_pushed', 'labeled', 'commented', 'base_ref_changed', 'head_ref_force_pushed', 'demilestoned', 'milestoned', 'committed', 'head_ref_force_pushed', 'merged', 'closed')",1
"('created', 'review_requested', 'review_requested', 'review_requested', 'labeled', 'commented', 'commented', 'commented', 'committed', 'committed', 'commented', 'mentioned', 'subscribed', 'reviewed', 'labeled', 'unlabeled', 'merged', 'closed')",1
"('created', 'review_requested', 'review_requested', 'review_requested', 'labeled', 'commented', 'commented', 'commented', 'reviewed', 'reviewed', 'commented', 'mentioned', 'subscribed', 'labeled', 'labeled', 'unlabeled', 'commented', 'commented', 'labeled', 'commented', 'mentioned', 'subscribed', 'reviewed', 'unlabeled', 'commented', 'mentioned', 'subscribed', 'head_ref_force_pushed', 'labeled', 'head_ref_force_pushed', 'committed', 'head_ref_force_pushed', 'commented', 'mentioned', 'subscribed', 'reviewed', 'commented', 'mentioned', 'subscribed', 'merged', 'closed')",1
"('created', 'review_requested', 'review_requested', 'review_requested', 'labeled', 'commented', 'commented', 'renamed', 'renamed', 'committed', 'committed', 'reviewed', 'commented', 'unlabeled', 'labeled', 'cross_referenced', 'closed')",1
"('created', 'review_requested', 'review_requested', 'review_requested', 'labeled', 'commented', 'committed', 'head_ref_force_pushed', 'commented', 'mentioned', 'subscribed', 'commented', 'committed', 'committed', 'commented', 'commented', 'reviewed', 'commented', 'mentioned', 'subscribed', 'mentioned', 'subscribed', 'unlabeled', 'labeled', 'committed', 'labeled', 'merged', 'closed', 'cross_referenced', 'cross_referenced', 'reviewed')",1
"('created', 'review_requested', 'review_requested', 'review_requested', 'labeled', 'commented', 'committed', 'head_ref_force_pushed', 'committed', 'reviewed', 'merged', 'closed', 'commented', 'head_ref_deleted', 'commented', 'cross_referenced')",1
"('created', 'review_requested', 'review_requested', 'review_requested', 'labeled', 'commented', 'committed', 'head_ref_force_pushed', 'reviewed', 'labeled', 'unlabeled', 'merged', 'closed', 'head_ref_deleted', 'cross_referenced')",1
"('created', 'review_requested', 'review_requested', 'review_requested', 'labeled', 'commented', 'committed', 'head_ref_force_pushed', 'reviewed', 'merged', 'closed', 'head_ref_deleted')",1
"('created', 'review_requested', 'review_requested', 'review_requested', 'labeled', 'commented', 'convert_to_draft', 'head_ref_force_pushed', 'head_ref_force_pushed', 'head_ref_force_pushed', 'head_ref_force_pushed', 'ready_for_review', 'reviewed', 'cross_referenced', 'commented', 'convert_to_draft', 'commented', 'committed', 'committed', 'head_ref_force_pushed', 'base_ref_changed', 'ready_for_review', 'cross_referenced', 'reviewed', 'commented', 'mentioned', 'subscribed', 'merged', 'closed', 'head_ref_deleted')",1
"('created', 'review_requested', 'review_requested', 'review_requested', 'labeled', 'commented', 'cross_referenced', 'commented', 'commented', 'reviewed', 'convert_to_draft', 'head_ref_force_pushed', 'unlabeled', 'labeled', 'head_ref_force_pushed', 'labeled', 'head_ref_force_pushed', 'head_ref_force_pushed', 'head_ref_force_pushed', 'head_ref_force_pushed', 'head_ref_force_pushed', 'head_ref_force_pushed', 'head_ref_force_pushed', 'head_ref_force_pushed', 'ready_for_review', 'unlabeled', 'reviewed', 'commented', 'review_requested', 'reviewed', 'labeled', 'unlabeled', 'cross_referenced', 'labeled', 'head_ref_force_pushed', 'unlabeled', 'reviewed', 'assigned', 'unassigned', 'assigned', 'assigned', 'commented', 'labeled', 'reviewed', 'unassigned', 'commented', 'mentioned', 'subscribed', 'mentioned', 'subscribed', 'head_ref_force_pushed', 'commented', 'mentioned', 'subscribed', 'commented', 'unlabeled', 'labeled', 'commented', 'commented', 'unlabeled', 'commented', 'commented', 'reviewed', 'committed', 'committed', 'committed', 'committed', 'committed', 'committed', 'head_ref_force_pushed', 'commented', 'commented', 'mentioned', 'subscribed', 'committed', 'merged', 'closed')",1
"('created', 'review_requested', 'review_requested', 'review_requested', 'labeled', 'commented', 'head_ref_force_pushed', 'commented', 'base_ref_changed', 'reviewed', 'head_ref_force_pushed', 'head_ref_force_pushed', 'head_ref_force_pushed', 'review_requested', 'renamed', 'reviewed', 'base_ref_force_pushed', 'cross_referenced', 'committed', 'committed', 'head_ref_force_pushed', 'labeled', 'reviewed', 'merged', 'closed', 'head_ref_deleted')",1
"('created', 'review_requested', 'review_requested', 'review_requested', 'labeled', 'commented', 'head_ref_force_pushed', 'commented', 'mentioned', 'subscribed', 'commented', 'reviewed', 'labeled', 'unlabeled', 'labeled', 'review_requested', 'commented', 'reviewed', 'unlabeled', 'labeled', 'milestoned', 'labeled', 'reviewed', 'reviewed', 'base_ref_changed', 'commented', 'mentioned', 'subscribed', 'reviewed', 'base_ref_force_pushed', 'commented', 'mentioned', 'subscribed', 'base_ref_force_pushed', 'committed', 'commented', 'mentioned', 'subscribed', 'cross_referenced', 'commented', 'head_ref_force_pushed', 'commented', 'merged', 'closed', 'commented', 'cross_referenced')",1
"('created', 'review_requested', 'review_requested', 'review_requested', 'labeled', 'commented', 'head_ref_force_pushed', 'committed', 'head_ref_force_pushed', 'reviewed', 'base_ref_changed', 'merged', 'closed', 'head_ref_deleted')",1
"('created', 'review_requested', 'review_requested', 'review_requested', 'labeled', 'commented', 'head_ref_force_pushed', 'head_ref_force_pushed', 'cross_referenced', 'cross_referenced', 'head_ref_force_pushed', 'committed', 'head_ref_force_pushed', 'reviewed', 'reviewed', 'commented', 'mentioned', 'subscribed', 'mentioned', 'subscribed', 'commented', 'commented', 'commented', 'reviewed', 'cross_referenced', 'merged', 'closed', 'head_ref_deleted')",1
"('created', 'review_requested', 'review_requested', 'review_requested', 'labeled', 'commented', 'head_ref_force_pushed', 'review_requested', 'copilot_work_started', 'reviewed', 'renamed', 'committed', 'head_ref_force_pushed', 'labeled', 'commented', 'mentioned', 'subscribed', 'cross_referenced', 'commented', 'mentioned', 'subscribed', 'reviewed', 'commented', 'merged', 'closed', 'head_ref_deleted')",1
"('created', 'review_requested', 'review_requested', 'review_requested', 'labeled', 'commented', 'head_ref_force_pushed', 'reviewed', 'committed', 'head_ref_force_pushed', 'reviewed', 'labeled', 'unlabeled', 'reviewed', 'merged', 'closed', 'head_ref_deleted')",1
"('created', 'review_requested', 'review_requested', 'review_requested', 'labeled', 'commented', 'head_ref_force_pushed', 'reviewed', 'reviewed', 'base_ref_changed', 'committed', 'head_ref_force_pushed', 'reviewed', 'merged', 'closed', 'head_ref_deleted')",1
"('created', 'review_requested', 'review_requested', 'review_requested', 'labeled', 'commented', 'labeled', 'unlabeled', 'head_ref_force_pushed', 'labeled', 'commented', 'mentioned', 'subscribed', 'commented', 'committed', 'head_ref_force_pushed', 'commented', 'reviewed', 'merged', 'closed', 'commented', 'head_ref_deleted', 'mentioned', 'subscribed', 'commented', 'mentioned', 'subscribed')",1
"('created', 'review_requested', 'review_requested', 'review_requested', 'labeled', 'commented', 'milestoned', 'reviewed', 'committed', 'head_ref_force_pushed', 'renamed', 'merged', 'closed')",1
"('created', 'review_requested', 'review_requested', 'review_requested', 'labeled', 'commented', 'renamed', 'commented', 'reviewed', 'head_ref_force_pushed', 'committed', 'head_ref_force_pushed', 'reviewed', 'labeled', 'unlabeled', 'base_ref_changed', 'merged', 'closed', 'cross_referenced', 'head_ref_deleted')",1
"('created', 'review_requested', 'review_requested', 'review_requested', 'labeled', 'commented', 'renamed', 'committed', 'head_ref_force_pushed', 'renamed', 'reviewed', 'labeled', 'unlabeled', 'merged', 'closed', 'head_ref_deleted')",1
"('created', 'review_requested', 'review_requested', 'review_requested', 'labeled', 'commented', 'renamed', 'reviewed', 'commented', 'head_ref_force_pushed', 'base_ref_changed', 'reviewed', 'unlabeled', 'labeled', 'head_ref_force_pushed', 'labeled', 'committed', 'committed', 'head_ref_force_pushed', 'reviewed', 'merged', 'closed', 'head_ref_deleted')",1
"('created', 'review_requested', 'review_requested', 'review_requested', 'labeled', 'commented', 'renamed', 'reviewed', 'reviewed', 'committed', 'head_ref_force_pushed', 'commented', 'merged', 'closed', 'commented', 'cross_referenced')",1
"('created', 'review_requested', 'review_requested', 'review_requested', 'labeled', 'commented', 'renamed', 'reviewed', 'unlabeled', 'labeled', 'committed', 'committed', 'committed', 'committed', 'head_ref_force_pushed', 'labeled', 'commented', 'mentioned', 'subscribed', 'reviewed', 'merged', 'closed', 'head_ref_deleted')",1
"('created', 'review_requested', 'review_requested', 'review_requested', 'labeled', 'commented', 'reviewed', 'auto_rebase_enabled', 'auto_merge_disabled', 'committed', 'committed', 'committed', 'committed', 'committed', 'committed', 'committed', 'head_ref_force_pushed', 'auto_rebase_enabled', 'merged', 'closed', 'head_ref_deleted')",1
"('created', 'review_requested', 'review_requested', 'review_requested', 'labeled', 'commented', 'reviewed', 'commented', 'commented', 'commented', 'mentioned', 'subscribed', 'labeled', 'cross_referenced', 'cross_referenced', 'base_ref_changed', 'committed', 'committed', 'committed', 'head_ref_force_pushed', 'reviewed', 'commented', 'merged', 'closed', 'head_ref_deleted')",1
"('created', 'review_requested', 'review_requested', 'review_requested', 'labeled', 'commented', 'reviewed', 'commented', 'reviewed', 'unlabeled', 'labeled', 'committed', 'head_ref_force_pushed', 'labeled', 'renamed', 'unlabeled', 'reviewed', 'labeled', 'unlabeled', 'head_ref_force_pushed', 'labeled', 'committed', 'committed', 'head_ref_force_pushed', 'reviewed', 'unlabeled', 'unlabeled', 'labeled', 'review_requested', 'commented', 'mentioned', 'subscribed', 'mentioned', 'subscribed', 'mentioned', 'subscribed', 'commented', 'merged', 'closed', 'commented')",1
"('created', 'review_requested', 'review_requested', 'review_requested', 'labeled', 'commented', 'reviewed', 'committed', 'commented', 'merged', 'closed', 'head_ref_deleted')",1
"('created', 'review_requested', 'review_requested', 'review_requested', 'labeled', 'commented', 'reviewed', 'committed', 'head_ref_force_pushed', 'merged', 'closed')",1
"('created', 'review_requested', 'review_requested', 'review_requested', 'labeled', 'commented', 'reviewed', 'mentioned', 'subscribed', 'labeled', 'labeled', 'unlabeled', 'reviewed', 'committed', 'head_ref_force_pushed', 'commented', 'mentioned', 'subscribed', 'labeled', 'reviewed', 'merged', 'closed')",1
"('created', 'review_requested', 'review_requested', 'review_requested', 'labeled', 'commented', 'reviewed', 'reviewed', 'commented', 'committed', 'committed', 'committed', 'head_ref_force_pushed', 'review_requested', 'reviewed', 'reviewed', 'merged', 'closed')",1
"('created', 'review_requested', 'review_requested', 'review_requested', 'labeled', 'commented', 'reviewed', 'reviewed', 'commented', 'mentioned', 'subscribed', 'commented', 'mentioned', 'subscribed', 'commented', 'mentioned', 'subscribed', 'commented', 'head_ref_force_pushed', 'head_ref_force_pushed', 'renamed', 'commented', 'convert_to_draft', 'renamed', 'ready_for_review', 'review_requested', 'review_requested', 'commented', 'mentioned', 'subscribed', 'mentioned', 'subscribed', 'reviewed', 'head_ref_force_pushed', 'head_ref_force_pushed', 'renamed', 'head_ref_force_pushed', 'head_ref_force_pushed', 'head_ref_force_pushed', 'commented', 'mentioned', 'subscribed', 'mentioned', 'subscribed', 'reviewed', 'labeled', 'unlabeled', 'commented', 'head_ref_force_pushed', 'labeled', 'cross_referenced', 'reviewed', 'reviewed', 'committed', 'committed', 'committed', 'committed', 'committed', 'committed', 'committed', 'committed', 'committed', 'committed', 'head_ref_force_pushed', 'committed', 'committed', 'committed', 'committed', 'committed', 'head_ref_force_pushed', 'committed', 'head_ref_force_pushed', 'committed', 'head_ref_force_pushed', 'committed', 'committed', 'committed', 'cross_referenced', 'unlabeled', 'review_requested', 'commented', 'cross_referenced', 'reviewed', 'commented', 'mentioned', 'subscribed', 'labeled', 'unlabeled', 'commented', 'merged', 'closed', 'head_ref_deleted')",1
"('created', 'review_requested', 'review_requested', 'review_requested', 'labeled', 'commented', 'reviewed', 'reviewed', 'labeled', 'unlabeled', 'labeled', 'committed', 'committed', 'head_ref_force_pushed', 'merged', 'closed')",1
"('created', 'review_requested', 'review_requested', 'review_requested', 'labeled', 'commented', 'reviewed', 'reviewed', 'unlabeled', 'labeled', 'base_ref_force_pushed', 'milestoned', 'base_ref_force_pushed', 'head_ref_force_pushed', 'labeled', 'committed', 'head_ref_force_pushed', 'commented', 'mentioned', 'subscribed', 'reviewed', 'merged', 'closed', 'referenced', 'referenced', 'referenced')",1
"('created', 'review_requested', 'review_requested', 'review_requested', 'labeled', 'commented', 'reviewed', 'reviewed', 'unlabeled', 'labeled', 'head_ref_force_pushed', 'labeled', 'base_ref_changed', 'head_ref_force_pushed', 'committed', 'head_ref_force_pushed', 'reviewed', 'unlabeled', 'labeled', 'merged', 'closed', 'head_ref_deleted')",1
"('created', 'review_requested', 'review_requested', 'review_requested', 'labeled', 'committed', 'commented', 'head_ref_force_pushed', 'reviewed', 'merged', 'closed')",1
"('created', 'review_requested', 'review_requested', 'review_requested', 'labeled', 'committed', 'committed', 'committed', 'committed', 'committed', 'committed', 'committed', 'committed', 'committed', 'committed', 'committed', 'committed', 'committed', 'committed', 'committed', 'committed', 'committed', 'committed', 'committed', 'committed', 'committed', 'committed', 'committed', 'committed', 'committed', 'committed', 'committed', 'committed', 'committed', 'committed', 'committed', 'committed', 'committed', 'committed', 'committed', 'committed', 'committed', 'committed', 'committed', 'committed', 'committed', 'committed', 'committed', 'committed', 'committed', 'committed', 'committed', 'committed', 'committed', 'committed', 'committed', 'committed', 'committed', 'committed', 'committed', 'committed', 'committed', 'committed', 'committed', 'head_ref_force_pushed', 'convert_to_draft', 'closed', 'head_ref_deleted')",1
"('created', 'review_requested', 'review_requested', 'review_requested', 'labeled', 'committed', 'head_ref_force_pushed', 'commented', 'committed', 'committed', 'head_ref_force_pushed', 'commented', 'reviewed', 'labeled', 'unlabeled', 'reviewed', 'merged', 'closed')",1
"('created', 'review_requested', 'review_requested', 'review_requested', 'labeled', 'committed', 'head_ref_force_pushed', 'commented', 'reviewed', 'referenced', 'cross_referenced', 'referenced', 'referenced', 'commented', 'closed', 'closed', 'referenced')",1
"('created', 'review_requested', 'review_requested', 'review_requested', 'labeled', 'committed', 'reviewed', 'commented', 'merged', 'closed', 'cross_referenced', 'head_ref_deleted')",1
"('created', 'review_requested', 'review_requested', 'review_requested', 'labeled', 'convert_to_draft', 'commented', 'commented', 'commented', 'renamed', 'renamed', 'commented', 'committed', 'committed', 'committed', 'commented', 'committed', 'ready_for_review', 'reviewed', 'commented', 'mentioned', 'subscribed', 'mentioned', 'subscribed', 'unlabeled', 'labeled', 'merged', 'closed', 'head_ref_deleted')",1
"('created', 'review_requested', 'review_requested', 'review_requested', 'labeled', 'convert_to_draft', 'committed', 'head_ref_force_pushed', 'ready_for_review', 'commented', 'reviewed', 'labeled', 'unlabeled', 'commented', 'merged', 'closed')",1
"('created', 'review_requested', 'review_requested', 'review_requested', 'labeled', 'cross_referenced', 'commented', 'mentioned', 'subscribed', 'head_ref_force_pushed', 'committed', 'head_ref_force_pushed', 'commented', 'commented', 'mentioned', 'subscribed', 'labeled', 'unlabeled', 'labeled', 'commented', 'committed', 'head_ref_force_pushed', 'commented', 'reviewed', 'merged', 'closed')",1
"('created', 'review_requested', 'review_requested', 'review_requested', 'labeled', 'cross_referenced', 'head_ref_force_pushed', 'head_ref_force_pushed', 'head_ref_force_pushed', 'reviewed', 'head_ref_force_pushed', 'commented', 'head_ref_force_pushed', 'head_ref_force_pushed', 'commented', 'committed', 'head_ref_force_pushed', 'reviewed', 'committed', 'head_ref_force_pushed', 'commented', 'committed', 'merged', 'closed')",1
"('created', 'review_requested', 'review_requested', 'review_requested', 'labeled', 'cross_referenced', 'reviewed', 'commented', 'committed', 'head_ref_force_pushed', 'reviewed', 'commented', 'renamed', 'review_requested', 'reviewed', 'commented', 'merged', 'closed', 'head_ref_deleted', 'referenced', 'cross_referenced', 'referenced')",1
"('created', 'review_requested', 'review_requested', 'review_requested', 'labeled', 'head_ref_force_pushed', 'commented', 'commented', 'reviewed', 'base_ref_changed', 'base_ref_changed', 'labeled', 'unlabeled', 'base_ref_changed', 'head_ref_force_pushed', 'labeled', 'commented', 'mentioned', 'subscribed', 'commented', 'commented', 'head_ref_force_pushed', 'commented', 'commented', 'base_ref_force_pushed', 'commented', 'commented', 'head_ref_force_pushed', 'commented', 'commented', 'commented', 'commented', 'commented', 'mentioned', 'subscribed', 'head_ref_force_pushed', 'head_ref_force_pushed', 'head_ref_force_pushed', 'reviewed', 'head_ref_force_pushed', 'head_ref_force_pushed', 'reviewed', 'committed', 'committed', 'head_ref_force_pushed', 'reviewed', 'merged', 'closed', 'head_ref_deleted')",1
"('created', 'review_requested', 'review_requested', 'review_requested', 'labeled', 'head_ref_force_pushed', 'commented', 'committed', 'head_ref_force_pushed', 'reviewed', 'reviewed', 'merged', 'closed', 'head_ref_deleted')",1
"('created', 'review_requested', 'review_requested', 'review_requested', 'labeled', 'head_ref_force_pushed', 'commented', 'head_ref_force_pushed', 'commented', 'reviewed', 'commented', 'committed', 'head_ref_force_pushed', 'commented', 'commented', 'commented', 'commented', 'review_requested', 'reviewed', 'cross_referenced', 'commented', 'merged', 'closed', 'head_ref_deleted')",1
"('created', 'review_requested', 'review_requested', 'review_requested', 'labeled', 'head_ref_force_pushed', 'commented', 'head_ref_force_pushed', 'convert_to_draft', 'head_ref_force_pushed', 'ready_for_review', 'reviewed', 'reviewed', 'labeled', 'unlabeled', 'head_ref_force_pushed', 'labeled', 'head_ref_force_pushed', 'reviewed', 'commented', 'reviewed', 'committed', 'head_ref_force_pushed', 'reviewed', 'base_ref_changed', 'merged', 'closed', 'head_ref_deleted')",1
"('created', 'review_requested', 'review_requested', 'review_requested', 'labeled', 'head_ref_force_pushed', 'commented', 'head_ref_force_pushed', 'head_ref_force_pushed', 'head_ref_force_pushed', 'head_ref_force_pushed', 'head_ref_force_pushed', 'commented', 'mentioned', 'subscribed', 'mentioned', 'subscribed', 'head_ref_force_pushed', 'head_ref_force_pushed', 'head_ref_force_pushed', 'head_ref_force_pushed', 'head_ref_force_pushed', 'head_ref_force_pushed', 'head_ref_force_pushed', 'head_ref_force_pushed', 'head_ref_force_pushed', 'head_ref_force_pushed', 'reviewed', 'reviewed', 'head_ref_force_pushed', 'head_ref_force_pushed', 'head_ref_force_pushed', 'head_ref_force_pushed', 'commented', 'mentioned', 'subscribed', 'mentioned', 'subscribed', 'reviewed', 'committed', 'head_ref_force_pushed', 'review_requested', 'review_requested', 'reviewed', 'merged', 'closed')",1
"('created', 'review_requested', 'review_requested', 'review_requested', 'labeled', 'head_ref_force_pushed', 'commented', 'head_ref_force_pushed', 'head_ref_force_pushed', 'reviewed', 'head_ref_force_pushed', 'reviewed', 'head_ref_force_pushed', 'labeled', 'head_ref_force_pushed', 'head_ref_force_pushed', 'head_ref_force_pushed', 'base_ref_changed', 'review_requested', 'base_ref_force_pushed', 'base_ref_force_pushed', 'committed', 'head_ref_force_pushed', 'convert_to_draft', 'committed', 'head_ref_force_pushed', 'ready_for_review', 'base_ref_deleted', 'closed')",1
"('created', 'review_requested', 'review_requested', 'review_requested', 'labeled', 'head_ref_force_pushed', 'commented', 'head_ref_force_pushed', 'renamed', 'committed', 'head_ref_force_pushed', 'reviewed', 'merged', 'closed', 'cross_referenced', 'head_ref_deleted')",1
"('created', 'review_requested', 'review_requested', 'review_requested', 'labeled', 'head_ref_force_pushed', 'commented', 'mentioned', 'subscribed', 'commented', 'head_ref_force_pushed', 'commented', 'committed', 'head_ref_force_pushed', 'unlabeled', 'labeled', 'reviewed', 'merged', 'closed')",1
"('created', 'review_requested', 'review_requested', 'review_requested', 'labeled', 'head_ref_force_pushed', 'commented', 'renamed', 'reviewed', 'renamed', 'head_ref_force_pushed', 'labeled', 'head_ref_force_pushed', 'reviewed', 'convert_to_draft', 'head_ref_force_pushed', 'ready_for_review', 'head_ref_force_pushed', 'head_ref_force_pushed', 'reviewed', 'reviewed', 'head_ref_force_pushed', 'renamed', 'head_ref_force_pushed', 'labeled', 'renamed', 'cross_referenced', 'renamed', 'reviewed', 'reviewed', 'head_ref_force_pushed', 'head_ref_force_pushed', 'head_ref_force_pushed', 'reviewed', 'head_ref_force_pushed', 'head_ref_force_pushed', 'cross_referenced', 'commented', 'base_ref_force_pushed', 'milestoned', 'head_ref_force_pushed', 'committed', 'committed', 'committed', 'committed', 'committed', 'committed', 'committed', 'committed', 'committed', 'committed', 'committed', 'head_ref_force_pushed', 'committed', 'head_ref_force_pushed', 'reviewed', 'reviewed', 'committed', 'committed', 'head_ref_force_pushed', 'committed', 'committed', 'committed', 'committed', 'committed', 'head_ref_force_pushed', 'committed', 'committed', 'committed', 'head_ref_force_pushed', 'committed', 'committed', 'committed', 'head_ref_force_pushed', 'committed', 'reviewed', 'reviewed', 'cross_referenced', 'committed', 'committed', 'cross_referenced', 'cross_referenced', 'committed', 'cross_referenced', 'cross_referenced', 'reviewed', 'committed', 'reviewed', 'labeled', 'unlabeled', 'commented', 'merged', 'closed', 'cross_referenced', 'commented', 'head_ref_deleted', 'head_ref_restored', 'cross_referenced')",1
"('created', 'review_requested', 'review_requested', 'review_requested', 'labeled', 'head_ref_force_pushed', 'commented', 'reviewed', 'committed', 'head_ref_force_pushed', 'merged', 'closed', 'head_ref_deleted')",1
"('created', 'review_requested', 'review_requested', 'review_requested', 'labeled', 'head_ref_force_pushed', 'commented', 'reviewed', 'reviewed', 'reviewed', 'base_ref_changed', 'head_ref_force_pushed', 'labeled', 'head_ref_force_pushed', 'base_ref_force_pushed', 'base_ref_force_pushed', 'base_ref_force_pushed', 'committed', 'committed', 'committed', 'committed', 'head_ref_force_pushed', 'base_ref_deleted', 'closed', 'cross_referenced')",1
"('created', 'review_requested', 'review_requested', 'review_requested', 'labeled', 'head_ref_force_pushed', 'head_ref_force_pushed', 'commented', 'head_ref_force_pushed', 'reviewed', 'cross_referenced', 'base_ref_force_pushed', 'reviewed', 'head_ref_force_pushed', 'committed', 'head_ref_force_pushed', 'merged', 'closed', 'head_ref_deleted')",1
"('created', 'review_requested', 'review_requested', 'review_requested', 'labeled', 'head_ref_force_pushed', 'head_ref_force_pushed', 'commented', 'head_ref_force_pushed', 'reviewed', 'reviewed', 'head_ref_force_pushed', 'reviewed', 'head_ref_force_pushed', 'head_ref_force_pushed', 'head_ref_force_pushed', 'head_ref_force_pushed', 'renamed', 'commented', 'head_ref_force_pushed', 'commented', 'convert_to_draft', 'reviewed', 'head_ref_force_pushed', 'head_ref_force_pushed', 'ready_for_review', 'convert_to_draft', 'head_ref_force_pushed', 'head_ref_force_pushed', 'ready_for_review', 'convert_to_draft', 'ready_for_review', 'commented', 'head_ref_force_pushed', 'head_ref_force_pushed', 'head_ref_force_pushed', 'head_ref_force_pushed', 'convert_to_draft', 'committed', 'head_ref_force_pushed', 'renamed', 'commented', 'ready_for_review', 'reviewed', 'labeled', 'unlabeled', 'committed', 'committed', 'labeled', 'reviewed', 'reviewed', 'reviewed', 'committed', 'committed', 'review_requested', 'reviewed', 'base_ref_changed', 'merged', 'closed', 'head_ref_deleted')",1
"('created', 'review_requested', 'review_requested', 'review_requested', 'labeled', 'head_ref_force_pushed', 'head_ref_force_pushed', 'commented', 'reviewed', 'commented', 'head_ref_force_pushed', 'commented', 'reviewed', 'mentioned', 'subscribed', 'reviewed', 'labeled', 'labeled', 'unlabeled', 'committed', 'head_ref_force_pushed', 'labeled', 'reviewed', 'merged', 'closed', 'commented', 'mentioned', 'subscribed', 'head_ref_deleted')",1
"('created', 'review_requested', 'review_requested', 'review_requested', 'labeled', 'head_ref_force_pushed', 'head_ref_force_pushed', 'head_ref_force_pushed', 'commented', 'commented', 'head_ref_force_pushed', 'commented', 'mentioned', 'subscribed', 'mentioned', 'subscribed', 'mentioned', 'subscribed', 'commented', 'reviewed', 'labeled', 'labeled', 'unlabeled', 'commented', 'mentioned', 'subscribed', 'mentioned', 'subscribed', 'mentioned', 'subscribed', 'commented', 'mentioned', 'subscribed', 'mentioned', 'subscribed', 'mentioned', 'subscribed', 'commented', 'mentioned', 'subscribed', 'commented', 'head_ref_force_pushed', 'labeled', 'commented', 'head_ref_force_pushed', 'committed', 'committed', 'committed', 'committed', 'head_ref_force_pushed', 'commented', 'unlabeled', 'unlabeled', 'commented', 'reviewed', 'commented', 'merged', 'closed')",1
"('created', 'review_requested', 'review_requested', 'review_requested', 'labeled', 'head_ref_force_pushed', 'reviewed', 'commented', 'commented', 'commented', 'commented', 'commented', 'convert_to_draft', 'commented', 'commented', 'mentioned', 'subscribed', 'unlabeled', 'head_ref_force_pushed', 'labeled', 'head_ref_force_pushed', 'commented', 'head_ref_force_pushed', 'ready_for_review', 'commented', 'review_requested', 'reviewed', 'committed', 'head_ref_force_pushed', 'merged', 'closed', 'head_ref_deleted')",1
"('created', 'review_requested', 'review_requested', 'review_requested', 'labeled', 'labeled', 'base_ref_changed', 'milestoned', 'commented', 'head_ref_force_pushed', 'convert_to_draft', 'ready_for_review', 'renamed', 'reviewed', 'labeled', 'unlabeled', 'unlabeled', 'committed', 'head_ref_force_pushed', 'labeled', 'labeled', 'committed', 'head_ref_force_pushed', 'commented', 'reviewed', 'merged', 'closed', 'head_ref_deleted')",1
"('created', 'review_requested', 'review_requested', 'review_requested', 'labeled', 'labeled', 'base_ref_force_pushed', 'unlabeled', 'milestoned', 'committed', 'committed', 'committed', 'committed', 'committed', 'committed', 'committed', 'committed', 'committed', 'base_ref_force_pushed', 'committed', 'head_ref_force_pushed', 'labeled', 'commented', 'commented', 'commented', 'commented', 'convert_to_draft', 'base_ref_force_pushed', 'commented', 'base_ref_force_pushed', 'base_ref_deleted', 'closed')",1
"('created', 'review_requested', 'review_requested', 'review_requested', 'labeled', 'labeled', 'commented', 'commented', 'commented', 'reviewed', 'committed', 'head_ref_force_pushed', 'commented', 'mentioned', 'subscribed', 'reviewed', 'merged', 'closed')",1
"('created', 'review_requested', 'review_requested', 'review_requested', 'labeled', 'labeled', 'commented', 'commented', 'head_ref_force_pushed', 'head_ref_force_pushed', 'committed', 'committed', 'head_ref_force_pushed', 'commented', 'reviewed', 'merged', 'closed', 'head_ref_deleted')",1
"('created', 'review_requested', 'review_requested', 'review_requested', 'labeled', 'labeled', 'commented', 'commented', 'reviewed', 'reviewed', 'reviewed', 'commented', 'commented', 'mentioned', 'subscribed', 'committed', 'committed', 'committed', 'head_ref_force_pushed', 'merged', 'closed')",1
"('created', 'review_requested', 'review_requested', 'review_requested', 'labeled', 'labeled', 'commented', 'committed', 'committed', 'committed', 'committed', 'head_ref_force_pushed', 'reviewed', 'unlabeled', 'labeled', 'committed', 'labeled', 'committed', 'reviewed', 'committed', 'committed', 'reviewed', 'base_ref_changed', 'merged', 'closed', 'cross_referenced', 'referenced')",1
"('created', 'review_requested', 'review_requested', 'review_requested', 'labeled', 'labeled', 'commented', 'committed', 'head_ref_force_pushed', 'reviewed', 'reviewed', 'merged', 'closed', 'head_ref_deleted')",1
"('created', 'review_requested', 'review_requested', 'review_requested', 'labeled', 'labeled', 'commented', 'committed', 'head_ref_force_pushed', 'reviewed', 'unlabeled', 'merged', 'closed', 'head_ref_deleted')",1
"('created', 'review_requested', 'review_requested', 'review_requested', 'labeled', 'labeled', 'commented', 'convert_to_draft', 'committed', 'head_ref_force_pushed', 'renamed', 'ready_for_review', 'reviewed', 'unlabeled', 'merged', 'closed', 'head_ref_deleted')",1
"('created', 'review_requested', 'review_requested', 'review_requested', 'labeled', 'labeled', 'commented', 'convert_to_draft', 'head_ref_force_pushed', 'ready_for_review', 'head_ref_force_pushed', 'commented', 'commented', 'commented', 'head_ref_force_pushed', 'head_ref_force_pushed', 'reviewed', 'head_ref_force_pushed', 'commented', 'base_ref_force_pushed', 'commented', 'unlabeled', 'labeled', 'milestoned', 'head_ref_force_pushed', 'labeled', 'commented', 'base_ref_force_pushed', 'head_ref_force_pushed', 'base_ref_force_pushed', 'commented', 'commented', 'committed', 'committed', 'head_ref_force_pushed', 'merged', 'closed', 'head_ref_deleted')",1
"('created', 'review_requested', 'review_requested', 'review_requested', 'labeled', 'labeled', 'commented', 'convert_to_draft', 'ready_for_review', 'head_ref_force_pushed', 'renamed', 'head_ref_force_pushed', 'milestoned', 'reviewed', 'base_ref_force_pushed', 'head_ref_force_pushed', 'base_ref_force_pushed', 'committed', 'committed', 'head_ref_force_pushed', 'cross_referenced', 'reviewed', 'merged', 'closed', 'head_ref_deleted')",1
"('created', 'review_requested', 'review_requested', 'review_requested', 'labeled', 'labeled', 'commented', 'cross_referenced', 'committed', 'head_ref_force_pushed', 'reviewed', 'renamed', 'commented', 'mentioned', 'subscribed', 'convert_to_draft', 'closed', 'head_ref_deleted')",1
"('created', 'review_requested', 'review_requested', 'review_requested', 'labeled', 'labeled', 'commented', 'head_ref_force_pushed', 'base_ref_changed', 'reviewed', 'unlabeled', 'labeled', 'base_ref_force_pushed', 'base_ref_changed', 'committed', 'head_ref_force_pushed', 'labeled', 'reviewed', 'merged', 'closed', 'head_ref_deleted')",1
"('created', 'reviewed', 'commented', 'labeled', 'commented', 'commented', 'head_ref_force_pushed', 'commented', 'commented', 'mentioned', 'subscribed', 'mentioned', 'subscribed', 'reviewed', 'labeled', 'unlabeled', 'commented', 'labeled', 'head_ref_force_pushed', 'commented', 'mentioned', 'subscribed', 'commented', 'reviewed', 'committed', 'committed', 'committed', 'committed', 'committed', 'committed', 'committed', 'committed', 'head_ref_force_pushed', 'reviewed', 'labeled', 'unlabeled', 'unlabeled', 'commented', 'mentioned', 'subscribed', 'ready_for_review', 'commented', 'mentioned', 'subscribed', 'merged', 'closed')",1
"('created', 'review_requested', 'review_requested', 'review_requested', 'labeled', 'labeled', 'commented', 'head_ref_force_pushed', 'convert_to_draft', 'head_ref_force_pushed', 'head_ref_force_pushed', 'ready_for_review', 'head_ref_force_pushed', 'head_ref_force_pushed', 'reviewed', 'base_ref_changed', 'labeled', 'labeled', 'unlabeled', 'head_ref_force_pushed', 'labeled', 'head_ref_force_pushed', 'committed', 'head_ref_force_pushed', 'merged', 'closed', 'head_ref_deleted', 'referenced')",1
"('created', 'review_requested', 'review_requested', 'review_requested', 'labeled', 'labeled', 'commented', 'head_ref_force_pushed', 'convert_to_draft', 'head_ref_force_pushed', 'renamed', 'reviewed', 'ready_for_review', 'committed', 'head_ref_force_pushed', 'reviewed', 'commented', 'commented', 'closed', 'head_ref_deleted')",1
"('created', 'review_requested', 'review_requested', 'review_requested', 'labeled', 'labeled', 'commented', 'head_ref_force_pushed', 'head_ref_force_pushed', 'base_ref_changed', 'renamed', 'head_ref_force_pushed', 'reviewed', 'commented', 'base_ref_force_pushed', 'head_ref_force_pushed', 'unlabeled', 'milestoned', 'committed', 'head_ref_force_pushed', 'labeled', 'reviewed', 'merged', 'closed')",1
"('created', 'review_requested', 'review_requested', 'review_requested', 'labeled', 'labeled', 'commented', 'head_ref_force_pushed', 'head_ref_force_pushed', 'head_ref_force_pushed', 'head_ref_force_pushed', 'head_ref_force_pushed', 'base_ref_changed', 'cross_referenced', 'reviewed', 'unlabeled', 'labeled', 'labeled', 'committed', 'head_ref_force_pushed', 'labeled', 'merged', 'closed', 'head_ref_deleted', 'referenced')",1
"('created', 'review_requested', 'review_requested', 'review_requested', 'labeled', 'labeled', 'commented', 'head_ref_force_pushed', 'head_ref_force_pushed', 'head_ref_force_pushed', 'head_ref_force_pushed', 'reviewed', 'committed', 'head_ref_force_pushed', 'auto_squash_enabled', 'merged', 'closed', 'head_ref_deleted', 'referenced')",1
"('created', 'review_requested', 'review_requested', 'review_requested', 'labeled', 'labeled', 'commented', 'head_ref_force_pushed', 'head_ref_force_pushed', 'head_ref_force_pushed', 'renamed', 'reviewed', 'committed', 'head_ref_force_pushed', 'auto_squash_enabled', 'merged', 'closed', 'head_ref_deleted')",1
"('created', 'review_requested', 'review_requested', 'review_requested', 'labeled', 'labeled', 'commented', 'head_ref_force_pushed', 'head_ref_force_pushed', 'head_ref_force_pushed', 'reviewed', 'renamed', 'reviewed', 'head_ref_force_pushed', 'reviewed', 'cross_referenced', 'committed', 'head_ref_force_pushed', 'reviewed', 'base_ref_changed', 'labeled', 'unlabeled', 'commented', 'mentioned', 'subscribed', 'mentioned', 'subscribed', 'commented', 'merged', 'closed', 'head_ref_deleted')",1
"('created', 'review_requested', 'review_requested', 'review_requested', 'labeled', 'labeled', 'commented', 'head_ref_force_pushed', 'milestoned', 'head_ref_force_pushed', 'base_ref_changed', 'demilestoned', 'milestoned', 'reviewed', 'base_ref_changed', 'convert_to_draft', 'demilestoned', 'milestoned', 'labeled', 'base_ref_force_pushed', 'head_ref_force_pushed', 'head_ref_force_pushed', 'head_ref_force_pushed', 'ready_for_review', 'committed', 'committed', 'committed', 'committed', 'committed', 'review_requested', 'unlabeled', 'committed', 'head_ref_force_pushed', 'commented', 'base_ref_force_pushed', 'unlabeled', 'reviewed', 'merged', 'closed')",1
"('created', 'review_requested', 'review_requested', 'review_requested', 'labeled', 'labeled', 'commented', 'head_ref_force_pushed', 'reviewed', 'head_ref_force_pushed', 'head_ref_force_pushed', 'committed', 'head_ref_force_pushed', 'reviewed', 'merged', 'closed', 'head_ref_deleted')",1
"('created', 'review_requested', 'review_requested', 'review_requested', 'labeled', 'labeled', 'commented', 'head_ref_force_pushed', 'reviewed', 'reviewed', 'head_ref_force_pushed', 'committed', 'head_ref_force_pushed', 'auto_squash_enabled', 'merged', 'closed', 'head_ref_deleted', 'cross_referenced')",1
"('created', 'review_requested', 'review_requested', 'review_requested', 'labeled', 'labeled', 'commented', 'head_ref_force_pushed', 'reviewed', 'reviewed', 'reviewed', 'commented', 'mentioned', 'subscribed', 'reviewed', 'reviewed', 'reviewed', 'head_ref_force_pushed', 'commented', 'milestoned', 'base_ref_changed', 'committed', 'head_ref_force_pushed', 'demilestoned', 'milestoned', 'reviewed', 'merged', 'closed', 'head_ref_deleted')",1
"('created', 'review_requested', 'review_requested', 'review_requested', 'labeled', 'labeled', 'commented', 'mentioned', 'subscribed', 'commented', 'head_ref_force_pushed', 'commented', 'mentioned', 'subscribed', 'commented', 'commented', 'commented', 'committed', 'committed', 'committed', 'committed', 'committed', 'head_ref_force_pushed', 'committed', 'commented', 'reviewed', 'reviewed', 'committed', 'reviewed', 'reviewed', 'reviewed', 'reviewed', 'reviewed', 'reviewed', 'reviewed', 'committed', 'committed', 'commented', 'committed', 'review_requested', 'milestoned', 'unlabeled', 'labeled', 'commented', 'convert_to_draft', 'commented', 'closed')",1
"('created', 'review_requested', 'review_requested', 'review_requested', 'labeled', 'labeled', 'commented', 'milestoned', 'base_ref_changed', 'closed', 'reopened', 'commented', 'commented', 'head_ref_force_pushed', 'commented', 'commented', 'reviewed', 'commented', 'base_ref_force_pushed', 'demilestoned', 'milestoned', 'base_ref_force_pushed', 'base_ref_deleted', 'closed', 'cross_referenced', 'reopened', 'base_ref_changed', 'cross_referenced', 'commented', 'mentioned', 'subscribed', 'head_ref_force_pushed', 'head_ref_force_pushed', 'cross_referenced', 'reviewed', 'demilestoned', 'milestoned', 'base_ref_changed', 'head_ref_force_pushed', 'committed', 'committed', 'head_ref_force_pushed', 'merged', 'closed')",1
"('created', 'review_requested', 'review_requested', 'review_requested', 'labeled', 'labeled', 'commented', 'milestoned', 'renamed', 'renamed', 'reviewed', 'base_ref_changed', 'committed', 'committed', 'head_ref_force_pushed', 'labeled', 'merged', 'closed', 'demilestoned', 'milestoned')",1
"('created', 'review_requested', 'review_requested', 'review_requested', 'labeled', 'labeled', 'commented', 'milestoned', 'reviewed', 'committed', 'head_ref_force_pushed', 'unlabeled', 'labeled', 'labeled', 'unlabeled', 'merged', 'closed')",1
"('created', 'review_requested', 'review_requested', 'review_requested', 'labeled', 'labeled', 'commented', 'milestoned', 'reviewed', 'head_ref_force_pushed', 'committed', 'head_ref_force_pushed', 'merged', 'closed')",1
"('created', 'review_requested', 'review_requested', 'review_requested', 'labeled', 'labeled', 'commented', 'renamed', 'committed', 'head_ref_force_pushed', 'reviewed', 'base_ref_changed', 'unlabeled', 'renamed', 'merged', 'closed', 'head_ref_deleted', 'referenced', 'head_ref_restored')",1
"('created', 'review_requested', 'review_requested', 'review_requested', 'labeled', 'labeled', 'commented', 'renamed', 'milestoned', 'reviewed', 'renamed', 'reviewed', 'cross_referenced', 'unlabeled', 'labeled', 'committed', 'head_ref_force_pushed', 'labeled', 'labeled', 'reviewed', 'merged', 'closed')",1
"('created', 'review_requested', 'review_requested', 'review_requested', 'labeled', 'labeled', 'commented', 'reviewed', 'base_ref_changed', 'base_ref_changed', 'head_ref_force_pushed', 'base_ref_changed', 'committed', 'committed', 'head_ref_force_pushed', 'merged', 'closed', 'head_ref_deleted', 'commented', 'cross_referenced', 'commented')",1
"('created', 'review_requested', 'review_requested', 'review_requested', 'labeled', 'labeled', 'commented', 'reviewed', 'base_ref_changed', 'head_ref_force_pushed', 'head_ref_force_pushed', 'head_ref_force_pushed', 'base_ref_force_pushed', 'head_ref_force_pushed', 'head_ref_force_pushed', 'head_ref_force_pushed', 'committed', 'head_ref_force_pushed', 'merged', 'closed', 'head_ref_deleted', 'referenced')",1
"('created', 'review_requested', 'review_requested', 'review_requested', 'labeled', 'labeled', 'commented', 'reviewed', 'commented', 'committed', 'head_ref_force_pushed', 'renamed', 'merged', 'closed', 'head_ref_deleted')",1
"('created', 'review_requested', 'review_requested', 'review_requested', 'labeled', 'labeled', 'commented', 'reviewed', 'commented', 'head_ref_force_pushed', 'renamed', 'head_ref_force_pushed', 'renamed', 'reviewed', 'head_ref_force_pushed', 'head_ref_force_pushed', 'head_ref_force_pushed', 'head_ref_force_pushed', 'committed', 'head_ref_force_pushed', 'review_requested', 'reviewed', 'merged', 'closed', 'head_ref_deleted')",1
"('created', 'reviewed', 'committed', 'committed', 'head_ref_force_pushed', 'base_ref_changed', 'merged', 'closed')",1
"('created', 'review_requested', 'review_requested', 'review_requested', 'labeled', 'labeled', 'commented', 'reviewed', 'head_ref_force_pushed', 'committed', 'head_ref_force_pushed', 'commented', 'mentioned', 'subscribed', 'reviewed', 'merged', 'closed')",1
"('created', 'review_requested', 'review_requested', 'review_requested', 'labeled', 'labeled', 'commented', 'reviewed', 'head_ref_force_pushed', 'head_ref_force_pushed', 'head_ref_force_pushed', 'committed', 'head_ref_force_pushed', 'cross_referenced', 'merged', 'closed', 'head_ref_deleted')",1
"('created', 'review_requested', 'review_requested', 'review_requested', 'labeled', 'labeled', 'commented', 'reviewed', 'head_ref_force_pushed', 'head_ref_force_pushed', 'renamed', 'head_ref_force_pushed', 'head_ref_force_pushed', 'head_ref_force_pushed', 'head_ref_force_pushed', 'cross_referenced', 'head_ref_force_pushed', 'commented', 'mentioned', 'subscribed', 'commented', 'mentioned', 'subscribed', 'reviewed', 'reviewed', 'committed', 'head_ref_force_pushed', 'auto_squash_enabled', 'merged', 'closed', 'head_ref_deleted')",1
"('created', 'review_requested', 'review_requested', 'review_requested', 'labeled', 'labeled', 'commented', 'reviewed', 'labeled', 'unlabeled', 'base_ref_force_pushed', 'milestoned', 'head_ref_force_pushed', 'labeled', 'head_ref_force_pushed', 'renamed', 'commented', 'reviewed', 'labeled', 'unlabeled', 'base_ref_force_pushed', 'head_ref_force_pushed', 'labeled', 'commented', 'base_ref_force_pushed', 'head_ref_force_pushed', 'committed', 'head_ref_force_pushed', 'cross_referenced', 'reviewed', 'merged', 'closed', 'head_ref_deleted')",1
"('created', 'review_requested', 'review_requested', 'review_requested', 'labeled', 'labeled', 'commented', 'reviewed', 'review_requested', 'head_ref_force_pushed', 'commented', 'mentioned', 'subscribed', 'committed', 'head_ref_force_pushed', 'convert_to_draft', 'commented', 'closed')",1
"('created', 'review_requested', 'review_requested', 'review_requested', 'labeled', 'labeled', 'commented', 'reviewed', 'reviewed', 'committed', 'head_ref_force_pushed', 'auto_squash_enabled', 'merged', 'closed', 'head_ref_deleted')",1
"('created', 'review_requested', 'review_requested', 'review_requested', 'labeled', 'labeled', 'commented', 'reviewed', 'unlabeled', 'labeled', 'milestoned', 'base_ref_force_pushed', 'head_ref_force_pushed', 'labeled', 'head_ref_force_pushed', 'head_ref_force_pushed', 'base_ref_force_pushed', 'committed', 'head_ref_force_pushed', 'cross_referenced', 'reviewed', 'merged', 'closed', 'head_ref_deleted')",1
"('created', 'review_requested', 'review_requested', 'review_requested', 'labeled', 'labeled', 'committed', 'commented', 'reviewed', 'merged', 'closed', 'head_ref_deleted')",1
"('created', 'review_requested', 'review_requested', 'review_requested', 'labeled', 'labeled', 'committed', 'head_ref_force_pushed', 'commented', 'cross_referenced', 'commented', 'mentioned', 'subscribed', 'mentioned', 'subscribed', 'mentioned', 'subscribed', 'reviewed', 'merged', 'closed', 'head_ref_deleted')",1
"('created', 'review_requested', 'review_requested', 'review_requested', 'labeled', 'labeled', 'committed', 'head_ref_force_pushed', 'commented', 'reviewed', 'merged', 'closed')",1
"('created', 'review_requested', 'review_requested', 'review_requested', 'labeled', 'labeled', 'committed', 'head_ref_force_pushed', 'commented', 'reviewed', 'merged', 'closed', 'head_ref_deleted')",1
"('created', 'review_requested', 'review_requested', 'review_requested', 'labeled', 'labeled', 'convert_to_draft', 'commented', 'head_ref_force_pushed', 'head_ref_force_pushed', 'ready_for_review', 'head_ref_force_pushed', 'head_ref_force_pushed', 'reviewed', 'committed', 'head_ref_force_pushed', 'reviewed', 'merged', 'closed', 'head_ref_deleted', 'referenced')",1
"('created', 'review_requested', 'review_requested', 'review_requested', 'labeled', 'labeled', 'convert_to_draft', 'commented', 'head_ref_force_pushed', 'renamed', 'renamed', 'head_ref_force_pushed', 'labeled', 'ready_for_review', 'head_ref_force_pushed', 'base_ref_changed', 'committed', 'head_ref_force_pushed', 'base_ref_changed', 'cross_referenced', 'base_ref_deleted', 'closed', 'commented', 'commented')",1
"('created', 'review_requested', 'review_requested', 'review_requested', 'labeled', 'labeled', 'convert_to_draft', 'milestoned', 'commented', 'committed', 'head_ref_force_pushed', 'ready_for_review', 'reviewed', 'merged', 'closed')",1
"('created', 'review_requested', 'review_requested', 'review_requested', 'labeled', 'labeled', 'head_ref_force_pushed', 'commented', 'commented', 'mentioned', 'subscribed', 'mentioned', 'subscribed', 'mentioned', 'subscribed', 'committed', 'head_ref_force_pushed', 'reviewed', 'merged', 'closed', 'head_ref_deleted')",1
"('created', 'review_requested', 'review_requested', 'review_requested', 'labeled', 'labeled', 'head_ref_force_pushed', 'commented', 'head_ref_force_pushed', 'head_ref_force_pushed', 'committed', 'head_ref_force_pushed', 'committed', 'reviewed', 'reviewed', 'labeled', 'unlabeled', 'merged', 'closed', 'head_ref_deleted')",1
"('created', 'review_requested', 'review_requested', 'review_requested', 'labeled', 'labeled', 'head_ref_force_pushed', 'commented', 'head_ref_force_pushed', 'reviewed', 'commented', 'reviewed', 'milestoned', 'base_ref_changed', 'reviewed', 'reviewed', 'demilestoned', 'milestoned', 'head_ref_force_pushed', 'head_ref_force_pushed', 'reviewed', 'committed', 'head_ref_force_pushed', 'unlabeled', 'labeled', 'unlabeled', 'labeled', 'merged', 'closed')",1
"('created', 'review_requested', 'review_requested', 'review_requested', 'labeled', 'labeled', 'head_ref_force_pushed', 'commented', 'reviewed', 'commented', 'commented', 'commented', 'head_ref_force_pushed', 'commented', 'commented', 'convert_to_draft', 'head_ref_force_pushed', 'head_ref_force_pushed', 'ready_for_review', 'head_ref_force_pushed', 'head_ref_force_pushed', 'head_ref_force_pushed', 'head_ref_force_pushed', 'commented', 'head_ref_force_pushed', 'reviewed', 'unlabeled', 'milestoned', 'head_ref_force_pushed', 'labeled', 'committed', 'head_ref_force_pushed', 'reviewed', 'merged', 'closed')",1
"('created', 'review_requested', 'review_requested', 'review_requested', 'labeled', 'labeled', 'head_ref_force_pushed', 'commented', 'reviewed', 'committed', 'head_ref_force_pushed', 'reviewed', 'merged', 'closed', 'head_ref_deleted')",1
"('created', 'review_requested', 'review_requested', 'review_requested', 'labeled', 'labeled', 'head_ref_force_pushed', 'commented', 'reviewed', 'reviewed', 'labeled', 'unlabeled', 'base_ref_force_pushed', 'milestoned', 'head_ref_force_pushed', 'labeled', 'head_ref_force_pushed', 'review_requested', 'cross_referenced', 'reviewed', 'unlabeled', 'labeled', 'commented', 'base_ref_force_pushed', 'head_ref_force_pushed', 'labeled', 'head_ref_force_pushed', 'commented', 'mentioned', 'subscribed', 'base_ref_force_pushed', 'committed', 'committed', 'committed', 'head_ref_force_pushed', 'cross_referenced', 'reviewed', 'merged', 'closed', 'cross_referenced', 'head_ref_deleted')",1
"('created', 'review_requested', 'review_requested', 'review_requested', 'labeled', 'labeled', 'head_ref_force_pushed', 'head_ref_force_pushed', 'commented', 'head_ref_force_pushed', 'reviewed', 'base_ref_force_pushed', 'head_ref_force_pushed', 'committed', 'head_ref_force_pushed', 'merged', 'closed', 'head_ref_deleted')",1
"('created', 'review_requested', 'review_requested', 'review_requested', 'labeled', 'labeled', 'labeled', 'commented', 'commented', 'commented', 'renamed', 'head_ref_force_pushed', 'committed', 'head_ref_force_pushed', 'unlabeled', 'reviewed', 'merged', 'closed', 'head_ref_deleted')",1
"('created', 'review_requested', 'review_requested', 'review_requested', 'labeled', 'labeled', 'labeled', 'commented', 'committed', 'head_ref_force_pushed', 'committed', 'reviewed', 'committed', 'reviewed', 'reviewed', 'unlabeled', 'labeled', 'commented', 'reviewed', 'reviewed', 'labeled', 'commented', 'reviewed', 'commented', 'mentioned', 'subscribed', 'committed', 'committed', 'committed', 'committed', 'committed', 'head_ref_force_pushed', 'committed', 'commented', 'mentioned', 'subscribed', 'mentioned', 'subscribed', 'committed', 'renamed', 'reviewed', 'auto_squash_enabled', 'merged', 'closed', 'cross_referenced', 'cross_referenced')",1
"('created', 'review_requested', 'review_requested', 'review_requested', 'labeled', 'labeled', 'labeled', 'commented', 'milestoned', 'demilestoned', 'milestoned', 'committed', 'head_ref_force_pushed', 'reviewed', 'base_ref_changed', 'merged', 'closed', 'demilestoned')",1
"('committed', 'committed', 'committed', 'committed', 'committed', 'committed', 'committed', 'committed', 'committed', 'committed', 'committed', 'committed', 'committed', 'committed', 'committed', 'committed', 'committed', 'committed', 'committed', 'committed', 'committed', 'committed', 'committed', 'created', 'committed', 'committed', 'review_requested', 'commented', 'mentioned', 'subscribed', 'base_ref_changed', 'commented', 'merged', 'closed')",1
"('committed', 'committed', 'committed', 'committed', 'committed', 'committed', 'committed', 'committed', 'committed', 'committed', 'committed', 'committed', 'committed', 'committed', 'committed', 'committed', 'committed', 'created', 'review_requested', 'review_requested', 'review_requested', 'labeled', 'labeled', 'commented', 'convert_to_draft', 'base_ref_force_pushed', 'base_ref_changed', 'closed')",1
"('committed', 'committed', 'committed', 'committed', 'committed', 'committed', 'committed', 'committed', 'committed', 'committed', 'committed', 'committed', 'committed', 'committed', 'committed', 'committed', 'created', 'review_requested', 'review_requested', 'review_requested', 'labeled', 'commented', 'commented', 'reviewed', 'merged', 'closed', 'head_ref_deleted')",1
"('committed', 'committed', 'committed', 'committed', 'committed', 'committed', 'committed', 'committed', 'committed', 'committed', 'committed', 'committed', 'committed', 'committed', 'created', 'labeled', 'committed', 'head_ref_force_pushed', 'renamed', 'commented', 'milestoned', 'base_ref_force_pushed', 'base_ref_force_pushed', 'base_ref_deleted', 'closed')",1
"('committed', 'committed', 'committed', 'committed', 'committed', 'committed', 'committed', 'committed', 'committed', 'committed', 'committed', 'committed', 'created', 'commented', 'commented', 'head_ref_force_pushed', 'reviewed', 'merged', 'closed', 'head_ref_deleted', 'cross_referenced')",1
"('committed', 'committed', 'committed', 'committed', 'committed', 'committed', 'committed', 'committed', 'committed', 'committed', 'committed', 'created')",1
"('committed', 'committed', 'committed', 'committed', 'committed', 'committed', 'committed', 'committed', 'committed', 'committed', 'committed', 'created', 'labeled', 'closed', 'head_ref_deleted')",1
"('committed', 'committed', 'committed', 'committed', 'committed', 'committed', 'committed', 'committed', 'committed', 'committed', 'committed', 'created', 'review_requested', 'merged', 'closed', 'commented', 'commented', 'head_ref_deleted')",1
"('committed', 'committed', 'committed', 'committed', 'committed', 'committed', 'committed', 'committed', 'committed', 'committed', 'committed', 'created', 'review_requested', 'merged', 'closed', 'head_ref_deleted')",1
"('created', 'reviewed', 'head_ref_force_pushed', 'convert_to_draft', 'ready_for_review', 'head_ref_force_pushed', 'commented', 'head_ref_force_pushed', 'reviewed', 'head_ref_force_pushed', 'reviewed', 'review_requested', 'head_ref_force_pushed', 'head_ref_force_pushed', 'reviewed', 'cross_referenced', 'committed', 'committed', 'committed', 'committed', 'committed', 'committed', 'committed', 'committed', 'head_ref_force_pushed', 'reviewed', 'reviewed', 'merged', 'closed', 'commented', 'head_ref_deleted')",1
"('committed', 'committed', 'committed', 'committed', 'committed', 'committed', 'committed', 'committed', 'committed', 'created', 'commented', 'cross_referenced', 'cross_referenced', 'cross_referenced', 'cross_referenced', 'reviewed', 'reviewed', 'reviewed', 'reviewed', 'reviewed', 'committed', 'committed', 'committed', 'commented', 'merged', 'closed', 'head_ref_deleted', 'referenced', 'cross_referenced')",1
"('committed', 'committed', 'committed', 'committed', 'committed', 'committed', 'committed', 'committed', 'committed', 'created', 'commented', 'merged', 'closed', 'head_ref_deleted')",1
"('committed', 'committed', 'committed', 'committed', 'committed', 'committed', 'committed', 'committed', 'committed', 'created', 'review_requested', 'review_requested', 'review_requested', 'labeled', 'closed', 'head_ref_deleted', 'head_ref_restored', 'head_ref_deleted')",1
"('committed', 'committed', 'committed', 'committed', 'committed', 'committed', 'committed', 'committed', 'committed', 'created', 'review_requested', 'review_requested', 'review_requested', 'labeled', 'labeled', 'commented', 'committed', 'committed', 'committed', 'head_ref_force_pushed', 'reviewed', 'base_ref_changed', 'merged', 'closed', 'head_ref_deleted')",1
"('committed', 'committed', 'committed', 'committed', 'committed', 'committed', 'committed', 'committed', 'committed', 'created', 'review_requested', 'review_requested', 'review_requested', 'labeled', 'reviewed', 'commented', 'closed', 'commented', 'reopened', 'reviewed', 'labeled', 'unlabeled', 'labeled', 'unlabeled', 'convert_to_draft', 'commented', 'commented', 'closed')",1
"('created', 'review_requested', 'review_requested', 'review_requested', 'labeled', 'labeled', 'labeled', 'commented', 'renamed', 'reviewed', 'commented', 'mentioned', 'subscribed', 'unlabeled', 'unlabeled', 'labeled', 'committed', 'head_ref_force_pushed', 'labeled', 'labeled', 'commented', 'reviewed', 'merged', 'closed', 'head_ref_deleted', 'cross_referenced', 'cross_referenced')",1
"('committed', 'committed', 'committed', 'committed', 'committed', 'committed', 'committed', 'committed', 'committed', 'committed', 'committed', 'committed', 'committed', 'committed', 'committed', 'committed', 'committed', 'committed', 'committed', 'committed', 'committed', 'committed', 'created', 'committed', 'committed', 'committed', 'committed', 'committed', 'base_ref_changed', 'committed', 'commented', 'base_ref_force_pushed', 'base_ref_deleted', 'closed', 'commented', 'commented', 'commented', 'commented', 'cross_referenced')",1
"('created', 'review_requested', 'review_requested', 'review_requested', 'labeled', 'labeled', 'labeled', 'commented', 'reviewed', 'committed', 'head_ref_force_pushed', 'reviewed', 'merged', 'closed', 'head_ref_deleted')",1
"('created', 'review_requested', 'review_requested', 'review_requested', 'labeled', 'labeled', 'labeled', 'commented', 'reviewed', 'head_ref_force_pushed', 'reviewed', 'convert_to_draft', 'ready_for_review', 'reviewed', 'milestoned', 'head_ref_force_pushed', 'base_ref_changed', 'head_ref_force_pushed', 'cross_referenced', 'demilestoned', 'milestoned', 'head_ref_force_pushed', 'head_ref_force_pushed', 'committed', 'head_ref_force_pushed', 'renamed', 'reviewed', 'merged', 'closed')",1
"('created', 'review_requested', 'review_requested', 'review_requested', 'labeled', 'labeled', 'labeled', 'commented', 'reviewed', 'unlabeled', 'labeled', 'head_ref_force_pushed', 'labeled', 'head_ref_force_pushed', 'review_requested', 'reviewed', 'committed', 'head_ref_force_pushed', 'auto_squash_enabled', 'merged', 'closed')",1
"('created', 'review_requested', 'review_requested', 'review_requested', 'labeled', 'labeled', 'labeled', 'head_ref_force_pushed', 'cross_referenced', 'head_ref_force_pushed', 'commented', 'reviewed', 'base_ref_force_pushed', 'commented', 'convert_to_draft', 'unlabeled', 'labeled', 'milestoned', 'committed', 'head_ref_force_pushed', 'labeled', 'commented', 'ready_for_review', 'commented', 'mentioned', 'subscribed', 'mentioned', 'subscribed', 'commented', 'reviewed', 'commented', 'unlabeled', 'unlabeled', 'labeled', 'reviewed', 'merged', 'closed', 'head_ref_deleted')",1
"('created', 'review_requested', 'review_requested', 'review_requested', 'labeled', 'labeled', 'labeled', 'head_ref_force_pushed', 'head_ref_force_pushed', 'commented', 'head_ref_force_pushed', 'head_ref_force_pushed', 'head_ref_force_pushed', 'reviewed', 'head_ref_force_pushed', 'head_ref_force_pushed', 'committed', 'head_ref_force_pushed', 'reviewed', 'merged', 'closed', 'head_ref_deleted')",1
"('created', 'review_requested', 'review_requested', 'review_requested', 'labeled', 'labeled', 'labeled', 'head_ref_force_pushed', 'reviewed', 'reviewed', 'commented', 'head_ref_force_pushed', 'milestoned', 'renamed', 'reviewed', 'committed', 'committed', 'head_ref_force_pushed', 'unlabeled', 'labeled', 'merged', 'closed')",1
"('created', 'review_requested', 'review_requested', 'review_requested', 'labeled', 'labeled', 'mentioned', 'subscribed', 'commented', 'base_ref_force_pushed', 'milestoned', 'head_ref_force_pushed', 'committed', 'head_ref_force_pushed', 'reviewed', 'merged', 'closed', 'head_ref_deleted')",1
"('created', 'review_requested', 'review_requested', 'review_requested', 'labeled', 'labeled', 'milestoned', 'convert_to_draft', 'head_ref_force_pushed', 'commented', 'head_ref_force_pushed', 'head_ref_force_pushed', 'head_ref_force_pushed', 'head_ref_force_pushed', 'head_ref_force_pushed', 'head_ref_force_pushed', 'ready_for_review', 'base_ref_changed', 'reviewed', 'labeled', 'unlabeled', 'cross_referenced', 'head_ref_force_pushed', 'labeled', 'reviewed', 'committed', 'head_ref_force_pushed', 'reviewed', 'merged', 'closed', 'head_ref_deleted', 'cross_referenced')",1
"('created', 'review_requested', 'review_requested', 'review_requested', 'labeled', 'labeled', 'milestoned', 'head_ref_force_pushed', 'commented', 'committed', 'committed', 'committed', 'committed', 'committed', 'head_ref_force_pushed', 'base_ref_changed', 'convert_to_draft', 'commented', 'closed', 'head_ref_deleted')",1
"('created', 'review_requested', 'review_requested', 'review_requested', 'labeled', 'labeled', 'renamed', 'base_ref_changed', 'commented', 'head_ref_force_pushed', 'head_ref_force_pushed', 'commented', 'renamed', 'committed', 'head_ref_force_pushed', 'unlabeled', 'labeled', 'milestoned', 'merged', 'closed', 'cross_referenced')",1
"('created', 'review_requested', 'review_requested', 'review_requested', 'labeled', 'labeled', 'renamed', 'committed', 'head_ref_force_pushed', 'labeled', 'commented', 'reviewed', 'unlabeled', 'merged', 'closed', 'head_ref_deleted', 'referenced')",1
"('created', 'review_requested', 'review_requested', 'review_requested', 'labeled', 'labeled', 'reviewed', 'commented', 'committed', 'head_ref_force_pushed', 'reviewed', 'base_ref_changed', 'merged', 'closed', 'head_ref_deleted', 'referenced')",1
"('created', 'review_requested', 'review_requested', 'review_requested', 'labeled', 'labeled', 'reviewed', 'commented', 'reviewed', 'reviewed', 'reviewed', 'labeled', 'unlabeled', 'base_ref_force_pushed', 'base_ref_force_pushed', 'committed', 'head_ref_force_pushed', 'cross_referenced', 'cross_referenced', 'labeled', 'cross_referenced', 'reviewed', 'merged', 'closed', 'head_ref_deleted')",1
"('created', 'review_requested', 'review_requested', 'review_requested', 'labeled', 'renamed', 'convert_to_draft', 'renamed', 'head_ref_force_pushed', 'commented', 'renamed', 'renamed', 'renamed', 'commented', 'ready_for_review', 'labeled', 'base_ref_changed', 'milestoned', 'base_ref_force_pushed', 'head_ref_force_pushed', 'head_ref_force_pushed', 'demilestoned', 'milestoned', 'base_ref_force_pushed', 'base_ref_deleted', 'closed', 'reopened', 'base_ref_changed', 'head_ref_force_pushed', 'commented', 'commented', 'reviewed', 'reviewed', 'reviewed', 'head_ref_force_pushed', 'commented', 'reviewed', 'base_ref_changed', 'demilestoned', 'milestoned', 'base_ref_changed', 'reviewed', 'base_ref_changed', 'committed', 'head_ref_force_pushed', 'unlabeled', 'labeled', 'labeled', 'unlabeled', 'head_ref_force_pushed', 'labeled', 'committed', 'head_ref_force_pushed', 'merged', 'closed')",1
"('created', 'review_requested', 'review_requested', 'review_requested', 'labeled', 'renamed', 'head_ref_force_pushed', 'commented', 'head_ref_force_pushed', 'head_ref_force_pushed', 'cross_referenced', 'cross_referenced', 'cross_referenced', 'reviewed', 'assigned', 'labeled', 'unlabeled', 'commented', 'commented', 'commented', 'head_ref_force_pushed', 'labeled', 'unassigned', 'unlabeled', 'head_ref_force_pushed', 'head_ref_force_pushed', 'cross_referenced', 'commented', 'commented', 'mentioned', 'subscribed', 'head_ref_force_pushed', 'commented', 'mentioned', 'subscribed', 'commented', 'reviewed', 'reviewed', 'labeled', 'unlabeled', 'committed', 'committed', 'committed', 'committed', 'committed', 'head_ref_force_pushed', 'labeled', 'commented', 'reviewed', 'merged', 'closed', 'head_ref_deleted')",1
