week_start,value,rolling_q1,rolling_q3,iqr,lower_bound,upper_bound,is_anomaly,anomaly_direction,anomaly_score,commit_event_count,message_count,messages_in_week,commit_event_descriptions,commit_event_ids,commit_object_ids,messages_text
2019-04-15,5,0.25,1.0,0.75,-0.875,2.125,True,high,3.8333333333333335,11,11,"['feat: custom cz plugins now support bumping version', 'refactor(info): command logic removed from commitizen base', ""fix: conventional commit 'breaking change' in body instead of title\n\ncloses #16"", 'fix(bump): prefixes like docs, build, etc no longer generate a PATCH', 'refactor(commit): moved most of the commit logic to the commit command', 'docs: mkdocs documentation', 'fix(bump): commit message now fits better with semver', 'refactor(example): command logic removed from commitizen base', 'docs: how to create custom bumps', 'bump: version 1.1.1 → 1.2.0', 'refactor(schema): command logic removed from commitizen base']","['committed (#18)', 'committed (#17)', 'committed (#19)', 'committed (#15)']","[116379, 116405, 116413, 116421, 116451, 116459, 116467, 116475, 116483, 116495, 116563]","[116381, 116407, 116415, 116423, 116453, 116461, 116469, 116477, 116485, 116497, 116565]","feat: custom cz plugins now support bumping version
refactor(info): command logic removed from commitizen base
fix: conventional commit 'breaking change' in body instead of title

closes #16
fix(bump): prefixes like docs, build, etc no longer generate a PATCH
refactor(commit): moved most of the commit logic to the commit command
docs: mkdocs documentation
fix(bump): commit message now fits better with semver
refactor(example): command logic removed from commitizen base
docs: how to create custom bumps
bump: version 1.1.1 → 1.2.0
refactor(schema): command logic removed from commitizen base"
2019-04-22,5,0.5,1.0,0.5,-0.25,1.75,True,high,6.5,4,4,"['feat(bump): new commit message template\n\ncloses #20', 'feat: added argument yes to bump in order to accept questions\n\n* removed unused functions\n* changed travis to use script test instead of command', 'test(commands): added integration test for bump command', 'fix(bump): handle commit and create tag failure']","['committed (#21)', 'committed (#22)', 'committed (#23)']","[116239, 116269, 116277, 116307]","[116241, 116271, 116279, 116309]","feat(bump): new commit message template

closes #20
feat: added argument yes to bump in order to accept questions

* removed unused functions
* changed travis to use script test instead of command
test(commands): added integration test for bump command
fix(bump): handle commit and create tag failure"
2019-05-20,2,1.0,1.0,0.0,1.0,1.0,True,high,0.0,2,2,"['chore(deps-dev): update mypy requirement from ^0.700.0 to ^0.701\n\nUpdates the requirements on [mypy](https://github.com/python/mypy) to permit the latest version.\n- [Release notes](https://github.com/python/mypy/releases)\n- [Commits](https://github.com/python/mypy/compare/v0.700...v0.701)\n\nSigned-off-by: dependabot[bot] <support@dependabot.com>', 'chore(deps-dev): update black requirement from ^18.3-alpha.0 to ^19.3b0\n\nUpdates the requirements on [black](https://github.com/ambv/black) to permit the latest version.\n- [Release notes](https://github.com/ambv/black/releases)\n- [Commits](https://github.com/ambv/black/commits)\n\nSigned-off-by: dependabot[bot] <support@dependabot.com>']","['committed (#27)', 'committed (#26)']","[116076, 116113]","[116078, 116115]","chore(deps-dev): update mypy requirement from ^0.700.0 to ^0.701

Updates the requirements on [mypy](https://github.com/python/mypy) to permit the latest version.
- [Release notes](https://github.com/python/mypy/releases)
- [Commits](https://github.com/python/mypy/compare/v0.700...v0.701)

Signed-off-by: dependabot[bot] <support@dependabot.com>
chore(deps-dev): update black requirement from ^18.3-alpha.0 to ^19.3b0

Updates the requirements on [black](https://github.com/ambv/black) to permit the latest version.
- [Release notes](https://github.com/ambv/black/releases)
- [Commits](https://github.com/ambv/black/commits)

Signed-off-by: dependabot[bot] <support@dependabot.com>"
2019-11-04,10,1.0,1.0,0.0,1.0,1.0,True,high,0.0,20,20,"['feat(config): update style instead of overwrite\n\n#37', 'feat(git): add is_staging_clean to check if there is any file in git staging', 'test(commands/commit): test aborting commit when there is nothing to commit\n\n#45', 'docs(config): update doc for prompt style', 'build: new deploy script and updated changelog', 'feat(commit): new retry argument to execute previous commit again\n\nCloses #40', 'feat(commands/commit): abort commit if there is nothing to commit', 'feat(commit): make style configurable for commit command\n\n#37', 'fix(cz): remove breakpoint\n\n#37', 'feat(config): parse style in config\n\n#37', 'docs(config): update for default color change\n\n#37', 'test(commands/commit): set staging to clean for most commit tests', 'style(cz): use lowercase in BaseCommitizen.default_style_config for consistency\n\n#37', 'fix(cz): fix merge_style usage error\n\n#37', 'test(config): add tests for newly added style config\n\n#37', 'style: new lint command running isort and black', 'docs(config): add description for style that it will merge with default style instead of overwriting\n\n#37', 'refactor(cz): change the color of default style\n\n#37', 'ci(travis): black and flake8 checks during test', 'fix(cz): fix bug in BaseCommitizen.style\n\n#37']","['committed (#42)', 'committed (#49)', 'committed (#44)', 'committed (#41)', 'committed (#43)']","[115012, 115020, 115028, 115040, 115358, 115384, 115392, 115422, 115430, 115438, 115446, 115454, 115462, 115492, 115500, 115508, 115516, 115528, 115536, 115572]","[115014, 115022, 115030, 115042, 115360, 115386, 115394, 115424, 115432, 115440, 115448, 115456, 115464, 115494, 115502, 115510, 115518, 115530, 115538, 115574]","feat(config): update style instead of overwrite

#37
feat(git): add is_staging_clean to check if there is any file in git staging
test(commands/commit): test aborting commit when there is nothing to commit

#45
docs(config): update doc for prompt style
build: new deploy script and updated changelog
feat(commit): new retry argument to execute previous commit again

Closes #40
feat(commands/commit): abort commit if there is nothing to commit
feat(commit): make style configurable for commit command

#37
fix(cz): remove breakpoint

#37
feat(config): parse style in config

#37
docs(config): update for default color change

#37
test(commands/commit): set staging to clean for most commit tests
style(cz): use lowercase in BaseCommitizen.default_style_config for consistency

#37
fix(cz): fix merge_style usage error

#37
test(config): add tests for newly added style config

#37
style: new lint command running isort and black
docs(config): add description for style that it will merge with default style instead of overwriting

#37
refactor(cz): change the color of default style

#37
ci(travis): black and flake8 checks during test
fix(cz): fix bug in BaseCommitizen.style

#37"
2019-11-11,4,1.0,1.0,0.0,1.0,1.0,True,high,0.0,14,14,"['test(commands/commit): add test case for customize exception raised\n\n#46', ""Merge branch 'master' into make-command-required"", ""Merge branch 'master' into general-expection-for-customize-commit"", 'docs(customization): description for inheriting CzException\n\n#46', 'refactor(command/version): use out.write instead of out.line', 'refactor(cli): add back --version and remove subcommand required constraint\n\nthese changes will apply when move into 2.0', 'build(poetry): update questionary version to ^1.4\n\nafter questionary 1.4, we can modify the style of prompt and highlighted text at the same time', 'refactor(command): make version a command instead of an argument', 'test(command/version): add unit test for version', 'refactor(cz/conventional_commit): make NoSubjectException inherit CzException and add error message\n\n#46', 'fix(cli): enforce subcommand as required\n\nwithout enforcing subcommand, exception would be raised when running `cz -n test` or `cz --debug`', 'feat(cz): add a base exception for cz customization\n\n#46', 'fix(commands/commit): catch exception raised by customization cz\n\n#46', 'fix(cli): handle the exception that command is not given']","['committed (#51)', 'committed (#48)', 'committed (#50)']","[114911, 114919, 114927, 114935, 114943, 114951, 114977, 115090, 115098, 115106, 115114, 115122, 115170, 115178]","[114913, 114921, 114929, 114937, 114945, 114953, 114979, 115092, 115100, 115108, 115116, 115124, 115172, 115180]","test(commands/commit): add test case for customize exception raised

#46
Merge branch 'master' into make-command-required
Merge branch 'master' into general-expection-for-customize-commit
docs(customization): description for inheriting CzException

#46
refactor(command/version): use out.write instead of out.line
refactor(cli): add back --version and remove subcommand required constraint

these changes will apply when move into 2.0
build(poetry): update questionary version to ^1.4

after questionary 1.4, we can modify the style of prompt and highlighted text at the same time
refactor(command): make version a command instead of an argument
test(command/version): add unit test for version
refactor(cz/conventional_commit): make NoSubjectException inherit CzException and add error message

#46
fix(cli): enforce subcommand as required

without enforcing subcommand, exception would be raised when running `cz -n test` or `cz --debug`
feat(cz): add a base exception for cz customization

#46
fix(commands/commit): catch exception raised by customization cz

#46
fix(cli): handle the exception that command is not given"
2019-11-18,33,1.0,1.75,0.75,-0.125,2.875,True,high,40.166666666666664,50,42,"['ci: publish with github secret', 'docs(Tutorial): Tutorial section added. GitLab tutorial added', ""Merge branch 'master' into issue67"", 'docs(cz/cz_customize): description for newly added customization functionality\n\n#54', 'fix: commit dry-run doesnt require staging to be clean', 'docs: added github actions to nav', 'correcting style mistakes', 'added reference for where handler code came from', 'created exception to raise if unable to change permission in handler', 'fix(commands/check.py): make --commit-msg-file a required argument for check command\n\nCurrently, if --commit-msg-file is not provided, it throws exception', 'feat(cz/cz_customize): implement info to support info and info_path\n\n#54', 'ci: new bump and publish github actions', 'docs(cz/customize): update doc for jinja support\n\n#54', 'prettied report of c.err', 'style: Reimplemented quoting in error message such that internal double-quotes no longer need to be escaped\n\nSaw that changes from previous PR broke style guidelines', 'fix(test_cli): testing the version command', 'feat(config): add deprecation warning for loading config from ini files\n\n#55', 'correcting style mistake', ""feat: new 'git-cz' entrypoint\n\nAdd 'git-cz' entrypoint in user's PATH.\nProject can now be invoked as 'git cz'.\nFixes #60"", '#issue67\ncreated handler for readonly files/dirs to be passed to shutil.rmtree(). will change permissions and retry operation if readonly dir/file found.', 'docs: github actions tutorial', 'feat(Commands/check): enforce the project to always use conventional commits\n\ncloses #59', 'test(cz/cz_customize): Change the value for choices\n\n#54', 'ci: codeconv for github actions', 'style(all): run ./script/lint', 'refactor(config): remove has_pyproject which is no longer used', 'tidy error report', 'Correct typo to spell ""convention""\n\nFixes #70.', 'ci: new github actions', 'feat(cz/customize): add jinja support to enhance template flexibility\n\n#54', 'docs: updated changelog', 'feat(cz/filters): add required_validator and multiple_line_breaker', 'refactor(cz/utils): rename filters as utils', 'fix(scripts): add back the delelte poetry prefix\n\n#54', 'feat(cz/cz_customize): implement customizable cz\n\n#54', 'fix(cz/exceptions): Fix AnswerRequiredException not caught\n\ninherit CzException', 'test(cz/customize): add test example for jinja support\n\n#54', 'feat(cz/cz_customize): enable bump_pattern bump_map customization', 'feat(Commands/commit): add ´--dry-run´ flag to the Commit command\n\nGenerate a commit message without doing anything\n\ncloses #56', 'ci: run tests on pull_requests', 'refactor(cz/customize): make jinja2 a custom requirement. if not installed use string.Tempalte instead', 'docs(cz/customize): update document for using string.Template as message_template when jinja not installed']","['committed (#88)', 'committed (#85)', 'committed (#79)', 'committed (#72)', 'committed (#75)', 'committed (#87)', 'committed (#69)', 'committed (#90)', 'committed (#86)', 'committed (#74)', 'committed (#62)', 'committed (#83)', 'committed (#81)', 'committed (#65)', 'committed (#84)', 'committed (#64)', 'committed (#89)', 'committed (#71)', 'committed (#63)', 'committed (#61)', 'committed (#68)', 'committed (#66)']","[113301, 113312, 113338, 113346, 113372, 113380, 113406, 113429, 113437, 113472, 113499, 113530, 113538, 113626, 113668, 113676, 113684, 113692, 113700, 113708, 113716, 113724, 113809, 113839, 113847, 113855, 113863, 113871, 113886, 113894, 113968, 113976, 113984, 113992, 114000, 114011, 114050, 114095, 114103, 114111, 114119, 114127, 114135, 114180, 114233, 114274, 114305, 114352, 114387, 114416]","[113303, 113314, 113340, 113348, 113374, 113382, 113408, 113431, 113439, 113474, 113501, 113532, 113540, 113628, 113670, 113678, 113686, 113694, 113702, 113710, 113718, 113726, 113811, 113841, 113849, 113857, 113865, 113873, 113888, 113896, 113970, 113978, 113986, 113994, 114002, 114013, 114052, 114097, 114105, 114113, 114121, 114129, 114137, 114182, 114235, 114276, 114307, 114354, 114389, 114418]","ci: publish with github secret
docs(Tutorial): Tutorial section added. GitLab tutorial added
Merge branch 'master' into issue67
docs(cz/cz_customize): description for newly added customization functionality

#54
fix: commit dry-run doesnt require staging to be clean
docs: added github actions to nav
correcting style mistakes
added reference for where handler code came from
created exception to raise if unable to change permission in handler
fix(commands/check.py): make --commit-msg-file a required argument for check command

Currently, if --commit-msg-file is not provided, it throws exception
feat(cz/cz_customize): implement info to support info and info_path

#54
ci: new bump and publish github actions
docs(cz/customize): update doc for jinja support

#54
prettied report of c.err
style: Reimplemented quoting in error message such that internal double-quotes no longer need to be escaped

Saw that changes from previous PR broke style guidelines
fix(test_cli): testing the version command
feat(config): add deprecation warning for loading config from ini files

#55
correcting style mistake
feat: new 'git-cz' entrypoint

Add 'git-cz' entrypoint in user's PATH.
Project can now be invoked as 'git cz'.
Fixes #60
#issue67
created handler for readonly files/dirs to be passed to shutil.rmtree(). will change permissions and retry operation if readonly dir/file found.
docs: github actions tutorial
feat(Commands/check): enforce the project to always use conventional commits

closes #59
test(cz/cz_customize): Change the value for choices

#54
ci: codeconv for github actions
style(all): run ./script/lint
refactor(config): remove has_pyproject which is no longer used
tidy error report
Correct typo to spell ""convention""

Fixes #70.
ci: new github actions
feat(cz/customize): add jinja support to enhance template flexibility

#54
docs: updated changelog
feat(cz/filters): add required_validator and multiple_line_breaker
refactor(cz/utils): rename filters as utils
fix(scripts): add back the delelte poetry prefix

#54
feat(cz/cz_customize): implement customizable cz

#54
fix(cz/exceptions): Fix AnswerRequiredException not caught

inherit CzException
test(cz/customize): add test example for jinja support

#54
feat(cz/cz_customize): enable bump_pattern bump_map customization
feat(Commands/commit): add ´--dry-run´ flag to the Commit command

Generate a commit message without doing anything

closes #56
ci: run tests on pull_requests
refactor(cz/customize): make jinja2 a custom requirement. if not installed use string.Tempalte instead
docs(cz/customize): update document for using string.Template as message_template when jinja not installed"
2019-11-25,4,1.0,2.0,1.0,-0.5,3.5,True,high,0.5,5,5,"['docs(check): check documentation\n\nadd the documentation for the check command in the docs directory', 'feat(bump): new argument --files-only', 'Fix Jira issue format matching according to https://confluence.atlassian.com/fisheye/using-smart-commits-960155400.html#UsingSmartCommits-GetSmartCommitsworking', 'Add support for different commitizens in `cz check`', 'Add more tests for cz check']","['committed (#94)', 'committed (#92)', 'committed (#93)']","[113162, 113190, 113208, 113219, 113250]","[113164, 113192, 113210, 113221, 113252]","docs(check): check documentation

add the documentation for the check command in the docs directory
feat(bump): new argument --files-only
Fix Jira issue format matching according to https://confluence.atlassian.com/fisheye/using-smart-commits-960155400.html#UsingSmartCommits-GetSmartCommitsworking
Add support for different commitizens in `cz check`
Add more tests for cz check"
2019-12-23,5,1.0,2.0,1.0,-0.5,3.5,True,high,1.5,17,17,"['fix(config/ini_config): replase outdated _parse_ini_settings with _parse_settings', 'docs(customization): add cookiecutter template to doc', 'refactor(config): set ""files"" to alias of ""version_files""\n\n""files"" will be deprecated in 2.0\n""verion_files"" is not used internally\nBut, user can still use ""files"" to achieve the same functionality', ""fix(config): fix load global_conf even if it doesn't exist"", 'refactor(config): move default settings back to defaults', 'test(all): fix test break due to refactoring\n\nnote that empty config file is not yet handled. should be fix in next commit', 'refactor(cz/customize): remove unnecessary statement ""raise NotImplementedError(""Not Implemented yet"")""', 'test(github_action): wrong tset', 'refactor(config): use add_path instead of directly assigning _path', 'build(deps-dev): update mypy requirement from ^0.760 to ^0.761\n\nUpdates the requirements on [mypy](https://github.com/python/mypy) to permit the latest version.\n- [Release notes](https://github.com/python/mypy/releases)\n- [Commits](https://github.com/python/mypy/compare/v0.760...v0.761)\n\nSigned-off-by: dependabot-preview[bot] <support@dependabot.com>', 'refactor(all): replace all the _settings invoke with settings.update', 'refactor(config/ini_config): move deprecation warning into class initialization', 'fix(config): handle empty config file', 'refactor(commands/bump): use ""version_files"" internally\n\n#82', 'refactor(config): add type annotation to config property', 'refactor(config): Make config a class and each type of config (e.g., toml, ini) a child class\n\n* Use new config structure to fix the previously fixed Issue #97\n* Rename the config inside a config as settings\n* Use config class as argument for cz and commands instead of dict config\n* Remove settings from default', 'refactor(config): fix wrongly type annoated functions']","['committed (#100)', 'committed (#108)', 'committed (#103)', 'committed (#105)', 'committed (#101)']","[112336, 112465, 112577, 112585, 112794, 112827, 112835, 112843, 112851, 112859, 112867, 112875, 112883, 112891, 112935, 112943, 112951]","[112338, 112467, 112579, 112587, 112796, 112829, 112837, 112845, 112853, 112861, 112869, 112877, 112885, 112893, 112937, 112945, 112953]","fix(config/ini_config): replase outdated _parse_ini_settings with _parse_settings
docs(customization): add cookiecutter template to doc
refactor(config): set ""files"" to alias of ""version_files""

""files"" will be deprecated in 2.0
""verion_files"" is not used internally
But, user can still use ""files"" to achieve the same functionality
fix(config): fix load global_conf even if it doesn't exist
refactor(config): move default settings back to defaults
test(all): fix test break due to refactoring

note that empty config file is not yet handled. should be fix in next commit
refactor(cz/customize): remove unnecessary statement ""raise NotImplementedError(""Not Implemented yet"")""
test(github_action): wrong tset
refactor(config): use add_path instead of directly assigning _path
build(deps-dev): update mypy requirement from ^0.760 to ^0.761

Updates the requirements on [mypy](https://github.com/python/mypy) to permit the latest version.
- [Release notes](https://github.com/python/mypy/releases)
- [Commits](https://github.com/python/mypy/compare/v0.760...v0.761)

Signed-off-by: dependabot-preview[bot] <support@dependabot.com>
refactor(all): replace all the _settings invoke with settings.update
refactor(config/ini_config): move deprecation warning into class initialization
fix(config): handle empty config file
refactor(commands/bump): use ""version_files"" internally

#82
refactor(config): add type annotation to config property
refactor(config): Make config a class and each type of config (e.g., toml, ini) a child class

* Use new config structure to fix the previously fixed Issue #97
* Rename the config inside a config as settings
* Use config class as argument for cz and commands instead of dict config
* Remove settings from default
refactor(config): fix wrongly type annoated functions"
2019-12-30,6,1.0,2.75,1.75,-1.625,5.375,True,high,0.35714285714285715,30,28,"['fix(github_action/pythonpackage): set git user name', 'test(command/version): add test case for showing commitizen and project version', 'feat(commands/init): Implment init command\n\nset tag and tag_format', 'fix(commands/init): fix init command broken due to newly refactored config', 'style(all): black', 'fix(commands/version): fix wrongly print commitizen version when it should print project version', 'fix(commands/init): read version in the format ""x.y.z"" instead of ""vx.y.z""', 'fix(github_workflow/pythonpackage): set git config for unit testing', 'refactor(cli): add argument for version command\n\n73', 'feat(git): add get_latest_tag, get_all_tags\n\n#57', 'feat(commands/version): enable showing both project and installed commitizen version through version command\n\n#73', 'style(focs): fix style warn by mdlint', 'feat(config): add init_empty_config_file', 'feat(commands/version): add --verbose to show both versions', 'feat(cli): add init command into cli', 'fix(commands/init): fix init commands cannot create config file', 'test(commands/init): add test case for init command', 'refactor(commands/init): add default for tag_format', 'fix(scripts/test): ensure the script fails once the first failure happens\n\n#100', 'test(commands/version): fix test break due to newly design version command', 'feat(commands/init): add name into init question', 'style(commands/init): blackify', 'docs(index): add init command', 'docs(index): add version command', 'fix(commands/init): fix logic error\n\n#57', 'fix(github_action/pythonpackage): separate run test into 3 steps\n\nwithout separating, the pipeline will continue when the third step succeeded even if the first two steps failed\n\n#106', 'style(commands): blackify', 'fix(commands/init): fix test_init_when_config_already_exists']","['committed (#107)', 'committed (#104)', 'committed (#102)', 'committed (#109)']","[112295, 112310, 112385, 112393, 112492, 112500, 112508, 112516, 112524, 112532, 112540, 112548, 112617, 112625, 112633, 112641, 112649, 112657, 112665, 112673, 112681, 112689, 112697, 112705, 112713, 112721, 112729, 112748, 112760, 112768]","[112297, 112312, 112387, 112395, 112494, 112502, 112510, 112518, 112526, 112534, 112542, 112550, 112619, 112627, 112635, 112643, 112651, 112659, 112667, 112675, 112683, 112691, 112699, 112707, 112715, 112723, 112731, 112750, 112762, 112770]","fix(github_action/pythonpackage): set git user name
test(command/version): add test case for showing commitizen and project version
feat(commands/init): Implment init command

set tag and tag_format
fix(commands/init): fix init command broken due to newly refactored config
style(all): black
fix(commands/version): fix wrongly print commitizen version when it should print project version
fix(commands/init): read version in the format ""x.y.z"" instead of ""vx.y.z""
fix(github_workflow/pythonpackage): set git config for unit testing
refactor(cli): add argument for version command

73
feat(git): add get_latest_tag, get_all_tags

#57
feat(commands/version): enable showing both project and installed commitizen version through version command

#73
style(focs): fix style warn by mdlint
feat(config): add init_empty_config_file
feat(commands/version): add --verbose to show both versions
feat(cli): add init command into cli
fix(commands/init): fix init commands cannot create config file
test(commands/init): add test case for init command
refactor(commands/init): add default for tag_format
fix(scripts/test): ensure the script fails once the first failure happens

#100
test(commands/version): fix test break due to newly design version command
feat(commands/init): add name into init question
style(commands/init): blackify
docs(index): add init command
docs(index): add version command
fix(commands/init): fix logic error

#57
fix(github_action/pythonpackage): separate run test into 3 steps

without separating, the pipeline will continue when the third step succeeded even if the first two steps failed

#106
style(commands): blackify
fix(commands/init): fix test_init_when_config_already_exists"
2020-04-27,11,1.0,4.75,3.75,-4.625,10.375,True,high,0.16666666666666666,50,42,"['feat(commands/changelog): make changelog_file an option in config', 'fix(cz/conventional_commits): fix schema_pattern break due to rebase', 'fix(changelog): check get_metadata for existing changelog file', 'fix(cli): add changelog arguments', 'refactor(templates): remove unneeded __init__ file', 'feat(cz/base): add default process_commit for processing commit message', 'style(cli): fix flake8 issue', 'refactor(templates): move changelog_template from cz to templates', 'style(tests/commands/changelog): blackify', 'feat(changelog): add support for any commit rule system', 'refactor(changelog): use functions from changelog.py', 'refactor(cli): add explicit category for deprecation warnings', 'fix(commands/check): Show warning if no commit to check when running `cz check --rev-range`\n\n#165', 'feat(commands/changelog): generate changelog_tree from all past commits\n\nTODO: find rev for each changelog entry', 'feat(commands/changelog): exit when there is no commit exists', 'docs(README): add changelog command', 'Merge pull request #163 from commitizen-tools/command-changelog-wip\n\nCommand changelog wip', 'ci: separate docs from python publishing\n\nCloses #171', ""fix(changelog): generate today's date when using an unreleased_version"", 'refactor(cli): reorder commands', 'docs(config): add changlog_file a config option', 'docs(changelog): update information about using changelog command', 'refactor(commands/changelog): use jinja2 template instead of string concatenation to build changelog\n\n* install jinja2\n* use named caputure group for changelog_pattern', ""refactor(changelog): rename category to change_type to fit 'keep a changelog'"", 'docs(bump): add information about changelog', 'fix(changelog): sort the commits properly to their version', 'test(cli): cover test for warnings', 'ci(bumpversion): generate changelog along with the version', 'feat(changelog): generate changelog based on git log\n\nit will over write the existing file', 'refactor(commands/changelog): remove redundant if statement', 'fix(commands/changelog): remove --skip-merge argument\n\nby default, unrelated commits are ignored', 'style: reformat', 'feat(changelog): add incremental flag', 'feat(cz/conventinal_commits): add changelog_map, changelog_pattern and implement process_commit', 'feat(commands/changlog): add --start-rev argument to `cz changelog`', 'refactor(tests/utils): move create_file_and_commit to tests/utils', 'style(all): blackify', 'test(commands/changelog): add test case for changelog command', 'feat(changelog): changelog tree generation from markdown', 'fix(commitizen/cz): set changelog_map, changelog_pattern to none as default\n\nwithout this default, getting these attributes will be an error', 'fix(changelog_template): fix list format', 'refactor(templates): rename as ""keep_a_changelog_template.j2""']","['committed (#179)', 'committed (#163)', 'committed (#180)', 'committed (#178)', 'committed (#182)', 'committed (#181)']","[107804, 107837, 107870, 107878, 107886, 107916, 107924, 107932, 107940, 107948, 107956, 107964, 107972, 107980, 107988, 107996, 108004, 108012, 108020, 108028, 108036, 108044, 108052, 108060, 108068, 108076, 108084, 108092, 108100, 108108, 108116, 108124, 108132, 108140, 108148, 108156, 108164, 108172, 108180, 108188, 108196, 108244, 108886, 108900, 108985, 108996, 109004, 109012, 109034, 109042]","[107806, 107839, 107872, 107880, 107888, 107918, 107926, 107934, 107942, 107950, 107958, 107966, 107974, 107982, 107990, 107998, 108006, 108014, 108022, 108030, 108038, 108046, 108054, 108062, 108070, 108078, 108086, 108094, 108102, 108110, 108118, 108126, 108134, 108142, 108150, 108158, 108166, 108174, 108182, 108190, 108198, 108246, 108888, 108902, 108987, 108998, 109006, 109014, 109036, 109044]","feat(commands/changelog): make changelog_file an option in config
fix(cz/conventional_commits): fix schema_pattern break due to rebase
fix(changelog): check get_metadata for existing changelog file
fix(cli): add changelog arguments
refactor(templates): remove unneeded __init__ file
feat(cz/base): add default process_commit for processing commit message
style(cli): fix flake8 issue
refactor(templates): move changelog_template from cz to templates
style(tests/commands/changelog): blackify
feat(changelog): add support for any commit rule system
refactor(changelog): use functions from changelog.py
refactor(cli): add explicit category for deprecation warnings
fix(commands/check): Show warning if no commit to check when running `cz check --rev-range`

#165
feat(commands/changelog): generate changelog_tree from all past commits

TODO: find rev for each changelog entry
feat(commands/changelog): exit when there is no commit exists
docs(README): add changelog command
Merge pull request #163 from commitizen-tools/command-changelog-wip

Command changelog wip
ci: separate docs from python publishing

Closes #171
fix(changelog): generate today's date when using an unreleased_version
refactor(cli): reorder commands
docs(config): add changlog_file a config option
docs(changelog): update information about using changelog command
refactor(commands/changelog): use jinja2 template instead of string concatenation to build changelog

* install jinja2
* use named caputure group for changelog_pattern
refactor(changelog): rename category to change_type to fit 'keep a changelog'
docs(bump): add information about changelog
fix(changelog): sort the commits properly to their version
test(cli): cover test for warnings
ci(bumpversion): generate changelog along with the version
feat(changelog): generate changelog based on git log

it will over write the existing file
refactor(commands/changelog): remove redundant if statement
fix(commands/changelog): remove --skip-merge argument

by default, unrelated commits are ignored
style: reformat
feat(changelog): add incremental flag
feat(cz/conventinal_commits): add changelog_map, changelog_pattern and implement process_commit
feat(commands/changlog): add --start-rev argument to `cz changelog`
refactor(tests/utils): move create_file_and_commit to tests/utils
style(all): blackify
test(commands/changelog): add test case for changelog command
feat(changelog): changelog tree generation from markdown
fix(commitizen/cz): set changelog_map, changelog_pattern to none as default

without this default, getting these attributes will be an error
fix(changelog_template): fix list format
refactor(templates): rename as ""keep_a_changelog_template.j2"""
2020-07-20,29,2.0,5.75,3.75,-3.625,11.375,True,high,4.7,35,27,"['fix(cli): make command required for commitizen\n\nBREAKING CHANGE: ""cz --debug"" will no longer work\n #47', 'refactor(cli): remove ""--version"" argument\n\nBREAKING CHANGE: Use ""cz verion"" instead', 'test(conf): add test case that empty pyproject and .cz.toml both exist', ""docs: set label for feature request as 'feature' instead of 'enhacement'"", 'docs: polish github templates\n\n- information for submitter are now comments\n- removed redundancy in titles, we use labels now\n- typos corrections', 'fix: add missing `pyyaml` dependency', 'feat(init): enable setting up pre-commit hook through ""cz init""', 'fix(commands/commit): use return_code to raise commit error, not stderr', 'docs(README.md): make documentation more visible', 'build(poetry): lock decli to > 0.5.2', 'docs(init): remove unneeded TODO (the feature has been implemented)', 'refactor(config): drop ""files"" configure support. Please use ""version_files"" instead\n\nBREAKING CHANGE:\n\n#82', 'feat(conventional_commits): use and proper support for conventional commits v1.0.0', 'test(bump_command): remove english text in favor of just the tag number', 'fix(commands/bump): use `return_code` in commands used by bump', 'fix(bump): add changelog file into stage when running `cz bump --changelog`', 'docs: rename external links to resources', 'Runtime tependency on setuptools\n\nImported here: https://github.com/commitizen-tools/commitizen/blob/b8fc1eeaf5a915d8d0f7179dc303ec2f3835b79f/commitizen/changelog.py#L33', 'refactor(config): remove ini configuration support\n\nBREAKING CHANGE: setup.cfg, .cz and .cz.cfg are no longer supported', 'docs: add author and author_email example', 'refactor(cmd): add return code to Command', 'refactor(changelog): remove pkg_resources dependency', 'docs: add faq', 'docs: add new article', 'Merge pull request #236 from commitizen-tools/add-pre-commit-in-init-cmd\n\nSetup pre-commit hook in ""cz init""', 'Add `cz check --rev-range` to the docs\n\nExpands on the different use cases for using `cz check` as well', 'feat: add author and author_email to git commit\n\nExtra useful information for hooks\n\nCloses #188']","['committed (#237)', 'committed (#230)', 'committed (#226)', 'committed (#238)', 'committed (#236)', 'committed (#229)', 'committed (#235)', 'committed (#231)', 'committed (#228)', 'committed (#215)', 'committed (#234)', 'committed (#233)']","[104436, 104466, 104474, 104482, 104490, 104498, 104506, 104514, 104522, 104530, 104560, 104568, 104576, 104618, 104657, 104669, 104699, 104752, 104760, 104802, 104810, 104818, 104826, 104841, 104887, 104895, 104903, 104942, 105014, 105022, 105035, 105054, 105062, 105070, 105683]","[104438, 104468, 104476, 104484, 104492, 104500, 104508, 104516, 104524, 104532, 104562, 104570, 104578, 104620, 104659, 104671, 104701, 104754, 104762, 104804, 104812, 104820, 104828, 104843, 104889, 104897, 104905, 104944, 105016, 105024, 105037, 105056, 105064, 105072, 105685]","fix(cli): make command required for commitizen

BREAKING CHANGE: ""cz --debug"" will no longer work
 #47
refactor(cli): remove ""--version"" argument

BREAKING CHANGE: Use ""cz verion"" instead
test(conf): add test case that empty pyproject and .cz.toml both exist
docs: set label for feature request as 'feature' instead of 'enhacement'
docs: polish github templates

- information for submitter are now comments
- removed redundancy in titles, we use labels now
- typos corrections
fix: add missing `pyyaml` dependency
feat(init): enable setting up pre-commit hook through ""cz init""
fix(commands/commit): use return_code to raise commit error, not stderr
docs(README.md): make documentation more visible
build(poetry): lock decli to > 0.5.2
docs(init): remove unneeded TODO (the feature has been implemented)
refactor(config): drop ""files"" configure support. Please use ""version_files"" instead

BREAKING CHANGE:

#82
feat(conventional_commits): use and proper support for conventional commits v1.0.0
test(bump_command): remove english text in favor of just the tag number
fix(commands/bump): use `return_code` in commands used by bump
fix(bump): add changelog file into stage when running `cz bump --changelog`
docs: rename external links to resources
Runtime tependency on setuptools

Imported here: https://github.com/commitizen-tools/commitizen/blob/b8fc1eeaf5a915d8d0f7179dc303ec2f3835b79f/commitizen/changelog.py#L33
refactor(config): remove ini configuration support

BREAKING CHANGE: setup.cfg, .cz and .cz.cfg are no longer supported
docs: add author and author_email example
refactor(cmd): add return code to Command
refactor(changelog): remove pkg_resources dependency
docs: add faq
docs: add new article
Merge pull request #236 from commitizen-tools/add-pre-commit-in-init-cmd

Setup pre-commit hook in ""cz init""
Add `cz check --rev-range` to the docs

Expands on the different use cases for using `cz check` as well
feat: add author and author_email to git commit

Extra useful information for hooks

Closes #188"
2022-08-08,11,1.0,3.75,2.75,-3.125,7.875,True,high,1.1363636363636365,12,12,"['chore: improve package classifiers', 'feat: Determine newline to write with Git\n\nDetermine the newline character to write with `git config core.eof`.\n\nClose #492', 'docs(customization): update default change_type_order', 'test(commands): stores gpg keyring in a temporary directory\n\nGNUPGHOME must be less than 104 characters in order for the gpg-agent to run.', 'test(changelog): refactor test cases through file regression', 'test: remove test generated file', 'fix(cmd): improve character encoding detection for sub-commands', 'test(changelog): add test case for customized change_type_order', 'fix(changelog): use defaults.change_type_order in conventional commit', 'fix: capitalize types in default change_type_order', 'feat: new file', 'fix(pyproject.toml): remove test added configurations']","['committed (#553)', 'committed (#493)', 'committed (#403)', 'committed (#547)', 'committed (#552)']","[86193, 86277, 86582, 89807, 95041, 95049, 95057, 95065, 95073, 95081, 95089, 95097]","[86195, 86279, 86584, 89809, 95043, 95051, 95059, 95067, 95075, 95083, 95091, 95099]","chore: improve package classifiers
feat: Determine newline to write with Git

Determine the newline character to write with `git config core.eof`.

Close #492
docs(customization): update default change_type_order
test(commands): stores gpg keyring in a temporary directory

GNUPGHOME must be less than 104 characters in order for the gpg-agent to run.
test(changelog): refactor test cases through file regression
test: remove test generated file
fix(cmd): improve character encoding detection for sub-commands
test(changelog): add test case for customized change_type_order
fix(changelog): use defaults.change_type_order in conventional commit
fix: capitalize types in default change_type_order
feat: new file
fix(pyproject.toml): remove test added configurations"
2022-08-15,11,1.0,4.0,3.0,-3.5,8.5,True,high,0.8333333333333334,12,12,"['refactor(git): test the git log parser behaves properly when the repository has no commits\n\nWe should expect an exception raised or an empty list (no matter what version of git was used).', 'test(changelog): fixes logic issue made evident by latest fix(git) commit\n\nException is raised by git error: ""fatal: your current branch \'master\' does not have any commits yet"". This response is more informative than the original ""No commits found"" exception and the ""fail fast"" logic is a bit easier to follow.', 'refactor(changelog): fixes logic issue made evident by latest fix(git) commit\n\nget_commits was calling git ""git log None..None"" in the event that a tag range is invalid. Raise exception sooner rather than later.', 'docs: improve setup instructions for pre-commit', 'ci(pre-commit): Remove unneeded commit-msg stage\n\nIn v2.27.1, the commitizen pre-commit hook began specifying that it runs\non the commit-msg stage in .pre-commit-hooks.yaml, so it is no longer\nnecessary to specify the hook stage when using the hook in\n.pre-commit-config.yaml.', 'test(bump): fixes logic issue made evident by the latest fix(git) commit\n\ngit was failing ""fatal: ambiguous argument \'HEAD\': unknown revision or path not in the working tree"". There is no HEAD for get_commits until at least one commit is made.', 'test(check): fixes logic issue made evident by the latest fix(git) commit\n\ngit was failing with ""fatal: ambiguous argument \'master..master\': unknown revision or path not in the working tree"". git `master` branch doesn\'t exist unless there is at least one ""initial"" commit or when only the PR branch has been cloned (e.g. CI).', 'fix(git): Improves error checking in get_tags\n\n`git tag` is has return code of zero whether or not tags exist so we should always expect the code to be zero.', 'test(changelog): fix datetime mocking error', 'feat(pre-commit): Add commitizen-branch hook\n\nCheck all commit messages on the current branch. This is useful for\nchecking commit messages after the fact (e.g., pre-push or in CI) since\nthe existing hook only works at commit time. Expand the documentation of\nthe pre-existing commitizen hook to clarify the relationship between\nthem.', 'test(changelog): code coverage improvements', 'fix(git): improves git error checking in get_commits\n\nolder version of git did not have the --author-date-order argument so it is best to report that kind of error.']","['committed (#540)', 'committed (#564)', 'committed (#517)', 'committed (#563)']","[85652, 85687, 87153, 87161, 87169, 87177, 87185, 87193, 87201, 87209, 88268, 88279]","[85654, 85689, 87155, 87163, 87171, 87179, 87187, 87195, 87203, 87211, 88270, 88281]","refactor(git): test the git log parser behaves properly when the repository has no commits

We should expect an exception raised or an empty list (no matter what version of git was used).
test(changelog): fixes logic issue made evident by latest fix(git) commit

Exception is raised by git error: ""fatal: your current branch 'master' does not have any commits yet"". This response is more informative than the original ""No commits found"" exception and the ""fail fast"" logic is a bit easier to follow.
refactor(changelog): fixes logic issue made evident by latest fix(git) commit

get_commits was calling git ""git log None..None"" in the event that a tag range is invalid. Raise exception sooner rather than later.
docs: improve setup instructions for pre-commit
ci(pre-commit): Remove unneeded commit-msg stage

In v2.27.1, the commitizen pre-commit hook began specifying that it runs
on the commit-msg stage in .pre-commit-hooks.yaml, so it is no longer
necessary to specify the hook stage when using the hook in
.pre-commit-config.yaml.
test(bump): fixes logic issue made evident by the latest fix(git) commit

git was failing ""fatal: ambiguous argument 'HEAD': unknown revision or path not in the working tree"". There is no HEAD for get_commits until at least one commit is made.
test(check): fixes logic issue made evident by the latest fix(git) commit

git was failing with ""fatal: ambiguous argument 'master..master': unknown revision or path not in the working tree"". git `master` branch doesn't exist unless there is at least one ""initial"" commit or when only the PR branch has been cloned (e.g. CI).
fix(git): Improves error checking in get_tags

`git tag` is has return code of zero whether or not tags exist so we should always expect the code to be zero.
test(changelog): fix datetime mocking error
feat(pre-commit): Add commitizen-branch hook

Check all commit messages on the current branch. This is useful for
checking commit messages after the fact (e.g., pre-push or in CI) since
the existing hook only works at commit time. Expand the documentation of
the pre-existing commitizen hook to clarify the relationship between
them.
test(changelog): code coverage improvements
fix(git): improves git error checking in get_commits

older version of git did not have the --author-date-order argument so it is best to report that kind of error."
2022-09-12,13,1.0,4.0,3.0,-3.5,8.5,True,high,1.5,13,13,"['build(poetry): upgrade pytest to ^7.0.0\n\npytest-regression now depends on higher version of pytest\nhttps://github.com/ESSS/pytest-regressions/issues/107', 'fix(bump): fix typos', 'fix(README.md): fix pre-commit install command', 'feat(bump): support optional manual version argument', 'build(poetry): relax argcomplete dependency to allow 2.0.x', 'fix(bump.py): `CHANGELOG.md` gets git added and commited correctly\n\nThe elements in `version_files` may contain not only a file path, but\nalso a regex after a colon. Thus make sure to only pass the file path to\n `git add`. Closes #581.', 'fix(bump): fix type hint', 'feat: add functionality for dev-releases\n\nadd `--devrelease` flag, expecting a non-negative integer, as per\n[PEP 440](https://peps.python.org/pep-0440/#developmental-releases).', 'docs(bump): update output of `cz bump --help`', 'fix(bump): log git commit stderr and stdout during bump\n\nwarnings may exist so this change just prints everything.', 'test(test_bump_command.py): ensure that `CHANGELOG.md` and version files get committed', 'build(poetry): relax termcolor dependency to allow 2.x under supported Python versions', 'ci(scripts): add commitizen check to CI']","['committed (#585)', 'committed (#591)', 'committed (#583)', 'committed (#589)', 'committed (#581)', 'committed (#582)', 'committed (#571)', 'committed (#587)']","[84269, 84277, 84285, 84293, 84398, 84497, 84590, 84603, 84680, 84739, 84789, 84801, 85250]","[84271, 84279, 84287, 84295, 84400, 84499, 84592, 84605, 84682, 84741, 84791, 84803, 85252]","build(poetry): upgrade pytest to ^7.0.0

pytest-regression now depends on higher version of pytest
https://github.com/ESSS/pytest-regressions/issues/107
fix(bump): fix typos
fix(README.md): fix pre-commit install command
feat(bump): support optional manual version argument
build(poetry): relax argcomplete dependency to allow 2.0.x
fix(bump.py): `CHANGELOG.md` gets git added and commited correctly

The elements in `version_files` may contain not only a file path, but
also a regex after a colon. Thus make sure to only pass the file path to
 `git add`. Closes #581.
fix(bump): fix type hint
feat: add functionality for dev-releases

add `--devrelease` flag, expecting a non-negative integer, as per
[PEP 440](https://peps.python.org/pep-0440/#developmental-releases).
docs(bump): update output of `cz bump --help`
fix(bump): log git commit stderr and stdout during bump

warnings may exist so this change just prints everything.
test(test_bump_command.py): ensure that `CHANGELOG.md` and version files get committed
build(poetry): relax termcolor dependency to allow 2.x under supported Python versions
ci(scripts): add commitizen check to CI"
2023-02-06,9,1.0,4.0,3.0,-3.5,8.5,True,high,0.16666666666666666,15,15,"['feat(bump): added support for running arbitrary hooks during bump\n\nTo make commitizen integrate even better, new configuration keys pre_bump_hooks and post_bump_hooks were added to allow to run arbitrary commands prior to and right after running bump\n\nCloses: #292', 'test(commands/bump): add test case from bump hooks', 'feat(providers): add a `commitizen.provider` endpoint for alternative versions providers', 'docs: use shield.io badge for github workflow', 'feat(bump): support prereleases with start offset\n\nIn special cases, it may be necessary for prereleases not to start with a 0, because the individual characters are encoded in bytes. Here, a 0 in the byte is interpreted as a release version, consistent with the location of bugfixes. Therefore, this commit introduces a generic option to change the start of the prerelease to accommodate such circumstances.\n\nEXAMPLES\n\nBefore:\n0.3.0 -> PATCH beta-> 0.3.1b0\n\nNow (with offset 0 == default)\n0.3.0 -> PATCH beta-> 0.3.1b0\n\nNow (with offset 1)\n0.3.0 -> PATCH beta-> 0.3.1b1', 'feat(providers): add support for some JSON-based version providers (NPM, Composer)', 'test(providers): factorize some version providers tests', 'test(hooks): add test case for run', ""Merge branch 'commitizen-tools:master' into badge"", 'docs(docs/contributing.md): update the contributing.md, add session `Install before contributing` and gpg install information.', 'use shield.io badge for github workflow\n\nThe github badge was the only one not in flat-square style/not the sae green, not with the same logo color', 'feat(providers): add support for some TOML-based versions (PEP621, Poetry, Cargo)', 'feat(providers): add a `scm` version provider\n\nReads version from the repository last tag matching `tag_format`\n\nFixes #641', 'docs(deps): upgrade mkdocs-material and tidy some snippets', 'chore: add github funding']","['committed (#644)', 'committed (#646)', 'committed (#664)', 'committed (#614)', 'committed (#667)', 'committed (#663)', 'committed (#668)']","[77694, 77737, 77849, 77884, 77907, 78908, 78916, 78924, 78932, 78940, 78948, 79733, 79760, 79768, 82823]","[77696, 77739, 77851, 77886, 77909, 78910, 78918, 78926, 78934, 78942, 78950, 79735, 79762, 79770, 82825]","feat(bump): added support for running arbitrary hooks during bump

To make commitizen integrate even better, new configuration keys pre_bump_hooks and post_bump_hooks were added to allow to run arbitrary commands prior to and right after running bump

Closes: #292
test(commands/bump): add test case from bump hooks
feat(providers): add a `commitizen.provider` endpoint for alternative versions providers
docs: use shield.io badge for github workflow
feat(bump): support prereleases with start offset

In special cases, it may be necessary for prereleases not to start with a 0, because the individual characters are encoded in bytes. Here, a 0 in the byte is interpreted as a release version, consistent with the location of bugfixes. Therefore, this commit introduces a generic option to change the start of the prerelease to accommodate such circumstances.

EXAMPLES

Before:
0.3.0 -> PATCH beta-> 0.3.1b0

Now (with offset 0 == default)
0.3.0 -> PATCH beta-> 0.3.1b0

Now (with offset 1)
0.3.0 -> PATCH beta-> 0.3.1b1
feat(providers): add support for some JSON-based version providers (NPM, Composer)
test(providers): factorize some version providers tests
test(hooks): add test case for run
Merge branch 'commitizen-tools:master' into badge
docs(docs/contributing.md): update the contributing.md, add session `Install before contributing` and gpg install information.
use shield.io badge for github workflow

The github badge was the only one not in flat-square style/not the sae green, not with the same logo color
feat(providers): add support for some TOML-based versions (PEP621, Poetry, Cargo)
feat(providers): add a `scm` version provider

Reads version from the repository last tag matching `tag_format`

Fixes #641
docs(deps): upgrade mkdocs-material and tidy some snippets
chore: add github funding"
2023-04-17,21,1.0,3.75,2.75,-3.125,7.875,True,high,4.7727272727272725,129,78,"['build(python): Sunset Python 3.6 and support Python 3.11\n\nFixes #607\n\nBREAKING CHANGE: Python 3.6 is not officially supported anymore. Please migrate from 3.6 to 3.7 or greater.', 'feat: add semver support through version provider new api (#686)\n\n* feat(bump): version_provider=semver optional option to make version compatible with semver\r\n\r\nSigned-off-by: apkawa <apkawa@gmail.com>\r\n\r\n* refactor(bump): version_provider rename to version_type; `pep` option rename to `pep440`\r\n\r\nSigned-off-by: apkawa <apkawa@gmail.com>\r\n\r\n* docs(bump): add `version_type` info to config.md\r\n\r\nSigned-off-by: apkawa <apkawa@gmail.com>\r\n\r\n* refactor(bump): to use VersionProtocol interface instead packaging.Version subclass\r\n\r\nSigned-off-by: apkawa <apkawa@gmail.com>\r\n\r\n* test(bump): `VersionProtocol` workaround mypy for py==3.7\r\n\r\nSigned-off-by: apkawa <apkawa@gmail.com>\r\n\r\n* fix(changelog): `changelog` command does not find version tag with `version_type=semver` option\r\n\r\nSigned-off-by: apkawa <apkawa@gmail.com>\r\n\r\n* refactor: minor review fixes\r\n\r\n* test(changelog): fix test_changelog_incremental_with_merge_prerelease issue with freeze_time\r\n\r\nSigned-off-by: apkawa <apkawa@gmail.com>\r\n\r\n---------\r\n\r\nSigned-off-by: apkawa <apkawa@gmail.com>', 'build: update lock', 'docs: update mkdocs conf', 'style: format code through black', 'docs(deps): upgrade mkdocs-material and tidy some snippets', 'test(warnings): switch from the unmaintained `pytest-freezegun` to `pytest-freezer` removing warnings', 'test(tests): format code', 'docs: add new section getting started', 'docs(config): make settings shareable', 'build(poetry)(deps-dev): bump pydocstyle from 5.1.1 to 6.3.0\n\nBumps [pydocstyle](https://github.com/PyCQA/pydocstyle) from 5.1.1 to 6.3.0.\n- [Release notes](https://github.com/PyCQA/pydocstyle/releases)\n- [Changelog](https://github.com/PyCQA/pydocstyle/blob/master/docs/release_notes.rst)\n- [Commits](https://github.com/PyCQA/pydocstyle/compare/5.1.1...6.3.0)\n\n---\nupdated-dependencies:\n- dependency-name: pydocstyle\n  dependency-type: direct:development\n  update-type: version-update:semver-major\n...\n\nSigned-off-by: dependabot[bot] <support@github.com>', 'feat(changelog): add merge_prereleases flag', 'ci: update codecov to newest version', 'build(dependabot): add dependabot configuration', 'feat(plugins): Switch to an importlib.metadata.EntryPoint-based plugin loading\n\nPlugins are now loaded using the `commitizen.plugin` entrypoint\nwhile legacy plugin are not loaded anymore but a warning is raised when one is seen.\n\nFixes #495\n\nBREAKING CHANGE: Plugins are now exposed as `commitizen.plugin` entrypoints', 'test: improve git isolation and fixes test missing a repository', 'feat(providers): add support for some JSON-based version providers (NPM, Composer)', 'docs(changelog): add info of auto changelog right away', 'docs: add missing settings to config', 'docs: add an article', 'build: update dev dependencies to latest versions', 'build: add ruff linter', 'build(poetry)(deps): bump typing-extensions from 4.4.0 to 4.5.0\n\nBumps [typing-extensions](https://github.com/python/typing_extensions) from 4.4.0 to 4.5.0.\n- [Release notes](https://github.com/python/typing_extensions/releases)\n- [Changelog](https://github.com/python/typing_extensions/blob/main/CHANGELOG.md)\n- [Commits](https://github.com/python/typing_extensions/compare/4.4.0...4.5.0)\n\n---\nupdated-dependencies:\n- dependency-name: typing-extensions\n  dependency-type: direct:production\n  update-type: version-update:semver-minor\n...\n\nSigned-off-by: dependabot[bot] <support@github.com>', 'ci(actions)(deps): bump peaceiris/actions-gh-pages from 2 to 3\n\nBumps [peaceiris/actions-gh-pages](https://github.com/peaceiris/actions-gh-pages) from 2 to 3.\n- [Release notes](https://github.com/peaceiris/actions-gh-pages/releases)\n- [Changelog](https://github.com/peaceiris/actions-gh-pages/blob/main/CHANGELOG.md)\n- [Commits](https://github.com/peaceiris/actions-gh-pages/compare/v2...v3)\n\n---\nupdated-dependencies:\n- dependency-name: peaceiris/actions-gh-pages\n  dependency-type: direct:production\n  update-type: version-update:semver-major\n...\n\nSigned-off-by: dependabot[bot] <support@github.com>', 'fix: typo in hook', 'fix(changelog): `changelog` command does not find version tag with `version_type=semver` option\n\nSigned-off-by: apkawa <apkawa@gmail.com>', 'test(changelog): fix test_changelog_incremental_with_merge_prerelease issue with freeze_time\n\nSigned-off-by: apkawa <apkawa@gmail.com>', 'style: fix code style through black', 'feat(providers): add support for some TOML-based versions (PEP621, Poetry, Cargo)', 'docs(changelog): add dry-run examples', 'docs(bump): improve description of bumping', 'refactor: set default_install_hook_types', 'build(dev): update and fixes some dependencies', 'build(poetry): relock poetry.lock', 'test(git): ensures that global git user settings are not interfering with the tests', 'test(providers): factorize some version providers tests', 'fix(commands/changelog): use topological order for commit ordering\n\nTopological ordering should be used when ordering commits in changelog history.\nThis allows commits to be shown properly in the order they were added to the codebase,\neven if non-linear merges were used', 'test: set default branch to master', 'docs(init): re-write section', 'build(poetry)(deps-dev): bump pytest-xdist from 3.1.0 to 3.2.1\n\nBumps [pytest-xdist](https://github.com/pytest-dev/pytest-xdist) from 3.1.0 to 3.2.1.\n- [Release notes](https://github.com/pytest-dev/pytest-xdist/releases)\n- [Changelog](https://github.com/pytest-dev/pytest-xdist/blob/master/CHANGELOG.rst)\n- [Commits](https://github.com/pytest-dev/pytest-xdist/compare/v3.1.0...v3.2.1)\n\n---\nupdated-dependencies:\n- dependency-name: pytest-xdist\n  dependency-type: direct:development\n  update-type: version-update:semver-minor\n...\n\nSigned-off-by: dependabot[bot] <support@github.com>', 'build(poetry): relock lockfile', 'test(scripts): run same file tests individually\n\nRunning tests concurrently can cause temporary files, such as the file\nused to backup the commit message, to be deleted by one test but\naccessed by another test later on.', 'build(poetry): commit the lock file\n\nSee: https://python-poetry.org/docs/libraries/#lock-file', 'fix: small corrections and clean up', 'refactor(bump): to use VersionProtocol interface instead packaging.Version subclass\n\nSigned-off-by: apkawa <apkawa@gmail.com>', 'feat(providers): add a `scm` version provider\n\nReads version from the repository last tag matching `tag_format`\n\nFixes #641', 'test: fix git_sandbox for git<2.33\n\nfor old git like git-2.30 the tests broke my ~/.gitconfig file and created thousands of `name=GitHub` lines\n\nSigned-off-by: apkawa <apkawa@gmail.com>', 'Merge pull request #677 from sacha-c/fix/changelog-commit-order\n\nfix(commands/changelog): use topological order for commit ordering', 'fix(init): welcome message\n\nCo-authored-by: Wei Lee <weilee.rx@gmail.com>', ""Merge branch 'v3' into devrelease"", 'docs: add auto check and format files', 'docs: improve third party section', 'build(pre-commit): fix config typo', 'fix: major version zero message', 'style: fix end of line through pre-commit', 'chore: fix error message typo', 'ci(docspublish): update peaceiris/actions-gh-pages to v3', 'build: update dev dependencies to lastest poetry', 'build(poetry)(deps-dev): bump mkdocs-material from 8.5.11 to 9.1.6\n\nBumps [mkdocs-material](https://github.com/squidfunk/mkdocs-material) from 8.5.11 to 9.1.6.\n- [Release notes](https://github.com/squidfunk/mkdocs-material/releases)\n- [Changelog](https://github.com/squidfunk/mkdocs-material/blob/master/CHANGELOG)\n- [Upgrade guide](https://github.com/squidfunk/mkdocs-material/blob/master/docs/upgrade.md)\n- [Commits](https://github.com/squidfunk/mkdocs-material/compare/8.5.11...9.1.6)\n\n---\nupdated-dependencies:\n- dependency-name: mkdocs-material\n  dependency-type: direct:development\n  update-type: version-update:semver-major\n...\n\nSigned-off-by: dependabot[bot] <support@github.com>', 'style: fix formatting changes with black update', 'docs: add poetry version and minor style changes', 'docs: prepare readme for v3', 'feat(init): add new settings', 'ci: add release section', 'fix: update dependencies', 'ci(actions)(deps): bump codecov/codecov-action from 1.0.3 to 3.1.2\n\nBumps [codecov/codecov-action](https://github.com/codecov/codecov-action) from 1.0.3 to 3.1.2.\n- [Release notes](https://github.com/codecov/codecov-action/releases)\n- [Changelog](https://github.com/codecov/codecov-action/blob/main/CHANGELOG.md)\n- [Commits](https://github.com/codecov/codecov-action/compare/v1.0.3...v3.1.2)\n\n---\nupdated-dependencies:\n- dependency-name: codecov/codecov-action\n  dependency-type: direct:production\n  update-type: version-update:semver-major\n...\n\nSigned-off-by: dependabot[bot] <support@github.com>', 'feat(providers): add a `commitizen.provider` endpoint for alternative versions providers', 'refactor(bump): version_provider rename to version_type; `pep` option rename to `pep440`\n\nSigned-off-by: apkawa <apkawa@gmail.com>', 'refactor: minor review fixes', 'fix(excepthook): ensure traceback can only be a `TracebackType` or `None`', 'style: format codebase with the latest black', 'build(poetry)(deps-dev): bump black from 22.12.0 to 23.3.0\n\nBumps [black](https://github.com/psf/black) from 22.12.0 to 23.3.0.\n- [Release notes](https://github.com/psf/black/releases)\n- [Changelog](https://github.com/psf/black/blob/main/CHANGES.md)\n- [Commits](https://github.com/psf/black/compare/22.12.0...23.3.0)\n\n---\nupdated-dependencies:\n- dependency-name: black\n  dependency-type: direct:development\n  update-type: version-update:semver-major\n...\n\nSigned-off-by: dependabot[bot] <support@github.com>', 'feat: draft of the --empty parameter', 'Merge pull request #703 from MoritzBoehme/merge-prerelease\n\nfeat(changelog): add merge-prerelease flag', 'fix message for InitFailedError exception in _install_pre_commit_hook function\n\nSigned-off-by: ChauhanKrunal <chauhan.krunal.r@gmail.com>', 'feat(bump): version_provider=semver optional option to make version compatible with semver\n\nSigned-off-by: apkawa <apkawa@gmail.com>', 'docs(bump): add `version_type` info to config.md\n\nSigned-off-by: apkawa <apkawa@gmail.com>', 'test(bump): `VersionProtocol` workaround mypy for py==3.7\n\nSigned-off-by: apkawa <apkawa@gmail.com>']","['committed (#715)', 'committed (#712)', 'committed (#696)', 'committed (#707)', 'committed (#703)', 'committed (#714)', 'committed (#708)', 'committed (#706)', 'committed (#697)', 'committed (#686)', 'committed (#671)', 'committed (#710)', 'committed (#709)', 'committed (#713)', 'committed (#705)', 'committed (#711)', 'committed (#693)']","[74226, 74234, 74242, 74250, 74258, 74266, 74274, 74282, 74290, 74298, 74306, 74314, 74322, 74330, 74338, 74346, 74354, 74362, 74370, 74378, 74386, 74394, 74402, 74410, 74418, 74426, 74434, 74442, 74450, 74458, 74466, 74474, 74482, 74490, 74498, 74506, 74514, 74522, 74530, 74538, 74546, 74554, 74562, 74570, 74578, 74586, 74594, 74602, 74610, 74625, 74651, 74659, 74667, 74675, 74710, 74773, 74781, 74789, 74797, 74805, 74813, 74821, 74829, 74837, 74845, 74853, 74861, 74869, 74877, 74885, 74893, 74901, 74909, 74917, 74925, 74933, 74962, 74995, 75028, 75061, 75094, 75127, 75157, 75356, 75365, 75373, 75584, 75592, 75600, 75622, 75648, 75656, 75664, 75672, 75680, 75688, 75696, 75704, 75712, 75720, 75728, 75736, 75744, 75752, 75760, 75768, 75776, 75784, 75792, 75800, 75809, 75817, 75825, 75833, 75841, 75849, 75857, 75868, 76046, 76675, 76683, 76691, 76699, 76707, 76715, 76723, 76731, 77528, 77536]","[74228, 74236, 74244, 74252, 74260, 74268, 74276, 74284, 74292, 74300, 74308, 74316, 74324, 74332, 74340, 74348, 74356, 74364, 74372, 74380, 74388, 74396, 74404, 74412, 74420, 74428, 74436, 74444, 74452, 74460, 74468, 74476, 74484, 74492, 74500, 74508, 74516, 74524, 74532, 74540, 74548, 74556, 74564, 74572, 74580, 74588, 74596, 74604, 74612, 74627, 74653, 74661, 74669, 74677, 74712, 74775, 74783, 74791, 74799, 74807, 74815, 74823, 74831, 74839, 74847, 74855, 74863, 74871, 74879, 74887, 74895, 74903, 74911, 74919, 74927, 74935, 74964, 74997, 75030, 75063, 75096, 75129, 75159, 75358, 75367, 75375, 75586, 75594, 75602, 75624, 75650, 75658, 75666, 75674, 75682, 75690, 75698, 75706, 75714, 75722, 75730, 75738, 75746, 75754, 75762, 75770, 75778, 75786, 75794, 75802, 75811, 75819, 75827, 75835, 75843, 75851, 75859, 75870, 76048, 76677, 76685, 76693, 76701, 76709, 76717, 76725, 76733, 77530, 77538]","build(python): Sunset Python 3.6 and support Python 3.11

Fixes #607

BREAKING CHANGE: Python 3.6 is not officially supported anymore. Please migrate from 3.6 to 3.7 or greater.
feat: add semver support through version provider new api (#686)

* feat(bump): version_provider=semver optional option to make version compatible with semver

Signed-off-by: apkawa <apkawa@gmail.com>

* refactor(bump): version_provider rename to version_type; `pep` option rename to `pep440`

Signed-off-by: apkawa <apkawa@gmail.com>

* docs(bump): add `version_type` info to config.md

Signed-off-by: apkawa <apkawa@gmail.com>

* refactor(bump): to use VersionProtocol interface instead packaging.Version subclass

Signed-off-by: apkawa <apkawa@gmail.com>

* test(bump): `VersionProtocol` workaround mypy for py==3.7

Signed-off-by: apkawa <apkawa@gmail.com>

* fix(changelog): `changelog` command does not find version tag with `version_type=semver` option

Signed-off-by: apkawa <apkawa@gmail.com>

* refactor: minor review fixes

* test(changelog): fix test_changelog_incremental_with_merge_prerelease issue with freeze_time

Signed-off-by: apkawa <apkawa@gmail.com>

---------

Signed-off-by: apkawa <apkawa@gmail.com>
build: update lock
docs: update mkdocs conf
style: format code through black
docs(deps): upgrade mkdocs-material and tidy some snippets
test(warnings): switch from the unmaintained `pytest-freezegun` to `pytest-freezer` removing warnings
test(tests): format code
docs: add new section getting started
docs(config): make settings shareable
build(poetry)(deps-dev): bump pydocstyle from 5.1.1 to 6.3.0

Bumps [pydocstyle](https://github.com/PyCQA/pydocstyle) from 5.1.1 to 6.3.0.
- [Release notes](https://github.com/PyCQA/pydocstyle/releases)
- [Changelog](https://github.com/PyCQA/pydocstyle/blob/master/docs/release_notes.rst)
- [Commits](https://github.com/PyCQA/pydocstyle/compare/5.1.1...6.3.0)

---
updated-dependencies:
- dependency-name: pydocstyle
  dependency-type: direct:development
  update-type: version-update:semver-major
...

Signed-off-by: dependabot[bot] <support@github.com>
feat(changelog): add merge_prereleases flag
ci: update codecov to newest version
build(dependabot): add dependabot configuration
feat(plugins): Switch to an importlib.metadata.EntryPoint-based plugin loading

Plugins are now loaded using the `commitizen.plugin` entrypoint
while legacy plugin are not loaded anymore but a warning is raised when one is seen.

Fixes #495

BREAKING CHANGE: Plugins are now exposed as `commitizen.plugin` entrypoints
test: improve git isolation and fixes test missing a repository
feat(providers): add support for some JSON-based version providers (NPM, Composer)
docs(changelog): add info of auto changelog right away
docs: add missing settings to config
docs: add an article
build: update dev dependencies to latest versions
build: add ruff linter
build(poetry)(deps): bump typing-extensions from 4.4.0 to 4.5.0

Bumps [typing-extensions](https://github.com/python/typing_extensions) from 4.4.0 to 4.5.0.
- [Release notes](https://github.com/python/typing_extensions/releases)
- [Changelog](https://github.com/python/typing_extensions/blob/main/CHANGELOG.md)
- [Commits](https://github.com/python/typing_extensions/compare/4.4.0...4.5.0)

---
updated-dependencies:
- dependency-name: typing-extensions
  dependency-type: direct:production
  update-type: version-update:semver-minor
...

Signed-off-by: dependabot[bot] <support@github.com>
ci(actions)(deps): bump peaceiris/actions-gh-pages from 2 to 3

Bumps [peaceiris/actions-gh-pages](https://github.com/peaceiris/actions-gh-pages) from 2 to 3.
- [Release notes](https://github.com/peaceiris/actions-gh-pages/releases)
- [Changelog](https://github.com/peaceiris/actions-gh-pages/blob/main/CHANGELOG.md)
- [Commits](https://github.com/peaceiris/actions-gh-pages/compare/v2...v3)

---
updated-dependencies:
- dependency-name: peaceiris/actions-gh-pages
  dependency-type: direct:production
  update-type: version-update:semver-major
...

Signed-off-by: dependabot[bot] <support@github.com>
fix: typo in hook
fix(changelog): `changelog` command does not find version tag with `version_type=semver` option

Signed-off-by: apkawa <apkawa@gmail.com>
test(changelog): fix test_changelog_incremental_with_merge_prerelease issue with freeze_time

Signed-off-by: apkawa <apkawa@gmail.com>
style: fix code style through black
feat(providers): add support for some TOML-based versions (PEP621, Poetry, Cargo)
docs(changelog): add dry-run examples
docs(bump): improve description of bumping
refactor: set default_install_hook_types
build(dev): update and fixes some dependencies
build(poetry): relock poetry.lock
test(git): ensures that global git user settings are not interfering with the tests
test(providers): factorize some version providers tests
fix(commands/changelog): use topological order for commit ordering

Topological ordering should be used when ordering commits in changelog history.
This allows commits to be shown properly in the order they were added to the codebase,
even if non-linear merges were used
test: set default branch to master
docs(init): re-write section
build(poetry)(deps-dev): bump pytest-xdist from 3.1.0 to 3.2.1

Bumps [pytest-xdist](https://github.com/pytest-dev/pytest-xdist) from 3.1.0 to 3.2.1.
- [Release notes](https://github.com/pytest-dev/pytest-xdist/releases)
- [Changelog](https://github.com/pytest-dev/pytest-xdist/blob/master/CHANGELOG.rst)
- [Commits](https://github.com/pytest-dev/pytest-xdist/compare/v3.1.0...v3.2.1)

---
updated-dependencies:
- dependency-name: pytest-xdist
  dependency-type: direct:development
  update-type: version-update:semver-minor
...

Signed-off-by: dependabot[bot] <support@github.com>
build(poetry): relock lockfile
test(scripts): run same file tests individually

Running tests concurrently can cause temporary files, such as the file
used to backup the commit message, to be deleted by one test but
accessed by another test later on.
build(poetry): commit the lock file

See: https://python-poetry.org/docs/libraries/#lock-file
fix: small corrections and clean up
refactor(bump): to use VersionProtocol interface instead packaging.Version subclass

Signed-off-by: apkawa <apkawa@gmail.com>
feat(providers): add a `scm` version provider

Reads version from the repository last tag matching `tag_format`

Fixes #641
test: fix git_sandbox for git<2.33

for old git like git-2.30 the tests broke my ~/.gitconfig file and created thousands of `name=GitHub` lines

Signed-off-by: apkawa <apkawa@gmail.com>
Merge pull request #677 from sacha-c/fix/changelog-commit-order

fix(commands/changelog): use topological order for commit ordering
fix(init): welcome message

Co-authored-by: Wei Lee <weilee.rx@gmail.com>
Merge branch 'v3' into devrelease
docs: add auto check and format files
docs: improve third party section
build(pre-commit): fix config typo
fix: major version zero message
style: fix end of line through pre-commit
chore: fix error message typo
ci(docspublish): update peaceiris/actions-gh-pages to v3
build: update dev dependencies to lastest poetry
build(poetry)(deps-dev): bump mkdocs-material from 8.5.11 to 9.1.6

Bumps [mkdocs-material](https://github.com/squidfunk/mkdocs-material) from 8.5.11 to 9.1.6.
- [Release notes](https://github.com/squidfunk/mkdocs-material/releases)
- [Changelog](https://github.com/squidfunk/mkdocs-material/blob/master/CHANGELOG)
- [Upgrade guide](https://github.com/squidfunk/mkdocs-material/blob/master/docs/upgrade.md)
- [Commits](https://github.com/squidfunk/mkdocs-material/compare/8.5.11...9.1.6)

---
updated-dependencies:
- dependency-name: mkdocs-material
  dependency-type: direct:development
  update-type: version-update:semver-major
...

Signed-off-by: dependabot[bot] <support@github.com>
style: fix formatting changes with black update
docs: add poetry version and minor style changes
docs: prepare readme for v3
feat(init): add new settings
ci: add release section
fix: update dependencies
ci(actions)(deps): bump codecov/codecov-action from 1.0.3 to 3.1.2

Bumps [codecov/codecov-action](https://github.com/codecov/codecov-action) from 1.0.3 to 3.1.2.
- [Release notes](https://github.com/codecov/codecov-action/releases)
- [Changelog](https://github.com/codecov/codecov-action/blob/main/CHANGELOG.md)
- [Commits](https://github.com/codecov/codecov-action/compare/v1.0.3...v3.1.2)

---
updated-dependencies:
- dependency-name: codecov/codecov-action
  dependency-type: direct:production
  update-type: version-update:semver-major
...

Signed-off-by: dependabot[bot] <support@github.com>
feat(providers): add a `commitizen.provider` endpoint for alternative versions providers
refactor(bump): version_provider rename to version_type; `pep` option rename to `pep440`

Signed-off-by: apkawa <apkawa@gmail.com>
refactor: minor review fixes
fix(excepthook): ensure traceback can only be a `TracebackType` or `None`
style: format codebase with the latest black
build(poetry)(deps-dev): bump black from 22.12.0 to 23.3.0

Bumps [black](https://github.com/psf/black) from 22.12.0 to 23.3.0.
- [Release notes](https://github.com/psf/black/releases)
- [Changelog](https://github.com/psf/black/blob/main/CHANGES.md)
- [Commits](https://github.com/psf/black/compare/22.12.0...23.3.0)

---
updated-dependencies:
- dependency-name: black
  dependency-type: direct:development
  update-type: version-update:semver-major
...

Signed-off-by: dependabot[bot] <support@github.com>
feat: draft of the --empty parameter
Merge pull request #703 from MoritzBoehme/merge-prerelease

feat(changelog): add merge-prerelease flag
fix message for InitFailedError exception in _install_pre_commit_hook function

Signed-off-by: ChauhanKrunal <chauhan.krunal.r@gmail.com>
feat(bump): version_provider=semver optional option to make version compatible with semver

Signed-off-by: apkawa <apkawa@gmail.com>
docs(bump): add `version_type` info to config.md

Signed-off-by: apkawa <apkawa@gmail.com>
test(bump): `VersionProtocol` workaround mypy for py==3.7

Signed-off-by: apkawa <apkawa@gmail.com>"
2023-04-24,43,1.0,3.75,2.75,-3.125,7.875,True,high,12.772727272727273,27,27,"['build(poetry): bump `pytest-mock` dev dependency', 'ci(dependabot): add prefix-development', 'build(poetry): bump `pytest-regressions` dev dependency', 'build(poetry): bump `mkdocs-material` dev dependency', 'build(poetry): bump `mkdocs` dev dependency', 'build: bump `pre-commit-hooks` hook', 'build(poetry): bump `pydocstyle` dev dependency', 'fix: bump changelog for prerelease without commits\n\ngenerate changelog for a new version without new commits when the current version is a prerelease. This matches current behaviour for bump command', 'build(poetry): bump `pre-commit` dev dependency', 'build(poetry): bump `flake8` dev dependency', 'build(poetry): bump `pytest-xdist` dev dependency', 'test: add test for major_version_zero bug', 'build(poetry)(deps): bump argcomplete from 2.1.2 to 3.0.6\n\nBumps [argcomplete](https://github.com/kislyuk/argcomplete) from 2.1.2 to 3.0.6.\n- [Release notes](https://github.com/kislyuk/argcomplete/releases)\n- [Changelog](https://github.com/kislyuk/argcomplete/blob/develop/Changes.rst)\n- [Commits](https://github.com/kislyuk/argcomplete/compare/v2.1.2...v3.0.6)\n\n---\nupdated-dependencies:\n- dependency-name: argcomplete\n  dependency-type: direct:production\n  update-type: version-update:semver-major\n...\n\nSigned-off-by: dependabot[bot] <support@github.com>', 'feat: pre-release seperated changelog', 'feat: make `major_version_zero` customizable by third parties\n\nbefore this commit, major_version_zero would only work with\nconventional commits, as the value used was not exposed to other cz rules', 'build(poetry): bump `ipython` dev dependency', 'build(poetry): bump `isort` dev dependency', 'build(poetry): bump `mypy` dev dependency', 'build(poetry): bump `types-PyYAML` dev dependency', 'chore: add chore to types list', 'build(poetry): bump `pytest` dev dependency', 'build(poetry): bump `types-termcolor` dev dependency', 'build(poetry)(deps): bump importlib-metadata from 4.13.0 to 5.2.0\n\nBumps [importlib-metadata](https://github.com/python/importlib_metadata) from 4.13.0 to 5.2.0.\n- [Release notes](https://github.com/python/importlib_metadata/releases)\n- [Changelog](https://github.com/python/importlib_metadata/blob/main/CHANGES.rst)\n- [Commits](https://github.com/python/importlib_metadata/compare/v4.13.0...v5.2.0)\n\n---\nupdated-dependencies:\n- dependency-name: importlib-metadata\n  dependency-type: direct:production\n  update-type: version-update:semver-major\n...\n\nSigned-off-by: dependabot[bot] <support@github.com>', 'build(poetry): relax argcomplete dependency to allow 3.0.x', 'build(poetry): bump `black` dev dependency', 'build(poetry): bump `pytest-cov` dev dependency', 'build(poetry): bump `codecov` dev dependency']","['committed (#690)', 'committed (#721)', 'committed (#681)', 'committed (#726)', 'committed (#718)', 'committed (#454)', 'committed (#725)', 'committed (#717)', 'committed (#702)']","[73426, 73434, 73478, 73942, 74108, 74148, 75430, 76290, 76298, 76306, 76314, 76322, 76330, 76338, 76346, 76354, 76362, 76370, 76378, 76386, 76394, 76402, 76410, 76418, 76426, 76989, 91872]","[73428, 73436, 73480, 73944, 74110, 74150, 75432, 76292, 76300, 76308, 76316, 76324, 76332, 76340, 76348, 76356, 76364, 76372, 76380, 76388, 76396, 76404, 76412, 76420, 76428, 76991, 91874]","build(poetry): bump `pytest-mock` dev dependency
ci(dependabot): add prefix-development
build(poetry): bump `pytest-regressions` dev dependency
build(poetry): bump `mkdocs-material` dev dependency
build(poetry): bump `mkdocs` dev dependency
build: bump `pre-commit-hooks` hook
build(poetry): bump `pydocstyle` dev dependency
fix: bump changelog for prerelease without commits

generate changelog for a new version without new commits when the current version is a prerelease. This matches current behaviour for bump command
build(poetry): bump `pre-commit` dev dependency
build(poetry): bump `flake8` dev dependency
build(poetry): bump `pytest-xdist` dev dependency
test: add test for major_version_zero bug
build(poetry)(deps): bump argcomplete from 2.1.2 to 3.0.6

Bumps [argcomplete](https://github.com/kislyuk/argcomplete) from 2.1.2 to 3.0.6.
- [Release notes](https://github.com/kislyuk/argcomplete/releases)
- [Changelog](https://github.com/kislyuk/argcomplete/blob/develop/Changes.rst)
- [Commits](https://github.com/kislyuk/argcomplete/compare/v2.1.2...v3.0.6)

---
updated-dependencies:
- dependency-name: argcomplete
  dependency-type: direct:production
  update-type: version-update:semver-major
...

Signed-off-by: dependabot[bot] <support@github.com>
feat: pre-release seperated changelog
feat: make `major_version_zero` customizable by third parties

before this commit, major_version_zero would only work with
conventional commits, as the value used was not exposed to other cz rules
build(poetry): bump `ipython` dev dependency
build(poetry): bump `isort` dev dependency
build(poetry): bump `mypy` dev dependency
build(poetry): bump `types-PyYAML` dev dependency
chore: add chore to types list
build(poetry): bump `pytest` dev dependency
build(poetry): bump `types-termcolor` dev dependency
build(poetry)(deps): bump importlib-metadata from 4.13.0 to 5.2.0

Bumps [importlib-metadata](https://github.com/python/importlib_metadata) from 4.13.0 to 5.2.0.
- [Release notes](https://github.com/python/importlib_metadata/releases)
- [Changelog](https://github.com/python/importlib_metadata/blob/main/CHANGES.rst)
- [Commits](https://github.com/python/importlib_metadata/compare/v4.13.0...v5.2.0)

---
updated-dependencies:
- dependency-name: importlib-metadata
  dependency-type: direct:production
  update-type: version-update:semver-major
...

Signed-off-by: dependabot[bot] <support@github.com>
build(poetry): relax argcomplete dependency to allow 3.0.x
build(poetry): bump `black` dev dependency
build(poetry): bump `pytest-cov` dev dependency
build(poetry): bump `codecov` dev dependency"
2023-05-01,11,1.0,3.75,2.75,-3.125,7.875,True,high,1.1363636363636365,30,30,"['docs: improve github action tutorial', 'docs(config): show config sample for version provider', 'fix(bump): breaking changes on additional types for conventional commits', 'test: add exclamation mark test\n\nCloses #682', 'docs(commit): link to prepare-commit-msg hook tutorial', 'fix: improve errors message when empty .cz.json found\n\nCloses #576', 'docs(commit): document --write-message-to-file option', 'test(commit): add negative test cases for --write-message-to-file option', 'test(commit): pass path for write_message_to_file', ""test: add test for 'additional' types in conventional commits"", 'fix(typing): no_raise is declared as optional', 'feat(commit): add --write-message-to-file option', 'docs: move poetry req to contributing', 'ci: add codecov minimum', 'test(bump): a longer word is used matching a type in commit message', 'build(poetry)(deps): bump importlib-metadata from 4.13.0 to 6.6.0\n\nBumps [importlib-metadata](https://github.com/python/importlib_metadata) from 4.13.0 to 6.6.0.\n- [Release notes](https://github.com/python/importlib_metadata/releases)\n- [Changelog](https://github.com/python/importlib_metadata/blob/main/CHANGES.rst)\n- [Commits](https://github.com/python/importlib_metadata/compare/v4.13.0...v6.6.0)\n\n---\nupdated-dependencies:\n- dependency-name: importlib-metadata\n  dependency-type: direct:production\n  update-type: version-update:semver-major\n...\n\nSigned-off-by: dependabot[bot] <support@github.com>', 'refactor(commit): change type of write_message_to_file to path', 'chore(check): add customizable allowed prefixes\n\nThe allowed prefixes, which bypass the regex check,\ncan now be configured.', 'fix: bump decli which is type hinted\n\nCloses #153', ""test: add test for 'additional' types in changelog"", 'docs(prepare-commit-msg): add additional information to tutorial', 'docs: improve gitlab tutorial\n\nCloses #610', 'fix(bump): better match for change_type when finding increment\n\nCloses #695', 'docs(tutorials): add tutorial for automatically preparing commit message', 'docs(tutorials): add installation guide and feature overview for hooks', 'fix(init): poetry detection', 'test(commit): add test for --write-message-to-file option', 'fix(changelog): breaking change on additional types for conventional commits', 'fix: add support for importlib_metadata 6', 'feat(hooks): add prepare-commit-msg and post-commit hooks']","['committed (#729)', 'committed (#728)', 'committed (#731)', 'committed (#678)', 'committed (#727)', 'committed (#734)']","[72789, 73021, 73029, 73037, 73045, 73053, 73077, 73089, 73109, 73117, 73129, 73137, 73179, 73191, 73199, 73210, 73218, 73229, 73240, 73248, 73277, 73289, 73297, 73313, 73328, 73336, 73347, 73396, 77152, 77161]","[72791, 73023, 73031, 73039, 73047, 73055, 73079, 73091, 73111, 73119, 73131, 73139, 73181, 73193, 73201, 73212, 73220, 73231, 73242, 73250, 73279, 73291, 73299, 73315, 73330, 73338, 73349, 73398, 77154, 77163]","docs: improve github action tutorial
docs(config): show config sample for version provider
fix(bump): breaking changes on additional types for conventional commits
test: add exclamation mark test

Closes #682
docs(commit): link to prepare-commit-msg hook tutorial
fix: improve errors message when empty .cz.json found

Closes #576
docs(commit): document --write-message-to-file option
test(commit): add negative test cases for --write-message-to-file option
test(commit): pass path for write_message_to_file
test: add test for 'additional' types in conventional commits
fix(typing): no_raise is declared as optional
feat(commit): add --write-message-to-file option
docs: move poetry req to contributing
ci: add codecov minimum
test(bump): a longer word is used matching a type in commit message
build(poetry)(deps): bump importlib-metadata from 4.13.0 to 6.6.0

Bumps [importlib-metadata](https://github.com/python/importlib_metadata) from 4.13.0 to 6.6.0.
- [Release notes](https://github.com/python/importlib_metadata/releases)
- [Changelog](https://github.com/python/importlib_metadata/blob/main/CHANGES.rst)
- [Commits](https://github.com/python/importlib_metadata/compare/v4.13.0...v6.6.0)

---
updated-dependencies:
- dependency-name: importlib-metadata
  dependency-type: direct:production
  update-type: version-update:semver-major
...

Signed-off-by: dependabot[bot] <support@github.com>
refactor(commit): change type of write_message_to_file to path
chore(check): add customizable allowed prefixes

The allowed prefixes, which bypass the regex check,
can now be configured.
fix: bump decli which is type hinted

Closes #153
test: add test for 'additional' types in changelog
docs(prepare-commit-msg): add additional information to tutorial
docs: improve gitlab tutorial

Closes #610
fix(bump): better match for change_type when finding increment

Closes #695
docs(tutorials): add tutorial for automatically preparing commit message
docs(tutorials): add installation guide and feature overview for hooks
fix(init): poetry detection
test(commit): add test for --write-message-to-file option
fix(changelog): breaking change on additional types for conventional commits
fix: add support for importlib_metadata 6
feat(hooks): add prepare-commit-msg and post-commit hooks"
2023-06-19,18,1.0,3.75,2.75,-3.125,7.875,True,high,3.6818181818181817,24,24,"['build(deps-dev): bump ruff from 0.0.262 to 0.0.275\n\nBumps [ruff](https://github.com/astral-sh/ruff) from 0.0.262 to 0.0.275.\n- [Release notes](https://github.com/astral-sh/ruff/releases)\n- [Changelog](https://github.com/astral-sh/ruff/blob/main/BREAKING_CHANGES.md)\n- [Commits](https://github.com/astral-sh/ruff/compare/v0.0.262...v0.0.275)\n\n---\nupdated-dependencies:\n- dependency-name: ruff\n  dependency-type: direct:development\n  update-type: version-update:semver-patch\n...\n\nSigned-off-by: dependabot[bot] <support@github.com>', 'style(commands/changelog): remove unnecessary if not block', 'build(deps): bump argcomplete from 3.0.8 to 3.1.1\n\nBumps [argcomplete](https://github.com/kislyuk/argcomplete) from 3.0.8 to 3.1.1.\n- [Release notes](https://github.com/kislyuk/argcomplete/releases)\n- [Changelog](https://github.com/kislyuk/argcomplete/blob/develop/Changes.rst)\n- [Commits](https://github.com/kislyuk/argcomplete/compare/v3.0.8...v3.1.1)\n\n---\nupdated-dependencies:\n- dependency-name: argcomplete\n  dependency-type: direct:production\n  update-type: version-update:semver-minor\n...\n\nSigned-off-by: dependabot[bot] <support@github.com>', 'fix(veresion_schemes): import missing Self for python 3.11', 'build(deps-dev): bump ruff from 0.0.262 to 0.0.274\n\nBumps [ruff](https://github.com/astral-sh/ruff) from 0.0.262 to 0.0.274.\n- [Release notes](https://github.com/astral-sh/ruff/releases)\n- [Changelog](https://github.com/astral-sh/ruff/blob/main/BREAKING_CHANGES.md)\n- [Commits](https://github.com/astral-sh/ruff/compare/v0.0.262...v0.0.274)\n\n---\nupdated-dependencies:\n- dependency-name: ruff\n  dependency-type: direct:development\n  update-type: version-update:semver-patch\n...\n\nSigned-off-by: dependabot[bot] <support@github.com>', 'build(deps-dev): bump mypy from 0.931 to 1.4.0\n\nBumps [mypy](https://github.com/python/mypy) from 0.931 to 1.4.0.\n- [Commits](https://github.com/python/mypy/compare/v0.931...v1.4.0)\n\n---\nupdated-dependencies:\n- dependency-name: mypy\n  dependency-type: direct:development\n  update-type: version-update:semver-major\n...\n\nSigned-off-by: dependabot[bot] <support@github.com>', 'build(poetry)(deps): bump tomlkit from 0.11.7 to 0.11.8\n\nBumps [tomlkit](https://github.com/sdispater/tomlkit) from 0.11.7 to 0.11.8.\n- [Release notes](https://github.com/sdispater/tomlkit/releases)\n- [Changelog](https://github.com/sdispater/tomlkit/blob/master/CHANGELOG.md)\n- [Commits](https://github.com/sdispater/tomlkit/compare/0.11.7...0.11.8)\n\n---\nupdated-dependencies:\n- dependency-name: tomlkit\n  dependency-type: direct:production\n  update-type: version-update:semver-patch\n...\n\nSigned-off-by: dependabot[bot] <support@github.com>', ""feat: Add option in bump command to redirect git output to stderr\n\nThis is useful used in conjunction with `--changelog-to-stdout` if you\ndon't need/want the resulting output to contain the `git commit` log\nmessages."", 'fix(typing): no_raise is declared as optional', 'style(mypy): fix warning due to mypy update', 'build(deps-dev): bump pytest from 7.3.1 to 7.3.2\n\nBumps [pytest](https://github.com/pytest-dev/pytest) from 7.3.1 to 7.3.2.\n- [Release notes](https://github.com/pytest-dev/pytest/releases)\n- [Changelog](https://github.com/pytest-dev/pytest/blob/main/CHANGELOG.rst)\n- [Commits](https://github.com/pytest-dev/pytest/compare/7.3.1...7.3.2)\n\n---\nupdated-dependencies:\n- dependency-name: pytest\n  dependency-type: direct:development\n  update-type: version-update:semver-patch\n...\n\nSigned-off-by: dependabot[bot] <support@github.com>', 'chore(check): add customizable allowed prefixes\n\nThe allowed prefixes, which bypass the regex check,\ncan now be configured.', 'build(poetry): upgrade ruff', 'build(poetry)(deps-dev): bump types-termcolor from 0.1.1 to 1.1.6.2\n\nBumps [types-termcolor](https://github.com/python/typeshed) from 0.1.1 to 1.1.6.2.\n- [Release notes](https://github.com/python/typeshed/releases)\n- [Commits](https://github.com/python/typeshed/commits)\n\n---\nupdated-dependencies:\n- dependency-name: types-termcolor\n  dependency-type: direct:development\n  update-type: version-update:semver-major\n...\n\nSigned-off-by: dependabot[bot] <support@github.com>', 'fix: only use version tags when generating a changelog\n\nThis commit ensures that the tags used to generate the changelog are all correctly parsed by Version()\nThis fixes two bugs:\n- The header of the changelog could be a non-version tag\n- The rev-range computed when running  could use a non-version tag as a lower bound', 'build(poetry): upgrade mypy to 1.4.0', 'build(poetry)(deps): bump requests from 2.28.2 to 2.31.0\n\nBumps [requests](https://github.com/psf/requests) from 2.28.2 to 2.31.0.\n- [Release notes](https://github.com/psf/requests/releases)\n- [Changelog](https://github.com/psf/requests/blob/main/HISTORY.md)\n- [Commits](https://github.com/psf/requests/compare/v2.28.2...v2.31.0)\n\n---\nupdated-dependencies:\n- dependency-name: requests\n  dependency-type: indirect\n...\n\nSigned-off-by: dependabot[bot] <support@github.com>', 'build(poetry)(deps-dev): bump types-pyyaml from 5.4.12 to 6.0.12.10\n\nBumps [types-pyyaml](https://github.com/python/typeshed) from 5.4.12 to 6.0.12.10.\n- [Commits](https://github.com/python/typeshed/commits)\n\n---\nupdated-dependencies:\n- dependency-name: types-pyyaml\n  dependency-type: direct:development\n  update-type: version-update:semver-major\n...\n\nSigned-off-by: dependabot[bot] <support@github.com>', 'feat(version-schemes): expose `version_schemes` as a `commitizen.scheme` endpoint.\n\nRefactors `version_types` (which is now deprecated) into `version_schemes`,\nexposes them through a `commitizen.scheme` entrypoint and ensure it\nencapsulates all the versionning logic for parsing and bumping.', 'style(mypy): ignore `py.*` legacy `pytest` imports', 'build(deps-dev): bump pytest-freezer from 0.4.6 to 0.4.8\n\nBumps [pytest-freezer](https://github.com/pytest-dev/pytest-freezer) from 0.4.6 to 0.4.8.\n- [Release notes](https://github.com/pytest-dev/pytest-freezer/releases)\n- [Commits](https://github.com/pytest-dev/pytest-freezer/compare/0.4.6...0.4.8)\n\n---\nupdated-dependencies:\n- dependency-name: pytest-freezer\n  dependency-type: direct:development\n  update-type: version-update:semver-patch\n...\n\nSigned-off-by: dependabot[bot] <support@github.com>', 'build(poetry)(deps-dev): bump mypy from 0.931 to 1.3.0\n\nBumps [mypy](https://github.com/python/mypy) from 0.931 to 1.3.0.\n- [Commits](https://github.com/python/mypy/compare/v0.931...v1.3.0)\n\n---\nupdated-dependencies:\n- dependency-name: mypy\n  dependency-type: direct:development\n  update-type: version-update:semver-major\n...\n\nSigned-off-by: dependabot[bot] <support@github.com>', 'build(deps-dev): bump mkdocs-material from 9.1.15 to 9.1.16\n\nBumps [mkdocs-material](https://github.com/squidfunk/mkdocs-material) from 9.1.15 to 9.1.16.\n- [Release notes](https://github.com/squidfunk/mkdocs-material/releases)\n- [Changelog](https://github.com/squidfunk/mkdocs-material/blob/master/CHANGELOG)\n- [Commits](https://github.com/squidfunk/mkdocs-material/compare/9.1.15...9.1.16)\n\n---\nupdated-dependencies:\n- dependency-name: mkdocs-material\n  dependency-type: direct:development\n  update-type: version-update:semver-patch\n...\n\nSigned-off-by: dependabot[bot] <support@github.com>', 'test(commands/changelog): enhance test_changelog_uses_version_tags_for_header check']","['committed (#766)', 'committed (#740)', 'committed (#759)', 'committed (#768)', 'committed (#764)', 'committed (#761)', 'committed (#737)', 'committed (#735)', 'committed (#678)', 'committed (#762)', 'committed (#719)', 'committed (#750)', 'committed (#749)', 'committed (#733)', 'committed (#765)', 'committed (#742)', 'committed (#763)']","[71658, 71666, 71674, 71682, 71716, 71756, 71790, 71824, 71861, 71904, 71983, 72260, 72304, 72470, 72585, 72601, 72609, 72715, 72749, 72898, 72906, 74068, 77152, 77161]","[71660, 71668, 71676, 71684, 71718, 71758, 71792, 71826, 71863, 71906, 71985, 72262, 72306, 72472, 72587, 72603, 72611, 72717, 72751, 72900, 72908, 74070, 77154, 77163]","build(deps-dev): bump ruff from 0.0.262 to 0.0.275

Bumps [ruff](https://github.com/astral-sh/ruff) from 0.0.262 to 0.0.275.
- [Release notes](https://github.com/astral-sh/ruff/releases)
- [Changelog](https://github.com/astral-sh/ruff/blob/main/BREAKING_CHANGES.md)
- [Commits](https://github.com/astral-sh/ruff/compare/v0.0.262...v0.0.275)

---
updated-dependencies:
- dependency-name: ruff
  dependency-type: direct:development
  update-type: version-update:semver-patch
...

Signed-off-by: dependabot[bot] <support@github.com>
style(commands/changelog): remove unnecessary if not block
build(deps): bump argcomplete from 3.0.8 to 3.1.1

Bumps [argcomplete](https://github.com/kislyuk/argcomplete) from 3.0.8 to 3.1.1.
- [Release notes](https://github.com/kislyuk/argcomplete/releases)
- [Changelog](https://github.com/kislyuk/argcomplete/blob/develop/Changes.rst)
- [Commits](https://github.com/kislyuk/argcomplete/compare/v3.0.8...v3.1.1)

---
updated-dependencies:
- dependency-name: argcomplete
  dependency-type: direct:production
  update-type: version-update:semver-minor
...

Signed-off-by: dependabot[bot] <support@github.com>
fix(veresion_schemes): import missing Self for python 3.11
build(deps-dev): bump ruff from 0.0.262 to 0.0.274

Bumps [ruff](https://github.com/astral-sh/ruff) from 0.0.262 to 0.0.274.
- [Release notes](https://github.com/astral-sh/ruff/releases)
- [Changelog](https://github.com/astral-sh/ruff/blob/main/BREAKING_CHANGES.md)
- [Commits](https://github.com/astral-sh/ruff/compare/v0.0.262...v0.0.274)

---
updated-dependencies:
- dependency-name: ruff
  dependency-type: direct:development
  update-type: version-update:semver-patch
...

Signed-off-by: dependabot[bot] <support@github.com>
build(deps-dev): bump mypy from 0.931 to 1.4.0

Bumps [mypy](https://github.com/python/mypy) from 0.931 to 1.4.0.
- [Commits](https://github.com/python/mypy/compare/v0.931...v1.4.0)

---
updated-dependencies:
- dependency-name: mypy
  dependency-type: direct:development
  update-type: version-update:semver-major
...

Signed-off-by: dependabot[bot] <support@github.com>
build(poetry)(deps): bump tomlkit from 0.11.7 to 0.11.8

Bumps [tomlkit](https://github.com/sdispater/tomlkit) from 0.11.7 to 0.11.8.
- [Release notes](https://github.com/sdispater/tomlkit/releases)
- [Changelog](https://github.com/sdispater/tomlkit/blob/master/CHANGELOG.md)
- [Commits](https://github.com/sdispater/tomlkit/compare/0.11.7...0.11.8)

---
updated-dependencies:
- dependency-name: tomlkit
  dependency-type: direct:production
  update-type: version-update:semver-patch
...

Signed-off-by: dependabot[bot] <support@github.com>
feat: Add option in bump command to redirect git output to stderr

This is useful used in conjunction with `--changelog-to-stdout` if you
don't need/want the resulting output to contain the `git commit` log
messages.
fix(typing): no_raise is declared as optional
style(mypy): fix warning due to mypy update
build(deps-dev): bump pytest from 7.3.1 to 7.3.2

Bumps [pytest](https://github.com/pytest-dev/pytest) from 7.3.1 to 7.3.2.
- [Release notes](https://github.com/pytest-dev/pytest/releases)
- [Changelog](https://github.com/pytest-dev/pytest/blob/main/CHANGELOG.rst)
- [Commits](https://github.com/pytest-dev/pytest/compare/7.3.1...7.3.2)

---
updated-dependencies:
- dependency-name: pytest
  dependency-type: direct:development
  update-type: version-update:semver-patch
...

Signed-off-by: dependabot[bot] <support@github.com>
chore(check): add customizable allowed prefixes

The allowed prefixes, which bypass the regex check,
can now be configured.
build(poetry): upgrade ruff
build(poetry)(deps-dev): bump types-termcolor from 0.1.1 to 1.1.6.2

Bumps [types-termcolor](https://github.com/python/typeshed) from 0.1.1 to 1.1.6.2.
- [Release notes](https://github.com/python/typeshed/releases)
- [Commits](https://github.com/python/typeshed/commits)

---
updated-dependencies:
- dependency-name: types-termcolor
  dependency-type: direct:development
  update-type: version-update:semver-major
...

Signed-off-by: dependabot[bot] <support@github.com>
fix: only use version tags when generating a changelog

This commit ensures that the tags used to generate the changelog are all correctly parsed by Version()
This fixes two bugs:
- The header of the changelog could be a non-version tag
- The rev-range computed when running  could use a non-version tag as a lower bound
build(poetry): upgrade mypy to 1.4.0
build(poetry)(deps): bump requests from 2.28.2 to 2.31.0

Bumps [requests](https://github.com/psf/requests) from 2.28.2 to 2.31.0.
- [Release notes](https://github.com/psf/requests/releases)
- [Changelog](https://github.com/psf/requests/blob/main/HISTORY.md)
- [Commits](https://github.com/psf/requests/compare/v2.28.2...v2.31.0)

---
updated-dependencies:
- dependency-name: requests
  dependency-type: indirect
...

Signed-off-by: dependabot[bot] <support@github.com>
build(poetry)(deps-dev): bump types-pyyaml from 5.4.12 to 6.0.12.10

Bumps [types-pyyaml](https://github.com/python/typeshed) from 5.4.12 to 6.0.12.10.
- [Commits](https://github.com/python/typeshed/commits)

---
updated-dependencies:
- dependency-name: types-pyyaml
  dependency-type: direct:development
  update-type: version-update:semver-major
...

Signed-off-by: dependabot[bot] <support@github.com>
feat(version-schemes): expose `version_schemes` as a `commitizen.scheme` endpoint.

Refactors `version_types` (which is now deprecated) into `version_schemes`,
exposes them through a `commitizen.scheme` entrypoint and ensure it
encapsulates all the versionning logic for parsing and bumping.
style(mypy): ignore `py.*` legacy `pytest` imports
build(deps-dev): bump pytest-freezer from 0.4.6 to 0.4.8

Bumps [pytest-freezer](https://github.com/pytest-dev/pytest-freezer) from 0.4.6 to 0.4.8.
- [Release notes](https://github.com/pytest-dev/pytest-freezer/releases)
- [Commits](https://github.com/pytest-dev/pytest-freezer/compare/0.4.6...0.4.8)

---
updated-dependencies:
- dependency-name: pytest-freezer
  dependency-type: direct:development
  update-type: version-update:semver-patch
...

Signed-off-by: dependabot[bot] <support@github.com>
build(poetry)(deps-dev): bump mypy from 0.931 to 1.3.0

Bumps [mypy](https://github.com/python/mypy) from 0.931 to 1.3.0.
- [Commits](https://github.com/python/mypy/compare/v0.931...v1.3.0)

---
updated-dependencies:
- dependency-name: mypy
  dependency-type: direct:development
  update-type: version-update:semver-major
...

Signed-off-by: dependabot[bot] <support@github.com>
build(deps-dev): bump mkdocs-material from 9.1.15 to 9.1.16

Bumps [mkdocs-material](https://github.com/squidfunk/mkdocs-material) from 9.1.15 to 9.1.16.
- [Release notes](https://github.com/squidfunk/mkdocs-material/releases)
- [Changelog](https://github.com/squidfunk/mkdocs-material/blob/master/CHANGELOG)
- [Commits](https://github.com/squidfunk/mkdocs-material/compare/9.1.15...9.1.16)

---
updated-dependencies:
- dependency-name: mkdocs-material
  dependency-type: direct:development
  update-type: version-update:semver-patch
...

Signed-off-by: dependabot[bot] <support@github.com>
test(commands/changelog): enhance test_changelog_uses_version_tags_for_header check"
2023-12-18,18,3.0,7.0,4.0,-3.0,13.0,True,high,1.25,24,24,"['ci(github): fix codeowners format', 'docs(changelog): remove duplicate versions', 'docs(bump): Fix typo in documentation', 'build(poetry): keep black version in sync', 'build: upgrade ruff to 0.1.8', 'build(deps-dev): bump ruff from 0.1.8 to 0.1.9\n\nBumps [ruff](https://github.com/astral-sh/ruff) from 0.1.8 to 0.1.9.\n- [Release notes](https://github.com/astral-sh/ruff/releases)\n- [Changelog](https://github.com/astral-sh/ruff/blob/main/CHANGELOG.md)\n- [Commits](https://github.com/astral-sh/ruff/compare/v0.1.8...v0.1.9)\n\n---\nupdated-dependencies:\n- dependency-name: ruff\n  dependency-type: direct:development\n  update-type: version-update:semver-patch\n...\n\nSigned-off-by: dependabot[bot] <support@github.com>', 'ci(github-actions): skip release action if no version is bumped', 'build(poetry): update dependencies, relax black and ruff constraint', 'feat: preserve prerelease linearity', 'build(deps-dev): bump pytest-xdist from 3.3.1 to 3.5.0\n\nBumps [pytest-xdist](https://github.com/pytest-dev/pytest-xdist) from 3.3.1 to 3.5.0.\n- [Release notes](https://github.com/pytest-dev/pytest-xdist/releases)\n- [Changelog](https://github.com/pytest-dev/pytest-xdist/blob/master/CHANGELOG.rst)\n- [Commits](https://github.com/pytest-dev/pytest-xdist/compare/v3.3.1...v3.5.0)\n\n---\nupdated-dependencies:\n- dependency-name: pytest-xdist\n  dependency-type: direct:development\n  update-type: version-update:semver-minor\n...\n\nSigned-off-by: dependabot[bot] <support@github.com>', 'build(deps): bump importlib-metadata from 6.8.0 to 7.0.0\n\nBumps [importlib-metadata](https://github.com/python/importlib_metadata) from 6.8.0 to 7.0.0.\n- [Release notes](https://github.com/python/importlib_metadata/releases)\n- [Changelog](https://github.com/python/importlib_metadata/blob/main/NEWS.rst)\n- [Commits](https://github.com/python/importlib_metadata/compare/v6.8.0...v7.0.0)\n\n---\nupdated-dependencies:\n- dependency-name: importlib-metadata\n  dependency-type: direct:production\n  update-type: version-update:semver-major\n...\n\nSigned-off-by: dependabot[bot] <support@github.com>', 'ci(deps): bump actions/setup-python from 4 to 5\n\nBumps [actions/setup-python](https://github.com/actions/setup-python) from 4 to 5.\n- [Release notes](https://github.com/actions/setup-python/releases)\n- [Commits](https://github.com/actions/setup-python/compare/v4...v5)\n\n---\nupdated-dependencies:\n- dependency-name: actions/setup-python\n  dependency-type: direct:production\n  update-type: version-update:semver-major\n...\n\nSigned-off-by: dependabot[bot] <support@github.com>', 'ci(github-actions): fix labeler typo', 'build(deps-dev): bump mypy from 1.6.1 to 1.7.1\n\nBumps [mypy](https://github.com/python/mypy) from 1.6.1 to 1.7.1.\n- [Changelog](https://github.com/python/mypy/blob/master/CHANGELOG.md)\n- [Commits](https://github.com/python/mypy/compare/v1.6.1...v1.7.1)\n\n---\nupdated-dependencies:\n- dependency-name: mypy\n  dependency-type: direct:development\n  update-type: version-update:semver-minor\n...\n\nSigned-off-by: dependabot[bot] <support@github.com>', 'ci(github-actions): fix laber-pr by adding necessary checkout step', 'build(poetry): update dependencies', 'ci(github-actions): use new v5 labeler syntax', 'build(deps-dev): bump mypy from 1.7.1 to 1.8.0\n\nBumps [mypy](https://github.com/python/mypy) from 1.7.1 to 1.8.0.\n- [Changelog](https://github.com/python/mypy/blob/master/CHANGELOG.md)\n- [Commits](https://github.com/python/mypy/compare/v1.7.1...v1.8.0)\n\n---\nupdated-dependencies:\n- dependency-name: mypy\n  dependency-type: direct:development\n  update-type: version-update:semver-minor\n...\n\nSigned-off-by: dependabot[bot] <support@github.com>', 'build(deps): bump argcomplete from 3.1.4 to 3.2.1\n\nBumps [argcomplete](https://github.com/kislyuk/argcomplete) from 3.1.4 to 3.2.1.\n- [Release notes](https://github.com/kislyuk/argcomplete/releases)\n- [Changelog](https://github.com/kislyuk/argcomplete/blob/develop/Changes.rst)\n- [Commits](https://github.com/kislyuk/argcomplete/compare/v3.1.4...v3.2.1)\n\n---\nupdated-dependencies:\n- dependency-name: argcomplete\n  dependency-type: direct:production\n  update-type: version-update:semver-minor\n...\n\nSigned-off-by: dependabot[bot] <support@github.com>', 'ci(deps): bump actions/labeler from 4 to 5\n\nBumps [actions/labeler](https://github.com/actions/labeler) from 4 to 5.\n- [Release notes](https://github.com/actions/labeler/releases)\n- [Commits](https://github.com/actions/labeler/compare/v4...v5)\n\n---\nupdated-dependencies:\n- dependency-name: actions/labeler\n  dependency-type: direct:production\n  update-type: version-update:semver-major\n...\n\nSigned-off-by: dependabot[bot] <support@github.com>', 'build(script): use latest ruff format', 'ci(github-actions): move the generate sponsor step to docpublish workflow', 'build(deps-dev): bump ruff from 0.0.292 to 0.1.8\n\nBumps [ruff](https://github.com/astral-sh/ruff) from 0.0.292 to 0.1.8.\n- [Release notes](https://github.com/astral-sh/ruff/releases)\n- [Changelog](https://github.com/astral-sh/ruff/blob/main/CHANGELOG.md)\n- [Commits](https://github.com/astral-sh/ruff/compare/v0.0.292...v0.1.8)\n\n---\nupdated-dependencies:\n- dependency-name: ruff\n  dependency-type: direct:development\n  update-type: version-update:semver-minor\n...\n\nSigned-off-by: dependabot[bot] <support@github.com>', 'ci(github-actions): checkout only .github/labeler.yml when running labeler']","['committed (#940)', 'committed (#924)', 'committed (#942)', 'committed (#922)', 'committed (#944)', 'committed (#939)', 'committed (#800)', 'committed (#928)', 'committed (#930)', 'committed (#934)', 'committed (#941)', 'committed (#927)', 'committed (#926)', 'committed (#903)', 'committed (#943)', 'committed (#935)', 'committed (#933)', 'committed (#936)']","[62976, 63017, 63063, 63098, 63136, 63179, 63237, 63271, 63315, 63349, 63460, 63531, 63572, 63643, 63749, 63845, 63853, 63861, 63869, 63877, 64674, 64682, 64690, 69649]","[62978, 63019, 63065, 63100, 63138, 63181, 63239, 63273, 63317, 63351, 63462, 63533, 63574, 63645, 63751, 63847, 63855, 63863, 63871, 63879, 64676, 64684, 64692, 69651]","ci(github): fix codeowners format
docs(changelog): remove duplicate versions
docs(bump): Fix typo in documentation
build(poetry): keep black version in sync
build: upgrade ruff to 0.1.8
build(deps-dev): bump ruff from 0.1.8 to 0.1.9

Bumps [ruff](https://github.com/astral-sh/ruff) from 0.1.8 to 0.1.9.
- [Release notes](https://github.com/astral-sh/ruff/releases)
- [Changelog](https://github.com/astral-sh/ruff/blob/main/CHANGELOG.md)
- [Commits](https://github.com/astral-sh/ruff/compare/v0.1.8...v0.1.9)

---
updated-dependencies:
- dependency-name: ruff
  dependency-type: direct:development
  update-type: version-update:semver-patch
...

Signed-off-by: dependabot[bot] <support@github.com>
ci(github-actions): skip release action if no version is bumped
build(poetry): update dependencies, relax black and ruff constraint
feat: preserve prerelease linearity
build(deps-dev): bump pytest-xdist from 3.3.1 to 3.5.0

Bumps [pytest-xdist](https://github.com/pytest-dev/pytest-xdist) from 3.3.1 to 3.5.0.
- [Release notes](https://github.com/pytest-dev/pytest-xdist/releases)
- [Changelog](https://github.com/pytest-dev/pytest-xdist/blob/master/CHANGELOG.rst)
- [Commits](https://github.com/pytest-dev/pytest-xdist/compare/v3.3.1...v3.5.0)

---
updated-dependencies:
- dependency-name: pytest-xdist
  dependency-type: direct:development
  update-type: version-update:semver-minor
...

Signed-off-by: dependabot[bot] <support@github.com>
build(deps): bump importlib-metadata from 6.8.0 to 7.0.0

Bumps [importlib-metadata](https://github.com/python/importlib_metadata) from 6.8.0 to 7.0.0.
- [Release notes](https://github.com/python/importlib_metadata/releases)
- [Changelog](https://github.com/python/importlib_metadata/blob/main/NEWS.rst)
- [Commits](https://github.com/python/importlib_metadata/compare/v6.8.0...v7.0.0)

---
updated-dependencies:
- dependency-name: importlib-metadata
  dependency-type: direct:production
  update-type: version-update:semver-major
...

Signed-off-by: dependabot[bot] <support@github.com>
ci(deps): bump actions/setup-python from 4 to 5

Bumps [actions/setup-python](https://github.com/actions/setup-python) from 4 to 5.
- [Release notes](https://github.com/actions/setup-python/releases)
- [Commits](https://github.com/actions/setup-python/compare/v4...v5)

---
updated-dependencies:
- dependency-name: actions/setup-python
  dependency-type: direct:production
  update-type: version-update:semver-major
...

Signed-off-by: dependabot[bot] <support@github.com>
ci(github-actions): fix labeler typo
build(deps-dev): bump mypy from 1.6.1 to 1.7.1

Bumps [mypy](https://github.com/python/mypy) from 1.6.1 to 1.7.1.
- [Changelog](https://github.com/python/mypy/blob/master/CHANGELOG.md)
- [Commits](https://github.com/python/mypy/compare/v1.6.1...v1.7.1)

---
updated-dependencies:
- dependency-name: mypy
  dependency-type: direct:development
  update-type: version-update:semver-minor
...

Signed-off-by: dependabot[bot] <support@github.com>
ci(github-actions): fix laber-pr by adding necessary checkout step
build(poetry): update dependencies
ci(github-actions): use new v5 labeler syntax
build(deps-dev): bump mypy from 1.7.1 to 1.8.0

Bumps [mypy](https://github.com/python/mypy) from 1.7.1 to 1.8.0.
- [Changelog](https://github.com/python/mypy/blob/master/CHANGELOG.md)
- [Commits](https://github.com/python/mypy/compare/v1.7.1...v1.8.0)

---
updated-dependencies:
- dependency-name: mypy
  dependency-type: direct:development
  update-type: version-update:semver-minor
...

Signed-off-by: dependabot[bot] <support@github.com>
build(deps): bump argcomplete from 3.1.4 to 3.2.1

Bumps [argcomplete](https://github.com/kislyuk/argcomplete) from 3.1.4 to 3.2.1.
- [Release notes](https://github.com/kislyuk/argcomplete/releases)
- [Changelog](https://github.com/kislyuk/argcomplete/blob/develop/Changes.rst)
- [Commits](https://github.com/kislyuk/argcomplete/compare/v3.1.4...v3.2.1)

---
updated-dependencies:
- dependency-name: argcomplete
  dependency-type: direct:production
  update-type: version-update:semver-minor
...

Signed-off-by: dependabot[bot] <support@github.com>
ci(deps): bump actions/labeler from 4 to 5

Bumps [actions/labeler](https://github.com/actions/labeler) from 4 to 5.
- [Release notes](https://github.com/actions/labeler/releases)
- [Commits](https://github.com/actions/labeler/compare/v4...v5)

---
updated-dependencies:
- dependency-name: actions/labeler
  dependency-type: direct:production
  update-type: version-update:semver-major
...

Signed-off-by: dependabot[bot] <support@github.com>
build(script): use latest ruff format
ci(github-actions): move the generate sponsor step to docpublish workflow
build(deps-dev): bump ruff from 0.0.292 to 0.1.8

Bumps [ruff](https://github.com/astral-sh/ruff) from 0.0.292 to 0.1.8.
- [Release notes](https://github.com/astral-sh/ruff/releases)
- [Changelog](https://github.com/astral-sh/ruff/blob/main/CHANGELOG.md)
- [Commits](https://github.com/astral-sh/ruff/compare/v0.0.292...v0.1.8)

---
updated-dependencies:
- dependency-name: ruff
  dependency-type: direct:development
  update-type: version-update:semver-minor
...

Signed-off-by: dependabot[bot] <support@github.com>
ci(github-actions): checkout only .github/labeler.yml when running labeler"
2024-05-20,33,3.0,10.0,7.0,-7.5,20.5,True,high,1.7857142857142858,24,24,"['ci(docpublish): reword cli screenshot generation commit message', '---\nupdated-dependencies:\n- dependency-name: mkdocs-material\n  dependency-type: direct:development\n  update-type: version-update:semver-patch\n...\n\nSigned-off-by: dependabot[bot] <support@github.com>', 'feat(config_files): add suport for ""cz.toml"" config file', 'build: remove black and use only ruff', 'ci: add tomli as additional dependency for codespell since config now is in pyproject.toml\n\nSigned-off-by: Yaroslav Halchenko <debian@onerussian.com>', 'fix(base.py): add encoding when open changlelog_file\n\n#1110', 'refactor(tests/commands): move ""other"" tests for the correspondent file', 'docs(CHANGELOG): fix typo', ""ci(workflow): move 'generate_cli_screenshots' steps to 'docspublish'\n\nSince the purpose is to updated the CLI screenshots on Github Pages,\ncombining this two workflows makes sense."", 'build(deps-dev): bump pytest from 8.2.0 to 8.2.1\n\nBumps [pytest](https://github.com/pytest-dev/pytest) from 8.2.0 to 8.2.1.\n- [Release notes](https://github.com/pytest-dev/pytest/releases)\n- [Changelog](https://github.com/pytest-dev/pytest/blob/main/CHANGELOG.rst)\n- [Commits](https://github.com/pytest-dev/pytest/compare/8.2.0...8.2.1)\n\n---\nupdated-dependencies:\n- dependency-name: pytest\n  dependency-type: direct:development\n  update-type: version-update:semver-patch\n...\n\nSigned-off-by: dependabot[bot] <support@github.com>', ""ci: skip 'update-cli-screenshots' if no changes"", 'docs: fix a few typos in CHANGELOG.md and .pre-commit-hooks.yaml\n\nSigned-off-by: Yaroslav Halchenko <debian@onerussian.com>', 'build: add I into ruff lint and add ""ruff check --fix"" to format script to enable import sorting', ""test: extend tests for 'TestJsonConfig' and 'TestYamlConfig'"", 'style: sort import', 'ci: exclude *.svg files from trailing whitespace hook', ""refactor(KNOWN_SCHEMES): replace set comprehension for list comprehension\n\nSet is an unordered structure, so every call the order changes.\nBecause the unordered behavior we can't use `file_regression`\nto test the command output."", 'style: move codespell configuration to pyproject.toml\n\nSo people could just run ""codespell"" without pre-commit and have centralized configuration for tools (the others are already in pyproject.toml)\n\nSigned-off-by: Yaroslav Halchenko <debian@onerussian.com>', '---\nupdated-dependencies:\n- dependency-name: requests\n  dependency-type: indirect\n...\n\nSigned-off-by: dependabot[bot] <support@github.com>', 'build(deps): bump typing-extensions from 4.11.0 to 4.12.0\n\nBumps [typing-extensions](https://github.com/python/typing_extensions) from 4.11.0 to 4.12.0.\n- [Release notes](https://github.com/python/typing_extensions/releases)\n- [Changelog](https://github.com/python/typing_extensions/blob/main/CHANGELOG.md)\n- [Commits](https://github.com/python/typing_extensions/compare/4.11.0...4.12.0)\n\n---\nupdated-dependencies:\n- dependency-name: typing-extensions\n  dependency-type: direct:production\n  update-type: version-update:semver-minor\n...\n\nSigned-off-by: dependabot[bot] <support@github.com>', 'test(commands): add skip_if_below_py_3_10 as the message of argument changes in python 3.10\n\nOptional arguments -> options', 'style: add py.typed file', 'build(deps-dev): bump ruff from 0.4.4 to 0.4.5\n\nBumps [ruff](https://github.com/astral-sh/ruff) from 0.4.4 to 0.4.5.\n- [Release notes](https://github.com/astral-sh/ruff/releases)\n- [Changelog](https://github.com/astral-sh/ruff/blob/main/CHANGELOG.md)\n- [Commits](https://github.com/astral-sh/ruff/compare/v0.4.4...v0.4.5)\n\n---\nupdated-dependencies:\n- dependency-name: ruff\n  dependency-type: direct:development\n  update-type: version-update:semver-patch\n...\n\nSigned-off-by: dependabot[bot] <support@github.com>', 'fix(cli/commands): add description for subcommands']","['committed (#1126)', 'committed (#1131)', 'committed (#1130)', 'committed (#1128)', 'committed (#1136)', 'committed (#1133)', 'committed (#1120)', 'committed (#1123)', 'committed (#1139)', 'committed (#1137)', 'committed (#1132)', 'committed (#1142)', 'committed (#1127)', 'committed (#1140)']","[50824, 50875, 50955, 51049, 51133, 51171, 51380, 51453, 51505, 51587, 51595, 51728, 51736, 51744, 51752, 51852, 51947, 51964, 51985, 52121, 52424, 52432, 52440, 52514]","[50826, 50877, 50957, 51051, 51135, 51173, 51382, 51455, 51507, 51589, 51597, 51730, 51738, 51746, 51754, 51854, 51949, 51966, 51987, 52123, 52426, 52434, 52442, 52516]","ci(docpublish): reword cli screenshot generation commit message
---
updated-dependencies:
- dependency-name: mkdocs-material
  dependency-type: direct:development
  update-type: version-update:semver-patch
...

Signed-off-by: dependabot[bot] <support@github.com>
feat(config_files): add suport for ""cz.toml"" config file
build: remove black and use only ruff
ci: add tomli as additional dependency for codespell since config now is in pyproject.toml

Signed-off-by: Yaroslav Halchenko <debian@onerussian.com>
fix(base.py): add encoding when open changlelog_file

#1110
refactor(tests/commands): move ""other"" tests for the correspondent file
docs(CHANGELOG): fix typo
ci(workflow): move 'generate_cli_screenshots' steps to 'docspublish'

Since the purpose is to updated the CLI screenshots on Github Pages,
combining this two workflows makes sense.
build(deps-dev): bump pytest from 8.2.0 to 8.2.1

Bumps [pytest](https://github.com/pytest-dev/pytest) from 8.2.0 to 8.2.1.
- [Release notes](https://github.com/pytest-dev/pytest/releases)
- [Changelog](https://github.com/pytest-dev/pytest/blob/main/CHANGELOG.rst)
- [Commits](https://github.com/pytest-dev/pytest/compare/8.2.0...8.2.1)

---
updated-dependencies:
- dependency-name: pytest
  dependency-type: direct:development
  update-type: version-update:semver-patch
...

Signed-off-by: dependabot[bot] <support@github.com>
ci: skip 'update-cli-screenshots' if no changes
docs: fix a few typos in CHANGELOG.md and .pre-commit-hooks.yaml

Signed-off-by: Yaroslav Halchenko <debian@onerussian.com>
build: add I into ruff lint and add ""ruff check --fix"" to format script to enable import sorting
test: extend tests for 'TestJsonConfig' and 'TestYamlConfig'
style: sort import
ci: exclude *.svg files from trailing whitespace hook
refactor(KNOWN_SCHEMES): replace set comprehension for list comprehension

Set is an unordered structure, so every call the order changes.
Because the unordered behavior we can't use `file_regression`
to test the command output.
style: move codespell configuration to pyproject.toml

So people could just run ""codespell"" without pre-commit and have centralized configuration for tools (the others are already in pyproject.toml)

Signed-off-by: Yaroslav Halchenko <debian@onerussian.com>
---
updated-dependencies:
- dependency-name: requests
  dependency-type: indirect
...

Signed-off-by: dependabot[bot] <support@github.com>
build(deps): bump typing-extensions from 4.11.0 to 4.12.0

Bumps [typing-extensions](https://github.com/python/typing_extensions) from 4.11.0 to 4.12.0.
- [Release notes](https://github.com/python/typing_extensions/releases)
- [Changelog](https://github.com/python/typing_extensions/blob/main/CHANGELOG.md)
- [Commits](https://github.com/python/typing_extensions/compare/4.11.0...4.12.0)

---
updated-dependencies:
- dependency-name: typing-extensions
  dependency-type: direct:production
  update-type: version-update:semver-minor
...

Signed-off-by: dependabot[bot] <support@github.com>
test(commands): add skip_if_below_py_3_10 as the message of argument changes in python 3.10

Optional arguments -> options
style: add py.typed file
build(deps-dev): bump ruff from 0.4.4 to 0.4.5

Bumps [ruff](https://github.com/astral-sh/ruff) from 0.4.4 to 0.4.5.
- [Release notes](https://github.com/astral-sh/ruff/releases)
- [Changelog](https://github.com/astral-sh/ruff/blob/main/CHANGELOG.md)
- [Commits](https://github.com/astral-sh/ruff/compare/v0.4.4...v0.4.5)

---
updated-dependencies:
- dependency-name: ruff
  dependency-type: direct:development
  update-type: version-update:semver-patch
...

Signed-off-by: dependabot[bot] <support@github.com>
fix(cli/commands): add description for subcommands"
2025-05-19,23,2.0,6.75,4.75,-5.125,13.875,True,high,1.9210526315789473,26,26,"['test(changelog): code cleanup and better type', 'refactor(EOLType): add eol enum back and reorganize methods', 'refactor(git): refactor get_tag_names', 'feat(cli): add --tag-format argument to changelog command\n\nChangelog command already checks ""tag_format"" argument but cli support was missing.', 'fix(defaults): add non-capitalized default constants back and deprecated warning\n\nrelates #1446', 'refactor(bump): add type for out, replace function with re escape', 'refactor(version_scheme): cleanup', 'test(commit): when nothing is added to commit', 'refactor(customize): improve code readability', 'docs(label_pr.yml): add labels based on new PR title', 'docs(label_issues): add logics for adding os related labels', 'docs(git): from_rev_and_commit docstring', 'refactor(bump): clean up', 'refactor(check): remove unnecessary variable', 'refactor: improve readability and fix typos', 'build(poetry): upgrade mypy version to ^1.15.0', 'test(bump): improve test coverage', 'refactor(BaseConfig): use setter', 'docs(ISSUE_TEMPLATE): correct labels', 'docs(bug_report): add fallback command if cz version --report is not available', 'refactor(commit): simplify call', 'test(git): add test for from_rev_and_commit', 'docs(label_issues): add comment', 'refactor(check): simplify code', 'refactor(git): code cleanup and better test coverage', 'refactor(changelog): minor cleanup']","['committed (#1423)', 'committed (#1417)', 'committed (#1414)', 'committed (#1447)', 'committed (#1429)', 'committed (#1430)', 'committed (#1426)', 'committed (#1412)', 'committed (#1448)', 'committed (#1437)', 'committed (#1422)', 'committed (#1427)', 'committed (#1416)', 'committed (#1444)', 'committed (#1436)', 'committed (#1438)', 'committed (#1443)']","[33065, 33137, 33239, 33247, 33319, 33538, 33615, 33626, 33667, 34195, 34231, 34372, 34408, 34456, 34489, 34772, 34869, 34877, 35212, 35243, 35251, 35274, 35282, 35392, 35482, 35640]","[33067, 33139, 33241, 33249, 33321, 33540, 33617, 33628, 33669, 34197, 34233, 34374, 34410, 34458, 34491, 34774, 34871, 34879, 35214, 35245, 35253, 35276, 35284, 35394, 35484, 35642]","test(changelog): code cleanup and better type
refactor(EOLType): add eol enum back and reorganize methods
refactor(git): refactor get_tag_names
feat(cli): add --tag-format argument to changelog command

Changelog command already checks ""tag_format"" argument but cli support was missing.
fix(defaults): add non-capitalized default constants back and deprecated warning

relates #1446
refactor(bump): add type for out, replace function with re escape
refactor(version_scheme): cleanup
test(commit): when nothing is added to commit
refactor(customize): improve code readability
docs(label_pr.yml): add labels based on new PR title
docs(label_issues): add logics for adding os related labels
docs(git): from_rev_and_commit docstring
refactor(bump): clean up
refactor(check): remove unnecessary variable
refactor: improve readability and fix typos
build(poetry): upgrade mypy version to ^1.15.0
test(bump): improve test coverage
refactor(BaseConfig): use setter
docs(ISSUE_TEMPLATE): correct labels
docs(bug_report): add fallback command if cz version --report is not available
refactor(commit): simplify call
test(git): add test for from_rev_and_commit
docs(label_issues): add comment
refactor(check): simplify code
refactor(git): code cleanup and better test coverage
refactor(changelog): minor cleanup"
2025-05-26,33,2.0,6.75,4.75,-5.125,13.875,True,high,4.026315789473684,108,76,"['refactor(changelog): minor cleanup', 'build: specify importlib-metadata version to fix unit tests', 'docs: correct case GitHub', 'refactor(git): extract _create_commit_cmd_string', 'docs(README): update documentation site link text', 'test(commit): when nothing is added to commit', 'refactor(bump): clean up', 'test(test_git): mock os', 'style: add `-> None` to __init__', 'refactor(commit): simplify call', 'refactor(EOLType): add eol enum back and reorganize methods', 'build(ruff,mypy): more strict rules', 'docs(commit): rewrite command commit page', 'docs(README.md): improve clarity of README reference section', 'docs(contributing): update codecov link', 'build(deps-dev): bump mypy to 1.16.0', 'fix(defaults): add non-capitalized default constants back and deprecated warning\n\nrelates #1446', 'refactor: misc cleanup', 'refactor: fix mypy output and better type', 'style: remove unnecessary noqa', 'style: remove Union', 'refactor(bump): add type for out, replace function with re escape', 'refactor(changelog): better typing, yield', 'docs(cli): align cli output with docs', 'docs(pull_request_template): add broken link check to the checklist', 'refactor(git): refactor get_tag_names', 'build(termcolor): remove termcolor <3 restriction', 'docs(init): rewrite commands init page', 'docs(pull_request_template): add task to fix broken external links in the docs', 'refactor(version_scheme): cleanup', 'refactor(cli.py): add type hints', 'refactor(cli): early return and improve test coverage', 'fix(question): strict type with pydantic for questions', 'docs: fix typos and grammar mistakes', 'docs(README): update installation methods', 'build(poetry): upgrade mypy version to ^1.15.0', 'refactor(BaseConfig): use setter', 'docs(external_links): typo', 'docs: add installation and usage guide for cz-ai plugin leveraging GPT-4o', 'docs(contributing.md): improve readability of contributing docs', 'docs(pyproject.toml): fix typo', 'test(git): add test for from_rev_and_commit', 'fix(BaseConfig): mypy error', 'refactor(git): code cleanup and better test coverage', 'build(poetry): regenerate lock file', 'docs(README): fix broken bullet points', 'docs(README.md): move Getting Started to README and improve clarity of the section\n\nCloses #1405', 'docs(README.md): make it easier for readers to understand what Commitizen does', 'docs(git): from_rev_and_commit docstring', 'style(tags): improve types', 'perf(tags): use set', 'refactor(conventional_commits): remove unnecessary checks', 'style: better type', 'refactor(bump): TypedDict for bump argument', 'docs(README): paraphase features', 'docs(contributing): improve documentation for first-time contributors', 'refactor: remove `TypeError` handling since `Python >=3.9` is required\n\nSince the project requires Python >=3.9, argparse only raises SystemExit\nwhen non-existent commands are provided, making TypeError handling unnecessary.', 'docs(faq): add features we wont add\n\nCloses #1129', 'docs(README): use cli screenshots\n\nCloses #1413', 'refactor: add comment clarifying `no_raise` parsing to `list[int]`', ""build(mypy): remove disallow_untyped_defs because it's already done by ruff rules"", 'refactor: improve readability and fix typos', 'build: use pydantic >=1.10', 'docs: fix link warnings and minor grammar issues', 'docs(README): replace internal links with documentation site link', 'docs(bump): rewrite bump about section, fix incorrect version increment rules\n\nCloses #781', 'docs: fix typo issues in cli.py, README.md, and contributing.md', 'docs(README): update project specific installation methods', 'test(bump): improve test coverage', 'style: type untyped methods', 'refactor(check): remove unnecessary list construction', 'docs(README.md): sync help section with the latest `cz --help` command output', 'docs: capitalize commitizen for consistency', 'refactor(mypy): remove `unused-ignore`', 'docs(README): update get project version section', 'refactor: make methods protected, better type']","['committed (#1478)', 'committed (#1464)', 'committed (#1442)', 'committed (#1404)', 'committed (#1475)', 'committed (#1467)', 'committed (#1463)', 'committed (#1480)', 'committed (#1453)', 'committed (#1461)', 'committed (#1487)', 'committed (#1450)', 'committed (#1479)', 'committed (#1465)', 'committed (#1458)', 'committed (#1462)', 'committed (#1486)', 'committed (#1451)', 'committed (#1449)', 'committed (#1452)', 'committed (#1455)', 'committed (#1428)']","[28070, 28152, 28814, 28822, 28899, 28917, 28925, 28964, 28972, 28980, 28988, 28996, 29004, 29012, 29020, 29028, 29036, 29044, 29052, 29060, 29068, 29076, 29084, 29092, 29100, 29108, 29116, 29124, 29132, 29140, 29148, 29156, 29284, 29292, 29300, 29308, 29316, 29324, 29332, 29340, 29348, 29356, 29364, 29372, 29380, 29388, 30073, 30081, 30089, 30097, 30105, 30113, 30121, 30129, 30137, 30145, 30153, 30161, 30169, 30177, 30185, 30193, 30201, 30209, 30217, 30225, 30233, 30241, 30249, 30257, 30307, 30335, 30867, 30957, 31028, 31061, 31154, 31311, 32362, 32529, 32645, 32736, 32918, 32926, 32998, 33415, 33423, 34334, 36228, 36236, 36244, 36252, 36260, 36268, 36276, 36284, 36292, 36300, 36311, 36319, 36327, 36335, 36343, 36354, 36365, 36376, 36384, 36392]","[28072, 28154, 28816, 28824, 28901, 28919, 28927, 28966, 28974, 28982, 28990, 28998, 29006, 29014, 29022, 29030, 29038, 29046, 29054, 29062, 29070, 29078, 29086, 29094, 29102, 29110, 29118, 29126, 29134, 29142, 29150, 29158, 29286, 29294, 29302, 29310, 29318, 29326, 29334, 29342, 29350, 29358, 29366, 29374, 29382, 29390, 30075, 30083, 30091, 30099, 30107, 30115, 30123, 30131, 30139, 30147, 30155, 30163, 30171, 30179, 30187, 30195, 30203, 30211, 30219, 30227, 30235, 30243, 30251, 30259, 30309, 30337, 30869, 30959, 31030, 31063, 31156, 31313, 32364, 32531, 32647, 32738, 32920, 32928, 33000, 33417, 33425, 34336, 36230, 36238, 36246, 36254, 36262, 36270, 36278, 36286, 36294, 36302, 36313, 36321, 36329, 36337, 36345, 36356, 36367, 36378, 36386, 36394]","refactor(changelog): minor cleanup
build: specify importlib-metadata version to fix unit tests
docs: correct case GitHub
refactor(git): extract _create_commit_cmd_string
docs(README): update documentation site link text
test(commit): when nothing is added to commit
refactor(bump): clean up
test(test_git): mock os
style: add `-> None` to __init__
refactor(commit): simplify call
refactor(EOLType): add eol enum back and reorganize methods
build(ruff,mypy): more strict rules
docs(commit): rewrite command commit page
docs(README.md): improve clarity of README reference section
docs(contributing): update codecov link
build(deps-dev): bump mypy to 1.16.0
fix(defaults): add non-capitalized default constants back and deprecated warning

relates #1446
refactor: misc cleanup
refactor: fix mypy output and better type
style: remove unnecessary noqa
style: remove Union
refactor(bump): add type for out, replace function with re escape
refactor(changelog): better typing, yield
docs(cli): align cli output with docs
docs(pull_request_template): add broken link check to the checklist
refactor(git): refactor get_tag_names
build(termcolor): remove termcolor <3 restriction
docs(init): rewrite commands init page
docs(pull_request_template): add task to fix broken external links in the docs
refactor(version_scheme): cleanup
refactor(cli.py): add type hints
refactor(cli): early return and improve test coverage
fix(question): strict type with pydantic for questions
docs: fix typos and grammar mistakes
docs(README): update installation methods
build(poetry): upgrade mypy version to ^1.15.0
refactor(BaseConfig): use setter
docs(external_links): typo
docs: add installation and usage guide for cz-ai plugin leveraging GPT-4o
docs(contributing.md): improve readability of contributing docs
docs(pyproject.toml): fix typo
test(git): add test for from_rev_and_commit
fix(BaseConfig): mypy error
refactor(git): code cleanup and better test coverage
build(poetry): regenerate lock file
docs(README): fix broken bullet points
docs(README.md): move Getting Started to README and improve clarity of the section

Closes #1405
docs(README.md): make it easier for readers to understand what Commitizen does
docs(git): from_rev_and_commit docstring
style(tags): improve types
perf(tags): use set
refactor(conventional_commits): remove unnecessary checks
style: better type
refactor(bump): TypedDict for bump argument
docs(README): paraphase features
docs(contributing): improve documentation for first-time contributors
refactor: remove `TypeError` handling since `Python >=3.9` is required

Since the project requires Python >=3.9, argparse only raises SystemExit
when non-existent commands are provided, making TypeError handling unnecessary.
docs(faq): add features we wont add

Closes #1129
docs(README): use cli screenshots

Closes #1413
refactor: add comment clarifying `no_raise` parsing to `list[int]`
build(mypy): remove disallow_untyped_defs because it's already done by ruff rules
refactor: improve readability and fix typos
build: use pydantic >=1.10
docs: fix link warnings and minor grammar issues
docs(README): replace internal links with documentation site link
docs(bump): rewrite bump about section, fix incorrect version increment rules

Closes #781
docs: fix typo issues in cli.py, README.md, and contributing.md
docs(README): update project specific installation methods
test(bump): improve test coverage
style: type untyped methods
refactor(check): remove unnecessary list construction
docs(README.md): sync help section with the latest `cz --help` command output
docs: capitalize commitizen for consistency
refactor(mypy): remove `unused-ignore`
docs(README): update get project version section
refactor: make methods protected, better type"
2025-06-02,28,2.0,7.0,5.0,-5.5,14.5,True,high,2.7,218,91,"['refactor: misc cleanup', 'fix(deprecated): mark deprecate in v5', 'build(ruff,mypy): more strict rules', 'test(test_git): mock os', 'refactor(commit): type commit args', 'style(changelog): rename parameter for consistency', 'docs(pyproject.toml): move check-commit before cover', 'docs(contributing): add Contributing TL;DR page', 'style: remove Union', 'docs(bump): comment on a stupid looking pattern', 'fix(Check): make parameters backward compatiable', 'build: specify importlib-metadata version to fix unit tests', 'style: add `-> None` to __init__', 'style(cli): rename kwarg to values', 'refactor: improve readability and fix typos', 'fix(defaults): add non-capitalized default constants back and deprecated warning\n\nrelates #1446', 'style(ruff): resolve F401', 'refactor: fix mypy output and better type', 'fix(BaseConfig): mypy error', 'refactor(bump): improve readability and still bypass mypy check', 'style(ruff): run `ruff check --fix`\n\nAuto fix RUF022 and RUF100', 'refactor(check): remove unused argument', 'refactor: remove unnecessary bool() and remove Any type from TypedDict get', 'refactor(bump): clean up', 'refactor(bump): TypedDict for bump argument', 'style: better type', 'refactor(jira): refactor message', 'refactor: do not guess if changelog format is provided', 'style(tags): improve types', 'refactor(git): extract _create_commit_cmd_string', 'refactor(BaseCommitizen): remove unused process_commit', 'style(changelog): add TODO to fixable type ignores', 'test(commit): when nothing is added to commit', 'refactor(changelog): better typing, yield', 'refactor(changelog): type untyped arguments', 'refactor(bump): simplify nested if', 'style: replace dict with Mapping', 'build(poetry): upgrade mypy version to ^1.15.0', 'test(bump): improve test coverage', 'build(deps-dev): bump mypy to 1.16.0', 'refactor: make methods protected, better type', 'style(cli): more specific type ignore', 'docs(git): from_rev_and_commit docstring', 'refactor(EOLType): add eol enum back and reorganize methods', 'style(cli): shorten arg type', 'refactor(git): retype get_commits parameter to make it more friendly to call sites', 'refactor(version_scheme): cleanup', 'refactor(git): code cleanup and better test coverage', 'refactor: add comment clarifying `no_raise` parsing to `list[int]`', 'refactor(commit): simplify call', 'refactor(check): type CheckArgs arguments', 'refactor(git): simplify tag logic', 'build(deps-dev): bump ruff', 'refactor(conventional_commits): remove unnecessary checks', 'test(git): add test for from_rev_and_commit', 'refactor(commands): remove unused args, type version command args', ""refactor(bump): use any to replace 'or' chain"", 'perf(tags): use set', 'ci(pyproject.toml): strict check for invalid commit messages', 'docs(faq): explain why Pydantic is not used', 'style: remove unnecessary noqa', 'style: type untyped methods', 'refactor(cli): early return and improve test coverage', 'build(poetry): run poetry update to keep the packages up to date\n\nNow decli is typed in 0.6.3', ""build(mypy): remove disallow_untyped_defs because it's already done by ruff rules"", 'refactor(changelog): minor cleanup', 'build(ruff): add RUF022 & RUF100 rules', 'ci(mypy): fix linter error', 'refactor(questions): type questions with TypedDict', 'perf(bump): avoid unnecessary list construction and rename variable to avoid confusion', 'refactor(cli.py): add type hints', 'refactor(bump): eliminate similar patterns in code', 'invalid commit message', 'build: valid commit message', 'refactor(git): refactor get_tag_names', 'refactor(BaseConfig): use setter', 'refactor(mypy): remove `unused-ignore`', 'fix(commit): emit deprecated warning of cz commit -s', 'docs(contributing-tldr): add documentation changes section', 'refactor(containers): add unique list', 'refactor(bump): add type for out, replace function with re escape', 'style(bump): rename class for consistency', 'feat: valid', 'fix(cli): update description for deprecate warning\n\nCloses #1135', 'refactor: remove `TypeError` handling since `Python >=3.9` is required\n\nSince the project requires Python >=3.9, argparse only raises SystemExit\nwhen non-existent commands are provided, making TypeError handling unnecessary.', 'refactor(conventional_commits): use TypedDict for answers', 'ci: regenerate poetry lock', 'refactor(check): compile once and rename variable', 'build(termcolor): remove termcolor <3 restriction', 'docs(feature_request): eliminate duplicated label', 'refactor(conventional_commits): make schema_pattern more readable']","['committed (#1513)', 'committed (#1512)', 'committed (#1495)', 'committed (#1484)', 'committed (#1466)', 'committed (#1482)', 'committed (#1511)', 'committed (#1472)', 'committed (#1471)', 'committed (#1505)', 'committed (#1506)', 'committed (#1468)', 'committed (#1507)', 'committed (#1489)', 'committed (#1490)', 'committed (#1454)', 'committed (#1509)', 'committed (#1492)', 'committed (#1485)', 'committed (#1508)', 'committed (#1491)', 'committed (#1504)', 'committed (#1470)', 'committed (#1496)', 'committed (#1469)']","[25354, 25362, 25370, 25378, 25386, 25394, 25402, 25410, 25418, 25426, 25434, 25442, 25450, 25458, 25466, 25474, 25482, 25490, 25498, 25506, 25514, 25522, 25530, 25563, 25571, 25579, 25587, 25595, 25603, 25611, 25619, 25627, 25635, 25643, 25651, 25659, 25667, 25675, 25683, 25691, 25699, 25707, 25715, 25723, 25731, 25739, 25747, 25755, 25763, 25771, 25779, 25787, 25795, 25803, 25811, 25819, 25827, 25835, 25843, 25851, 25859, 25867, 25875, 25883, 25891, 25942, 25950, 25958, 25966, 25974, 25982, 25990, 25998, 26006, 26014, 26022, 26030, 26038, 26046, 26054, 26062, 26070, 26078, 26086, 26094, 26102, 26110, 26118, 26126, 26134, 26142, 26150, 26158, 26166, 26174, 26182, 26190, 26198, 26206, 26214, 26222, 26230, 26238, 26246, 26254, 26262, 26270, 26278, 26286, 26294, 26302, 26310, 26318, 26326, 26334, 26342, 26350, 26358, 26366, 26374, 26382, 26390, 26398, 26406, 26435, 26443, 26451, 26459, 26467, 26475, 26483, 26491, 26499, 26507, 26515, 26523, 26531, 26539, 26547, 26555, 26563, 26571, 26579, 26587, 26595, 26603, 26611, 26619, 26627, 26635, 26643, 26651, 26659, 26667, 26693, 26760, 26862, 26951, 27009, 27085, 27158, 27403, 27495, 27503, 27514, 27522, 27530, 27720, 27837, 27845, 27881, 27980, 28242, 28321, 28332, 28669, 28677, 28685, 28693, 29597, 29605, 29613, 29738, 29878, 29961, 30040, 30529, 30537, 30545, 30553, 30561, 30569, 30577, 30585, 30593, 30601, 30609, 30620, 30639, 30647, 30658, 30666, 30674, 30682, 30690, 30701, 30709, 30717, 30728, 30736, 30744, 30755, 30774, 30782, 30796, 30814, 32424, 32448]","[25356, 25364, 25372, 25380, 25388, 25396, 25404, 25412, 25420, 25428, 25436, 25444, 25452, 25460, 25468, 25476, 25484, 25492, 25500, 25508, 25516, 25524, 25532, 25565, 25573, 25581, 25589, 25597, 25605, 25613, 25621, 25629, 25637, 25645, 25653, 25661, 25669, 25677, 25685, 25693, 25701, 25709, 25717, 25725, 25733, 25741, 25749, 25757, 25765, 25773, 25781, 25789, 25797, 25805, 25813, 25821, 25829, 25837, 25845, 25853, 25861, 25869, 25877, 25885, 25893, 25944, 25952, 25960, 25968, 25976, 25984, 25992, 26000, 26008, 26016, 26024, 26032, 26040, 26048, 26056, 26064, 26072, 26080, 26088, 26096, 26104, 26112, 26120, 26128, 26136, 26144, 26152, 26160, 26168, 26176, 26184, 26192, 26200, 26208, 26216, 26224, 26232, 26240, 26248, 26256, 26264, 26272, 26280, 26288, 26296, 26304, 26312, 26320, 26328, 26336, 26344, 26352, 26360, 26368, 26376, 26384, 26392, 26400, 26408, 26437, 26445, 26453, 26461, 26469, 26477, 26485, 26493, 26501, 26509, 26517, 26525, 26533, 26541, 26549, 26557, 26565, 26573, 26581, 26589, 26597, 26605, 26613, 26621, 26629, 26637, 26645, 26653, 26661, 26669, 26695, 26762, 26864, 26953, 27011, 27087, 27160, 27405, 27497, 27505, 27516, 27524, 27532, 27722, 27839, 27847, 27883, 27982, 28244, 28323, 28334, 28671, 28679, 28687, 28695, 29599, 29607, 29615, 29740, 29880, 29963, 30042, 30531, 30539, 30547, 30555, 30563, 30571, 30579, 30587, 30595, 30603, 30611, 30622, 30641, 30649, 30660, 30668, 30676, 30684, 30692, 30703, 30711, 30719, 30730, 30738, 30746, 30757, 30776, 30784, 30798, 30816, 32426, 32450]","refactor: misc cleanup
fix(deprecated): mark deprecate in v5
build(ruff,mypy): more strict rules
test(test_git): mock os
refactor(commit): type commit args
style(changelog): rename parameter for consistency
docs(pyproject.toml): move check-commit before cover
docs(contributing): add Contributing TL;DR page
style: remove Union
docs(bump): comment on a stupid looking pattern
fix(Check): make parameters backward compatiable
build: specify importlib-metadata version to fix unit tests
style: add `-> None` to __init__
style(cli): rename kwarg to values
refactor: improve readability and fix typos
fix(defaults): add non-capitalized default constants back and deprecated warning

relates #1446
style(ruff): resolve F401
refactor: fix mypy output and better type
fix(BaseConfig): mypy error
refactor(bump): improve readability and still bypass mypy check
style(ruff): run `ruff check --fix`

Auto fix RUF022 and RUF100
refactor(check): remove unused argument
refactor: remove unnecessary bool() and remove Any type from TypedDict get
refactor(bump): clean up
refactor(bump): TypedDict for bump argument
style: better type
refactor(jira): refactor message
refactor: do not guess if changelog format is provided
style(tags): improve types
refactor(git): extract _create_commit_cmd_string
refactor(BaseCommitizen): remove unused process_commit
style(changelog): add TODO to fixable type ignores
test(commit): when nothing is added to commit
refactor(changelog): better typing, yield
refactor(changelog): type untyped arguments
refactor(bump): simplify nested if
style: replace dict with Mapping
build(poetry): upgrade mypy version to ^1.15.0
test(bump): improve test coverage
build(deps-dev): bump mypy to 1.16.0
refactor: make methods protected, better type
style(cli): more specific type ignore
docs(git): from_rev_and_commit docstring
refactor(EOLType): add eol enum back and reorganize methods
style(cli): shorten arg type
refactor(git): retype get_commits parameter to make it more friendly to call sites
refactor(version_scheme): cleanup
refactor(git): code cleanup and better test coverage
refactor: add comment clarifying `no_raise` parsing to `list[int]`
refactor(commit): simplify call
refactor(check): type CheckArgs arguments
refactor(git): simplify tag logic
build(deps-dev): bump ruff
refactor(conventional_commits): remove unnecessary checks
test(git): add test for from_rev_and_commit
refactor(commands): remove unused args, type version command args
refactor(bump): use any to replace 'or' chain
perf(tags): use set
ci(pyproject.toml): strict check for invalid commit messages
docs(faq): explain why Pydantic is not used
style: remove unnecessary noqa
style: type untyped methods
refactor(cli): early return and improve test coverage
build(poetry): run poetry update to keep the packages up to date

Now decli is typed in 0.6.3
build(mypy): remove disallow_untyped_defs because it's already done by ruff rules
refactor(changelog): minor cleanup
build(ruff): add RUF022 & RUF100 rules
ci(mypy): fix linter error
refactor(questions): type questions with TypedDict
perf(bump): avoid unnecessary list construction and rename variable to avoid confusion
refactor(cli.py): add type hints
refactor(bump): eliminate similar patterns in code
invalid commit message
build: valid commit message
refactor(git): refactor get_tag_names
refactor(BaseConfig): use setter
refactor(mypy): remove `unused-ignore`
fix(commit): emit deprecated warning of cz commit -s
docs(contributing-tldr): add documentation changes section
refactor(containers): add unique list
refactor(bump): add type for out, replace function with re escape
style(bump): rename class for consistency
feat: valid
fix(cli): update description for deprecate warning

Closes #1135
refactor: remove `TypeError` handling since `Python >=3.9` is required

Since the project requires Python >=3.9, argparse only raises SystemExit
when non-existent commands are provided, making TypeError handling unnecessary.
refactor(conventional_commits): use TypedDict for answers
ci: regenerate poetry lock
refactor(check): compile once and rename variable
build(termcolor): remove termcolor <3 restriction
docs(feature_request): eliminate duplicated label
refactor(conventional_commits): make schema_pattern more readable"
2025-06-09,39,2.0,7.0,5.0,-5.5,14.5,True,high,4.9,153,112,"['docs(defaults): deprecate type Questions', 'docs(git): from_rev_and_commit docstring', 'refactor(changelog): minor cleanup', 'refactor(changelog): rename variables and remove commit_tag', 'style(ruff): resolve F401', 'test(changelog): cover more smart tag range test cases', 'perf(changelog): replace list with set and some code clean up', 'test(init): add yaml without repos key', 'refactor(git): remove redundant if branch', 'test(init): correctly mock is_pre_commit_installed', 'refactor(commit): simplify call', 'refactor: remove `TypeError` handling since `Python >=3.9` is required\n\nSince the project requires Python >=3.9, argparse only raises SystemExit\nwhen non-existent commands are provided, making TypeError handling unnecessary.', 'style(tags): improve types', 'build(ruff,mypy): more strict rules', 'refactor(check): remove unused argument', ""refactor(bump): use any to replace 'or' chain"", 'refactor: do not guess if changelog format is provided', 'feat(bump_rule): add BumpRule, VersionIncrement, Prerelease Enum\n\nCloses #129', 'fix(Changelog): fix _export_template variable type\n\nCloses #1503', 'build(poetry): upgrade mypy version to ^1.15.0', 'refactor(mypy): remove `unused-ignore`', 'refactor(changelog): code cleanup', 'refactor(git): refactor get_tag_names', 'refactor(cli): early return and improve test coverage', 'build: specify importlib-metadata version to fix unit tests', 'style(cli): shorten arg type', 'style(cli): rename kwarg to values', 'fix(commit): emit deprecated warning of cz commit -s', 'fix: raise NoVersionSpecifiedError if version is None, and adjust call sites of get_version', 'refactor(ExpectedExit): make the constructor more compact', 'docs(customization.md): fix grammar mistake, add title to code blocks', 'refactor(BaseConfig): use setter', 'refactor(bump): add type for out, replace function with re escape', 'build(poetry): regenerate lock file', 'test(git): add test for from_rev_and_commit', 'refactor(EOLType): add eol enum back and reorganize methods', 'refactor(bump): eliminate similar patterns in code', 'refactor(conventional_commits): make schema_pattern more readable', 'refactor(conventional_commits): use TypedDict for answers', 'docs(pre-commit): add taplo to pre-commit hook', 'ci(github-actions): set organization to true for JamesIves/github-sponsors-readme-action@v1', 'test(init): add yaml not a dict test case', 'style(ruff): run `ruff check --fix`\n\nAuto fix RUF022 and RUF100', 'refactor(commands): remove unused args, type version command args', 'refactor(jira): refactor message', 'refactor(bump): use a loop to shorten a series of similar NotAllowed exceptions', 'test(commit): when nothing is added to commit', 'refactor(cli.py): add type hints', 'build(deps-dev): bump mypy to 1.16.0', 'refactor: add comment clarifying `no_raise` parsing to `list[int]`', 'style: add `-> None` to __init__', 'refactor(commit): type commit args', 'build: add PGH003 and PGH004, add types-colorama', 'refactor(TagRules): extract tag_formats property and simplify list comprehension', 'build: remove not needed importlib-metadata dependency for python >= 3.10', 'fix(defaults): add non-capitalized default constants back and deprecated warning\n\nrelates #1446', 'refactor(git): code cleanup and better test coverage', 'docs(bump): comment on a stupid looking pattern', 'style: replace dict with Mapping', 'ci(pyproject.toml): strict check for invalid commit messages', 'refactor(ParseArgs): simplify __call__ function body', 'refactor(ScmProvider): replace sorted with max', 'docs(bump.md): add titles to code blocks and fix minor grammar issues', 'feat(check): add check against default branch', 'refactor(bump): clean up', 'test(test_git): mock os', 'perf(tags): use set', 'refactor(bump): improve readability and still bypass mypy check', 'refactor(bump): simplify nested if', 'fix(cli): update description for deprecate warning\n\nCloses #1135', 'refactor(check): compile once and rename variable', 'refactor(BaseCommitizen): remove unused process_commit', 'perf(bump): avoid unnecessary list construction and rename variable to avoid confusion', 'refactor(Init): use ternary operator', 'refactor: improve readability and fix typos', 'refactor: fix mypy output and better type', 'docs(CHANGELOG): run `pre-commit run --all-files` to fix CI', 'refactor(version_scheme): cleanup', 'refactor: misc cleanup', 'refactor(git): extract _create_commit_cmd_string', 'fix(BaseConfig): mypy error', 'fix(Check): make parameters backward compatiable', 'style(changelog): rename parameter for consistency', 'refactor: remove unnecessary bool() and remove Any type from TypedDict get', 'refactor(git): retype get_commits parameter to make it more friendly to call sites', 'docs(pyproject.toml): move check-commit before cover', 'style: better type', 'docs(taplo): add toml formatter', 'refactor(init): code cleanup and better test coverage', 'refactor(ProjectInfo): extract property default_version_provider', ""Merge branch 'master' into refactor-changelog-2"", 'refactor(changelog): better typing, yield', 'build(deps-dev): bump ruff', 'refactor: make methods protected, better type', 'refactor(bump): TypedDict for bump argument', 'refactor(changelog): type untyped arguments', 'refactor(check): type CheckArgs arguments', 'build(termcolor): remove termcolor <3 restriction', 'test(bump): improve test coverage', 'fix(deprecated): mark deprecate in v5', 'style: type untyped methods', 'refactor(git): simplify tag logic', 'build(ruff): add RUF022 & RUF100 rules', ""build(mypy): remove disallow_untyped_defs because it's already done by ruff rules"", 'style(changelog): add TODO to fixable type ignores', 'style(cli): more specific type ignore', 'refactor(questions): type questions with TypedDict', 'fix(Bump): rewrite --get-next NotAllowed error message for consistency', 'build(.gitignore): ignore `pyrightconfig.json` and `poetry.toml`', 'refactor(conventional_commits): remove unnecessary checks', 'style: remove Union', 'style(bump): rename class for consistency']","['committed (#1533)', 'committed (#1483)', 'committed (#1460)', 'committed (#1457)', 'committed (#1425)', 'committed (#1424)', 'committed (#1547)', 'committed (#1521)', 'committed (#1431)', 'committed (#1550)', 'committed (#1459)', 'committed (#1552)', 'committed (#1546)', 'committed (#1535)', 'committed (#1456)', 'committed (#1554)', 'committed (#1520)', 'committed (#1523)', 'committed (#1549)', 'committed (#1532)', 'committed (#1544)', 'committed (#1543)', 'committed (#1536)', 'committed (#1517)', 'committed (#1499)', 'committed (#1527)', 'committed (#1522)', 'committed (#1494)', 'committed (#1553)']","[22779, 22830, 22932, 23051, 23093, 23145, 23204, 23369, 23424, 23999, 24032, 24201, 24235, 24480, 24706, 24767, 24856, 24864, 24872, 24880, 24888, 24924, 24932, 24964, 25140, 27349, 27614, 27622, 28372, 28380, 28388, 28396, 28404, 28412, 28420, 28428, 28436, 28444, 28452, 28460, 28468, 28476, 28484, 28492, 28500, 28508, 28516, 28524, 28532, 28540, 28548, 28556, 28564, 28572, 28580, 28588, 28596, 28604, 31187, 31195, 31203, 31264, 31272, 31280, 31570, 31578, 31586, 31594, 31602, 31610, 31618, 31626, 31634, 31642, 31650, 31658, 31666, 31674, 31682, 31690, 31698, 31706, 31714, 31722, 31730, 31738, 31746, 31754, 31762, 31770, 31778, 31786, 31794, 31802, 31810, 31818, 31826, 31834, 31842, 31850, 31858, 31866, 31874, 31882, 31890, 31898, 31906, 31914, 31922, 31930, 31938, 31946, 31954, 31962, 31970, 31978, 31986, 31994, 32002, 32010, 32018, 32026, 32034, 32042, 32050, 32058, 32066, 32074, 32103, 32111, 32119, 32127, 32135, 32143, 32151, 32159, 32167, 32175, 32183, 32191, 32199, 32211, 32219, 32227, 32321, 32329, 34141, 34593, 34607, 34694, 34702, 34710, 34718]","[22781, 22832, 22934, 23053, 23095, 23147, 23206, 23371, 23426, 24001, 24034, 24203, 24237, 24482, 24708, 24769, 24858, 24866, 24874, 24882, 24890, 24926, 24934, 24966, 25142, 27351, 27616, 27624, 28374, 28382, 28390, 28398, 28406, 28414, 28422, 28430, 28438, 28446, 28454, 28462, 28470, 28478, 28486, 28494, 28502, 28510, 28518, 28526, 28534, 28542, 28550, 28558, 28566, 28574, 28582, 28590, 28598, 28606, 31189, 31197, 31205, 31266, 31274, 31282, 31572, 31580, 31588, 31596, 31604, 31612, 31620, 31628, 31636, 31644, 31652, 31660, 31668, 31676, 31684, 31692, 31700, 31708, 31716, 31724, 31732, 31740, 31748, 31756, 31764, 31772, 31780, 31788, 31796, 31804, 31812, 31820, 31828, 31836, 31844, 31852, 31860, 31868, 31876, 31884, 31892, 31900, 31908, 31916, 31924, 31932, 31940, 31948, 31956, 31964, 31972, 31980, 31988, 31996, 32004, 32012, 32020, 32028, 32036, 32044, 32052, 32060, 32068, 32076, 32105, 32113, 32121, 32129, 32137, 32145, 32153, 32161, 32169, 32177, 32185, 32193, 32201, 32213, 32221, 32229, 32323, 32331, 34143, 34595, 34609, 34696, 34704, 34712, 34720]","docs(defaults): deprecate type Questions
docs(git): from_rev_and_commit docstring
refactor(changelog): minor cleanup
refactor(changelog): rename variables and remove commit_tag
style(ruff): resolve F401
test(changelog): cover more smart tag range test cases
perf(changelog): replace list with set and some code clean up
test(init): add yaml without repos key
refactor(git): remove redundant if branch
test(init): correctly mock is_pre_commit_installed
refactor(commit): simplify call
refactor: remove `TypeError` handling since `Python >=3.9` is required

Since the project requires Python >=3.9, argparse only raises SystemExit
when non-existent commands are provided, making TypeError handling unnecessary.
style(tags): improve types
build(ruff,mypy): more strict rules
refactor(check): remove unused argument
refactor(bump): use any to replace 'or' chain
refactor: do not guess if changelog format is provided
feat(bump_rule): add BumpRule, VersionIncrement, Prerelease Enum

Closes #129
fix(Changelog): fix _export_template variable type

Closes #1503
build(poetry): upgrade mypy version to ^1.15.0
refactor(mypy): remove `unused-ignore`
refactor(changelog): code cleanup
refactor(git): refactor get_tag_names
refactor(cli): early return and improve test coverage
build: specify importlib-metadata version to fix unit tests
style(cli): shorten arg type
style(cli): rename kwarg to values
fix(commit): emit deprecated warning of cz commit -s
fix: raise NoVersionSpecifiedError if version is None, and adjust call sites of get_version
refactor(ExpectedExit): make the constructor more compact
docs(customization.md): fix grammar mistake, add title to code blocks
refactor(BaseConfig): use setter
refactor(bump): add type for out, replace function with re escape
build(poetry): regenerate lock file
test(git): add test for from_rev_and_commit
refactor(EOLType): add eol enum back and reorganize methods
refactor(bump): eliminate similar patterns in code
refactor(conventional_commits): make schema_pattern more readable
refactor(conventional_commits): use TypedDict for answers
docs(pre-commit): add taplo to pre-commit hook
ci(github-actions): set organization to true for JamesIves/github-sponsors-readme-action@v1
test(init): add yaml not a dict test case
style(ruff): run `ruff check --fix`

Auto fix RUF022 and RUF100
refactor(commands): remove unused args, type version command args
refactor(jira): refactor message
refactor(bump): use a loop to shorten a series of similar NotAllowed exceptions
test(commit): when nothing is added to commit
refactor(cli.py): add type hints
build(deps-dev): bump mypy to 1.16.0
refactor: add comment clarifying `no_raise` parsing to `list[int]`
style: add `-> None` to __init__
refactor(commit): type commit args
build: add PGH003 and PGH004, add types-colorama
refactor(TagRules): extract tag_formats property and simplify list comprehension
build: remove not needed importlib-metadata dependency for python >= 3.10
fix(defaults): add non-capitalized default constants back and deprecated warning

relates #1446
refactor(git): code cleanup and better test coverage
docs(bump): comment on a stupid looking pattern
style: replace dict with Mapping
ci(pyproject.toml): strict check for invalid commit messages
refactor(ParseArgs): simplify __call__ function body
refactor(ScmProvider): replace sorted with max
docs(bump.md): add titles to code blocks and fix minor grammar issues
feat(check): add check against default branch
refactor(bump): clean up
test(test_git): mock os
perf(tags): use set
refactor(bump): improve readability and still bypass mypy check
refactor(bump): simplify nested if
fix(cli): update description for deprecate warning

Closes #1135
refactor(check): compile once and rename variable
refactor(BaseCommitizen): remove unused process_commit
perf(bump): avoid unnecessary list construction and rename variable to avoid confusion
refactor(Init): use ternary operator
refactor: improve readability and fix typos
refactor: fix mypy output and better type
docs(CHANGELOG): run `pre-commit run --all-files` to fix CI
refactor(version_scheme): cleanup
refactor: misc cleanup
refactor(git): extract _create_commit_cmd_string
fix(BaseConfig): mypy error
fix(Check): make parameters backward compatiable
style(changelog): rename parameter for consistency
refactor: remove unnecessary bool() and remove Any type from TypedDict get
refactor(git): retype get_commits parameter to make it more friendly to call sites
docs(pyproject.toml): move check-commit before cover
style: better type
docs(taplo): add toml formatter
refactor(init): code cleanup and better test coverage
refactor(ProjectInfo): extract property default_version_provider
Merge branch 'master' into refactor-changelog-2
refactor(changelog): better typing, yield
build(deps-dev): bump ruff
refactor: make methods protected, better type
refactor(bump): TypedDict for bump argument
refactor(changelog): type untyped arguments
refactor(check): type CheckArgs arguments
build(termcolor): remove termcolor <3 restriction
test(bump): improve test coverage
fix(deprecated): mark deprecate in v5
style: type untyped methods
refactor(git): simplify tag logic
build(ruff): add RUF022 & RUF100 rules
build(mypy): remove disallow_untyped_defs because it's already done by ruff rules
style(changelog): add TODO to fixable type ignores
style(cli): more specific type ignore
refactor(questions): type questions with TypedDict
fix(Bump): rewrite --get-next NotAllowed error message for consistency
build(.gitignore): ignore `pyrightconfig.json` and `poetry.toml`
refactor(conventional_commits): remove unnecessary checks
style: remove Union
style(bump): rename class for consistency"
