commit_object_id,event_id,message_text,cm_type,cm_scope,cm_breaking,category
96910,96908,fix: version update in a docker-compose.yaml file,fix,,False,bug_fixes
97002,97000,ci: update package version in pyproject.toml,ci,,False,tech_debt
97152,97150,ci(version): fix poetry project version and version_files config,ci,version,False,tech_debt
98036,98034,fix(commitizen/config/__init__.py): Update read configuration mode from `r` to `rb`,fix,commitizen/config/__init__.py,False,bug_fixes
98164,98162,Merge remote-tracking branch 'origin/Update_read_configuration_mode' into Update_read_configuration_mode,other,,False,other
99252,99250,feat(#319): add optional change_type_order,feat,#319,False,feature_work
99584,99582,"fix(commands/commit): create tmp file divided by user info

For multi user siuation, it may get fail `Permission denied: '/tmp/cz.commit/backup` due to another user create a temp file.
So if one user create temp_file should attatch with USER info to resolve permission issue",fix,commands/commit,False,bug_fixes
100450,100448,test(bump_command): test if the version in the configuration file was updated when using the flag,test,bump_command,False,tech_debt
100679,100677,docs(changelog): add config file options `changelog_incremental` and `changelog_start_rev`,docs,changelog,False,docs
100717,100715,feat(commands/bump): add config option to create changelog on bump,feat,commands/bump,False,feature_work
101286,101284,"fix(init.py): mypy error (types)

closes #285",fix,init.py,False,bug_fixes
101519,101517,"fix: prevent undo bump error

The last version could not handle tags order by [0.3.0, 0.3.0a0, ...], it would try to delete 0.3.0a0",fix,,False,bug_fixes
102738,102736,fix(cli): wrap the word enter with brackets,fix,cli,False,bug_fixes
104087,104085,feat(cz_check): Update to show all ill-formatted commits,feat,cz_check,False,feature_work
104280,104278,fix(commands/bump): display message variable properly,fix,commands/bump,False,bug_fixes
104468,104466,"fix(cli): make command required for commitizen

BREAKING CHANGE: ""cz --debug"" will no longer work
 #47",fix,cli,False,bug_fixes
104812,104810,"refactor(cli): remove ""--version"" argument

BREAKING CHANGE: Use ""cz verion"" instead",refactor,cli,False,tech_debt
105406,105404,"fix: Raise NotAGitProjectError only in git related command

Only Running `cz commit`, `cz bump` and `cz changelog` in a non git project will raise NotAGitProjectError
Other commands like `cz --help` will work now

#206",fix,,False,bug_fixes
105515,105513,ci(github-action): rename job,ci,github-action,False,tech_debt
105526,105524,ci(github-action): update pip when initialize environement,ci,github-action,False,tech_debt
105950,105948,docs(README.md): Add pre-commit integration information in README.md,docs,README.md,False,docs
106560,106558,"refactor(exception): Rename CommitFailedError and TagFailedError with Bump prefix

these errors are only for `cz bump`",refactor,exception,False,tech_debt
107231,107229,fix(templates): remove trailing space in keep_a_changelog,fix,templates,False,bug_fixes
107320,107318,docs(github): add more content to pull_requset template,docs,github,False,docs
108102,108100,feat(commands/changelog): make changelog_file an option in config,feat,commands/changelog,False,feature_work
108118,108116,fix(cz/conventional_commits): fix schema_pattern break due to rebase,fix,cz/conventional_commits,False,bug_fixes
108658,108656,Merge branch 'cmd_rc' of https://github.com/alozovskoy/commitizen into cmd_rc,other,,False,other
108782,108780,test(git): add test that checks GitCommit.message with empty body,test,git,False,tech_debt
108798,108796,refactor(git): replace GitCommit.message code with one-liner,refactor,git,False,tech_debt
109044,109042,fix(changelog): check get_metadata for existing changelog file,fix,changelog,False,bug_fixes
110673,110671,docs(check): pin pre-commit to v1.16.2,docs,check,False,docs
110729,110727,docs(check): enforce cz check only whem committing,docs,check,False,docs
111353,111351,refactor(templates): remove unneeded __init__ file,refactor,templates,False,tech_debt
111676,111674,refactor(config): replace string type path with pathlib.Path,refactor,config,False,tech_debt
111732,111730,test(git): add test case for find_git_project_root,test,git,False,tech_debt
111740,111738,"refactor(git): make find_git_project_root return None if it's not a git project

pathlib returns Path('.') if empty is passed",refactor,git,False,tech_debt
112075,112073,"build(deps): update packaging requirement from ^19.0 to >=19,<21

Updates the requirements on [packaging](https://github.com/pypa/packaging) to permit the latest version.
- [Release notes](https://github.com/pypa/packaging/releases)
- [Changelog](https://github.com/pypa/packaging/blob/master/CHANGELOG.rst)
- [Commits](https://github.com/pypa/packaging/compare/19.0...20.0)

Signed-off-by: dependabot-preview[bot] <support@dependabot.com>",build,deps,False,tech_debt
112395,112393,fix(github_action/pythonpackage): set git user name,fix,github_action/pythonpackage,False,bug_fixes
112526,112524,test(command/version): add test case for showing commitizen and project version,test,command/version,False,tech_debt
113374,113372,ci: publish with github secret,ci,,False,tech_debt
113474,113472,docs(Tutorial): Tutorial section added. GitLab tutorial added,docs,Tutorial,False,docs
113726,113724,Merge branch 'master' into issue67,other,,False,other
114002,114000,"docs(cz/cz_customize): description for newly added customization functionality

#54",docs,cz/cz_customize,False,docs
115456,115454,"feat(config): update style instead of overwrite

#37",feat,config,False,feature_work
116151,116149,feat(bump): it is now possible to specify a pattern in the files attr to replace the version,feat,bump,False,feature_work
116610,116608,"feat(config): new set key, used to set version to cfg",feat,config,False,feature_work
116701,116699,fix: fix config file not working,fix,,False,bug_fixes
116831,116829,ci: added travis,ci,,False,tech_debt
116882,116880,Bump version: 0.9.11 → 1.0.0b1,other,,False,other
214,212,ci(lychee): exclude https://conventionalcommits.org/,ci,lychee,False,tech_debt
352,350,docs(customization/config_file): group config examples in tabbed code blocks,docs,customization/config_file,False,docs
376,374,docs(config/option): expand use_shortcuts with example and demo GIF,docs,config/option,False,docs
384,382,docs(customize): add shortcut keys section with cz_customize example and key rules,docs,customize,False,docs
2977,2975,test: use pathlib utilities in tests,test,,False,tech_debt
4035,4033,feat(cli): add description when choosing a commit rule (#1825),feat,cli,False,feature_work
4301,4299,fix: make the scope of try except smaller,fix,,False,bug_fixes
5997,5995,docs(auto_check): update auto check installation by only keeping one example,docs,auto_check,False,docs
6005,6003,docs: update documentation to reflect 'prek' integration and improve clarity,docs,,False,docs
7212,7210,fix(cli): capitalize the first characters of help texts and fix minor grammar errors,fix,cli,False,bug_fixes
7334,7332,fix: wip,fix,,False,bug_fixes
7546,7544,Merge branch 'master' into fix-config-warning,other,,False,other
8053,8051,build(dev): ensure `uv sync --dev` install all dev dependencies,build,dev,False,tech_debt
8349,8347,Merge branch 'master' into docs/cz-bump-yes-documented,other,,False,other
8935,8933,build: update dev dependencies,build,,False,tech_debt
9182,9180,"test(snapshots): provide a `test:regen` command to regenerate all snapshots, including those depending on Python version",test,snapshots,False,tech_debt
9533,9531,feat: add custom validation,feat,,False,feature_work
10144,10142,test(tox): ensure all tests can run from any directory,test,tox,False,tech_debt
10232,10230,docs: fix broken links in doc,docs,,False,docs
10925,10923,refactor(version): rename class member to align with other classes,refactor,version,False,tech_debt
11169,11167,"docs(exit_codes.md): move ""ignoring errors"" from bump doc to exit_code doc",docs,exit_codes.md,False,docs
11628,11626,feat(tags): enable version schemes with less than 3 components,feat,tags,False,feature_work
12187,12185,fix(changelog_merge_prerelease): changelog not merged during cz bump,fix,changelog_merge_prerelease,False,bug_fixes
12341,12339,perf(ruff): enable ruff rules TC001~TC006,perf,ruff,False,tech_debt
13227,13225,"fix(bump): remove NotAllowed related to --get-next option, other related refactoring",fix,bump,False,bug_fixes
13540,13538,"fix(git): replace lstrip with strip for compatibility issue

#1032",fix,git,False,bug_fixes
15637,15635,ci(github-actions): add python 3.14 to github-actions and tox,ci,github-actions,False,tech_debt
16681,16679,fixup! refactor(Commit): refactor _prompt_commit_questions and fix some type hint,other,,False,other
16769,16767,"style: unify YAML quotes style

Signed-off-by: Adrian DC <radian.dc@gmail.com>",style,,False,tech_debt
17601,17599,feat(commit-input): enhance multiline input to behave like an editor,feat,commit-input,False,feature_work
17907,17905,docs: enable blank issue and add url to contact links,docs,,False,docs
18022,18020,feat: add parameter to changelog generation to identify incremental generation run,feat,,False,feature_work
19720,19718,refactor(cargo_provider): cleanup and get rid of potential type errors,refactor,cargo_provider,False,tech_debt
20524,20522,test(changelog): ensure error on missing changelog template filename,test,changelog,False,tech_debt
21005,21003,refactor: reduce code indentation,refactor,,False,tech_debt
21295,21293,"fix(dependencies): update tomlkit version to >=0.8.0,<1.0.0",fix,dependencies,False,bug_fixes
21598,21596,docs(config): add message length limit configuration option,docs,config,False,docs
22137,22135,docs(README): install into dev dependency when using uv,docs,README,False,docs
24203,24201,docs(defaults): deprecate type Questions,docs,defaults,False,docs
25484,25482,refactor: misc cleanup,refactor,,False,tech_debt
25605,25603,fix(deprecated): mark deprecate in v5,fix,deprecated,False,bug_fixes
25725,25723,"build(ruff,mypy): more strict rules",build,"ruff,mypy",False,tech_debt
26080,26078,test(test_git): mock os,test,test_git,False,tech_debt
26312,26310,refactor(commit): type commit args,refactor,commit,False,tech_debt
26352,26350,style(changelog): rename parameter for consistency,style,changelog,False,tech_debt
27505,27503,docs(pyproject.toml): move check-commit before cover,docs,pyproject.toml,False,docs
28323,28321,docs(contributing): add Contributing TL;DR page,docs,contributing,False,docs
28422,28420,docs(git): from_rev_and_commit docstring,docs,git,False,docs
28446,28444,refactor(changelog): minor cleanup,refactor,changelog,False,tech_debt
29038,29036,refactor(changelog): minor cleanup,refactor,changelog,False,tech_debt
29134,29132,build: specify importlib-metadata version to fix unit tests,build,,False,tech_debt
30587,30585,style: remove Union,style,,False,tech_debt
30692,30690,refactor(commit): type commit args,refactor,commit,False,tech_debt
30719,30717,docs(bump): comment on a stupid looking pattern,docs,bump,False,docs
30730,30728,fix(Check): make parameters backward compatiable,fix,Check,False,bug_fixes
30959,30957,docs: correct case GitHub,docs,,False,docs
31205,31203,refactor(changelog): rename variables and remove commit_tag,refactor,changelog,False,tech_debt
31812,31810,style(ruff): resolve F401,style,ruff,False,tech_debt
33417,33415,refactor(git): extract _create_commit_cmd_string,refactor,git,False,tech_debt
33949,33947,docs(bump_rule): add todo,docs,bump_rule,False,docs
34595,34593,test(changelog): cover more smart tag range test cases,test,changelog,False,tech_debt
34609,34607,perf(changelog): replace list with set and some code clean up,perf,changelog,False,tech_debt
34712,34710,test(init): add yaml without repos key,test,init,False,tech_debt
34774,34772,test(changelog): code cleanup and better type,test,changelog,False,tech_debt
35276,35274,refactor(EOLType): add eol enum back and reorganize methods,refactor,EOLType,False,tech_debt
35284,35282,refactor(git): refactor get_tag_names,refactor,git,False,tech_debt
35484,35482,"feat(cli): add --tag-format argument to changelog command

Changelog command already checks ""tag_format"" argument but cli support was missing.",feat,cli,False,feature_work
36378,36376,docs(README): update documentation site link text,docs,README,False,docs
37940,37938,"fix: print which tag is invalid

and the regex used for validation",fix,,False,bug_fixes
38731,38729,ci(github-actions): add check-commit task,ci,github-actions,False,tech_debt
40027,40025,"build(deps-dev): bump ruff from 0.8.5 to 0.9.2

Bumps [ruff](https://github.com/astral-sh/ruff) from 0.8.5 to 0.9.2.
- [Release notes](https://github.com/astral-sh/ruff/releases)
- [Changelog](https://github.com/astral-sh/ruff/blob/main/CHANGELOG.md)
- [Commits](https://github.com/astral-sh/ruff/compare/0.8.5...0.9.2)

---
updated-dependencies:
- dependency-name: ruff
  dependency-type: direct:development
  update-type: version-update:semver-minor
...

Signed-off-by: dependabot[bot] <support@github.com>",build,deps-dev,False,tech_debt
40159,40157,"build(deps-dev): bump ruff from 0.8.5 to 0.9.0

Bumps [ruff](https://github.com/astral-sh/ruff) from 0.8.5 to 0.9.0.
- [Release notes](https://github.com/astral-sh/ruff/releases)
- [Changelog](https://github.com/astral-sh/ruff/blob/main/CHANGELOG.md)
- [Commits](https://github.com/astral-sh/ruff/compare/0.8.5...0.9.0)

---
updated-dependencies:
- dependency-name: ruff
  dependency-type: direct:development
  update-type: version-update:semver-minor
...

Signed-off-by: dependabot[bot] <support@github.com>",build,deps-dev,False,tech_debt
40258,40256,"build(deps-dev): bump ruff from 0.8.4 to 0.8.5

Bumps [ruff](https://github.com/astral-sh/ruff) from 0.8.4 to 0.8.5.
- [Release notes](https://github.com/astral-sh/ruff/releases)
- [Changelog](https://github.com/astral-sh/ruff/blob/main/CHANGELOG.md)
- [Commits](https://github.com/astral-sh/ruff/compare/0.8.4...0.8.5)

---
updated-dependencies:
- dependency-name: ruff
  dependency-type: direct:development
  update-type: version-update:semver-patch
...

Signed-off-by: dependabot[bot] <support@github.com>",build,deps-dev,False,tech_debt
40355,40353,fix: correciton de la lecture de la ligne d argument,fix,,False,bug_fixes
40652,40650,"feat(file): adding tests for the multilanguage version

test to be sure that all the case are looked. The language option give the oppotunity to choose on wich language you want to display infomation during the commit",feat,file,False,feature_work
40833,40831,"build(deps-dev): bump mypy from 1.14.0 to 1.14.1

Bumps [mypy](https://github.com/python/mypy) from 1.14.0 to 1.14.1.
- [Changelog](https://github.com/python/mypy/blob/master/CHANGELOG.md)
- [Commits](https://github.com/python/mypy/compare/v1.14.0...v1.14.1)

---
updated-dependencies:
- dependency-name: mypy
  dependency-type: direct:development
  update-type: version-update:semver-patch
...

Signed-off-by: dependabot[bot] <support@github.com>",build,deps-dev,False,tech_debt
41037,41035,"build(deps-dev): bump mypy from 1.13.0 to 1.14.0

Bumps [mypy](https://github.com/python/mypy) from 1.13.0 to 1.14.0.
- [Changelog](https://github.com/python/mypy/blob/master/CHANGELOG.md)
- [Commits](https://github.com/python/mypy/compare/v1.13.0...v1.14.0)

---
updated-dependencies:
- dependency-name: mypy
  dependency-type: direct:development
  update-type: version-update:semver-minor
...

Signed-off-by: dependabot[bot] <support@github.com>",build,deps-dev,False,tech_debt
41241,41239,"build(deps-dev): bump mkdocs-material from 9.5.48 to 9.5.49

Bumps [mkdocs-material](https://github.com/squidfunk/mkdocs-material) from 9.5.48 to 9.5.49.
- [Release notes](https://github.com/squidfunk/mkdocs-material/releases)
- [Changelog](https://github.com/squidfunk/mkdocs-material/blob/master/CHANGELOG)
- [Commits](https://github.com/squidfunk/mkdocs-material/compare/9.5.48...9.5.49)

---
updated-dependencies:
- dependency-name: mkdocs-material
  dependency-type: direct:development
  update-type: version-update:semver-patch
...

Signed-off-by: dependabot[bot] <support@github.com>",build,deps-dev,False,tech_debt
41649,41647,"build(deps-dev): bump pytest from 8.3.3 to 8.3.4

Bumps [pytest](https://github.com/pytest-dev/pytest) from 8.3.3 to 8.3.4.
- [Release notes](https://github.com/pytest-dev/pytest/releases)
- [Changelog](https://github.com/pytest-dev/pytest/blob/main/CHANGELOG.rst)
- [Commits](https://github.com/pytest-dev/pytest/compare/8.3.3...8.3.4)

---
updated-dependencies:
- dependency-name: pytest
  dependency-type: direct:development
  update-type: version-update:semver-patch
...

Signed-off-by: dependabot[bot] <support@github.com>",build,deps-dev,False,tech_debt
42365,42363,style: fix ruff warned style,style,,False,tech_debt
42696,42694,"ci(deps): bump codecov/codecov-action from 4 to 5

Bumps [codecov/codecov-action](https://github.com/codecov/codecov-action) from 4 to 5.
- [Release notes](https://github.com/codecov/codecov-action/releases)
- [Changelog](https://github.com/codecov/codecov-action/blob/main/CHANGELOG.md)
- [Commits](https://github.com/codecov/codecov-action/compare/v4...v5)

---
updated-dependencies:
- dependency-name: codecov/codecov-action
  dependency-type: direct:production
  update-type: version-update:semver-major
...

Signed-off-by: dependabot[bot] <support@github.com>",ci,deps,False,tech_debt
43349,43347,"build(deps-dev): bump pytest from 8.3.2 to 8.3.3

Bumps [pytest](https://github.com/pytest-dev/pytest) from 8.3.2 to 8.3.3.
- [Release notes](https://github.com/pytest-dev/pytest/releases)
- [Changelog](https://github.com/pytest-dev/pytest/blob/main/CHANGELOG.rst)
- [Commits](https://github.com/pytest-dev/pytest/compare/8.3.2...8.3.3)

---
updated-dependencies:
- dependency-name: pytest
  dependency-type: direct:development
  update-type: version-update:semver-patch
...

Signed-off-by: dependabot[bot] <support@github.com>",build,deps-dev,False,tech_debt
43357,43355,"build(deps-dev): bump rich from 13.8.0 to 13.8.1

Bumps [rich](https://github.com/Textualize/rich) from 13.8.0 to 13.8.1.
- [Release notes](https://github.com/Textualize/rich/releases)
- [Changelog](https://github.com/Textualize/rich/blob/master/CHANGELOG.md)
- [Commits](https://github.com/Textualize/rich/compare/v13.8.0...v13.8.1)

---
updated-dependencies:
- dependency-name: rich
  dependency-type: direct:development
  update-type: version-update:semver-patch
...

Signed-off-by: dependabot[bot] <support@github.com>",build,deps-dev,False,tech_debt
44115,44113,"build(deps-dev): bump mkdocs-material from 9.5.41 to 9.5.42

Bumps [mkdocs-material](https://github.com/squidfunk/mkdocs-material) from 9.5.41 to 9.5.42.
- [Release notes](https://github.com/squidfunk/mkdocs-material/releases)
- [Changelog](https://github.com/squidfunk/mkdocs-material/blob/master/CHANGELOG)
- [Commits](https://github.com/squidfunk/mkdocs-material/compare/9.5.41...9.5.42)

---
updated-dependencies:
- dependency-name: mkdocs-material
  dependency-type: direct:development
  update-type: version-update:semver-patch
...

Signed-off-by: dependabot[bot] <support@github.com>",build,deps-dev,False,tech_debt
44786,44784,"build(deps-dev): bump mkdocs-material from 9.5.39 to 9.5.40

Bumps [mkdocs-material](https://github.com/squidfunk/mkdocs-material) from 9.5.39 to 9.5.40.
- [Release notes](https://github.com/squidfunk/mkdocs-material/releases)
- [Changelog](https://github.com/squidfunk/mkdocs-material/blob/master/CHANGELOG)
- [Commits](https://github.com/squidfunk/mkdocs-material/compare/9.5.39...9.5.40)

---
updated-dependencies:
- dependency-name: mkdocs-material
  dependency-type: direct:development
  update-type: version-update:semver-patch
...

Signed-off-by: dependabot[bot] <support@github.com>",build,deps-dev,False,tech_debt
45194,45192,docs: improve monorepo docs,docs,,False,docs
46055,46053,"build(deps-dev): bump pytest from 8.3.2 to 8.3.3

Bumps [pytest](https://github.com/pytest-dev/pytest) from 8.3.2 to 8.3.3.
- [Release notes](https://github.com/pytest-dev/pytest/releases)
- [Changelog](https://github.com/pytest-dev/pytest/blob/main/CHANGELOG.rst)
- [Commits](https://github.com/pytest-dev/pytest/compare/8.3.2...8.3.3)

---
updated-dependencies:
- dependency-name: pytest
  dependency-type: direct:development
  update-type: version-update:semver-patch
...

Signed-off-by: dependabot[bot] <support@github.com>",build,deps-dev,False,tech_debt
48075,48073,"build(deps-dev): bump mypy from 1.11.0 to 1.11.1

Bumps [mypy](https://github.com/python/mypy) from 1.11.0 to 1.11.1.
- [Changelog](https://github.com/python/mypy/blob/master/CHANGELOG.md)
- [Commits](https://github.com/python/mypy/compare/v1.11...v1.11.1)

---
updated-dependencies:
- dependency-name: mypy
  dependency-type: direct:development
  update-type: version-update:semver-patch
...

Signed-off-by: dependabot[bot] <support@github.com>",build,deps-dev,False,tech_debt
49809,49807,"build(deps): bump importlib-metadata from 7.1.0 to 7.2.0

Bumps [importlib-metadata](https://github.com/python/importlib_metadata) from 7.1.0 to 7.2.0.
- [Release notes](https://github.com/python/importlib_metadata/releases)
- [Changelog](https://github.com/python/importlib_metadata/blob/main/NEWS.rst)
- [Commits](https://github.com/python/importlib_metadata/compare/v7.1.0...v7.2.0)

---
updated-dependencies:
- dependency-name: importlib-metadata
  dependency-type: direct:production
  update-type: version-update:semver-minor
...

Signed-off-by: dependabot[bot] <support@github.com>",build,deps,False,tech_debt
55728,55726,"ci(github-actions): replace env with ""with"" for docpublish aciton

this has been changed since 3.0 as well
https://github.com/peaceiris/actions-gh-pages/issues/123",ci,github-actions,False,tech_debt
57075,57073,"fix(command-init): ""cz init"" should list exisitng tag in reverse order",fix,command-init,False,bug_fixes
57640,57638,"build(deps-dev): bump black from 24.2.0 to 24.3.0

Bumps [black](https://github.com/psf/black) from 24.2.0 to 24.3.0.
- [Release notes](https://github.com/psf/black/releases)
- [Changelog](https://github.com/psf/black/blob/main/CHANGES.md)
- [Commits](https://github.com/psf/black/compare/24.2.0...24.3.0)

---
updated-dependencies:
- dependency-name: black
  dependency-type: direct:development
  update-type: version-update:semver-minor
...

Signed-off-by: dependabot[bot] <support@github.com>",build,deps-dev,False,tech_debt
57695,57693,"build(deps-dev): bump types-python-dateutil

Bumps [types-python-dateutil](https://github.com/python/typeshed) from 2.8.19.20240311 to 2.9.0.20240316.
- [Commits](https://github.com/python/typeshed/commits)

---
updated-dependencies:
- dependency-name: types-python-dateutil
  dependency-type: direct:development
  update-type: version-update:semver-minor
...

Signed-off-by: dependabot[bot] <support@github.com>",build,deps-dev,False,tech_debt
57816,57814,test(commit): add tests for retry_after_failure config option and --no-retry flag,test,commit,False,tech_debt
58013,58011,"fix(changelog): include latest change when dry run and incremental

Closes #1024",fix,changelog,False,bug_fixes
58301,58299,"build(deps-dev): bump types-deprecated

Bumps [types-deprecated](https://github.com/python/typeshed) from 1.2.9.20240106 to 1.2.9.20240311.
- [Commits](https://github.com/python/typeshed/commits)

---
updated-dependencies:
- dependency-name: types-deprecated
  dependency-type: direct:development
  update-type: version-update:semver-patch
...

Signed-off-by: dependabot[bot] <support@github.com>",build,deps-dev,False,tech_debt
59281,59279,"build(deps-dev): bump ruff from 0.2.2 to 0.3.1

Bumps [ruff](https://github.com/astral-sh/ruff) from 0.2.2 to 0.3.1.
- [Release notes](https://github.com/astral-sh/ruff/releases)
- [Changelog](https://github.com/astral-sh/ruff/blob/main/CHANGELOG.md)
- [Commits](https://github.com/astral-sh/ruff/compare/v0.2.2...v0.3.1)

---
updated-dependencies:
- dependency-name: ruff
  dependency-type: direct:development
  update-type: version-update:semver-minor
...

Signed-off-by: dependabot[bot] <support@github.com>",build,deps-dev,False,tech_debt
61241,61239,fix(bump): remove unused method,fix,bump,False,bug_fixes
61355,61353,"build(deps-dev): bump black from 23.12.1 to 24.1.1

Bumps [black](https://github.com/psf/black) from 23.12.1 to 24.1.1.
- [Release notes](https://github.com/psf/black/releases)
- [Changelog](https://github.com/psf/black/blob/main/CHANGES.md)
- [Commits](https://github.com/psf/black/compare/23.12.1...24.1.1)

---
updated-dependencies:
- dependency-name: black
  dependency-type: direct:development
  update-type: version-update:semver-major
...

Signed-off-by: dependabot[bot] <support@github.com>",build,deps-dev,False,tech_debt
61710,61708,"build(deps-dev): bump ruff from 0.1.13 to 0.1.14

Bumps [ruff](https://github.com/astral-sh/ruff) from 0.1.13 to 0.1.14.
- [Release notes](https://github.com/astral-sh/ruff/releases)
- [Changelog](https://github.com/astral-sh/ruff/blob/main/CHANGELOG.md)
- [Commits](https://github.com/astral-sh/ruff/compare/v0.1.13...v0.1.14)

---
updated-dependencies:
- dependency-name: ruff
  dependency-type: direct:development
  update-type: version-update:semver-patch
...

Signed-off-by: dependabot[bot] <support@github.com>",build,deps-dev,False,tech_debt
61986,61984,"build(deps-dev): bump mkdocs-material from 9.5.3 to 9.5.4

Bumps [mkdocs-material](https://github.com/squidfunk/mkdocs-material) from 9.5.3 to 9.5.4.
- [Release notes](https://github.com/squidfunk/mkdocs-material/releases)
- [Changelog](https://github.com/squidfunk/mkdocs-material/blob/master/CHANGELOG)
- [Commits](https://github.com/squidfunk/mkdocs-material/compare/9.5.3...9.5.4)

---
updated-dependencies:
- dependency-name: mkdocs-material
  dependency-type: direct:development
  update-type: version-update:semver-patch
...

Signed-off-by: dependabot[bot] <support@github.com>",build,deps-dev,False,tech_debt
62148,62146,docs(version_scheme): fixed typo sever -> semver,docs,version_scheme,False,docs
62372,62370,"build(deps-dev): bump types-python-dateutil

Bumps [types-python-dateutil](https://github.com/python/typeshed) from 2.8.19.14 to 2.8.19.20240106.
- [Commits](https://github.com/python/typeshed/commits)

---
updated-dependencies:
- dependency-name: types-python-dateutil
  dependency-type: direct:development
  update-type: version-update:semver-patch
...

Signed-off-by: dependabot[bot] <support@github.com>",build,deps-dev,False,tech_debt
62756,62754,"build(deps): bump importlib-metadata from 7.0.0 to 7.0.1

Bumps [importlib-metadata](https://github.com/python/importlib_metadata) from 7.0.0 to 7.0.1.
- [Release notes](https://github.com/python/importlib_metadata/releases)
- [Changelog](https://github.com/python/importlib_metadata/blob/main/NEWS.rst)
- [Commits](https://github.com/python/importlib_metadata/compare/v7.0.0...v7.0.1)

---
updated-dependencies:
- dependency-name: importlib-metadata
  dependency-type: direct:production
  update-type: version-update:semver-patch
...

Signed-off-by: dependabot[bot] <support@github.com>",build,deps,False,tech_debt
63138,63136,ci(github): fix codeowners format,ci,github,False,tech_debt
63751,63749,docs(changelog): remove duplicate versions,docs,changelog,False,docs
63927,63925,docs(github): add maintainers as codeowners,docs,github,False,docs
64254,64252,"build(deps-dev): bump mkdocs-material from 9.4.6 to 9.4.10

Bumps [mkdocs-material](https://github.com/squidfunk/mkdocs-material) from 9.4.6 to 9.4.10.
- [Release notes](https://github.com/squidfunk/mkdocs-material/releases)
- [Changelog](https://github.com/squidfunk/mkdocs-material/blob/master/CHANGELOG)
- [Commits](https://github.com/squidfunk/mkdocs-material/compare/9.4.6...9.4.10)

---
updated-dependencies:
- dependency-name: mkdocs-material
  dependency-type: direct:development
  update-type: version-update:semver-patch
...

Signed-off-by: dependabot[bot] <support@github.com>",build,deps-dev,False,tech_debt
66835,66833,"Revert ""ci(deps): bump codecov/codecov-action from 3 to 4""

This reverts commit b8c0c7c780652d68a2b60bad8379f22418110e5f.",other,,False,other
67691,67689,refactor(provider): move chdir to providers/conftest.py,refactor,provider,False,tech_debt
67707,67705,refactor(provider): import all providers to providers/__init__.py to preserve plugin config,refactor,provider,False,tech_debt
68492,68490,docs(docs): modify the wrong content in contributing md,docs,docs,False,docs
71568,71566,ci(github-actions): add workflow to label issues,ci,github-actions,False,tech_debt
72055,72053,"style: import anntations __future__ and replace Optional, List, Unino to their new counterpart",style,,False,tech_debt
74244,74242,"build(python): Sunset Python 3.6 and support Python 3.11

Fixes #607

BREAKING CHANGE: Python 3.6 is not officially supported anymore. Please migrate from 3.6 to 3.7 or greater.",build,python,False,tech_debt
74412,74410,"feat: add semver support through version provider new api (#686)

* feat(bump): version_provider=semver optional option to make version compatible with semver

Signed-off-by: apkawa <apkawa@gmail.com>

* refactor(bump): version_provider rename to version_type; `pep` option rename to `pep440`

Signed-off-by: apkawa <apkawa@gmail.com>

* docs(bump): add `version_type` info to config.md

Signed-off-by: apkawa <apkawa@gmail.com>

* refactor(bump): to use VersionProtocol interface instead packaging.Version subclass

Signed-off-by: apkawa <apkawa@gmail.com>

* test(bump): `VersionProtocol` workaround mypy for py==3.7

Signed-off-by: apkawa <apkawa@gmail.com>

* fix(changelog): `changelog` command does not find version tag with `version_type=semver` option

Signed-off-by: apkawa <apkawa@gmail.com>

* refactor: minor review fixes

* test(changelog): fix test_changelog_incremental_with_merge_prerelease issue with freeze_time

Signed-off-by: apkawa <apkawa@gmail.com>

---------

Signed-off-by: apkawa <apkawa@gmail.com>",feat,,False,feature_work
74612,74610,build: update lock,build,,False,tech_debt
74903,74901,docs: update mkdocs conf,docs,,False,docs
75698,75696,style: format code through black,style,,False,tech_debt
75778,75776,docs(deps): upgrade mkdocs-material and tidy some snippets,docs,deps,False,docs
76340,76338,build(poetry): bump `pytest-mock` dev dependency,build,poetry,False,tech_debt
79735,79733,"feat(bump): added support for running arbitrary hooks during bump

To make commitizen integrate even better, new configuration keys pre_bump_hooks and post_bump_hooks were added to allow to run arbitrary commands prior to and right after running bump

Closes: #292",feat,bump,False,feature_work
79762,79760,test(commands/bump): add test case from bump hooks,test,commands/bump,False,tech_debt
81197,81195,ci(pre-commit): set linter and test stage to push stage,ci,pre-commit,False,tech_debt
82164,82162,"docs(README.md): update poetry dev dependency usage

Since Poetry 1.2.0 dependency groups are introduced, and `--dev` becomes deprecated, and instead `--with dev` has to be provided.",docs,README.md,False,docs
82386,82384,fix(pythonpackage.yml): undo indent reformatting,fix,pythonpackage.yml,False,bug_fixes
82418,82416,feat: add major-version-zero option to support initial package development,feat,,False,feature_work
82530,82528,feat: add major-version-zero option to support initial package development,feat,,False,feature_work
82618,82616,"feat(unicode): add unicode support

This will allow commiting, e.g., emoji's and parsing commit messages for
unicode characters when creating change logs.",feat,unicode,False,feature_work
83361,83359,"feat(scripts): remove `venv/bin/`

Commit `d936262e` switched the `test` script to use `cz` instead of
`commitizen`, but forgot the prefix to the command is
`poetry run python -m`, which looks for a python module.

`cz` is not a module: it is an entry point script (specified in the
`pyproject.toml` table `[tool.poetry.scripts]`).

Switching `$PREFIX` to `venv/bin/` creates two problems:

  - The subdirectory `venv` creates differs depending on OS. On
    Linux/MacOS, the subdirectory containing copies/symlinks to
	Python binaries is `bin`, but on Windows it is `Scripts`.
	Similiarly, the `site-packages` directory on Linux/MacOS is
    `lib/pythonX.Y/site-packages`, but on Windows it is
	`Lib\site-packages`.
	See: https://docs.python.org/3/library/venv.html#module-venv

  - Since `commitizen` isn't the entry-point script, but rather
    `cz`, the command `venv/bin/commitizen` will fail on
	Linux/MacOS and Windows.

Poetry will check to see if it is currently running inside a
virtual environment, and if it is, it will use it directly
without creating a new one. If it isn't, it will use one that
it has already created or create a brand new one for you.

See: https://python-poetry.org/docs/managing-environments/

A better solution than switching the prefix would be to activate
the virtual environment. However, users can create virtual
environments with any name they choose (`venv/`, `.venv/`, or
otherwise). In addition, they can specify whether or not `poetry`
should create a virtual environment in the project folder
`virtualenvs.in-project`), or at all (`virtualenvs.create`).

Since switching to `venv/bin` only affects developers running
scripts locally (the GitHub Actions CI scripts run `poetry install`
and let it manage the virtual environment), it's best to
remove changing the `$PREFIX` and instead add instructions to
`README`/`CONTRIBUTING`/etc. to tell users to configure `poetry`
and activate their virtual environment appropriately if running
these scripts locally.",feat,scripts,False,feature_work
84151,84149,feat(commit): added a --allow-empty flag to commit command,feat,commit,False,feature_work
85477,85475,"fix(bump): Support regexes containing colons

The version_files feature uses a colon to delimit filenames from a regex
to use to find the version. Make version_files slightly more robust by
splitting on the first colon rather than all colons, thereby permitting
the regex to contain a colon. Maintain the pre-existing assumption that
the filename doesn't contain a colon, as this is rare and would likely
cause many other problems.",fix,bump,False,bug_fixes
87211,87209,"refactor(git): test the git log parser behaves properly when the repository has no commits

We should expect an exception raised or an empty list (no matter what version of git was used).",refactor,git,False,tech_debt
87830,87828,"debug for macos github actions, to be reverted",other,,False,other
87838,87836,use same mail and name as signer info to fix macos,other,,False,other
88935,88933,"feat(bump): let it respect pre-commit reformats when bumping

Fix https://github.com/commitizen-tools/commitizen/issues/502.

Just add `--retry` to `cz bump` and it will attempt to commit twice if the 1st commit fails. Useful if your 1st commit runs a formatter that can for example change the contents of CHANGELOG.md.",feat,bump,False,feature_work
90483,90481,style: format code,style,,False,tech_debt
109586,109584,test: return check for black and isort,test,,False,tech_debt
110428,110426,"fix(commands/changelog): remove --skip-merge argument

by default, unrelated commits are ignored",fix,commands/changelog,False,bug_fixes
110564,110562,ci(pyproject.toml): add configuration for coverage,ci,pyproject.toml,False,tech_debt
111209,111207,"feat(cz/conventinal_commits): add changelog_map, changelog_pattern and implement process_commit",feat,cz/conventinal_commits,False,feature_work
111225,111223,"feat(changelog): generate changelog based on git log

it will over write the existing file",feat,changelog,False,feature_work
111581,111579,refactor(test/commands/other): replace unit test style mock with mocker fixture,refactor,test/commands/other,False,tech_debt
111748,111746,style(config): remove unused variables,style,config,False,tech_debt
112186,112184,refactor(pre-commit-hooks): add metadata for the check hook,refactor,pre-commit-hooks,False,tech_debt
112627,112625,"feat(commands/init): Implment init command

set tag and tag_format",feat,commands/init,False,feature_work
112691,112689,fix(commands/init): fix init command broken due to newly refactored config,fix,commands/init,False,bug_fixes
113811,113809,fix: commit dry-run doesnt require staging to be clean,fix,,False,bug_fixes
114945,114943,"test(commands/commit): add test case for customize exception raised

#46",test,commands/commit,False,tech_debt
115014,115012,feat(git): add is_staging_clean to check if there is any file in git staging,feat,git,False,feature_work
115172,115170,Merge branch 'master' into make-command-required,other,,False,other
115976,115974,"chore(deps-dev): update mypy requirement from ^0.701 to ^0.710

Updates the requirements on [mypy](https://github.com/python/mypy) to permit the latest version.
- [Release notes](https://github.com/python/mypy/releases)
- [Commits](https://github.com/python/mypy/compare/v0.701...v0.710)

Signed-off-by: dependabot-preview[bot] <support@dependabot.com>",chore,deps-dev,False,tech_debt
116407,116405,feat: custom cz plugins now support bumping version,feat,,False,feature_work
116602,116600,feat: support for pyproject.toml,feat,,False,feature_work
116626,116624,feat: update given files with new version,feat,,False,feature_work
65752,65750,"build(deps-dev): bump mkdocs-material from 9.4.2 to 9.4.3

Bumps [mkdocs-material](https://github.com/squidfunk/mkdocs-material) from 9.4.2 to 9.4.3.
- [Release notes](https://github.com/squidfunk/mkdocs-material/releases)
- [Changelog](https://github.com/squidfunk/mkdocs-material/blob/master/CHANGELOG)
- [Commits](https://github.com/squidfunk/mkdocs-material/compare/9.4.2...9.4.3)

---
updated-dependencies:
- dependency-name: mkdocs-material
  dependency-type: direct:development
  update-type: version-update:semver-patch
...

Signed-off-by: dependabot[bot] <support@github.com>",build,deps-dev,False,tech_debt
66424,66422,feat: Drop support for Python 3.7,feat,,False,feature_work
67387,67385,"build(deps-dev): bump pytest from 7.4.0 to 7.4.1

Bumps [pytest](https://github.com/pytest-dev/pytest) from 7.4.0 to 7.4.1.
- [Release notes](https://github.com/pytest-dev/pytest/releases)
- [Changelog](https://github.com/pytest-dev/pytest/blob/main/CHANGELOG.rst)
- [Commits](https://github.com/pytest-dev/pytest/compare/7.4.0...7.4.1)

---
updated-dependencies:
- dependency-name: pytest
  dependency-type: direct:development
  update-type: version-update:semver-patch
...

Signed-off-by: dependabot[bot] <support@github.com>",build,deps-dev,False,tech_debt
67804,67802,"chore: removed chdir from tests/providers/test_base_provider.py

Co-authored-by: Wei Lee <weilee.rx@gmail.com>",chore,,False,tech_debt
67901,67899,refactor(provider): import all providers to providers/__init__.py to preserve plugin config,refactor,provider,False,tech_debt
67909,67907,"chore: removed chdir from tests/providers/test_base_provider.py

Co-authored-by: Wei Lee <weilee.rx@gmail.com>",chore,,False,tech_debt
67917,67915,refactor: revert unintentionally reformatting,refactor,,False,tech_debt
67941,67939,Merge branch 'chore/provider-refactor' of github.com:davidlday/commitizen into chore/provider-refactor,other,,False,other
70057,70055,fix: properly bump versions between prereleases,fix,,False,bug_fixes
70356,70354,"build(deps-dev): bump types-pyyaml from 5.4.12 to 6.0.12.11

Bumps [types-pyyaml](https://github.com/python/typeshed) from 5.4.12 to 6.0.12.11.
- [Commits](https://github.com/python/typeshed/commits)

---
updated-dependencies:
- dependency-name: types-pyyaml
  dependency-type: direct:development
  update-type: version-update:semver-major
...

Signed-off-by: dependabot[bot] <support@github.com>",build,deps-dev,False,tech_debt
70541,70539,"build(deps-dev): bump mkdocs-material from 9.1.18 to 9.1.19

Bumps [mkdocs-material](https://github.com/squidfunk/mkdocs-material) from 9.1.18 to 9.1.19.
- [Release notes](https://github.com/squidfunk/mkdocs-material/releases)
- [Changelog](https://github.com/squidfunk/mkdocs-material/blob/master/CHANGELOG)
- [Commits](https://github.com/squidfunk/mkdocs-material/compare/9.1.18...9.1.19)

---
updated-dependencies:
- dependency-name: mkdocs-material
  dependency-type: direct:development
  update-type: version-update:semver-patch
...

Signed-off-by: dependabot[bot] <support@github.com>",build,deps-dev,False,tech_debt
71718,71716,"build(deps-dev): bump ruff from 0.0.262 to 0.0.275

Bumps [ruff](https://github.com/astral-sh/ruff) from 0.0.262 to 0.0.275.
- [Release notes](https://github.com/astral-sh/ruff/releases)
- [Changelog](https://github.com/astral-sh/ruff/blob/main/BREAKING_CHANGES.md)
- [Commits](https://github.com/astral-sh/ruff/compare/v0.0.262...v0.0.275)

---
updated-dependencies:
- dependency-name: ruff
  dependency-type: direct:development
  update-type: version-update:semver-patch
...

Signed-off-by: dependabot[bot] <support@github.com>",build,deps-dev,False,tech_debt
72149,72147,feat: add support for cargo workspaces,feat,,False,feature_work
72603,72601,style(commands/changelog): remove unnecessary if not block,style,commands/changelog,False,tech_debt
73231,73229,docs: improve github action tutorial,docs,,False,docs
73944,73942,ci(dependabot): add prefix-development,ci,dependabot,False,tech_debt
74198,74196,"build(poetry)(deps-dev): bump mypy from 0.931 to 1.2.0

Bumps [mypy](https://github.com/python/mypy) from 0.931 to 1.2.0.
- [Release notes](https://github.com/python/mypy/releases)
- [Commits](https://github.com/python/mypy/compare/v0.931...v1.2.0)

---
updated-dependencies:
- dependency-name: mypy
  dependency-type: direct:development
  update-type: version-update:semver-major
...

Signed-off-by: dependabot[bot] <support@github.com>",other,,False,other
74292,74290,test(warnings): switch from the unmaintained `pytest-freezegun` to `pytest-freezer` removing warnings,test,warnings,False,tech_debt
74324,74322,test(tests): format code,test,tests,False,tech_debt
74540,74538,docs: add new section getting started,docs,,False,docs
74879,74877,docs(config): make settings shareable,docs,config,False,docs
75096,75094,"build(poetry)(deps-dev): bump pydocstyle from 5.1.1 to 6.3.0

Bumps [pydocstyle](https://github.com/PyCQA/pydocstyle) from 5.1.1 to 6.3.0.
- [Release notes](https://github.com/PyCQA/pydocstyle/releases)
- [Changelog](https://github.com/PyCQA/pydocstyle/blob/master/docs/release_notes.rst)
- [Commits](https://github.com/PyCQA/pydocstyle/compare/5.1.1...6.3.0)

---
updated-dependencies:
- dependency-name: pydocstyle
  dependency-type: direct:development
  update-type: version-update:semver-major
...

Signed-off-by: dependabot[bot] <support@github.com>",other,,False,other
75358,75356,feat(changelog): add merge_prereleases flag,feat,changelog,False,feature_work
75835,75833,ci: update codecov to newest version,ci,,False,tech_debt
76348,76346,build(poetry): bump `pytest-regressions` dev dependency,build,poetry,False,tech_debt
76420,76418,build(poetry): bump `mkdocs-material` dev dependency,build,poetry,False,tech_debt
76820,76818,build(poetry): drop `typing-extensions` dependency for Python >= 3.8,build,poetry,False,tech_debt
78910,78908,feat(providers): add a `commitizen.provider` endpoint for alternative versions providers,feat,providers,False,feature_work
80592,80590,build(dev): update and fixes some dependencies,build,dev,False,tech_debt
80988,80986,fix(commitizen-git): add quotes for tag message,fix,commitizen-git,False,bug_fixes
80996,80994,feat(git): add get tag message function,feat,git,False,feature_work
81578,81576,"refactor(defaults.py): use variables in `DEFAULT_SETTINGS`

Map `""encoding""` and `""name""` to `encoding` and `name` variables, respectively (removes hard-coding of values).",refactor,defaults.py,False,tech_debt
82402,82400,"test(argcomplete): fix command

`py -m` was added to command in `test_argcomplete_activation` during
experimentation and was forgotten to be removed.",test,argcomplete,False,tech_debt
82490,82488,bump: version 2.37.0 → 2.37.1,bump,,False,tech_debt
83306,83304,"test(commit): use double-quotes

On Windows, `Popen` with `shell=True` reads the `COMSPEC` environment
variable to determine the shell to run, which defaults to Command
Prompt (see
https://docs.python.org/3/library/subprocess.html#subprocess.run).
For backwards-compatibility for older OS utility scripts, `COMSPEC`
should not be changed on Windows.

Command Prompt requires double-quotes instead of single-quotes. See

  - https://stackoverflow.com/questions/25534995/escape-double-quotes-in-git-config-from-cmd)
  - https://docs.python.org/3/library/subprocess.html#converting-an-argument-sequence-to-a-string-on-windows

Note that although the commitizen shell `scripts` shebangs have
been changed to a portable variety (i.e. `#!/usr/bin/env sh`),
which runs Git Bash on Windows when Git is installed (i.e.
the `sh.exe` executable that ships with Git for Windows),
`subprocess.Popen()` opens a child process from the active
running shell (i.e. via `CreateProcess()`). Hence, it will
still read `COMSPEC` and run a Command Prompt shell.",test,commit,False,tech_debt
83338,83336,"feat(scripts): add error message to `test`

Add error message if `test` script encounters unsupported OS.",feat,scripts,False,feature_work
84605,84603,"build(poetry): upgrade pytest to ^7.0.0

pytest-regression now depends on higher version of pytest
https://github.com/ESSS/pytest-regressions/issues/107",build,poetry,False,tech_debt
85485,85483,"ci(pre-commit): Include : in version_files regex

Commitizen runs bump on itself to, among other things, manage the
version it uses of its own pre-commit hooks. When searching
.pre-commit-config.yaml for the version number of Commitizen, look for
""rev:"" rather than ""rev"" to reduce the likelihood of a false positive
now that colons are permitted in version_files regexes.",ci,pre-commit,False,tech_debt
86195,86193,chore: improve package classifiers,chore,,False,tech_debt
86314,86312,feat: allow fixup! and squash! in commit messages,feat,,False,feature_work
86409,86407,refactor(tool): use charset_normalizer instead of chardet,refactor,tool,False,tech_debt
87171,87169,"test(changelog): fixes logic issue made evident by latest fix(git) commit

Exception is raised by git error: ""fatal: your current branch 'master' does not have any commits yet"". This response is more informative than the original ""No commits found"" exception and the ""fail fast"" logic is a bit easier to follow.",test,changelog,False,tech_debt
87353,87351,"refactor(changelog): reduces complexity of generate_tree_from_commits

The linter was complaining. Likely best to refactor this further.",refactor,changelog,False,tech_debt
87862,87860,install pinentry on macos,other,,False,other
90075,90073,docs: add information about no-raise,docs,,False,docs
91085,91083,ci: test on Python 3.10,ci,,False,tech_debt
91659,91657,style(mypy): enforce warn_return_any check,style,mypy,False,tech_debt
91788,91786,ci(github-actions): upgrade setup-python to v2,ci,github-actions,False,tech_debt
92700,92698,build: bump packaging to 22 to allow 21.0,build,,False,tech_debt
94214,94212,"Address typos and layout

Resolve some minor typos and line up long line wrap point",other,,False,other
94636,94634,"fix(commands.init.py): Remove type ignore directive in Init._ask_config_path()

As it appears now choices=config_files does not cause any type mismatch with mypy so we can include this line in mypy's analysis.

Changelog generated with cz changelog command.

This should fix issue #407.",fix,commands.init.py,False,bug_fixes
98116,98114,Merge remote-tracking branch 'origin/Update_read_configuration_mode' into Update_read_configuration_mode,other,,False,other
98459,98457,docs(readme): add download count badge,docs,readme,False,docs
99805,99803,fix(json_config): fix the emtpy_config_content method,fix,json_config,False,bug_fixes
100000,99998,"fix: support `!` in cz check command

Closes #283",fix,,False,bug_fixes
100148,100146,"test(tests/test_cli): add a test function to test the activation of the auto-completion for cz

137",test,tests/test_cli,False,tech_debt
102849,102847,test(bump): Add more MAJOR increment msgs for testing,test,bump,False,tech_debt
104154,104152,style(cz_check): Update ill-formatted codes,style,cz_check,False,tech_debt
105460,105458,ci: rename scripts/reformat as scripts/format,ci,,False,tech_debt
105611,105609,style: fix eof and trailing spaces,style,,False,tech_debt
106407,106405,refactor(cli): do not show traceback if the raised exception is CommitizenException,refactor,cli,False,tech_debt
106479,106477,test(cz/customize): cover customized info from info_path,test,cz/customize,False,tech_debt
107223,107221,style(docstring): unify docstring style,style,docstring,False,tech_debt
107653,107651,fix(docs): change old url woile.github.io to commitizen-tools.github.io,fix,docs,False,bug_fixes
107974,107972,fix(cli): add changelog arguments,fix,cli,False,bug_fixes
108078,108076,refactor(templates): remove unneeded __init__ file,refactor,templates,False,tech_debt
109179,109177,test(conf): add test case for reading setup.cfg with empty config,test,conf,False,tech_debt
109424,109422,refactor(cz/base): fix config type used in base cz,refactor,cz/base,False,tech_debt
110291,110289,style: isort,style,,False,tech_debt
110332,110330,feat(cz/base): add default process_commit for processing commit message,feat,cz/base,False,feature_work
110444,110442,fix(changelog_template): fix list format,fix,changelog_template,False,bug_fixes
111217,111215,"feat(commands/changelog): generate changelog_tree from all past commits

TODO: find rev for each changelog entry",feat,commands/changelog,False,feature_work
111241,111239,"refactor(commands/changelog): use jinja2 template instead of string concatenation to build changelog

* install jinja2
* use named caputure group for changelog_pattern",refactor,commands/changelog,False,tech_debt
111257,111255,feat(commands/changlog): add --start-rev argument to `cz changelog`,feat,commands/changlog,False,feature_work
111629,111627,refactor(tests/commands/bump): use tmp_dir to replace self implemented tmp dir behavior,refactor,tests/commands/bump,False,tech_debt
112220,112218,"build(deps-dev): update pytest-mock requirement from ^1.10 to ^2.0

Updates the requirements on [pytest-mock](https://github.com/pytest-dev/pytest-mock) to permit the latest version.
- [Release notes](https://github.com/pytest-dev/pytest-mock/releases)
- [Changelog](https://github.com/pytest-dev/pytest-mock/blob/master/CHANGELOG.rst)
- [Commits](https://github.com/pytest-dev/pytest-mock/compare/v1.10.0...v2.0.0)

Signed-off-by: dependabot-preview[bot] <support@dependabot.com>",build,deps-dev,False,tech_debt
112253,112251,"fix(cli): fix name cannot be overwritten through config in newly refactored config design

#97",fix,cli,False,bug_fixes
112659,112657,style(all): black,style,all,False,tech_debt
113408,113406,docs: added github actions to nav,docs,,False,docs
113710,113708,correcting style mistakes,other,,False,other
114105,114103,added reference for where handler code came from,other,,False,other
114121,114119,created exception to raise if unable to change permission in handler,other,,False,other
114937,114935,Merge branch 'master' into general-expection-for-customize-commit,other,,False,other
115030,115028,"test(commands/commit): test aborting commit when there is nothing to commit

#45",test,commands/commit,False,tech_debt
115885,115883,"chore(deps-dev): update pytest requirement from ^4.0 to ^5.0

Updates the requirements on [pytest](https://github.com/pytest-dev/pytest) to permit the latest version.
- [Release notes](https://github.com/pytest-dev/pytest/releases)
- [Changelog](https://github.com/pytest-dev/pytest/blob/master/CHANGELOG.rst)
- [Commits](https://github.com/pytest-dev/pytest/compare/4.0.0...5.0.0)

Signed-off-by: dependabot-preview[bot] <support@dependabot.com>",chore,deps-dev,False,tech_debt
116163,116161,docs: add info about extra pattern in the files when bumping,docs,,False,docs
116309,116307,"feat(bump): new commit message template

closes #20",feat,bump,False,feature_work
116823,116821,"refactor: removed delegator, added decli and many tests",refactor,,False,tech_debt
392,390,docs(images/shortcut): add shortcut_default and shortcut_custom demo tapes,docs,images/shortcut,False,docs
825,823,"build(deps): bump filelock from 3.20.1 to 3.20.3

Bumps [filelock](https://github.com/tox-dev/py-filelock) from 3.20.1 to 3.20.3.
- [Release notes](https://github.com/tox-dev/py-filelock/releases)
- [Changelog](https://github.com/tox-dev/filelock/blob/main/docs/changelog.rst)
- [Commits](https://github.com/tox-dev/py-filelock/compare/3.20.1...3.20.3)

---
updated-dependencies:
- dependency-name: filelock
  dependency-version: 3.20.3
  dependency-type: indirect
...

Signed-off-by: dependabot[bot] <support@github.com>",build,deps,False,tech_debt
1998,1996,fix(provider): use encoding settings in config,fix,provider,False,bug_fixes
2371,2369,feat(config): add ignore_bump_sha_list and ignore_bump_author_list to Settings,feat,config,False,feature_work
2420,2418,chore: update document,chore,,False,tech_debt
2625,2623,"fix(bump): Preserve existing changelog header when `changelog_merge_prerelease` is used with `cz bump --changelog`

Signed-off-by: Edgar Ramírez Mondragón <edgarrm358@gmail.com>",fix,bump,False,bug_fixes
3961,3959,refactor(bump): fix unbounded variable type issue,refactor,bump,False,tech_debt
4256,4254,feat(cli): add example to _ask_name choice,feat,cli,False,feature_work
5290,5288,"fix(changelog): add incremental parameter to changelog generation

Relate #1620",fix,changelog,False,bug_fixes
6021,6019,docs: improve formatting and clarity for rendering,docs,,False,docs
6272,6270,"docs(changelog): fix minor mistakes in changelog documentation, improve fluency",docs,changelog,False,docs
7424,7422,"refactor: simplify multiple config files warning

Remove extra steps to check if config files are empty.
Just warn about multiple files and show first file from the list.",refactor,,False,tech_debt
7637,7635,docs(config/configuration_file.md): document the --config CLI option,docs,config/configuration_file.md,False,docs
8745,8743,ci(uv): don't specify Python version when not require,ci,uv,False,tech_debt
9319,9317,docs(contributing): add poetry and lychee tips,docs,contributing,False,docs
9585,9583,test: file regression on every version of python,test,,False,tech_debt
10805,10803,ci(github-actions): add python 3.14 to github-actions and tox,ci,github-actions,False,tech_debt
10813,10811,refactor(bump): rename parameter and variables,refactor,bump,False,tech_debt
10877,10875,test: replace try with pytest.raises (#1654),test,,False,tech_debt
11857,11855,docs(bump): add notes on incomplete version handling and tag formatting,docs,bump,False,docs
12325,12323,perf: add TYPE_CHECKING to CzQuestion imports,perf,,False,tech_debt
12734,12732,"fix(git): replace lstrip with strip for compatibility issue

#1032",fix,git,False,bug_fixes
14246,14244,build: update dev dependencies,build,,False,tech_debt
14278,14276,refactor(bump): extract option validation and new version resolution to new functions,refactor,bump,False,tech_debt
14305,14303,refactor(cli): separate parser data and main function logic,refactor,cli,False,tech_debt
16212,16210,"fix(bump): remove NotAllowed related to --get-next option, other related refactoring",fix,bump,False,bug_fixes
16344,16342,refactor(bump): rename variables and remove unreachable logic,refactor,bump,False,tech_debt
16641,16639,refactor: remove self.encoding for better maintainability,refactor,,False,tech_debt
16665,16663,refactor(hooks): refactor to improve readability,refactor,hooks,False,tech_debt
16689,16687,refactor(TomlConfig): minor cleanups for DX,refactor,TomlConfig,False,tech_debt
17163,17161,docs: fix typo in bump command hooks description,docs,,False,docs
17693,17691,"refactor(commit): simplify multiline input handling logic

Consolidate multiline input logic into dedicated _handle_multiline_question function, removing duplicated code from the main prompt loop. Improve type hints by using Style instead of Any, and refactor error message formatting for consistency.",refactor,commit,False,tech_debt
18142,18140,test(changelog): remove unused timer fixture,test,changelog,False,tech_debt
18298,18296,"feat: allow `amend!` prefix as created by `git --fixup=reword:<commit>`

https://git-scm.com/docs/git-commit/2.32.0#Documentation/git-commit.txt---fixupamendrewordcommit",feat,,False,feature_work
20082,20080,build: fix CI failure due to dependency issue,build,,False,tech_debt
20348,20346,refactor(bump): use a loop to shorten a series of similar NotAllowed exceptions,refactor,bump,False,tech_debt
20380,20378,refactor(Changelog): remove unnecessary intermediate variables for better readability,refactor,Changelog,False,tech_debt
20516,20514,feat(check): add check against default branch,feat,check,False,feature_work
20564,20562,style(pyproject.toml): fix toml format,style,pyproject.toml,False,tech_debt
23147,23145,refactor(git): remove redundant if branch,refactor,git,False,tech_debt
23481,23479,refactor(process_commit_message): better type and early return,refactor,process_commit_message,False,tech_debt
23772,23770,style(pyproject.toml): fix toml format,style,pyproject.toml,False,tech_debt
23915,23913,refactor(Init): remove the variable values_to_add and the update_config function for readability,refactor,Init,False,tech_debt
24866,24864,test(init): correctly mock is_pre_commit_installed,test,init,False,tech_debt
25524,25522,build: specify importlib-metadata version to fix unit tests,build,,False,tech_debt
25717,25715,style: add `-> None` to __init__,style,,False,tech_debt
25869,25867,style(cli): rename kwarg to values,style,cli,False,tech_debt
25944,25942,refactor: improve readability and fix typos,refactor,,False,tech_debt
26056,26054,"fix(defaults): add non-capitalized default constants back and deprecated warning

relates #1446",fix,defaults,False,bug_fixes
26136,26134,fix(deprecated): mark deprecate in v5,fix,deprecated,False,bug_fixes
26144,26142,style(ruff): resolve F401,style,ruff,False,tech_debt
26192,26190,refactor: fix mypy output and better type,refactor,,False,tech_debt
26256,26254,fix(BaseConfig): mypy error,fix,BaseConfig,False,bug_fixes
26360,26358,refactor(bump): improve readability and still bypass mypy check,refactor,bump,False,tech_debt
28679,28677,style(ruff): resolve F401,style,ruff,False,tech_debt
28695,28693,"style(ruff): run `ruff check --fix`

Auto fix RUF022 and RUF100",style,ruff,False,tech_debt
28990,28988,test(commit): when nothing is added to commit,test,commit,False,tech_debt
29070,29068,refactor(bump): clean up,refactor,bump,False,tech_debt
29110,29108,test(test_git): mock os,test,test_git,False,tech_debt
29358,29356,style: add `-> None` to __init__,style,,False,tech_debt
30091,30089,refactor(commit): simplify call,refactor,commit,False,tech_debt
30179,30177,refactor(bump): clean up,refactor,bump,False,tech_debt
30243,30241,build: specify importlib-metadata version to fix unit tests,build,,False,tech_debt
30611,30609,"build(ruff,mypy): more strict rules",build,"ruff,mypy",False,tech_debt
30668,30666,refactor(check): remove unused argument,refactor,check,False,tech_debt
30746,30744,refactor(bump): improve readability and still bypass mypy check,refactor,bump,False,tech_debt
30757,30755,refactor: remove unnecessary bool() and remove Any type from TypedDict get,refactor,,False,tech_debt
31588,31586,refactor(commit): simplify call,refactor,commit,False,tech_debt
31788,31786,"refactor: remove `TypeError` handling since `Python >=3.9` is required

Since the project requires Python >=3.9, argparse only raises SystemExit
when non-existent commands are provided, making TypeError handling unnecessary.",refactor,,False,tech_debt
31844,31842,style(tags): improve types,style,tags,False,tech_debt
31916,31914,"build(ruff,mypy): more strict rules",build,"ruff,mypy",False,tech_debt
31956,31954,refactor(check): remove unused argument,refactor,check,False,tech_debt
32068,32066,refactor(bump): use any to replace 'or' chain,refactor,bump,False,tech_debt
32169,32167,refactor: do not guess if changelog format is provided,refactor,,False,tech_debt
33909,33907,refactor(bump_rule): deprecate wip,refactor,bump_rule,False,tech_debt
34143,34141,"feat(bump_rule): add BumpRule, VersionIncrement, Prerelease Enum

Closes #129",feat,bump_rule,False,feature_work
13195,13193,refactor(bump): rename parameter and variables,refactor,bump,False,tech_debt
13243,13241,refactor(cargo_provider): cleanup and get rid of potential type errors,refactor,cargo_provider,False,tech_debt
14085,14083,fix(version): fix the behavior of cz version --major,fix,version,False,bug_fixes
15002,15000,feat(bump): add --version-files-only and deprecate --files-only,feat,bump,False,feature_work
15600,15598,docs(bump): general documentation update,docs,bump,False,docs
16697,16695,"style(BaseConfig): update set_key comments and type annotation, remove duplicated docstring",style,BaseConfig,False,tech_debt
16705,16703,"refactor(RestructuredTest): rename variable, fix typo and remove unnecessary string copy",refactor,RestructuredTest,False,tech_debt
16713,16711,"feat(conventional_commits): allow exclamation in title on BC

Add a configuration (disable by default) to allow exclamation in
commit title to ease identify BC simple git log parsing.

Signed-off-by: Sebastien Fusilier <sebastien.fusilier@gmail.com>",feat,conventional_commits,False,feature_work
17456,17454,refactor(Commit): refactor _prompt_commit_questions and fix some type hint,refactor,Commit,False,tech_debt
17464,17462,fixup! refactor(Commit): refactor _prompt_commit_questions and fix some type hint,other,,False,other
17592,17590,feat(commit-input): support multiline input using backslash,feat,commit-input,False,feature_work
18577,18575,refactor: remove unnecessary class member tag_format,refactor,,False,tech_debt
18706,18704,refactor(BaseFormat): merge ChangelogFormat into BaseFormat,refactor,BaseFormat,False,tech_debt
20203,20201,docs(config): add message length limit configuration option,docs,config,False,docs
20300,20298,refactor(ScmProvider): replace sorted with max,refactor,ScmProvider,False,tech_debt
20364,20362,docs(taplo): add toml formatter,docs,taplo,False,docs
20452,20450,fix(init): make welcome message easier to read,fix,init,False,bug_fixes
22967,22965,refactor(Changelog): remove unnecessary intermediate variables for better readability,refactor,Changelog,False,tech_debt
23053,23051,"fix(Changelog): fix _export_template variable type

Closes #1503",fix,Changelog,False,bug_fixes
25460,25458,refactor(bump): clean up,refactor,bump,False,tech_debt
25749,25747,refactor(bump): TypedDict for bump argument,refactor,bump,False,tech_debt
25829,25827,style(changelog): rename parameter for consistency,style,changelog,False,tech_debt
26344,26342,fix(Check): make parameters backward compatiable,fix,Check,False,bug_fixes
26509,26507,style: better type,style,,False,tech_debt
26517,26515,style: add `-> None` to __init__,style,,False,tech_debt
26621,26619,fix(Check): make parameters backward compatiable,fix,Check,False,bug_fixes
28462,28460,build(poetry): upgrade mypy version to ^1.15.0,build,poetry,False,tech_debt
28574,28572,refactor(mypy): remove `unused-ignore`,refactor,mypy,False,tech_debt
29022,29020,refactor(EOLType): add eol enum back and reorganize methods,refactor,EOLType,False,tech_debt
29366,29364,"build(ruff,mypy): more strict rules",build,"ruff,mypy",False,tech_debt
29607,29605,refactor(jira): refactor message,refactor,jira,False,tech_debt
29740,29738,refactor: do not guess if changelog format is provided,refactor,,False,tech_debt
30099,30097,test(commit): when nothing is added to commit,test,commit,False,tech_debt
30531,30529,style(tags): improve types,style,tags,False,tech_debt
31030,31028,docs(commit): rewrite command commit page,docs,commit,False,docs
31282,31280,refactor(changelog): code cleanup,refactor,changelog,False,tech_debt
31620,31618,docs(git): from_rev_and_commit docstring,docs,git,False,docs
31636,31634,refactor(git): refactor get_tag_names,refactor,git,False,tech_debt
31724,31722,refactor(cli): early return and improve test coverage,refactor,cli,False,tech_debt
31740,31738,build: specify importlib-metadata version to fix unit tests,build,,False,tech_debt
31764,31762,refactor(mypy): remove `unused-ignore`,refactor,mypy,False,tech_debt
31996,31994,style(cli): shorten arg type,style,cli,False,tech_debt
32060,32058,style(cli): rename kwarg to values,style,cli,False,tech_debt
32137,32135,fix(commit): emit deprecated warning of cz commit -s,fix,commit,False,bug_fixes
33139,33137,"fix(defaults): add non-capitalized default constants back and deprecated warning

relates #1446",fix,defaults,False,bug_fixes
33925,33923,test(bump_rule): raise error,test,bump_rule,False,tech_debt
33941,33939,docs(bump_rule): docstring,docs,bump_rule,False,docs
34233,34231,"refactor(bump): add type for out, replace function with re escape",refactor,bump,False,tech_debt
36270,36268,docs(README.md): improve clarity of README reference section,docs,README.md,False,docs
36345,36343,docs(contributing): update codecov link,docs,contributing,False,docs
36540,36538,"refactor(tests): increase verbosity of variables

To add more test variables, increase the verbosity of current ones
and make them more clear.",refactor,tests,False,tech_debt
36961,36959,"ci(github-actions): bump deprecated ubuntu-20.04 to ubuntu-22.04

Signed-off-by: Jakob Keller <57402305+jakob-keller@users.noreply.github.com>",ci,github-actions,False,tech_debt
37246,37244,Merge branch 'master' into fix-cz-bump-subdir-path​,other,,False,other
37408,37406,Merge branch 'master' into fix-cz-bump-subdir-path​,other,,False,other
37872,37870,"docs(customization): add ""parents"" to the list of fields in Changes",docs,customization,False,docs
40331,40329,"feat(fichier): gestion de la nouvelle branche

egstion des differnts porbleme, il faut encore gerer les tests",feat,fichier,False,feature_work
40470,40468,Merge branch 'commitizen-tools:master' into master,other,,False,other
40578,40576,"feat: adding the possibility to choose on wich language you want to display informations

this is just a first version that is not yet efficient and must be implemented to be more efficient",feat,,False,feature_work
40602,40600,feat: adding datas into cache,feat,,False,feature_work
40935,40933,"build(deps): bump charset-normalizer from 3.4.0 to 3.4.1

Bumps [charset-normalizer](https://github.com/jawah/charset_normalizer) from 3.4.0 to 3.4.1.
- [Release notes](https://github.com/jawah/charset_normalizer/releases)
- [Changelog](https://github.com/jawah/charset_normalizer/blob/master/CHANGELOG.md)
- [Commits](https://github.com/jawah/charset_normalizer/compare/3.4.0...3.4.1)

---
updated-dependencies:
- dependency-name: charset-normalizer
  dependency-type: direct:production
  update-type: version-update:semver-patch
...

Signed-off-by: dependabot[bot] <support@github.com>",build,deps,False,tech_debt
41343,41341,"build(deps-dev): bump ruff from 0.8.2 to 0.8.3

Bumps [ruff](https://github.com/astral-sh/ruff) from 0.8.2 to 0.8.3.
- [Release notes](https://github.com/astral-sh/ruff/releases)
- [Changelog](https://github.com/astral-sh/ruff/blob/main/CHANGELOG.md)
- [Commits](https://github.com/astral-sh/ruff/compare/0.8.2...0.8.3)

---
updated-dependencies:
- dependency-name: ruff
  dependency-type: direct:development
  update-type: version-update:semver-patch
...

Signed-off-by: dependabot[bot] <support@github.com>",build,deps-dev,False,tech_debt
42869,42867,ci(github-actions): use 3.13 instead of 3.13-dev as Python 3.13 has already been released,ci,github-actions,False,tech_debt
43154,43152,"build(deps-dev): bump mkdocs-material from 9.5.42 to 9.5.43

Bumps [mkdocs-material](https://github.com/squidfunk/mkdocs-material) from 9.5.42 to 9.5.43.
- [Release notes](https://github.com/squidfunk/mkdocs-material/releases)
- [Changelog](https://github.com/squidfunk/mkdocs-material/blob/master/CHANGELOG)
- [Commits](https://github.com/squidfunk/mkdocs-material/compare/9.5.42...9.5.43)

---
updated-dependencies:
- dependency-name: mkdocs-material
  dependency-type: direct:development
  update-type: version-update:semver-patch
...

Signed-off-by: dependabot[bot] <support@github.com>",build,deps-dev,False,tech_debt
43205,43203,"build(deps-dev): bump ruff from 0.7.0 to 0.7.1

Bumps [ruff](https://github.com/astral-sh/ruff) from 0.7.0 to 0.7.1.
- [Release notes](https://github.com/astral-sh/ruff/releases)
- [Changelog](https://github.com/astral-sh/ruff/blob/main/CHANGELOG.md)
- [Commits](https://github.com/astral-sh/ruff/compare/0.7.0...0.7.1)

---
updated-dependencies:
- dependency-name: ruff
  dependency-type: direct:development
  update-type: version-update:semver-patch
...

Signed-off-by: dependabot[bot] <support@github.com>",build,deps-dev,False,tech_debt
43325,43323,"build(deps-dev): bump types-python-dateutil

Bumps [types-python-dateutil](https://github.com/python/typeshed) from 2.9.0.20240821 to 2.9.0.20240906.
- [Commits](https://github.com/python/typeshed/commits)

---
updated-dependencies:
- dependency-name: types-python-dateutil
  dependency-type: direct:development
  update-type: version-update:semver-patch
...

Signed-off-by: dependabot[bot] <support@github.com>",build,deps-dev,False,tech_debt
43534,43532,"docs: update docs/tutorials/monorepo_guidance.md

Co-authored-by: Wei Lee <weilee.rx@gmail.com>",docs,,False,docs
44990,44988,"build(deps-dev): bump rich from 13.9.1 to 13.9.2

Bumps [rich](https://github.com/Textualize/rich) from 13.9.1 to 13.9.2.
- [Release notes](https://github.com/Textualize/rich/releases)
- [Changelog](https://github.com/Textualize/rich/blob/master/CHANGELOG.md)
- [Commits](https://github.com/Textualize/rich/compare/v13.9.1...v13.9.2)

---
updated-dependencies:
- dependency-name: rich
  dependency-type: direct:development
  update-type: version-update:semver-patch
...

Signed-off-by: dependabot[bot] <support@github.com>",build,deps-dev,False,tech_debt
45530,45528,"build(deps-dev): bump mkdocs-material from 9.5.34 to 9.5.35

Bumps [mkdocs-material](https://github.com/squidfunk/mkdocs-material) from 9.5.34 to 9.5.35.
- [Release notes](https://github.com/squidfunk/mkdocs-material/releases)
- [Changelog](https://github.com/squidfunk/mkdocs-material/blob/master/CHANGELOG)
- [Commits](https://github.com/squidfunk/mkdocs-material/compare/9.5.34...9.5.35)

---
updated-dependencies:
- dependency-name: mkdocs-material
  dependency-type: direct:development
  update-type: version-update:semver-patch
...

Signed-off-by: dependabot[bot] <support@github.com>",build,deps-dev,False,tech_debt
45872,45870,test(check): Python 3.13 help text format has been changed. Change the test accordingly,test,check,False,tech_debt
47513,47511,"fix(commit): avoid warnings with 'always_signoff' configuration

Signed-off-by: Adrian DC <radian.dc@gmail.com>",fix,commit,False,bug_fixes
49563,49561,"ci(github-actions): add ""3.13-dev"" to Python tests (#1145)",ci,github-actions,False,tech_debt
49758,49756,"build(deps): bump importlib-metadata from 7.2.0 to 7.2.1

Bumps [importlib-metadata](https://github.com/python/importlib_metadata) from 7.2.0 to 7.2.1.
- [Release notes](https://github.com/python/importlib_metadata/releases)
- [Changelog](https://github.com/python/importlib_metadata/blob/main/NEWS.rst)
- [Commits](https://github.com/python/importlib_metadata/compare/v7.2.0...v7.2.1)

---
updated-dependencies:
- dependency-name: importlib-metadata
  dependency-type: direct:production
  update-type: version-update:semver-patch
...

Signed-off-by: dependabot[bot] <support@github.com>",build,deps,False,tech_debt
50128,50126,"build(deps-dev): bump mkdocs-material from 9.5.26 to 9.5.27

Bumps [mkdocs-material](https://github.com/squidfunk/mkdocs-material) from 9.5.26 to 9.5.27.
- [Release notes](https://github.com/squidfunk/mkdocs-material/releases)
- [Changelog](https://github.com/squidfunk/mkdocs-material/blob/master/CHANGELOG)
- [Commits](https://github.com/squidfunk/mkdocs-material/compare/9.5.26...9.5.27)

---
updated-dependencies:
- dependency-name: mkdocs-material
  dependency-type: direct:development
  update-type: version-update:semver-patch
...

Signed-off-by: dependabot[bot] <support@github.com>",build,deps-dev,False,tech_debt
51987,51985,ci(docpublish): reword cli screenshot generation commit message,ci,docpublish,False,tech_debt
54638,54636,"build(deps-dev): bump mkdocs from 1.5.3 to 1.6.0

Bumps [mkdocs](https://github.com/mkdocs/mkdocs) from 1.5.3 to 1.6.0.
- [Release notes](https://github.com/mkdocs/mkdocs/releases)
- [Commits](https://github.com/mkdocs/mkdocs/compare/1.5.3...1.6.0)

---
updated-dependencies:
- dependency-name: mkdocs
  dependency-type: direct:development
  update-type: version-update:semver-minor
...

Signed-off-by: dependabot[bot] <support@github.com>",build,deps-dev,False,tech_debt
54819,54817,fix: strip the commit message for calculating length,fix,,False,bug_fixes
55626,55624,"build(deps-dev): bump idna from 3.6 to 3.7

Bumps [idna](https://github.com/kjd/idna) from 3.6 to 3.7.
- [Release notes](https://github.com/kjd/idna/releases)
- [Changelog](https://github.com/kjd/idna/blob/master/HISTORY.rst)
- [Commits](https://github.com/kjd/idna/compare/v3.6...v3.7)

---
updated-dependencies:
- dependency-name: idna
  dependency-type: indirect
...

Signed-off-by: dependabot[bot] <support@github.com>",build,deps-dev,False,tech_debt
56051,56049,refactor(defaults): disallow style as None,refactor,defaults,False,tech_debt
56204,56202,"ci(github-actions): replace ""./scripts/test"" with pre-commit for unifying the checking process",ci,github-actions,False,tech_debt
56582,56580,test(test_conf.py): add a test case for --config option,test,test_conf.py,False,tech_debt
57750,57748,"build(deps-dev): bump ruff from 0.3.2 to 0.3.3

Bumps [ruff](https://github.com/astral-sh/ruff) from 0.3.2 to 0.3.3.
- [Release notes](https://github.com/astral-sh/ruff/releases)
- [Changelog](https://github.com/astral-sh/ruff/blob/main/CHANGELOG.md)
- [Commits](https://github.com/astral-sh/ruff/compare/v0.3.2...v0.3.3)

---
updated-dependencies:
- dependency-name: ruff
  dependency-type: direct:development
  update-type: version-update:semver-patch
...

Signed-off-by: dependabot[bot] <support@github.com>",build,deps-dev,False,tech_debt
58854,58852,"feat(changelog): expose commits `sha1`, `author` and `author_email` in changelog tree (fix #987)",feat,changelog,False,feature_work
59019,59017,"build(deps): bump importlib-metadata from 7.0.1 to 7.0.2

Bumps [importlib-metadata](https://github.com/python/importlib_metadata) from 7.0.1 to 7.0.2.
- [Release notes](https://github.com/python/importlib_metadata/releases)
- [Changelog](https://github.com/python/importlib_metadata/blob/main/NEWS.rst)
- [Commits](https://github.com/python/importlib_metadata/compare/v7.0.1...v7.0.2)

---
updated-dependencies:
- dependency-name: importlib-metadata
  dependency-type: direct:production
  update-type: version-update:semver-patch
...

Signed-off-by: dependabot[bot] <support@github.com>",build,deps,False,tech_debt
59428,59426,feat(changelog): `changelog_message_build_hook` can now generate multiple changelog entries from a single commit,feat,changelog,False,feature_work
60190,60188,"build(deps-dev): bump pytest from 8.0.1 to 8.0.2

Bumps [pytest](https://github.com/pytest-dev/pytest) from 8.0.1 to 8.0.2.
- [Release notes](https://github.com/pytest-dev/pytest/releases)
- [Changelog](https://github.com/pytest-dev/pytest/blob/main/CHANGELOG.rst)
- [Commits](https://github.com/pytest-dev/pytest/compare/8.0.1...8.0.2)

---
updated-dependencies:
- dependency-name: pytest
  dependency-type: direct:development
  update-type: version-update:semver-patch
...

Signed-off-by: dependabot[bot] <support@github.com>",build,deps-dev,False,tech_debt
61211,61209,"fix(scm): only search tags that are reachable by the current commit

The scm provider requires tags to be the source of truth for the current version, instead of files.  Therefore, the current version should be the highest tag version upstream from the current commit.",fix,scm,False,bug_fixes
61497,61495,"build(deps-dev): bump pytest from 7.4.4 to 8.0.0

Bumps [pytest](https://github.com/pytest-dev/pytest) from 7.4.4 to 8.0.0.
- [Release notes](https://github.com/pytest-dev/pytest/releases)
- [Changelog](https://github.com/pytest-dev/pytest/blob/main/CHANGELOG.rst)
- [Commits](https://github.com/pytest-dev/pytest/compare/7.4.4...8.0.0)

---
updated-dependencies:
- dependency-name: pytest
  dependency-type: direct:development
  update-type: version-update:semver-major
...

Signed-off-by: dependabot[bot] <support@github.com>",build,deps-dev,False,tech_debt
63065,63063,docs(bump): Fix typo in documentation,docs,bump,False,docs
63863,63861,build(poetry): keep black version in sync,build,poetry,False,tech_debt
65880,65878,"build(deps): bump charset-normalizer from 3.2.0 to 3.3.0

Bumps [charset-normalizer](https://github.com/Ousret/charset_normalizer) from 3.2.0 to 3.3.0.
- [Release notes](https://github.com/Ousret/charset_normalizer/releases)
- [Changelog](https://github.com/Ousret/charset_normalizer/blob/master/CHANGELOG.md)
- [Commits](https://github.com/Ousret/charset_normalizer/compare/3.2.0...3.3.0)

---
updated-dependencies:
- dependency-name: charset-normalizer
  dependency-type: direct:production
  update-type: version-update:semver-minor
...

Signed-off-by: dependabot[bot] <support@github.com>",build,deps,False,tech_debt
66993,66991,"build(deps-dev): bump ruff from 0.0.287 to 0.0.288

Bumps [ruff](https://github.com/astral-sh/ruff) from 0.0.287 to 0.0.288.
- [Release notes](https://github.com/astral-sh/ruff/releases)
- [Changelog](https://github.com/astral-sh/ruff/blob/main/BREAKING_CHANGES.md)
- [Commits](https://github.com/astral-sh/ruff/compare/v0.0.287...v0.0.288)

---
updated-dependencies:
- dependency-name: ruff
  dependency-type: direct:development
  update-type: version-update:semver-patch
...

Signed-off-by: dependabot[bot] <support@github.com>",build,deps-dev,False,tech_debt
67624,67622,refactor(provider): move chdir to providers/conftest.py,refactor,provider,False,tech_debt
67747,67745,refactor(provider): move chdir to providers/conftest.py,refactor,provider,False,tech_debt
67925,67923,refactor: remove unused imports,refactor,,False,tech_debt
68428,68426,test(commands): test command cz commit with arg -a,test,commands,False,tech_debt
69110,69108,"feat(template): allow to override the template from cli, configuration and plugins

Fixes #132
Fixes #384
Fixes #433
Closes #376
Closes #640",feat,template,False,feature_work
69119,69117,feat(template): add `changelog --export-template` command,feat,template,False,feature_work
69162,69160,chore: remove the unused `changelog_parser` module,chore,,False,tech_debt
70073,70071,refactor: lower version bump into BaseVersion class and simplify callers of BaseVersion.bump(),refactor,,False,tech_debt
71257,71255,"docs: Document where `tag_format` config value is used

I was very confused about these different usages. Documenting them
might be a good basis for future simplification.",docs,,False,docs
71985,71983,"build(deps): bump argcomplete from 3.0.8 to 3.1.1

Bumps [argcomplete](https://github.com/kislyuk/argcomplete) from 3.0.8 to 3.1.1.
- [Release notes](https://github.com/kislyuk/argcomplete/releases)
- [Changelog](https://github.com/kislyuk/argcomplete/blob/develop/Changes.rst)
- [Commits](https://github.com/kislyuk/argcomplete/compare/v3.0.8...v3.1.1)

---
updated-dependencies:
- dependency-name: argcomplete
  dependency-type: direct:production
  update-type: version-update:semver-minor
...

Signed-off-by: dependabot[bot] <support@github.com>",build,deps,False,tech_debt
73242,73240,docs(config): show config sample for version provider,docs,config,False,docs
73291,73289,fix(bump): breaking changes on additional types for conventional commits,fix,bump,False,bug_fixes
73349,73347,"test: add exclamation mark test

Closes #682",test,,False,tech_debt
74236,74234,build(dependabot): add dependabot configuration,build,dependabot,False,tech_debt
74308,74306,"feat(plugins): Switch to an importlib.metadata.EntryPoint-based plugin loading

Plugins are now loaded using the `commitizen.plugin` entrypoint
while legacy plugin are not loaded anymore but a warning is raised when one is seen.

Fixes #495

BREAKING CHANGE: Plugins are now exposed as `commitizen.plugin` entrypoints",feat,plugins,False,feature_work
74316,74314,test: improve git isolation and fixes test missing a repository,test,,False,tech_debt
74348,74346,"feat(providers): add support for some JSON-based version providers (NPM, Composer)",feat,providers,False,feature_work
74468,74466,docs(changelog): add info of auto changelog right away,docs,changelog,False,docs
74492,74490,docs: add missing settings to config,docs,,False,docs
74580,74578,docs: add an article,docs,,False,docs
74653,74651,build: update dev dependencies to latest versions,build,,False,tech_debt
74855,74853,build: add ruff linter,build,,False,tech_debt
75063,75061,"build(poetry)(deps): bump typing-extensions from 4.4.0 to 4.5.0

Bumps [typing-extensions](https://github.com/python/typing_extensions) from 4.4.0 to 4.5.0.
- [Release notes](https://github.com/python/typing_extensions/releases)
- [Changelog](https://github.com/python/typing_extensions/blob/main/CHANGELOG.md)
- [Commits](https://github.com/python/typing_extensions/compare/4.4.0...4.5.0)

---
updated-dependencies:
- dependency-name: typing-extensions
  dependency-type: direct:production
  update-type: version-update:semver-minor
...

Signed-off-by: dependabot[bot] <support@github.com>",other,,False,other
75129,75127,"ci(actions)(deps): bump peaceiris/actions-gh-pages from 2 to 3

Bumps [peaceiris/actions-gh-pages](https://github.com/peaceiris/actions-gh-pages) from 2 to 3.
- [Release notes](https://github.com/peaceiris/actions-gh-pages/releases)
- [Changelog](https://github.com/peaceiris/actions-gh-pages/blob/main/CHANGELOG.md)
- [Commits](https://github.com/peaceiris/actions-gh-pages/compare/v2...v3)

---
updated-dependencies:
- dependency-name: peaceiris/actions-gh-pages
  dependency-type: direct:production
  update-type: version-update:semver-major
...

Signed-off-by: dependabot[bot] <support@github.com>",other,,False,other
75594,75592,fix: typo in hook,fix,,False,bug_fixes
76412,76410,build(poetry): bump `mkdocs` dev dependency,build,poetry,False,tech_debt
76717,76715,"fix(changelog): `changelog` command does not find version tag with `version_type=semver` option

Signed-off-by: apkawa <apkawa@gmail.com>",fix,changelog,False,bug_fixes
76733,76731,"test(changelog): fix test_changelog_incremental_with_merge_prerelease issue with freeze_time

Signed-off-by: apkawa <apkawa@gmail.com>",test,changelog,False,tech_debt
77538,77536,style: fix code style through black,style,,False,tech_debt
77652,77650,build(poetry): relax charset-normalizer dependency to allow 3.0.x,build,poetry,False,tech_debt
77851,77849,docs: use shield.io badge for github workflow,docs,,False,docs
78465,78463,ci(github-actions): add workflow-dispatch for manually trigger CI check,ci,github-actions,False,tech_debt
80255,80253,test(git): ensures that global git user settings are not interfering with the tests,test,git,False,tech_debt
80431,80429,build(dependabot): add dependabot configuration,build,dependabot,False,tech_debt
81036,81034,feat(commands-bump): automatically create annotated tag if message is given,feat,commands-bump,False,feature_work
81743,81741,docs(config.md): list settings first and add missing param,docs,config.md,False,docs
81974,81972,"feat(cli.py): Added support for extra git CLI args after -- separator for `cz commit` command

Additional edits were made in class `commitizen.commands.Commit` and `commit` func from `commitizen.git`

Closes #451",feat,cli.py,False,feature_work
82825,82823,"feat(bump): support prereleases with start offset

In special cases, it may be necessary for prereleases not to start with a 0, because the individual characters are encoded in bytes. Here, a 0 in the byte is interpreted as a release version, consistent with the location of bugfixes. Therefore, this commit introduces a generic option to change the start of the prerelease to accommodate such circumstances.

EXAMPLES

Before:
0.3.0 -> PATCH beta-> 0.3.1b0

Now (with offset 0 == default)
0.3.0 -> PATCH beta-> 0.3.1b0

Now (with offset 1)
0.3.0 -> PATCH beta-> 0.3.1b1",feat,bump,False,feature_work
83266,83264,test(conf.py): don't set `GNUPGHOME` on Windows,test,conf.py,False,tech_debt
83915,83913,feat: add major-version-zero option to support initial package development,feat,,False,feature_work
84168,84166,test: Testing allow-empty flag for cz commit command,test,,False,tech_debt
84988,84986,fix(init): report error when hook installation failed,fix,init,False,bug_fixes
85524,85522,"fix(command_changelog): Fixed issue #561 cz bump could not find the latest version tag with custom tag_format

- Updated args to _find_incremental_rev to use latest_tag_version instead of latest_version
- Updated test case for test_changelog_command.py from .next to .rc as python packaging lib doesn't take 'next' as a valid version",fix,command_changelog,False,bug_fixes
87179,87177,"refactor(changelog): fixes logic issue made evident by latest fix(git) commit

get_commits was calling git ""git log None..None"" in the event that a tag range is invalid. Raise exception sooner rather than later.",refactor,changelog,False,tech_debt
87974,87972,align all to gpg_sign,other,,False,other
88037,88035,types-chardet installed into pyproject,other,,False,other
88341,88339,"fix(pre-commit): Confine hook to commit-msg stage

The Commitizen pre-commit hook runs cz check, which only makes sense to
do on a commit message, not at other Git hook stages. By default the
hook is currently run on staged files pre-commit, which is nonsensical
unless the files in the repository themselves contain Git commit
messages. The hook is an implausible candidate even for the
prepare-commit-msg stage since this stage is intended for hooks that
modify the commit message rather than check it. Specifying the hook
stage centrally makes it less error-prone to use and saves one line of
configuration for users of the pre-commit hook.",fix,pre-commit,False,bug_fixes
89074,89072,title,other,,False,other
89090,89088,"ttttttt
ttttttt",other,,False,other
91001,90999,"docs: Fix exit code for NoCommitsFoundError

The source code indicates that the correct exit code is 3. See https://github.com/commitizen-tools/commitizen/blob/master/commitizen/exceptions.py#L10",docs,,False,docs
91068,91066,test: bump pytest version to support Python 3.10,test,,False,tech_debt
91459,91457,build: use poetry_core to build instead of poetry,build,,False,tech_debt
93470,93468,"docs(faq): reword FAQ about WinError 995

Provide the accurate versions that should solve this issue.",docs,faq,False,docs
94699,94697,"Revert ""fix(commands.init.py): Remove type ignore directive in Init._ask_config_path()""

This reverts commit aa206c7dd1e86a40a1c1714cc30ec7cd98ba835e.",other,,False,other
96161,96159,build: fix failing CI,build,,False,tech_debt
97647,97645,feat(bump): send incremental changelog to stdout and bump output to stderr,feat,bump,False,feature_work
97934,97932,fix(config): change read mode from `r` to `rb`,fix,config,False,bug_fixes
99289,99287,style: restore whitespace for info_path in JSON,style,,False,tech_debt
101310,101308,test(test_git.py): F401 'typing.Union' imported but unused,test,test_git.py,False,tech_debt
104138,104136,refactor(cz_check): Refactor _get_commits to return GitCommit instead of dict,refactor,cz_check,False,tech_debt
104508,104506,test(conf): add test case that empty pyproject and .cz.toml both exist,test,conf,False,tech_debt
105056,105054,docs: set label for feature request as 'feature' instead of 'enhacement',docs,,False,docs
105452,105450,"docs(README): add ""pre-commit install --hook-type commit-msg"" command to pre-commit section",docs,README,False,docs
105484,105482,build(poetry): add pre-commit to dev deps,build,poetry,False,tech_debt
106495,106493,test(commands/commit): add test case for raising non customized exception,test,commands/commit,False,tech_debt
106541,106539,test(commands/changelog): add test case for running changelog without revision,test,commands/changelog,False,tech_debt
106774,106772,docs: add github page link to README,docs,,False,docs
106949,106947,"style(init): fix typo in init script

I was trying out commitizen when I noticed the typo and so thought I would help fix it",style,init,False,tech_debt
106981,106979,"fix(changelog): empty lines at the beginning of the CHANGELOG

Closes #192",fix,changelog,False,bug_fixes
107215,107213,ci(scripts/test): add pydocstyle google convention to change docstring style,ci,scripts/test,False,tech_debt
107926,107924,feat(cz/base): add default process_commit for processing commit message,feat,cz/base,False,feature_work
107990,107988,style(cli): fix flake8 issue,style,cli,False,tech_debt
108054,108052,refactor(templates): move changelog_template from cz to templates,refactor,templates,False,tech_debt
108086,108084,style(tests/commands/changelog): blackify,style,tests/commands/changelog,False,tech_debt
108773,108771,"fix(git): fix returned value for GitCommit.message when body is empty

GitCommit.message should return only title without excess newlines if commit body is empty.",fix,git,False,bug_fixes
109440,109438,refactor(commands/check): fix type annotation,refactor,commands/check,False,tech_debt
109488,109486,ci(scripts/test): add mypy check,ci,scripts/test,False,tech_debt
109520,109518,ci(mypy-config): add stricter config but comment out those we not yet follow,ci,mypy-config,False,tech_debt
110100,110098,"fix(bump): fix bump find_increment error

in the previous design, MAJOR will be overwritten by other",fix,bump,False,bug_fixes
110508,110506,feat(commands/changelog): make changelog_file an option in config,feat,commands/changelog,False,feature_work
111201,111199,feat(cz/base): add default process_commit for processing commit message,feat,cz/base,False,feature_work
111454,111452,"refactor(git): Use GitCommit, GitTag object to store commit and git information",refactor,git,False,tech_debt
111549,111547,test(cli): add test cases for uncovered parts,test,cli,False,tech_debt
111613,111611,test(commands/bump): add test case for uncovered bump command condition,test,commands/bump,False,tech_debt
112837,112835,fix(config/ini_config): replase outdated _parse_ini_settings with _parse_settings,fix,config/ini_config,False,bug_fixes
113164,113162,"docs(check): check documentation

add the documentation for the check command in the docs directory",docs,check,False,docs
945,943,"build(deps): bump virtualenv from 20.35.4 to 20.36.1

Bumps [virtualenv](https://github.com/pypa/virtualenv) from 20.35.4 to 20.36.1.
- [Release notes](https://github.com/pypa/virtualenv/releases)
- [Changelog](https://github.com/pypa/virtualenv/blob/main/docs/changelog.rst)
- [Commits](https://github.com/pypa/virtualenv/compare/20.35.4...20.36.1)

---
updated-dependencies:
- dependency-name: virtualenv
  dependency-version: 20.36.1
  dependency-type: indirect
...

Signed-off-by: dependabot[bot] <support@github.com>",build,deps,False,tech_debt
1338,1336,fix(config): fix contains_commitizen_section failing for completely empty files,fix,config,False,bug_fixes
1796,1794,refactor: extract interactive GIF generation into separate script,refactor,,False,tech_debt
2412,2410,fix: align naming convension,fix,,False,bug_fixes
3763,3761,"refactor: replace hard-coded string ""cz_conventional_commits"" with DEFAULT_SETTINGS",refactor,,False,tech_debt
4109,4107,"Revert ""fix(pre-commit-hooks): remove magic constants on pre-push hook (#1815)""

This reverts commit 047c914f072a781c6daa1280f929f5a81a985690.",other,,False,other
5407,5405,test(commit): extract fixtures to dedup logic in tests,test,commit,False,tech_debt
5965,5963,docs(auto_check): update installation instructions to include 'prek' as an alternative to 'pre-commit',docs,auto_check,False,docs
7701,7699,docs(config/configuration_file.md): fix indent,docs,config/configuration_file.md,False,docs
7728,7726,test: upgrade min pytest to 9 and use native toml configuration,test,,False,tech_debt
8357,8355,docs(commands/bump.md): moved reference links at the end of file,docs,commands/bump.md,False,docs
8685,8683,docs: add warning about future removal of cz_customize,docs,,False,docs
8809,8807,ci: use more workers to speed up tests in pipeline,ci,,False,tech_debt
8991,8989,fix: update tox configuration to use dependency groups for test environment,fix,,False,bug_fixes
9190,9188,test(snapshots): regenerate snapshots for all Python versions,test,snapshots,False,tech_debt
9557,9555,test(commands): centralize all --help tests in a file to dedup code,test,commands,False,tech_debt
9639,9637,build(tox): do not use poetry anymore and use the builtin `dependency-group` support,build,tox,False,tech_debt
9916,9914,ci: fix syntax error in links.yml workflow,ci,,False,tech_debt
10096,10094,build: update dev dependencies,build,,False,tech_debt
10411,10409,test: remove skip_below_py_3_10,test,,False,tech_debt
10829,10827,refactor(changelog): raise NotAllow when file_name not passed instead of using assert,refactor,changelog,False,tech_debt
12662,12660,refactor(bump): rename parameter and variables,refactor,bump,False,tech_debt
13251,13249,"docs(exit-codes): general update

docs(exception): add comment for updating exit code doc",docs,exit-codes,False,docs
14402,14400,docs(faq): minor updates in faq and make features wont add a separate page,docs,faq,False,docs
15423,15421,docs(bump): check consistency warning minor update,docs,bump,False,docs
15969,15967,style: remove Python 3.9 compatible code,style,,False,tech_debt
16436,16434,build: update dev dependencies,build,,False,tech_debt
16444,16442,build(tox): add 3.14 support,build,tox,False,tech_debt
16460,16458,refactor(changelog): raise NotAllow when file_name not passed instead of using assert,refactor,changelog,False,tech_debt
16609,16607,refactor: remove unnecessary class member tag_format,refactor,,False,tech_debt
17366,17364,refactor(hooks): refactor to improve readability,refactor,hooks,False,tech_debt
18875,18873,"refactor(RestructuredTest): rename variable, fix typo and remove unnecessary string copy",refactor,RestructuredTest,False,tech_debt
19478,19476,"refactor(BaseConfig): update docstring, extract factory method and remove unnecessary variable assignment",refactor,BaseConfig,False,tech_debt
20034,20032,refactor(bump): cleanup related to update_version_file,refactor,bump,False,tech_debt
20428,20426,test(Init): improve coverage for _ask_tag_format,test,Init,False,tech_debt
20436,20434,"fix(ExitCode): add from_str in ExitCode and replace parse_no_raise with it

Warn if a given decimal string is not in range",fix,ExitCode,False,bug_fixes
20444,20442,"fix(Init): fix a typo in _ask_version_provider options and remove unnecessary filter, use named tuple for options",fix,Init,False,bug_fixes
20532,20530,"fix(init): use pre-push as pre-commit stage

Original ""push"" stage has been deprecated since pre-commit v3.2.0. See https://github.com/pre-commit/pre-commit/issues/2732 and https://github.com/pre-commit/pre-commit/pull/2808 for detailed information.",fix,init,False,bug_fixes
20772,20770,"ci(deps): bump actions/github-script from 7 to 8

Bumps [actions/github-script](https://github.com/actions/github-script) from 7 to 8.
- [Release notes](https://github.com/actions/github-script/releases)
- [Commits](https://github.com/actions/github-script/compare/v7...v8)

---
updated-dependencies:
- dependency-name: actions/github-script
  dependency-version: '8'
  dependency-type: direct:production
  update-type: version-update:semver-major
...

Signed-off-by: dependabot[bot] <support@github.com>",ci,deps,False,tech_debt
21534,21532,"feat(conventional_commits): allow exclamation in title on BC

Add a configuration (disable by default) to allow exclamation in
commit title to ease identify BC simple git log parsing.

Signed-off-by: Sebastien Fusilier <sebastien.fusilier@gmail.com>",feat,conventional_commits,False,feature_work
22000,21998,"test(init): check ""pre-"" is showing in outputs",test,init,False,tech_debt
22056,22054,"docs(customization.md): fix grammar mistake, add title to code blocks",docs,customization.md,False,docs
22145,22143,docs(README): ensure line break,docs,README,False,docs
22400,22398,ci(github-actions): fix sponsorship page generation,ci,github-actions,False,tech_debt
22663,22661,fix(changelog): resolved tpl.filename type,fix,changelog,False,bug_fixes
22934,22932,"fix: raise NoVersionSpecifiedError if version is None, and adjust call sites of get_version",fix,,False,bug_fixes
23206,23204,refactor(ExpectedExit): make the constructor more compact,refactor,ExpectedExit,False,tech_debt
23338,23336,"fix(ExitCode): add from_str in ExitCode and replace parse_no_raise with it

Warn if a given decimal string is not in range",fix,ExitCode,False,bug_fixes
24034,24032,"docs(customization.md): fix grammar mistake, add title to code blocks",docs,customization.md,False,docs
24566,24564,test(Init): cover _ask_tag test,test,Init,False,tech_debt
25492,25490,refactor(git): extract _create_commit_cmd_string,refactor,git,False,tech_debt
25621,25619,style(ruff): resolve F401,style,ruff,False,tech_debt
25645,25643,refactor(BaseCommitizen): remove unused process_commit,refactor,BaseCommitizen,False,tech_debt
25853,25851,style(changelog): add TODO to fixable type ignores,style,changelog,False,tech_debt
25968,25966,test(commit): when nothing is added to commit,test,commit,False,tech_debt
26096,26094,"refactor(changelog): better typing, yield",refactor,changelog,False,tech_debt
26272,26270,refactor(bump): TypedDict for bump argument,refactor,bump,False,tech_debt
26280,26278,refactor(changelog): type untyped arguments,refactor,changelog,False,tech_debt
26288,26286,refactor(check): remove unused argument,refactor,check,False,tech_debt
26629,26627,style(changelog): rename parameter for consistency,style,changelog,False,tech_debt
26669,26667,style(cli): rename kwarg to values,style,cli,False,tech_debt
27087,27085,refactor(bump): simplify nested if,refactor,bump,False,tech_debt
28390,28388,refactor(commit): simplify call,refactor,commit,False,tech_debt
28454,28452,refactor(BaseConfig): use setter,refactor,BaseConfig,False,tech_debt
28470,28468,"refactor(bump): add type for out, replace function with re escape",refactor,bump,False,tech_debt
28550,28548,build(poetry): regenerate lock file,build,poetry,False,tech_debt
28816,28814,build(deps-dev): bump mypy to 1.16.0,build,deps-dev,False,tech_debt
29086,29084,"fix(defaults): add non-capitalized default constants back and deprecated warning

relates #1446",fix,defaults,False,bug_fixes
29094,29092,refactor: misc cleanup,refactor,,False,tech_debt
29302,29300,refactor: fix mypy output and better type,refactor,,False,tech_debt
29326,29324,style: remove unnecessary noqa,style,,False,tech_debt
29342,29340,style: remove Union,style,,False,tech_debt
29615,29613,style: replace dict with Mapping,style,,False,tech_debt
30171,30169,"refactor(bump): add type for out, replace function with re escape",refactor,bump,False,tech_debt
30622,30620,fix(BaseConfig): mypy error,fix,BaseConfig,False,bug_fixes
31189,31187,test(changelog): cover more smart tag range test cases,test,changelog,False,tech_debt
31612,31610,test(git): add test for from_rev_and_commit,test,git,False,tech_debt
31628,31626,refactor(EOLType): add eol enum back and reorganize methods,refactor,EOLType,False,tech_debt
32105,32103,refactor(bump): eliminate similar patterns in code,refactor,bump,False,tech_debt
32177,32175,refactor(conventional_commits): make schema_pattern more readable,refactor,conventional_commits,False,tech_debt
32185,32183,refactor(conventional_commits): use TypedDict for answers,refactor,conventional_commits,False,tech_debt
32331,32329,docs(pre-commit): add taplo to pre-commit hook,docs,pre-commit,False,docs
32531,32529,"refactor(changelog): better typing, yield",refactor,changelog,False,tech_debt
33425,33423,test(test_git): mock os,test,test_git,False,tech_debt
35726,35724,"fix: ignore invalid tags

Starting in 4.4.0 due to #1297 when an invalid tag is present an exception is thrown

This commit ignores the invalid tags

Follow up from #1375",fix,,False,bug_fixes
36278,36276,docs(cli): align cli output with docs,docs,cli,False,docs
36337,36335,docs(pull_request_template): add broken link check to the checklist,docs,pull_request_template,False,docs
37112,37110,test(test_changelog_command.py): add test for changelog file_name construction from args and config,test,test_changelog_command.py,False,tech_debt
37173,37171,test(test_changelog_command.py): add test for changelog file_name construction from args and config,test,test_changelog_command.py,False,tech_debt
37303,37301,test(test_changelog_command.py): add test for changelog file_name construction from args and config,test,test_changelog_command.py,False,tech_debt
39503,39501,build(poetry): group dependencies,build,poetry,False,tech_debt
39609,39607,docs(hooks): fix missing link,docs,hooks,False,docs
39898,39896,"build(deps-dev): bump pre-commit from 4.0.1 to 4.1.0

Bumps [pre-commit](https://github.com/pre-commit/pre-commit) from 4.0.1 to 4.1.0.
- [Release notes](https://github.com/pre-commit/pre-commit/releases)
- [Changelog](https://github.com/pre-commit/pre-commit/blob/main/CHANGELOG.md)
- [Commits](https://github.com/pre-commit/pre-commit/compare/v4.0.1...v4.1.0)

---
updated-dependencies:
- dependency-name: pre-commit
  dependency-type: direct:development
  update-type: version-update:semver-minor
...

Signed-off-by: dependabot[bot] <support@github.com>",build,deps-dev,False,tech_debt
40108,40106,"build(deps-dev): bump pytest-regressions from 2.6.0 to 2.7.0

Bumps [pytest-regressions](https://github.com/ESSS/pytest-regressions) from 2.6.0 to 2.7.0.
- [Release notes](https://github.com/ESSS/pytest-regressions/releases)
- [Changelog](https://github.com/ESSS/pytest-regressions/blob/master/CHANGELOG.rst)
- [Commits](https://github.com/ESSS/pytest-regressions/compare/v2.6.0...v2.7.0)

---
updated-dependencies:
- dependency-name: pytest-regressions
  dependency-type: direct:development
  update-type: version-update:semver-minor
...

Signed-off-by: dependabot[bot] <support@github.com>",build,deps-dev,False,tech_debt
41088,41086,"build(deps): bump jinja2 from 3.1.4 to 3.1.5

Bumps [jinja2](https://github.com/pallets/jinja) from 3.1.4 to 3.1.5.
- [Release notes](https://github.com/pallets/jinja/releases)
- [Changelog](https://github.com/pallets/jinja/blob/main/CHANGES.rst)
- [Commits](https://github.com/pallets/jinja/compare/3.1.4...3.1.5)

---
updated-dependencies:
- dependency-name: jinja2
  dependency-type: direct:production
  update-type: version-update:semver-patch
...

Signed-off-by: dependabot[bot] <support@github.com>",build,deps,False,tech_debt
41292,41290,"build(deps-dev): bump pytest-freezer from 0.4.8 to 0.4.9

Bumps [pytest-freezer](https://github.com/pytest-dev/pytest-freezer) from 0.4.8 to 0.4.9.
- [Release notes](https://github.com/pytest-dev/pytest-freezer/releases)
- [Commits](https://github.com/pytest-dev/pytest-freezer/compare/0.4.8...0.4.9)

---
updated-dependencies:
- dependency-name: pytest-freezer
  dependency-type: direct:development
  update-type: version-update:semver-patch
...

Signed-off-by: dependabot[bot] <support@github.com>",build,deps-dev,False,tech_debt
41922,41920,"build(deps-dev): bump pre-commit from 3.8.0 to 4.0.1

Bumps [pre-commit](https://github.com/pre-commit/pre-commit) from 3.8.0 to 4.0.1.
- [Release notes](https://github.com/pre-commit/pre-commit/releases)
- [Changelog](https://github.com/pre-commit/pre-commit/blob/main/CHANGELOG.md)
- [Commits](https://github.com/pre-commit/pre-commit/compare/v3.8.0...v4.0.1)

---
updated-dependencies:
- dependency-name: pre-commit
  dependency-type: direct:development
  update-type: version-update:semver-major
...

Signed-off-by: dependabot[bot] <support@github.com>",build,deps-dev,False,tech_debt
41976,41974,"build(deps-dev): bump pytest-cov from 5.0.0 to 6.0.0

Bumps [pytest-cov](https://github.com/pytest-dev/pytest-cov) from 5.0.0 to 6.0.0.
- [Changelog](https://github.com/pytest-dev/pytest-cov/blob/master/CHANGELOG.rst)
- [Commits](https://github.com/pytest-dev/pytest-cov/compare/v5.0.0...v6.0.0)

---
updated-dependencies:
- dependency-name: pytest-cov
  dependency-type: direct:development
  update-type: version-update:semver-major
...

Signed-off-by: dependabot[bot] <support@github.com>",build,deps-dev,False,tech_debt
43405,43403,"build(deps-dev): bump mkdocs-material from 9.5.36 to 9.5.37

Bumps [mkdocs-material](https://github.com/squidfunk/mkdocs-material) from 9.5.36 to 9.5.37.
- [Release notes](https://github.com/squidfunk/mkdocs-material/releases)
- [Changelog](https://github.com/squidfunk/mkdocs-material/blob/master/CHANGELOG)
- [Commits](https://github.com/squidfunk/mkdocs-material/compare/9.5.36...9.5.37)

---
updated-dependencies:
- dependency-name: mkdocs-material
  dependency-type: direct:development
  update-type: version-update:semver-patch
...

Signed-off-by: dependabot[bot] <support@github.com>",build,deps-dev,False,tech_debt
44166,44164,"build(deps-dev): bump ruff from 0.6.9 to 0.7.0

Bumps [ruff](https://github.com/astral-sh/ruff) from 0.6.9 to 0.7.0.
- [Release notes](https://github.com/astral-sh/ruff/releases)
- [Changelog](https://github.com/astral-sh/ruff/blob/main/CHANGELOG.md)
- [Commits](https://github.com/astral-sh/ruff/compare/0.6.9...0.7.0)

---
updated-dependencies:
- dependency-name: ruff
  dependency-type: direct:development
  update-type: version-update:semver-minor
...

Signed-off-by: dependabot[bot] <support@github.com>",build,deps-dev,False,tech_debt
45377,45375,"build(deps-dev): bump mkdocs-material from 9.5.36 to 9.5.37

Bumps [mkdocs-material](https://github.com/squidfunk/mkdocs-material) from 9.5.36 to 9.5.37.
- [Release notes](https://github.com/squidfunk/mkdocs-material/releases)
- [Changelog](https://github.com/squidfunk/mkdocs-material/blob/master/CHANGELOG)
- [Commits](https://github.com/squidfunk/mkdocs-material/compare/9.5.36...9.5.37)

---
updated-dependencies:
- dependency-name: mkdocs-material
  dependency-type: direct:development
  update-type: version-update:semver-patch
...

Signed-off-by: dependabot[bot] <support@github.com>",build,deps-dev,False,tech_debt
45581,45579,"build(deps-dev): bump types-pyyaml

Bumps [types-pyyaml](https://github.com/python/typeshed) from 6.0.12.20240808 to 6.0.12.20240917.
- [Commits](https://github.com/python/typeshed/commits)

---
updated-dependencies:
- dependency-name: types-pyyaml
  dependency-type: direct:development
  update-type: version-update:semver-patch
...

Signed-off-by: dependabot[bot] <support@github.com>",build,deps-dev,False,tech_debt
46885,46883,"docs(readme): fix 'pip install Commitizen' to 'commitizen'

Signed-off-by: Adrian DC <radian.dc@gmail.com>",docs,readme,False,docs
47156,47154,"build(deps-dev): bump ruff from 0.5.7 to 0.6.0

Bumps [ruff](https://github.com/astral-sh/ruff) from 0.5.7 to 0.6.0.
- [Release notes](https://github.com/astral-sh/ruff/releases)
- [Changelog](https://github.com/astral-sh/ruff/blob/main/CHANGELOG.md)
- [Commits](https://github.com/astral-sh/ruff/compare/0.5.7...0.6.0)

---
updated-dependencies:
- dependency-name: ruff
  dependency-type: direct:development
  update-type: version-update:semver-minor
...

Signed-off-by: dependabot[bot] <support@github.com>",build,deps-dev,False,tech_debt
47679,47677,"build(deps-dev): bump types-pyyaml

Bumps [types-pyyaml](https://github.com/python/typeshed) from 6.0.12.20240724 to 6.0.12.20240808.
- [Commits](https://github.com/python/typeshed/commits)

---
updated-dependencies:
- dependency-name: types-pyyaml
  dependency-type: direct:development
  update-type: version-update:semver-patch
...

Signed-off-by: dependabot[bot] <support@github.com>",build,deps-dev,False,tech_debt
47922,47920,"build(deps): bump argcomplete from 3.4.0 to 3.5.0

Bumps [argcomplete](https://github.com/kislyuk/argcomplete) from 3.4.0 to 3.5.0.
- [Release notes](https://github.com/kislyuk/argcomplete/releases)
- [Changelog](https://github.com/kislyuk/argcomplete/blob/develop/Changes.rst)
- [Commits](https://github.com/kislyuk/argcomplete/compare/v3.4.0...v3.5.0)

---
updated-dependencies:
- dependency-name: argcomplete
  dependency-type: direct:production
  update-type: version-update:semver-minor
...

Signed-off-by: dependabot[bot] <support@github.com>",build,deps,False,tech_debt
48316,48314,"build(deps-dev): bump ruff from 0.5.4 to 0.5.5

Bumps [ruff](https://github.com/astral-sh/ruff) from 0.5.4 to 0.5.5.
- [Release notes](https://github.com/astral-sh/ruff/releases)
- [Changelog](https://github.com/astral-sh/ruff/blob/main/CHANGELOG.md)
- [Commits](https://github.com/astral-sh/ruff/compare/0.5.4...0.5.5)

---
updated-dependencies:
- dependency-name: ruff
  dependency-type: direct:development
  update-type: version-update:semver-patch
...

Signed-off-by: dependabot[bot] <support@github.com>",build,deps-dev,False,tech_debt
48622,48620,"build(deps-dev): bump ruff from 0.5.3 to 0.5.4

Bumps [ruff](https://github.com/astral-sh/ruff) from 0.5.3 to 0.5.4.
- [Release notes](https://github.com/astral-sh/ruff/releases)
- [Changelog](https://github.com/astral-sh/ruff/blob/main/CHANGELOG.md)
- [Commits](https://github.com/astral-sh/ruff/compare/0.5.3...0.5.4)

---
updated-dependencies:
- dependency-name: ruff
  dependency-type: direct:development
  update-type: version-update:semver-patch
...

Signed-off-by: dependabot[bot] <support@github.com>",build,deps-dev,False,tech_debt
51507,51505,"

---
updated-dependencies:
- dependency-name: mkdocs-material
  dependency-type: direct:development
  update-type: version-update:semver-patch
...

Signed-off-by: dependabot[bot] <support@github.com>",other,,False,other
51589,51587,"feat(config_files): add suport for ""cz.toml"" config file",feat,config_files,False,feature_work
51746,51744,build: remove black and use only ruff,build,,False,tech_debt
54536,54534,"build(deps-dev): bump mkdocs from 1.5.3 to 1.6.0

Bumps [mkdocs](https://github.com/mkdocs/mkdocs) from 1.5.3 to 1.6.0.
- [Release notes](https://github.com/mkdocs/mkdocs/releases)
- [Commits](https://github.com/mkdocs/mkdocs/compare/1.5.3...1.6.0)

---
updated-dependencies:
- dependency-name: mkdocs
  dependency-type: direct:development
  update-type: version-update:semver-minor
...

Signed-off-by: dependabot[bot] <support@github.com>",build,deps-dev,False,tech_debt
56911,56909,Merge branch 'commitizen-tools:master' into #572-LYC,other,,False,other
57824,57822,refactor(utils): move backup path creation to utils,refactor,utils,False,tech_debt
57840,57838,refactor(commit): remove unused tempfile import,refactor,commit,False,tech_debt
58757,58755,"build(deps-dev): bump pytest from 8.0.2 to 8.1.1

Bumps [pytest](https://github.com/pytest-dev/pytest) from 8.0.2 to 8.1.1.
- [Release notes](https://github.com/pytest-dev/pytest/releases)
- [Changelog](https://github.com/pytest-dev/pytest/blob/main/CHANGELOG.rst)
- [Commits](https://github.com/pytest-dev/pytest/compare/8.0.2...8.1.1)

---
updated-dependencies:
- dependency-name: pytest
  dependency-type: direct:development
  update-type: version-update:semver-minor
...

Signed-off-by: dependabot[bot] <support@github.com>",build,deps-dev,False,tech_debt
59170,59168,fix(bump): pre and post bump hooks were failing when an increment was provided (fix #1004),fix,bump,False,bug_fixes
59655,59653,"build(deps-dev): bump mkdocs-material from 9.5.11 to 9.5.12

Bumps [mkdocs-material](https://github.com/squidfunk/mkdocs-material) from 9.5.11 to 9.5.12.
- [Release notes](https://github.com/squidfunk/mkdocs-material/releases)
- [Changelog](https://github.com/squidfunk/mkdocs-material/blob/master/CHANGELOG)
- [Commits](https://github.com/squidfunk/mkdocs-material/compare/9.5.11...9.5.12)

---
updated-dependencies:
- dependency-name: mkdocs-material
  dependency-type: direct:development
  update-type: version-update:semver-patch
...

Signed-off-by: dependabot[bot] <support@github.com>",build,deps-dev,False,tech_debt
60660,60658,"build(deps-dev): bump ruff from 0.2.0 to 0.2.1

Bumps [ruff](https://github.com/astral-sh/ruff) from 0.2.0 to 0.2.1.
- [Release notes](https://github.com/astral-sh/ruff/releases)
- [Changelog](https://github.com/astral-sh/ruff/blob/main/CHANGELOG.md)
- [Commits](https://github.com/astral-sh/ruff/compare/v0.2.0...v0.2.1)

---
updated-dependencies:
- dependency-name: ruff
  dependency-type: direct:development
  update-type: version-update:semver-patch
...

Signed-off-by: dependabot[bot] <support@github.com>",build,deps-dev,False,tech_debt
60895,60893,"fix(bump): change --exact-increment to --increment-mode

This provides some future proofing for implementing new version progression behaviors",fix,bump,False,bug_fixes
64469,64467,"build(deps-dev): bump pytest from 7.4.2 to 7.4.3

Bumps [pytest](https://github.com/pytest-dev/pytest) from 7.4.2 to 7.4.3.
- [Release notes](https://github.com/pytest-dev/pytest/releases)
- [Changelog](https://github.com/pytest-dev/pytest/blob/main/CHANGELOG.rst)
- [Commits](https://github.com/pytest-dev/pytest/compare/7.4.2...7.4.3)

---
updated-dependencies:
- dependency-name: pytest
  dependency-type: direct:development
  update-type: version-update:semver-patch
...

Signed-off-by: dependabot[bot] <support@github.com>",build,deps-dev,False,tech_debt
64798,64796,"build(deps-dev): bump ruff from 0.0.292 to 0.1.4

Bumps [ruff](https://github.com/astral-sh/ruff) from 0.0.292 to 0.1.4.
- [Release notes](https://github.com/astral-sh/ruff/releases)
- [Changelog](https://github.com/astral-sh/ruff/blob/main/CHANGELOG.md)
- [Commits](https://github.com/astral-sh/ruff/compare/v0.0.292...v0.1.4)

---
updated-dependencies:
- dependency-name: ruff
  dependency-type: direct:development
  update-type: version-update:semver-minor
...

Signed-off-by: dependabot[bot] <support@github.com>",build,deps-dev,False,tech_debt
65124,65122,"build(deps-dev): bump mypy from 1.6.0 to 1.6.1

Bumps [mypy](https://github.com/python/mypy) from 1.6.0 to 1.6.1.
- [Changelog](https://github.com/python/mypy/blob/master/CHANGELOG.md)
- [Commits](https://github.com/python/mypy/compare/v1.6.0...v1.6.1)

---
updated-dependencies:
- dependency-name: mypy
  dependency-type: direct:development
  update-type: version-update:semver-patch
...

Signed-off-by: dependabot[bot] <support@github.com>",build,deps-dev,False,tech_debt
65306,65304,"build(deps-dev): bump ruff from 0.0.292 to 0.1.0

Bumps [ruff](https://github.com/astral-sh/ruff) from 0.0.292 to 0.1.0.
- [Release notes](https://github.com/astral-sh/ruff/releases)
- [Changelog](https://github.com/astral-sh/ruff/blob/main/CHANGELOG.md)
- [Commits](https://github.com/astral-sh/ruff/compare/v0.0.292...v0.1.0)

---
updated-dependencies:
- dependency-name: ruff
  dependency-type: direct:development
  update-type: version-update:semver-minor
...

Signed-off-by: dependabot[bot] <support@github.com>",build,deps-dev,False,tech_debt
66303,66301,"build(deps-dev): bump pytest-regressions from 2.4.3 to 2.5.0

Bumps [pytest-regressions](https://github.com/ESSS/pytest-regressions) from 2.4.3 to 2.5.0.
- [Release notes](https://github.com/ESSS/pytest-regressions/releases)
- [Changelog](https://github.com/ESSS/pytest-regressions/blob/master/CHANGELOG.rst)
- [Commits](https://github.com/ESSS/pytest-regressions/compare/2.4.3...2.5.0)

---
updated-dependencies:
- dependency-name: pytest-regressions
  dependency-type: direct:development
  update-type: version-update:semver-minor
...

Signed-off-by: dependabot[bot] <support@github.com>",build,deps-dev,False,tech_debt
66877,66875,docs: typo - version_provider vs provider,docs,,False,docs
67222,67220,"ci(deps): bump actions/checkout from 3 to 4

Bumps [actions/checkout](https://github.com/actions/checkout) from 3 to 4.
- [Release notes](https://github.com/actions/checkout/releases)
- [Changelog](https://github.com/actions/checkout/blob/main/CHANGELOG.md)
- [Commits](https://github.com/actions/checkout/compare/v3...v4)

---
updated-dependencies:
- dependency-name: actions/checkout
  dependency-type: direct:production
  update-type: version-update:semver-major
...

Signed-off-by: dependabot[bot] <support@github.com>",ci,deps,False,tech_debt
67333,67331,"build(deps-dev): bump ruff from 0.0.286 to 0.0.287

Bumps [ruff](https://github.com/astral-sh/ruff) from 0.0.286 to 0.0.287.
- [Release notes](https://github.com/astral-sh/ruff/releases)
- [Changelog](https://github.com/astral-sh/ruff/blob/main/BREAKING_CHANGES.md)
- [Commits](https://github.com/astral-sh/ruff/compare/v0.0.286...v0.0.287)

---
updated-dependencies:
- dependency-name: ruff
  dependency-type: direct:development
  update-type: version-update:semver-patch
...

Signed-off-by: dependabot[bot] <support@github.com>",build,deps-dev,False,tech_debt
67580,67578,"refactor(tests): split provider tests into separate files for maintainability

closes #812",refactor,tests,False,tech_debt
67683,67681,refactor(provider): fully qualify import of commitizen.providers.base_provider,refactor,provider,False,tech_debt
67723,67721,"refactor(provider): split providers into separate files for maintainability

closes #812",refactor,provider,False,tech_debt
67843,67841,Merge branch 'master' into chore/provider-refactor,other,,False,other
68088,68086,"build(deps-dev): bump ruff from 0.0.285 to 0.0.286

Bumps [ruff](https://github.com/astral-sh/ruff) from 0.0.285 to 0.0.286.
- [Release notes](https://github.com/astral-sh/ruff/releases)
- [Changelog](https://github.com/astral-sh/ruff/blob/main/BREAKING_CHANGES.md)
- [Commits](https://github.com/astral-sh/ruff/compare/v0.0.285...v0.0.286)

---
updated-dependencies:
- dependency-name: ruff
  dependency-type: direct:development
  update-type: version-update:semver-patch
...

Signed-off-by: dependabot[bot] <support@github.com>",build,deps-dev,False,tech_debt
68452,68450,fix(tests): modify the arg of commit from add to all,fix,tests,False,bug_fixes
68824,68822,fix(tests): completed test coverage for npm2,fix,tests,False,bug_fixes
68848,68846,"fix(provider): fix npm version provider to update package-lock.json and npm-shrinkwrap.json if they exist

closes #804",fix,provider,False,bug_fixes
70860,70858,"build(deps-dev): bump ruff from 0.0.277 to 0.0.278

Bumps [ruff](https://github.com/astral-sh/ruff) from 0.0.277 to 0.0.278.
- [Release notes](https://github.com/astral-sh/ruff/releases)
- [Changelog](https://github.com/astral-sh/ruff/blob/main/BREAKING_CHANGES.md)
- [Commits](https://github.com/astral-sh/ruff/compare/v0.0.277...v0.0.278)

---
updated-dependencies:
- dependency-name: ruff
  dependency-type: direct:development
  update-type: version-update:semver-patch
...

Signed-off-by: dependabot[bot] <support@github.com>",build,deps-dev,False,tech_debt
71684,71682,fix(veresion_schemes): import missing Self for python 3.11,fix,veresion_schemes,False,bug_fixes
71792,71790,"build(deps-dev): bump ruff from 0.0.262 to 0.0.274

Bumps [ruff](https://github.com/astral-sh/ruff) from 0.0.262 to 0.0.274.
- [Release notes](https://github.com/astral-sh/ruff/releases)
- [Changelog](https://github.com/astral-sh/ruff/blob/main/BREAKING_CHANGES.md)
- [Commits](https://github.com/astral-sh/ruff/compare/v0.0.262...v0.0.274)

---
updated-dependencies:
- dependency-name: ruff
  dependency-type: direct:development
  update-type: version-update:semver-patch
...

Signed-off-by: dependabot[bot] <support@github.com>",build,deps-dev,False,tech_debt
71906,71904,"build(deps-dev): bump mypy from 0.931 to 1.4.0

Bumps [mypy](https://github.com/python/mypy) from 0.931 to 1.4.0.
- [Commits](https://github.com/python/mypy/compare/v0.931...v1.4.0)

---
updated-dependencies:
- dependency-name: mypy
  dependency-type: direct:development
  update-type: version-update:semver-major
...

Signed-off-by: dependabot[bot] <support@github.com>",build,deps-dev,False,tech_debt
72717,72715,"build(poetry)(deps): bump tomlkit from 0.11.7 to 0.11.8

Bumps [tomlkit](https://github.com/sdispater/tomlkit) from 0.11.7 to 0.11.8.
- [Release notes](https://github.com/sdispater/tomlkit/releases)
- [Changelog](https://github.com/sdispater/tomlkit/blob/master/CHANGELOG.md)
- [Commits](https://github.com/sdispater/tomlkit/compare/0.11.7...0.11.8)

---
updated-dependencies:
- dependency-name: tomlkit
  dependency-type: direct:production
  update-type: version-update:semver-patch
...

Signed-off-by: dependabot[bot] <support@github.com>",other,,False,other
73079,73077,docs(commit): link to prepare-commit-msg hook tutorial,docs,commit,False,docs
74018,74016,"build(poetry)(deps-dev): bump types-pyyaml from 5.4.12 to 6.0.12.9

Bumps [types-pyyaml](https://github.com/python/typeshed) from 5.4.12 to 6.0.12.9.
- [Release notes](https://github.com/python/typeshed/releases)
- [Commits](https://github.com/python/typeshed/commits)

---
updated-dependencies:
- dependency-name: types-pyyaml
  dependency-type: direct:development
  update-type: version-update:semver-major
...

Signed-off-by: dependabot[bot] <support@github.com>",other,,False,other
74340,74338,"feat(providers): add support for some TOML-based versions (PEP621, Poetry, Cargo)",feat,providers,False,feature_work
74388,74386,feat(changelog): add merge_prereleases flag,feat,changelog,False,feature_work
74444,74442,docs(changelog): add dry-run examples,docs,changelog,False,docs
74460,74458,docs(bump): improve description of bumping,docs,bump,False,docs
75586,75584,refactor: set default_install_hook_types,refactor,,False,tech_debt
75682,75680,build(dev): update and fixes some dependencies,build,dev,False,tech_debt
75690,75688,build(poetry): relock poetry.lock,build,poetry,False,tech_debt
76089,76087,test: Some cleanup and fix if CWD not project root,test,,False,tech_debt
76097,76095,refactor: Move bump.normalize_tag to tags.tag_from_version,refactor,,False,tech_debt
76113,76111,"test: Clean up path fixtures

config_path and changelog_path rely on the modified CWD provided by
tmp_commitizen_project, so they should use this fixture.",test,,False,tech_debt
76292,76290,build: bump `pre-commit-hooks` hook,build,,False,tech_debt
76396,76394,build(poetry): bump `pydocstyle` dev dependency,build,poetry,False,tech_debt
77050,77048,build(poetry): relax argcomplete dependency to allow 2.1.x,build,poetry,False,tech_debt
268,266,"ci(deps): bump dorny/paths-filter from 3 to 4

Bumps [dorny/paths-filter](https://github.com/dorny/paths-filter) from 3 to 4.
- [Release notes](https://github.com/dorny/paths-filter/releases)
- [Changelog](https://github.com/dorny/paths-filter/blob/master/CHANGELOG.md)
- [Commits](https://github.com/dorny/paths-filter/compare/v3...v4)

---
updated-dependencies:
- dependency-name: dorny/paths-filter
  dependency-version: '4'
  dependency-type: direct:production
  update-type: version-update:semver-major
...

Signed-off-by: dependabot[bot] <support@github.com>",ci,deps,False,tech_debt
885,883,"build(deps): bump urllib3 from 2.6.2 to 2.6.3

Bumps [urllib3](https://github.com/urllib3/urllib3) from 2.6.2 to 2.6.3.
- [Release notes](https://github.com/urllib3/urllib3/releases)
- [Changelog](https://github.com/urllib3/urllib3/blob/main/CHANGES.rst)
- [Commits](https://github.com/urllib3/urllib3/compare/2.6.2...2.6.3)

---
updated-dependencies:
- dependency-name: urllib3
  dependency-version: 2.6.3
  dependency-type: indirect
...

Signed-off-by: dependabot[bot] <support@github.com>",build,deps,False,tech_debt
2734,2732,test: Remove another redundant assertion,test,,False,tech_debt
3438,3436,test: enable PT022,test,,False,tech_debt
4264,4262,fix: fix initialization error of BaseCommitizen in construct_choice_with_description,fix,,False,bug_fixes
4312,4310,fix: better logic,fix,,False,bug_fixes
5326,5324,test(check): shorten tests and dedup logic,test,check,False,tech_debt
5948,5946,feat(prek): support 'prek' as an alternative to 'pre-commit' in project_info,feat,prek,False,feature_work
6032,6030,docs(auto_check): clarify usage of pre-commit framework in instructions,docs,auto_check,False,docs
6390,6388,"fix(cli): move sys.excepthook override to correct line, rename 'type' parameter, fix no argv test",fix,cli,False,bug_fixes
6798,6796,docs(github_actions): improve github action tutorial page,docs,github_actions,False,docs
6898,6896,"fix(git): commit bodies with carriage returns are correctly split by line

This should enable us to correctly parse squashed commits made on an SCM server residing on a Windows OS.",fix,git,False,bug_fixes
7412,7410,Merge branch 'master' into fix-config-warning,other,,False,other
7522,7520,Merge branch 'master' into fix-config-warning,other,,False,other
8390,8388,docs(docs/config/version_provider.md): update version provider docs to use published package install,docs,docs/config/version_provider.md,False,docs
8861,8859,"ci(coverage): restore builds on `master`, fix Codecov coverage report and adds test analytics (fix #1606)",ci,coverage,False,tech_debt
9167,9165,build(tox): use `tox-uv` to automatically install required Python versions,build,tox,False,tech_debt
9525,9523,build: update dev dependencies,build,,False,tech_debt
9549,9547,style: remove Python 3.9 compatible code,style,,False,tech_debt
10120,10118,style: remove Python 3.9 compatible code,style,,False,tech_debt
10901,10899,"fix(cli): debug and no_raise can be used together in sys.excepthook

Closes #1294",fix,cli,False,bug_fixes
3332,3330,refactor(version_schemes): shorten generate_prerelease,refactor,version_schemes,False,tech_debt
3626,3624,test(changelog): add forgotten f in f-strings,test,changelog,False,tech_debt
3969,3967,fix(cli): capitalize the first characters of help texts and fix minor grammar errors,fix,cli,False,bug_fixes
5989,5987,refactor(project_info): enhance pre-commit check to support multiple tools,refactor,project_info,False,tech_debt
6013,6011,docs(auto_check): add tip for using pre-commit framework alongside prek,docs,auto_check,False,docs
6176,6174,build: switch configuration file to .cz.toml,build,,False,tech_debt
8206,8204,build: manually update uv.lock,build,,False,tech_debt
9044,9042,"feat: set executor type to ""uv"" in tool.poe section of pyproject.toml",feat,,False,feature_work
9454,9452,docs: remove incorrectedly reverted deleted content,docs,,False,docs
10821,10819,build: update dev dependencies,build,,False,tech_debt
11849,11847,Merge branch 'master' into feature/single-number-version,other,,False,other
12694,12692,"fix(bump): remove NotAllowed related to --get-next option, other related refactoring",fix,bump,False,bug_fixes
12750,12748,feat: Drop support for Python 3.9 as EOL reached and add Python 3.14 support,feat,,False,feature_work
13335,13333,refactor(bump): rename parameter and variables,refactor,bump,False,tech_debt
13367,13365,"fix(bump): remove NotAllowed related to --get-next option, other related refactoring",fix,bump,False,bug_fixes
13511,13509,"fix(cli): debug and no_raise can be used together in sys.excepthook

Closes #1294",fix,cli,False,bug_fixes
16553,16551,"fix(Init): raise InitFailedError on keyboard interrupt on pre-commit hook question, simplify logic, remove unreachable code path",fix,Init,False,bug_fixes
16745,16743,test: replace tmpdir with tmppath,test,,False,tech_debt
17657,17655,"refactor(commit): address PR review feedback

- Use internal out module for colored prompts instead of ANSI codes
  - Extract all duplicated questionary prompt handling into helper functions
  - Remove outdated backslash continuation reference from commit message
  - Add comprehensive tests for edge cases and error scenarios
  - Fix type annotations and import organization

Addresses feedback from @bearomorphism in PR #1630:
  - Lines 95-102: Replace ANSI colors with out.info/out.error
  - Lines 88-97, 200-209: Extract duplicated try/catch blocks
  - Clean up breaking change references",refactor,commit,False,tech_debt
18282,18280,refactor(BaseCommitizen): remove NotImplementedError and make them abstract method,refactor,BaseCommitizen,False,tech_debt
19311,19309,test(Init): add type hint and rename variable,test,Init,False,tech_debt
20284,20282,refactor(ParseArgs): simplify __call__ function body,refactor,ParseArgs,False,tech_debt
20324,20322,"fix(Changelog): fix _export_template variable type

Closes #1503",fix,Changelog,False,bug_fixes
20460,20458,refactor(Init): remove unnecessary methods from ProjectInfo and refactor _ask_tag,refactor,Init,False,tech_debt
20476,20474,"fix(init): use pre-push as pre-commit stage

Original ""push"" stage has been deprecated since pre-commit v3.2.0. See https://github.com/pre-commit/pre-commit/issues/2732 and https://github.com/pre-commit/pre-commit/pull/2808 for detailed information.",fix,init,False,bug_fixes
20540,20538,refactor(changelog): simplify logic for get_oldest_and_newest_rev,refactor,changelog,False,tech_debt
20880,20878,"ci(deps): bump actions/labeler from 5 to 6

Bumps [actions/labeler](https://github.com/actions/labeler) from 5 to 6.
- [Release notes](https://github.com/actions/labeler/releases)
- [Commits](https://github.com/actions/labeler/compare/v5...v6)

---
updated-dependencies:
- dependency-name: actions/labeler
  dependency-version: '6'
  dependency-type: direct:production
  update-type: version-update:semver-major
...

Signed-off-by: dependabot[bot] <support@github.com>",ci,deps,False,tech_debt
21563,21561,"fix(test): set terminal width for cli tests

Force consistent terminal width for tests to avoid wrapping differences
between single and multi-worker pytest modes

Signed-off-by: Sebastien Fusilier <sebastien.fusilier@gmail.com>",fix,test,False,bug_fixes
22064,22062,docs(bump.md): add titles to code blocks and fix minor grammar issues,docs,bump.md,False,docs
22781,22779,ci(github-actions): set organization to true for JamesIves/github-sponsors-readme-action@v1,ci,github-actions,False,tech_debt
23757,23755,fix(changelog): mark get_smart_tag_range as deprecated,fix,changelog,False,bug_fixes
24882,24880,test(init): add yaml not a dict test case,test,init,False,tech_debt
24926,24924,test(changelog): cover more smart tag range test cases,test,changelog,False,tech_debt
25253,25251,"style: unify YAML quotes style

Signed-off-by: Adrian DC <radian.dc@gmail.com>",style,,False,tech_debt
25444,25442,build(poetry): upgrade mypy version to ^1.15.0,build,poetry,False,tech_debt
25468,25466,test(bump): improve test coverage,test,bump,False,tech_debt
25565,25563,build(deps-dev): bump mypy to 1.16.0,build,deps-dev,False,tech_debt
25685,25683,"refactor: make methods protected, better type",refactor,,False,tech_debt
25861,25859,style(cli): more specific type ignore,style,cli,False,tech_debt
25992,25990,docs(git): from_rev_and_commit docstring,docs,git,False,docs
26000,25998,refactor(EOLType): add eol enum back and reorganize methods,refactor,EOLType,False,tech_debt
26376,26374,style(changelog): add TODO to fixable type ignores,style,changelog,False,tech_debt
26605,26603,style(cli): shorten arg type,style,cli,False,tech_debt
26653,26651,style(changelog): add TODO to fixable type ignores,style,changelog,False,tech_debt
27011,27009,refactor(git): retype get_commits parameter to make it more friendly to call sites,refactor,git,False,tech_debt
28430,28428,refactor(EOLType): add eol enum back and reorganize methods,refactor,EOLType,False,tech_debt
29102,29100,refactor(git): extract _create_commit_cmd_string,refactor,git,False,tech_debt
30042,30040,refactor(BaseCommitizen): remove unused process_commit,refactor,BaseCommitizen,False,tech_debt
30139,30137,refactor(git): refactor get_tag_names,refactor,git,False,tech_debt
30235,30233,build(termcolor): remove termcolor <3 restriction,build,termcolor,False,tech_debt
30603,30601,style: add `-> None` to __init__,style,,False,tech_debt
30711,30709,style(cli): shorten arg type,style,cli,False,tech_debt
31156,31154,docs(init): rewrite commands init page,docs,init,False,docs
31828,31826,"style(ruff): run `ruff check --fix`

Auto fix RUF022 and RUF100",style,ruff,False,tech_debt
31988,31986,"refactor(commands): remove unused args, type version command args",refactor,commands,False,tech_debt
32193,32191,refactor(jira): refactor message,refactor,jira,False,tech_debt
34197,34195,refactor(version_scheme): cleanup,refactor,version_scheme,False,tech_debt
34491,34489,test(commit): when nothing is added to commit,test,commit,False,tech_debt
34704,34702,test(init): correctly mock is_pre_commit_installed,test,init,False,tech_debt
36556,36554,"docs(providers): update `cargo` explanation

Add `Cargo.lock` update information to the documentation.",docs,providers,False,docs
36699,36697,style(commands/check): improve type checking,style,commands/check,False,tech_debt
37097,37095,fix(changelog.py): modify the CHANGELOG.md generated by cz bump --changelog to the right place,fix,changelog.py,False,bug_fixes
38515,38513,fix(tags): fixes ImportError on Python >=3.11 (#1363),fix,tags,False,bug_fixes
38886,38884,ci(tox): add `test:all` command to run the test suite on all support Python versions using `tox`,ci,tox,False,tech_debt
39444,39442,"build(deps-dev): bump ruff from 0.9.3 to 0.9.4

Bumps [ruff](https://github.com/astral-sh/ruff) from 0.9.3 to 0.9.4.
- [Release notes](https://github.com/astral-sh/ruff/releases)
- [Changelog](https://github.com/astral-sh/ruff/blob/main/CHANGELOG.md)
- [Commits](https://github.com/astral-sh/ruff/compare/0.9.3...0.9.4)

---
updated-dependencies:
- dependency-name: ruff
  dependency-type: direct:development
  update-type: version-update:semver-patch
...

Signed-off-by: dependabot[bot] <support@github.com>",build,deps-dev,False,tech_debt
41394,41392,"build(deps-dev): bump mkdocs-material from 9.5.47 to 9.5.48

Bumps [mkdocs-material](https://github.com/squidfunk/mkdocs-material) from 9.5.47 to 9.5.48.
- [Release notes](https://github.com/squidfunk/mkdocs-material/releases)
- [Changelog](https://github.com/squidfunk/mkdocs-material/blob/master/CHANGELOG)
- [Commits](https://github.com/squidfunk/mkdocs-material/compare/9.5.47...9.5.48)

---
updated-dependencies:
- dependency-name: mkdocs-material
  dependency-type: direct:development
  update-type: version-update:semver-patch
...

Signed-off-by: dependabot[bot] <support@github.com>",build,deps-dev,False,tech_debt
41496,41494,"build(deps-dev): bump types-python-dateutil

Bumps [types-python-dateutil](https://github.com/python/typeshed) from 2.9.0.20241003 to 2.9.0.20241206.
- [Commits](https://github.com/python/typeshed/commits)

---
updated-dependencies:
- dependency-name: types-python-dateutil
  dependency-type: direct:development
  update-type: version-update:semver-patch
...

Signed-off-by: dependabot[bot] <support@github.com>",build,deps-dev,False,tech_debt
42767,42765,"build(deps): bump packaging from 24.1 to 24.2

Bumps [packaging](https://github.com/pypa/packaging) from 24.1 to 24.2.
- [Release notes](https://github.com/pypa/packaging/releases)
- [Changelog](https://github.com/pypa/packaging/blob/main/CHANGELOG.rst)
- [Commits](https://github.com/pypa/packaging/compare/24.1...24.2)

---
updated-dependencies:
- dependency-name: packaging
  dependency-type: direct:production
  update-type: version-update:semver-minor
...

Signed-off-by: dependabot[bot] <support@github.com>",build,deps,False,tech_debt
43261,43259,"build(deps-dev): bump ruff from 0.6.1 to 0.6.2

Bumps [ruff](https://github.com/astral-sh/ruff) from 0.6.1 to 0.6.2.
- [Release notes](https://github.com/astral-sh/ruff/releases)
- [Changelog](https://github.com/astral-sh/ruff/blob/main/CHANGELOG.md)
- [Commits](https://github.com/astral-sh/ruff/compare/0.6.1...0.6.2)

---
updated-dependencies:
- dependency-name: ruff
  dependency-type: direct:development
  update-type: version-update:semver-patch
...

Signed-off-by: dependabot[bot] <support@github.com>",build,deps-dev,False,tech_debt
43285,43283,"build(deps-dev): bump rich from 13.7.1 to 13.8.0

Bumps [rich](https://github.com/Textualize/rich) from 13.7.1 to 13.8.0.
- [Release notes](https://github.com/Textualize/rich/releases)
- [Changelog](https://github.com/Textualize/rich/blob/master/CHANGELOG.md)
- [Commits](https://github.com/Textualize/rich/compare/v13.7.1...v13.8.0)

---
updated-dependencies:
- dependency-name: rich
  dependency-type: direct:development
  update-type: version-update:semver-minor
...

Signed-off-by: dependabot[bot] <support@github.com>",build,deps-dev,False,tech_debt
43662,43660,"build(deps-dev): bump rich from 13.9.2 to 13.9.3

Bumps [rich](https://github.com/Textualize/rich) from 13.9.2 to 13.9.3.
- [Release notes](https://github.com/Textualize/rich/releases)
- [Changelog](https://github.com/Textualize/rich/blob/master/CHANGELOG.md)
- [Commits](https://github.com/Textualize/rich/compare/v13.9.2...v13.9.3)

---
updated-dependencies:
- dependency-name: rich
  dependency-type: direct:development
  update-type: version-update:semver-patch
...

Signed-off-by: dependabot[bot] <support@github.com>",build,deps-dev,False,tech_debt
44346,44344,"ci(deps): bump dawidd6/action-homebrew-bump-formula from 3 to 4

Bumps [dawidd6/action-homebrew-bump-formula](https://github.com/dawidd6/action-homebrew-bump-formula) from 3 to 4.
- [Release notes](https://github.com/dawidd6/action-homebrew-bump-formula/releases)
- [Commits](https://github.com/dawidd6/action-homebrew-bump-formula/compare/v3...v4)

---
updated-dependencies:
- dependency-name: dawidd6/action-homebrew-bump-formula
  dependency-type: direct:production
  update-type: version-update:semver-major
...

Signed-off-by: dependabot[bot] <support@github.com>",ci,deps,False,tech_debt
44699,44697,docs: update README to include conda,docs,,False,docs
45428,45426,"build(deps-dev): bump ruff from 0.6.5 to 0.6.7

Bumps [ruff](https://github.com/astral-sh/ruff) from 0.6.5 to 0.6.7.
- [Release notes](https://github.com/astral-sh/ruff/releases)
- [Changelog](https://github.com/astral-sh/ruff/blob/main/CHANGELOG.md)
- [Commits](https://github.com/astral-sh/ruff/compare/0.6.5...0.6.7)

---
updated-dependencies:
- dependency-name: ruff
  dependency-type: direct:development
  update-type: version-update:semver-patch
...

Signed-off-by: dependabot[bot] <support@github.com>",build,deps-dev,False,tech_debt
46529,46527,"feat(commitizen): document '--' double dash in '--help'

Signed-off-by: Adrian DC <radian.dc@gmail.com>",feat,commitizen,False,feature_work
47279,47277,"fix(pre-commit-hooks)!: allow empty ranges in 'commitizen-branch'

Details: Pushing the same history from 'develop' to 'staging' for
         example fails because range 'origin/HEAD..HEAD' is empty
> No commit found with range: 'origin/HEAD..HEAD'
---

Signed-off-by: Adrian DC <radian.dc@gmail.com>",fix,pre-commit-hooks,True,bug_fixes
47505,47503,"fix(commit): resolve 'always_signoff' configuration and '-s' CLI issues

If 'always_signoff' is enabled in configurations, or '-s' is used alone on the CLI,
the following errors arise due to 'git commit' argument failures :

> signoff mechanic is deprecated, please use `cz commit -- -s` instead.
> fatal: /tmp/...: '/tmp/... is outside repository at '...'

Signed-off-by: Adrian DC <radian.dc@gmail.com>",fix,commit,False,bug_fixes
47537,47535,"test(conftest): disable 'safe.directory' Git config for container bound sources

Details: The git sources folder ownership may be detected as dubious if running
         in a container with sources mounted to work on fixes and tests,
         breaking 'test_find_git_project_root' and 'test_get_commits_with_signature'
> commitizen.exceptions.GitCommandError: fatal: detected dubious ownership in repository at '...'
---

Signed-off-by: Adrian DC <radian.dc@gmail.com>",test,conftest,False,tech_debt
48469,48467,"build(deps): bump importlib-metadata from 8.0.0 to 8.1.0

Bumps [importlib-metadata](https://github.com/python/importlib_metadata) from 8.0.0 to 8.1.0.
- [Release notes](https://github.com/python/importlib_metadata/releases)
- [Changelog](https://github.com/python/importlib_metadata/blob/main/NEWS.rst)
- [Commits](https://github.com/python/importlib_metadata/compare/v8.0.0...v8.1.0)

---
updated-dependencies:
- dependency-name: importlib-metadata
  dependency-type: direct:production
  update-type: version-update:semver-minor
...

Signed-off-by: dependabot[bot] <support@github.com>",build,deps,False,tech_debt
48520,48518,"build(deps-dev): bump mkdocs-material from 9.5.29 to 9.5.30

Bumps [mkdocs-material](https://github.com/squidfunk/mkdocs-material) from 9.5.29 to 9.5.30.
- [Release notes](https://github.com/squidfunk/mkdocs-material/releases)
- [Changelog](https://github.com/squidfunk/mkdocs-material/blob/master/CHANGELOG)
- [Commits](https://github.com/squidfunk/mkdocs-material/compare/9.5.29...9.5.30)

---
updated-dependencies:
- dependency-name: mkdocs-material
  dependency-type: direct:development
  update-type: version-update:semver-patch
...

Signed-off-by: dependabot[bot] <support@github.com>",build,deps-dev,False,tech_debt
49282,49280,fix: remove comment,fix,,False,bug_fixes
49476,49474,build(deps): remove `importlib_metadata` for Python >=3.10,build,deps,False,tech_debt
50080,50078,"build(deps-dev): bump ruff from 0.4.8 to 0.4.9

Bumps [ruff](https://github.com/astral-sh/ruff) from 0.4.8 to 0.4.9.
- [Release notes](https://github.com/astral-sh/ruff/releases)
- [Changelog](https://github.com/astral-sh/ruff/blob/main/CHANGELOG.md)
- [Commits](https://github.com/astral-sh/ruff/compare/v0.4.8...v0.4.9)

---
updated-dependencies:
- dependency-name: ruff
  dependency-type: direct:development
  update-type: version-update:semver-patch
...

Signed-off-by: dependabot[bot] <support@github.com>",build,deps-dev,False,tech_debt
51173,51171,"ci: add tomli as additional dependency for codespell since config now is in pyproject.toml

Signed-off-by: Yaroslav Halchenko <debian@onerussian.com>",ci,,False,tech_debt
51382,51380,"fix(base.py): add encoding when open changlelog_file

#1110",fix,base.py,False,bug_fixes
52434,52432,"refactor(tests/commands): move ""other"" tests for the correspondent file",refactor,tests/commands,False,tech_debt
53362,53360,feat(providers): add rye version provider,feat,providers,False,feature_work
53520,53518,"build(deps): bump tomlkit from 0.12.4 to 0.12.5

Bumps [tomlkit](https://github.com/sdispater/tomlkit) from 0.12.4 to 0.12.5.
- [Release notes](https://github.com/sdispater/tomlkit/releases)
- [Changelog](https://github.com/python-poetry/tomlkit/blob/master/CHANGELOG.md)
- [Commits](https://github.com/sdispater/tomlkit/compare/0.12.4...0.12.5)

---
updated-dependencies:
- dependency-name: tomlkit
  dependency-type: direct:production
  update-type: version-update:semver-patch
...

Signed-off-by: dependabot[bot] <support@github.com>",build,deps,False,tech_debt
54903,54901,"docs(getting_started): fix broken link

#1008",docs,getting_started,False,docs
55844,55842,"ci(deps): bump peaceiris/actions-gh-pages from 2 to 4

Bumps [peaceiris/actions-gh-pages](https://github.com/peaceiris/actions-gh-pages) from 2 to 4.
- [Release notes](https://github.com/peaceiris/actions-gh-pages/releases)
- [Changelog](https://github.com/peaceiris/actions-gh-pages/blob/main/CHANGELOG.md)
- [Commits](https://github.com/peaceiris/actions-gh-pages/compare/v2...v4)

---
updated-dependencies:
- dependency-name: peaceiris/actions-gh-pages
  dependency-type: direct:production
  update-type: version-update:semver-major
...

Signed-off-by: dependabot[bot] <support@github.com>",ci,deps,False,tech_debt
56212,56210,ci(github-actions): skip no-commit-to-branch in CI which causes false negative when bumping version,ci,github-actions,False,tech_debt
57271,57269,"build(deps-dev): bump pytest-cov from 4.1.0 to 5.0.0

Bumps [pytest-cov](https://github.com/pytest-dev/pytest-cov) from 4.1.0 to 5.0.0.
- [Changelog](https://github.com/pytest-dev/pytest-cov/blob/master/CHANGELOG.rst)
- [Commits](https://github.com/pytest-dev/pytest-cov/compare/v4.1.0...v5.0.0)

---
updated-dependencies:
- dependency-name: pytest-cov
  dependency-type: direct:development
  update-type: version-update:semver-major
...

Signed-off-by: dependabot[bot] <support@github.com>",build,deps-dev,False,tech_debt
57856,57854,docs: add retry_after_failure config and retry options for commit command,docs,,False,docs
58929,58927,Merge branch 'master' into fix/git-parsing-lang,other,,False,other
58958,58956,fix(changelog): changelog hook was not called on dry run,fix,changelog,False,bug_fixes
60020,60018,docs(bump): Document the use of tag_format variables with curly brackets,docs,bump,False,docs
60356,60354,"build(deps-dev): bump pytest from 8.0.0 to 8.0.1

Bumps [pytest](https://github.com/pytest-dev/pytest) from 8.0.0 to 8.0.1.
- [Release notes](https://github.com/pytest-dev/pytest/releases)
- [Changelog](https://github.com/pytest-dev/pytest/blob/main/CHANGELOG.rst)
- [Commits](https://github.com/pytest-dev/pytest/compare/8.0.0...8.0.1)

---
updated-dependencies:
- dependency-name: pytest
  dependency-type: direct:development
  update-type: version-update:semver-patch
...

Signed-off-by: dependabot[bot] <support@github.com>",build,deps-dev,False,tech_debt
64021,64019,"build(deps-dev): bump mkdocs-material from 9.4.6 to 9.4.14

Bumps [mkdocs-material](https://github.com/squidfunk/mkdocs-material) from 9.4.6 to 9.4.14.
- [Release notes](https://github.com/squidfunk/mkdocs-material/releases)
- [Changelog](https://github.com/squidfunk/mkdocs-material/blob/master/CHANGELOG)
- [Commits](https://github.com/squidfunk/mkdocs-material/compare/9.4.6...9.4.14)

---
updated-dependencies:
- dependency-name: mkdocs-material
  dependency-type: direct:development
  update-type: version-update:semver-patch
...

Signed-off-by: dependabot[bot] <support@github.com>",build,deps-dev,False,tech_debt
64316,64314,"build(deps): bump tomlkit from 0.12.1 to 0.12.3

Bumps [tomlkit](https://github.com/sdispater/tomlkit) from 0.12.1 to 0.12.3.
- [Release notes](https://github.com/sdispater/tomlkit/releases)
- [Changelog](https://github.com/sdispater/tomlkit/blob/master/CHANGELOG.md)
- [Commits](https://github.com/sdispater/tomlkit/compare/0.12.1...0.12.3)

---
updated-dependencies:
- dependency-name: tomlkit
  dependency-type: direct:production
  update-type: version-update:semver-patch
...

Signed-off-by: dependabot[bot] <support@github.com>",build,deps,False,tech_debt
65069,65067,"build(deps-dev): bump pytest-mock from 3.11.1 to 3.12.0

Bumps [pytest-mock](https://github.com/pytest-dev/pytest-mock) from 3.11.1 to 3.12.0.
- [Release notes](https://github.com/pytest-dev/pytest-mock/releases)
- [Changelog](https://github.com/pytest-dev/pytest-mock/blob/main/CHANGELOG.rst)
- [Commits](https://github.com/pytest-dev/pytest-mock/compare/v3.11.1...v3.12.0)

---
updated-dependencies:
- dependency-name: pytest-mock
  dependency-type: direct:development
  update-type: version-update:semver-minor
...

Signed-off-by: dependabot[bot] <support@github.com>",build,deps-dev,False,tech_debt
101613,101611,feat: add shortcut of undo commands,feat,,False,feature_work
103025,103023,feat(cz_check): cz check can read commit message from pipe,feat,cz_check,False,feature_work
103033,103031,docs(cz_check): the 'check' document is refactored and the usage of read commit message from pipe is added,docs,cz_check,False,docs
104207,104205,docs: simplify pull request template,docs,,False,docs
105037,105035,"docs: polish github templates

- information for submitter are now comments
- removed redundancy in titles, we use labels now
- typos corrections",docs,,False,docs
105942,105940,docs(contributing.md): Correct typos and sentences,docs,contributing.md,False,docs
106463,106461,refactor(exception): move output message related to exception into exception,refactor,exception,False,tech_debt
106471,106469,feat(cli): enable displaying all traceback for CommitizenException when --debug flag is used,feat,cli,False,feature_work
106487,106485,test(cli): add test cast for commitizen_excepthook,test,cli,False,tech_debt
108158,108156,feat(changelog): add support for any commit rule system,feat,changelog,False,feature_work
108699,108697,fix(parsing): add option for improvement type,fix,parsing,False,bug_fixes
108902,108900,refactor(changelog): use functions from changelog.py,refactor,changelog,False,tech_debt
109074,109072,"docs(tutorial/github_actions): suggest using pypi api token

#161",docs,tutorial/github_actions,False,docs
109504,109502,refactor(mypy): fix mypy check by checking version.pre exists,refactor,mypy,False,tech_debt
109931,109929,"fix(commands/check): add help text for check command without argument

one argument is needed for check command
however, argparse doesn't provide functionality to check such case
thus, it's not possible to call `cz check -h` again when argument is not provided",fix,commands/check,False,bug_fixes
110020,110018,"docs: update doc url due to moving from Woile/commitizen to commitizen-tools/commitizen

#145",docs,,False,docs
110364,110362,style(all): blackify,style,all,False,tech_debt
110468,110466,refactor(cli): reorder commands,refactor,cli,False,tech_debt
110492,110490,style(tests/commands/changelog): blackify,style,tests/commands/changelog,False,tech_debt
111265,111263,style(cli): fix flake8 issue,style,cli,False,tech_debt
111345,111343,docs(README): add changelog command,docs,README,False,docs
111494,111492,refactor(git): rename get tag function to distinguish return str and GitTag,refactor,git,False,tech_debt
112338,112336,docs(customization): add cookiecutter template to doc,docs,customization,False,docs
112518,112516,fix(commands/version): fix wrongly print commitizen version when it should print project version,fix,commands/version,False,bug_fixes
112579,112577,"refactor(config): set ""files"" to alias of ""version_files""

""files"" will be deprecated in 2.0
""verion_files"" is not used internally
But, user can still use ""files"" to achieve the same functionality",refactor,config,False,tech_debt
112845,112843,fix(config): fix load global_conf even if it doesn't exist,fix,config,False,bug_fixes
113303,113301,"fix(commands/check.py): make --commit-msg-file a required argument for check command

Currently, if --commit-msg-file is not provided, it throws exception",fix,commands/check.py,False,bug_fixes
113986,113984,"feat(cz/cz_customize): implement info to support info and info_path

#54",feat,cz/cz_customize,False,feature_work
115849,115847,"chore(deps-dev): update mypy requirement from ^0.711 to ^0.720

Updates the requirements on [mypy](https://github.com/python/mypy) to permit the latest version.
- [Release notes](https://github.com/python/mypy/releases)
- [Commits](https://github.com/python/mypy/compare/v0.711...v0.720)

Signed-off-by: dependabot-preview[bot] <support@dependabot.com>",chore,deps-dev,False,tech_debt
115944,115942,"chore(deps-dev): update mypy requirement from ^0.710 to ^0.711

Updates the requirements on [mypy](https://github.com/python/mypy) to permit the latest version.
- [Release notes](https://github.com/python/mypy/releases)
- [Commits](https://github.com/python/mypy/compare/v0.710...v0.711)

Signed-off-by: dependabot-preview[bot] <support@dependabot.com>",chore,deps-dev,False,tech_debt
116469,116467,refactor(info): command logic removed from commitizen base,refactor,info,False,tech_debt
116485,116483,"fix: conventional commit 'breaking change' in body instead of title

closes #16",fix,,False,bug_fixes
35642,35640,refactor(customize): improve code readability,refactor,customize,False,tech_debt
36548,36546,"test: add test for cargo provider with lock files

Add a test to check the behavior of the cargo provider when a
`Cargo.lock` file is present. This test ensures that the
`CargoProvider` behaves correctly when the lock file is present, and
updates both the `Cargo.lock` and `Cargo.toml` files accordingly.",test,,False,tech_debt
37379,37377,test(test_changelog_command.py): add test for changelog file_name construction from args and config,test,test_changelog_command.py,False,tech_debt
37548,37546,test(test_cz_search_filter.py): add test cases for search filter configuration,test,test_cz_search_filter.py,False,tech_debt
37855,37853,feat(git): add parents' digests in commit information,feat,git,False,feature_work
37864,37862,"feat(changelog): expose commit parents' digests when processing commits

COMMIT_DATA in test_changelog.py had to be type annotated to avoid an
issue with mypy linting when creating a GitCommit where the tool would
expect the wrong type for the arguments.",feat,changelog,False,feature_work
38827,38825,"docs(tutorials): Add ""stages"" explicitly to the hook example

As mentioned here: https://github.com/commitizen-tools/commitizen/issues/177#issuecomment-621939385, without the stages explicitly set, the hook always fails.",docs,tutorials,False,docs
39575,39573,"build(pyproject.toml): set version_scheme = ""pep440""",build,pyproject.toml,False,tech_debt
39803,39801,style: fix formatting for `ruff>=0.9`,style,,False,tech_debt
40782,40780,"build(deps-dev): bump types-pyyaml

Bumps [types-pyyaml](https://github.com/python/typeshed) from 6.0.12.20241221 to 6.0.12.20241230.
- [Commits](https://github.com/python/typeshed/commits)

---
updated-dependencies:
- dependency-name: types-pyyaml
  dependency-type: direct:development
  update-type: version-update:semver-patch
...

Signed-off-by: dependabot[bot] <support@github.com>",build,deps-dev,False,tech_debt
40884,40882,"build(deps): bump questionary from 2.0.1 to 2.1.0

Bumps [questionary](https://github.com/tmbo/questionary) from 2.0.1 to 2.1.0.
- [Commits](https://github.com/tmbo/questionary/compare/2.0.1...2.1.0)

---
updated-dependencies:
- dependency-name: questionary
  dependency-type: direct:production
  update-type: version-update:semver-minor
...

Signed-off-by: dependabot[bot] <support@github.com>",build,deps,False,tech_debt
42818,42816,"build(deps-dev): bump ruff from 0.7.2 to 0.7.3

Bumps [ruff](https://github.com/astral-sh/ruff) from 0.7.2 to 0.7.3.
- [Release notes](https://github.com/astral-sh/ruff/releases)
- [Changelog](https://github.com/astral-sh/ruff/blob/main/CHANGELOG.md)
- [Commits](https://github.com/astral-sh/ruff/compare/0.7.2...0.7.3)

---
updated-dependencies:
- dependency-name: ruff
  dependency-type: direct:development
  update-type: version-update:semver-patch
...

Signed-off-by: dependabot[bot] <support@github.com>",build,deps-dev,False,tech_debt
43421,43419,test(changelog): handle custom tag_format in changelog generation,test,changelog,False,tech_debt
43558,43556,"build(deps): bump charset-normalizer from 3.3.2 to 3.4.0

Bumps [charset-normalizer](https://github.com/Ousret/charset_normalizer) from 3.3.2 to 3.4.0.
- [Release notes](https://github.com/Ousret/charset_normalizer/releases)
- [Changelog](https://github.com/jawah/charset_normalizer/blob/master/CHANGELOG.md)
- [Commits](https://github.com/Ousret/charset_normalizer/compare/3.3.2...3.4.0)

---
updated-dependencies:
- dependency-name: charset-normalizer
  dependency-type: direct:production
  update-type: version-update:semver-minor
...

Signed-off-by: dependabot[bot] <support@github.com>",build,deps,False,tech_debt
43670,43668,"build(deps-dev): bump mypy from 1.12.1 to 1.13.0

Bumps [mypy](https://github.com/python/mypy) from 1.12.1 to 1.13.0.
- [Changelog](https://github.com/python/mypy/blob/master/CHANGELOG.md)
- [Commits](https://github.com/python/mypy/compare/v1.12.1...v1.13.0)

---
updated-dependencies:
- dependency-name: mypy
  dependency-type: direct:development
  update-type: version-update:semver-minor
...

Signed-off-by: dependabot[bot] <support@github.com>",build,deps-dev,False,tech_debt
43703,43701,docs(commit): add multiline option `questions` content table,docs,commit,False,docs
43760,43758,style(test_cz_customize.py): pre-commit run,style,test_cz_customize.py,False,tech_debt
43930,43928,fix(customize.py): default questions as super().questions() instead of [{}],fix,customize.py,False,bug_fixes
44888,44886,"build(deps): bump argcomplete from 3.5.0 to 3.5.1

Bumps [argcomplete](https://github.com/kislyuk/argcomplete) from 3.5.0 to 3.5.1.
- [Release notes](https://github.com/kislyuk/argcomplete/releases)
- [Changelog](https://github.com/kislyuk/argcomplete/blob/develop/Changes.rst)
- [Commits](https://github.com/kislyuk/argcomplete/compare/v3.5.0...v3.5.1)

---
updated-dependencies:
- dependency-name: argcomplete
  dependency-type: direct:production
  update-type: version-update:semver-patch
...

Signed-off-by: dependabot[bot] <support@github.com>",build,deps,False,tech_debt
46394,46392,"build(deps-dev): bump mkdocs-material from 9.5.32 to 9.5.33

Bumps [mkdocs-material](https://github.com/squidfunk/mkdocs-material) from 9.5.32 to 9.5.33.
- [Release notes](https://github.com/squidfunk/mkdocs-material/releases)
- [Changelog](https://github.com/squidfunk/mkdocs-material/blob/master/CHANGELOG)
- [Commits](https://github.com/squidfunk/mkdocs-material/compare/9.5.32...9.5.33)

---
updated-dependencies:
- dependency-name: mkdocs-material
  dependency-type: direct:development
  update-type: version-update:semver-patch
...

Signed-off-by: dependabot[bot] <support@github.com>",build,deps-dev,False,tech_debt
48850,48848,"build(deps-dev): bump ruff from 0.5.1 to 0.5.2

Bumps [ruff](https://github.com/astral-sh/ruff) from 0.5.1 to 0.5.2.
- [Release notes](https://github.com/astral-sh/ruff/releases)
- [Changelog](https://github.com/astral-sh/ruff/blob/main/CHANGELOG.md)
- [Commits](https://github.com/astral-sh/ruff/compare/0.5.1...0.5.2)

---
updated-dependencies:
- dependency-name: ruff
  dependency-type: direct:development
  update-type: version-update:semver-patch
...

Signed-off-by: dependabot[bot] <support@github.com>",build,deps-dev,False,tech_debt
49298,49296,fix: pass tag_prefix to methods,fix,,False,bug_fixes
49860,49858,"build(deps-dev): bump ruff from 0.4.8 to 0.4.10

Bumps [ruff](https://github.com/astral-sh/ruff) from 0.4.8 to 0.4.10.
- [Release notes](https://github.com/astral-sh/ruff/releases)
- [Changelog](https://github.com/astral-sh/ruff/blob/main/CHANGELOG.md)
- [Commits](https://github.com/astral-sh/ruff/compare/v0.4.8...v0.4.10)

---
updated-dependencies:
- dependency-name: ruff
  dependency-type: direct:development
  update-type: version-update:semver-patch
...

Signed-off-by: dependabot[bot] <support@github.com>",build,deps-dev,False,tech_debt
50696,50694,"fix(cli): prints deprecated '--signoff' warning before prompt questions

It's a bad dev experience getting warning/failures after all questions
answered.",fix,cli,False,bug_fixes
50705,50703,"fix(cli): shows deprecated text for `-s, --signoff` option

The deprecated text was not shown when `cz commit --help`",fix,cli,False,bug_fixes
51754,51752,docs(CHANGELOG): fix typo,docs,CHANGELOG,False,docs
51949,51947,"ci(workflow): move 'generate_cli_screenshots' steps to 'docspublish'

Since the purpose is to updated the CLI screenshots on Github Pages,
combining this two workflows makes sense.",ci,workflow,False,tech_debt
54413,54411,"build(deps-dev): bump mypy from 1.9.0 to 1.10.0

Bumps [mypy](https://github.com/python/mypy) from 1.9.0 to 1.10.0.
- [Changelog](https://github.com/python/mypy/blob/master/CHANGELOG.md)
- [Commits](https://github.com/python/mypy/compare/1.9.0...v1.10.0)

---
updated-dependencies:
- dependency-name: mypy
  dependency-type: direct:development
  update-type: version-update:semver-minor
...

Signed-off-by: dependabot[bot] <support@github.com>",build,deps-dev,False,tech_debt
54446,54444,"test(version_scheme): add test case ""1.0.0-reallyweird"" to semver",test,version_scheme,False,tech_debt
54587,54585,"build(deps-dev): bump mkdocs-material from 9.5.2 to 9.5.18

Bumps [mkdocs-material](https://github.com/squidfunk/mkdocs-material) from 9.5.2 to 9.5.18.
- [Release notes](https://github.com/squidfunk/mkdocs-material/releases)
- [Changelog](https://github.com/squidfunk/mkdocs-material/blob/master/CHANGELOG)
- [Commits](https://github.com/squidfunk/mkdocs-material/compare/9.5.2...9.5.18)

---
updated-dependencies:
- dependency-name: mkdocs-material
  dependency-type: direct:development
  update-type: version-update:semver-patch
...

Signed-off-by: dependabot[bot] <support@github.com>",build,deps-dev,False,tech_debt
54772,54770,fix: resolve test error by removing defaults,fix,,False,bug_fixes
54847,54845,refactor(commands/commit): replace comparison with chained comparison,refactor,commands/commit,False,tech_debt
55150,55148,feat(schemes): adds support for SemVer 2.0 (dot in pre-releases) (fix #1025),feat,schemes,False,feature_work
55957,55955,docs(images): update outdated gifs,docs,images,False,docs
56075,56073,style(mypy): rewrite import to avoid unnecessary type ignore,style,mypy,False,tech_debt
56180,56178,ci(github-actions): unify yaml style,ci,github-actions,False,tech_debt
56598,56596,docs(README): add --config option in doc,docs,README,False,docs
59578,59576,"build(deps-dev): bump pytest from 8.0.2 to 8.1.0

Bumps [pytest](https://github.com/pytest-dev/pytest) from 8.0.2 to 8.1.0.
- [Release notes](https://github.com/pytest-dev/pytest/releases)
- [Changelog](https://github.com/pytest-dev/pytest/blob/main/CHANGELOG.rst)
- [Commits](https://github.com/pytest-dev/pytest/compare/8.0.2...8.1.0)

---
updated-dependencies:
- dependency-name: pytest
  dependency-type: direct:development
  update-type: version-update:semver-minor
...

Signed-off-by: dependabot[bot] <support@github.com>",build,deps-dev,False,tech_debt
60304,60302,"build(deps-dev): bump mkdocs-material from 9.5.9 to 9.5.10

Bumps [mkdocs-material](https://github.com/squidfunk/mkdocs-material) from 9.5.9 to 9.5.10.
- [Release notes](https://github.com/squidfunk/mkdocs-material/releases)
- [Changelog](https://github.com/squidfunk/mkdocs-material/blob/master/CHANGELOG)
- [Commits](https://github.com/squidfunk/mkdocs-material/compare/9.5.9...9.5.10)

---
updated-dependencies:
- dependency-name: mkdocs-material
  dependency-type: direct:development
  update-type: version-update:semver-patch
...

Signed-off-by: dependabot[bot] <support@github.com>",build,deps-dev,False,tech_debt
63879,63877,build: upgrade ruff to 0.1.8,build,,False,tech_debt
65336,65334,style(ruff): enable `pyupgrade` (`UP`) rules and fix them all,style,ruff,False,tech_debt
65789,65787,"build(deps-dev): bump urllib3 from 2.0.4 to 2.0.6

Bumps [urllib3](https://github.com/urllib3/urllib3) from 2.0.4 to 2.0.6.
- [Release notes](https://github.com/urllib3/urllib3/releases)
- [Changelog](https://github.com/urllib3/urllib3/blob/main/CHANGES.rst)
- [Commits](https://github.com/urllib3/urllib3/compare/2.0.4...2.0.6)

---
updated-dependencies:
- dependency-name: urllib3
  dependency-type: indirect
...

Signed-off-by: dependabot[bot] <support@github.com>",build,deps-dev,False,tech_debt
67420,67418,"build(deps-dev): bump mkdocs-material from 9.2.4 to 9.2.6

Bumps [mkdocs-material](https://github.com/squidfunk/mkdocs-material) from 9.2.4 to 9.2.6.
- [Release notes](https://github.com/squidfunk/mkdocs-material/releases)
- [Changelog](https://github.com/squidfunk/mkdocs-material/blob/master/CHANGELOG)
- [Commits](https://github.com/squidfunk/mkdocs-material/compare/9.2.4...9.2.6)

---
updated-dependencies:
- dependency-name: mkdocs-material
  dependency-type: direct:development
  update-type: version-update:semver-patch
...

Signed-off-by: dependabot[bot] <support@github.com>",build,deps-dev,False,tech_debt
67739,67737,refactor(provider): fully qualify import of commitizen.providers.base_provider,refactor,provider,False,tech_debt
68187,68185,"feat(defaults.py): add always_signoff config option for commits

Add new configuration option `always_signoff`. When is set to `true`,
commits will be always signed off. The `-s` option does not
have to specified to `cz commit`.

Signed-off-by: Christian Schlotter <christian.schlotter@zeiss.com>

#785",feat,defaults.py,False,feature_work
68199,68197,test(test_conf.py): extend settings dict by new option,test,test_conf.py,False,tech_debt
68867,68865,ci(github-acitons): pin poetry version to 1.3.2 due to https://github.com/python-poetry/poetry/issues/7611,ci,github-acitons,False,tech_debt
69557,69555,"build(deps-dev): bump mkdocs from 1.4.3 to 1.5.1

Bumps [mkdocs](https://github.com/mkdocs/mkdocs) from 1.4.3 to 1.5.1.
- [Release notes](https://github.com/mkdocs/mkdocs/releases)
- [Commits](https://github.com/mkdocs/mkdocs/compare/1.4.3...1.5.1)

---
updated-dependencies:
- dependency-name: mkdocs
  dependency-type: direct:development
  update-type: version-update:semver-minor
...

Signed-off-by: dependabot[bot] <support@github.com>",build,deps-dev,False,tech_debt
70393,70391,"build(deps-dev): bump types-deprecated from 1.2.9.2 to 1.2.9.3

Bumps [types-deprecated](https://github.com/python/typeshed) from 1.2.9.2 to 1.2.9.3.
- [Commits](https://github.com/python/typeshed/commits)

---
updated-dependencies:
- dependency-name: types-deprecated
  dependency-type: direct:development
  update-type: version-update:semver-patch
...

Signed-off-by: dependabot[bot] <support@github.com>",build,deps-dev,False,tech_debt
71576,71574,ci(github-actions): add issue and pr labeler,ci,github-actions,False,tech_debt
72063,72061,ci(pre-commit): add blacken-docs hook,ci,pre-commit,False,tech_debt
73212,73210,"fix: improve errors message when empty .cz.json found

Closes #576",fix,,False,bug_fixes
74284,74282,test(git): ensures that global git user settings are not interfering with the tests,test,git,False,tech_debt
74372,74370,test(providers): factorize some version providers tests,test,providers,False,tech_debt
74380,74378,"fix(commands/changelog): use topological order for commit ordering

Topological ordering should be used when ordering commits in changelog history.
This allows commits to be shown properly in the order they were added to the codebase,
even if non-linear merges were used",fix,commands/changelog,False,bug_fixes
74508,74506,test: set default branch to master,test,,False,tech_debt
74572,74570,docs: update mkdocs conf,docs,,False,docs
74839,74837,test: set default branch to master,test,,False,tech_debt
74895,74893,docs(init): re-write section,docs,init,False,docs
74997,74995,"build(poetry)(deps-dev): bump pytest-xdist from 3.1.0 to 3.2.1

Bumps [pytest-xdist](https://github.com/pytest-dev/pytest-xdist) from 3.1.0 to 3.2.1.
- [Release notes](https://github.com/pytest-dev/pytest-xdist/releases)
- [Changelog](https://github.com/pytest-dev/pytest-xdist/blob/master/CHANGELOG.rst)
- [Commits](https://github.com/pytest-dev/pytest-xdist/compare/v3.1.0...v3.2.1)

---
updated-dependencies:
- dependency-name: pytest-xdist
  dependency-type: direct:development
  update-type: version-update:semver-minor
...

Signed-off-by: dependabot[bot] <support@github.com>",other,,False,other
75624,75622,build(poetry): relock lockfile,build,poetry,False,tech_debt
75714,75712,test(warnings): switch from the unmaintained `pytest-freezegun` to `pytest-freezer` removing warnings,test,warnings,False,tech_debt
75738,75736,test: improve git isolation and fixes test missing a repository,test,,False,tech_debt
75746,75744,test(tests): format code,test,tests,False,tech_debt
75827,75825,feat(changelog): add merge_prereleases flag,feat,changelog,False,feature_work
75843,75841,"test(scripts): run same file tests individually

Running tests concurrently can cause temporary files, such as the file
used to backup the commit message, to be deleted by one test but
accessed by another test later on.",test,scripts,False,tech_debt
76991,76989,"fix: bump changelog for prerelease without commits

generate changelog for a new version without new commits when the current version is a prerelease. This matches current behaviour for bump command",fix,,False,bug_fixes
78926,78924,"feat(providers): add support for some JSON-based version providers (NPM, Composer)",feat,providers,False,feature_work
78950,78948,test(providers): factorize some version providers tests,test,providers,False,tech_debt
79770,79768,test(hooks): add test case for run,test,hooks,False,tech_debt
80543,80541,build(dependabot): add dependabot configuration,build,dependabot,False,tech_debt
81999,81997,docs(docs/commit.md): Added documentation for `--` syntax to separate commitizen args from git commit cli args,docs,docs/commit.md,False,docs
82394,82392,"test(cli): skip argcomplete activation on Windows

`argcomplete` does not support Git Bash on Windows out of the box. For
details, see https://kislyuk.github.io/argcomplete/#git-bash-support.",test,cli,False,tech_debt
83322,83320,"fix(bump.py): use `sys.stdin.isatty()`

For some reason, `pytest-mock` does not affect `os.isatty` when
`sys.stdin` is mocked to use `StringIO` (i.e. a file-like object).
Checking `sys.stdin.isatty()` works and is equivalent to checking
`os.isatty(0)` (`stdin` is file descriptor `0`).",fix,bump.py,False,bug_fixes
83330,83328,"fix(scripts): pydocstyle and cz

For `pydocstyle`, use `--match-dir` switch to prevent traversal into
`venv/` folder.

For `commitizen`, use `cz` instead of `commitizen` as `cz` is present on
all OS's, but `commitizen` is not present in `venv/Scripts` on Windows.",fix,scripts,False,bug_fixes
83346,83344,"test(argcomplete): fix command

`py -m` was added to command in `test_argcomplete_activation` during
experimentation and was forgotten to be removed.",test,argcomplete,False,tech_debt
83377,83375,"ci(rerun): random `poetry` exception

Last CI run ended with a random `poetry` exception on Windows, which
happens from time-to-time.",ci,rerun,False,tech_debt
85020,85018,"feat(init): allow user to select which type of pre commit hooks to install

See more: https://commitizen-tools.github.io/commitizen/#integrating-with-pre-commit",feat,init,False,feature_work
87814,87812,temp key expires in 1 day,other,,False,other
87886,87884,"pinentry already present, check key creation",other,,False,other
88325,88323,"fix(pre-commit): Don't require serial execution

require_serial is not pertinent to commit-msg hooks or hooks that
themselves execute serially. The option is intended to prevent
fork-bombing that can occur when pre-commit runs a hook that itself
spawns many processes many times in parallel.",fix,pre-commit,False,bug_fixes
89809,89807,"feat: Determine newline to write with Git

Determine the newline character to write with `git config core.eof`.

Close #492",feat,,False,feature_work
90349,90347,fix: remove type ignore,fix,,False,bug_fixes
90712,90710,docs: add Why not CalVer to FAQ,docs,,False,docs
90755,90753,docs(external_links): add freecode camp tutorial,docs,external_links,False,docs
91376,91374,"fix(check): filter out comment messege when checking

fix #455",fix,check,False,bug_fixes
91804,91802,style: format the code through the latest black,style,,False,tech_debt
92626,92624,"docs(customization): adding information on commit_parser, changelog_pattern, change_type_map customizable fields",docs,customization,False,docs
94502,94500,docs: add docs for 3rd party module cz-github-jira-conventional,docs,,False,docs
94854,94852,style: forgot to run black,style,,False,tech_debt
94930,94928,"docs(README): fix URL in README.md

fix link to Customization",docs,README,False,docs
95051,95049,docs(customization): update default change_type_order,docs,customization,False,docs
95769,95767,"fix(changelog): generating changelog after a pre-release

Closes #357",fix,changelog,False,bug_fixes
96947,96945,fix: fix multiple versions bumps when version changes the string size,fix,,False,bug_fixes
97985,97983,Merge remote-tracking branch 'origin/master',other,,False,other
98060,98058,fix(commitizen/config/yaml_config.py): Update read mode from `r` to `rb` and data type str to byte,fix,commitizen/config/yaml_config.py,False,bug_fixes
98865,98863,feat(#271): enable creation of annotated tags when bumping,feat,#271,False,feature_work
99713,99711,"feat(commitizen/config/json_config): add json support for configuration

120",feat,commitizen/config/json_config,False,feature_work
100219,100217,feat(bump): add flag `--local-version` that supports bumping only the local version instead of the public,feat,bump,False,feature_work
100458,100456,docs(bump): add explanation for '--files-only' flag,docs,bump,False,docs
101888,101886,"fix(#271): add annotated_tag option to bump

    Enable creation of annotated tags when bumping.",fix,#271,False,bug_fixes
102837,102835,test(bump): Remove bump case with msg ends with `!`,test,bump,False,tech_debt
103451,103449,feat(commands/commit): apply prepare-commit-msg hook for Mac,feat,commands/commit,False,feature_work
103507,103505,test(wrap_stdio): does not load other platform,test,wrap_stdio,False,tech_debt
103539,103537,refactor: wrap_stdio,refactor,,False,tech_debt
103571,103569,test(commands/commit): add a test for is_blank_commit_file,test,commands/commit,False,tech_debt
104288,104286,fix(commands/changelog): add exception message when failing to find an incremental revision,fix,commands/changelog,False,bug_fixes
104438,104436,fix: add missing `pyyaml` dependency,fix,,False,bug_fixes
105801,105799,"docs(external_links): add talks, articles section to external_links",docs,external_links,False,docs
106438,106436,test(bump): add test case for dry run,test,bump,False,tech_debt
107872,107870,refactor(cli): add explicit category for deprecation warnings,refactor,cli,False,tech_debt
107888,107886,"fix(commands/check): Show warning if no commit to check when running `cz check --rev-range`

#165",fix,commands/check,False,bug_fixes
107942,107940,"feat(commands/changelog): generate changelog_tree from all past commits

TODO: find rev for each changelog entry",feat,commands/changelog,False,feature_work
108014,108012,feat(commands/changelog): exit when there is no commit exists,feat,commands/changelog,False,feature_work
108070,108068,docs(README): add changelog command,docs,README,False,docs
108198,108196,"Merge pull request #163 from commitizen-tools/command-changelog-wip

Command changelog wip",other,,False,other
108246,108244,"ci: separate docs from python publishing

Closes #171",ci,,False,tech_debt
109408,109406,refactor(config): fix mypy warning for _conf,refactor,config,False,tech_debt
110259,110257,refactor(cz/connventional_commit): use \S to check scope,refactor,cz/connventional_commit,False,tech_debt
110356,110354,"feat(changelog): generate changelog based on git log

it will over write the existing file",feat,changelog,False,feature_work
110380,110378,fix(cli): add changelog arguments,fix,cli,False,bug_fixes
110500,110498,"refactor(templates): rename as ""keep_a_changelog_template.j2""",refactor,templates,False,tech_debt
110524,110522,fix(conventional_commits): fix checking regular expression,fix,conventional_commits,False,bug_fixes
111297,111295,"fix(commands/changelog): remove --skip-merge argument

by default, unrelated commits are ignored",fix,commands/changelog,False,bug_fixes
111486,111484,test(git): add test case for git object,test,git,False,tech_debt
111597,111595,fix(cli): fix --version not functional,fix,cli,False,bug_fixes
111605,111603,test(commands/init): add tests cases for the whole init process,test,commands/init,False,tech_debt
112750,112748,"fix(commands/init): read version in the format ""x.y.z"" instead of ""vx.y.z""",fix,commands/init,False,bug_fixes
112853,112851,refactor(config): move default settings back to defaults,refactor,config,False,tech_debt
113101,113099,"docs(bump): modify typo in bump command docs

modify typo in bump command docs, path should be corrected as patch.",docs,bump,False,docs
113131,113129,"build(deps-dev): update mypy requirement from ^0.740 to ^0.750

Updates the requirements on [mypy](https://github.com/python/mypy) to permit the latest version.
- [Release notes](https://github.com/python/mypy/releases)
- [Commits](https://github.com/python/mypy/compare/v0.740...v0.750)

Signed-off-by: dependabot-preview[bot] <support@dependabot.com>",build,deps-dev,False,tech_debt
113252,113250,feat(bump): new argument --files-only,feat,bump,False,feature_work
113431,113429,ci: new bump and publish github actions,ci,,False,tech_debt
113873,113871,"docs(cz/customize): update doc for jinja support

#54",docs,cz/customize,False,docs
114113,114111,prettied report of c.err,other,,False,other
115448,115446,docs(config): update doc for prompt style,docs,config,False,docs
116642,116640,feat: create version tag,feat,,False,feature_work
538,536,ci(.github/workflows): use expression syntax ${{ }} for workflow guards,ci,.github/workflows,False,tech_debt
644,642,docs(docs/customization): clarify cz_customize deprecation warning with issue reference,docs,docs/customization,False,docs
1456,1454,ci: fix vhs setup,ci,,False,tech_debt
1669,1667,docs: add VHS tape for cz init interactive demo,docs,,False,docs
2554,2552,test(test_deprecated): use pytest.mark.parametrize,test,test_deprecated,False,tech_debt
2616,2614,"test: Add a failing test

Signed-off-by: Edgar Ramírez Mondragón <edgarrm358@gmail.com>",test,,False,tech_debt
2750,2748,"test: Use a single parametrized test

Signed-off-by: Edgar Ramírez Mondragón <edgarrm358@gmail.com>",test,,False,tech_debt
3430,3428,test: enable PT011,test,,False,tech_debt
3703,3701,test(test_cmd): minor refactoring tests,test,test_cmd,False,tech_debt
4051,4049,fix(config): include pyproject.toml in multi config file warning (#1803),fix,config,False,bug_fixes
5973,5971,test: brought back the `pre-commit` tests along with `prek`,test,,False,tech_debt
7479,7477,"refactor(config): use walrus operator for git_project_root assignment

Co-authored-by: Wei Lee <weilee.rx@gmail.com>",refactor,config,False,tech_debt
7487,7485,"fix(config): only check for multiple configs when filepath is None

Co-authored-by: Tim Hsiung <bear890707@gmail.com>",fix,config,False,bug_fixes
7686,7684,docs(config/configuration_file.md): specify the error,docs,config/configuration_file.md,False,docs
7995,7993,build(deps): move `poethepoet` into a separate `base` group,build,deps,False,tech_debt
8959,8957,style: remove Python 3.9 compatible code,style,,False,tech_debt
9392,9390,ci: fix the issue lychee.toml was not consumed correctly,ci,,False,tech_debt
10136,10134,build(tox): do not use poetry anymore and use the builtin `dependency-group` support,build,tox,False,tech_debt
10568,10566,"docs(faq): categorize faq into ""how to"", ""feature request graveyard"", and ""history""",docs,faq,False,docs
10630,10628,style(mkdocs.yml): make indent consistent in nav section,style,mkdocs.yml,False,tech_debt
12245,12243,refactor(bump): rename parameter and variables,refactor,bump,False,tech_debt
12253,12251,build: update dev dependencies,build,,False,tech_debt
12309,12307,test: replace try with pytest.raises (#1654),test,,False,tech_debt
12742,12740,feat: add custom validation,feat,,False,feature_work
13327,13325,ci(github-actions): add python 3.14 to github-actions and tox,ci,github-actions,False,tech_debt
13869,13867,feat: add custom validation,feat,,False,feature_work
15040,15038,change the line of help with adding --version-files,other,,False,other
16529,16527,refactor(BaseCommitizen): remove NotImplementedError and make them abstract method,refactor,BaseCommitizen,False,tech_debt
16545,16543,"feat: allow `amend!` prefix as created by `git --fixup=reword:<commit>`

https://git-scm.com/docs/git-commit/2.32.0#Documentation/git-commit.txt---fixupamendrewordcommit",feat,,False,feature_work
16633,16631,"test(SemVer): refine tests and remove unnecessary tests which test the behavior of library, improve readability with NamedTuple",test,SemVer,False,tech_debt
16737,16735,test: simplify assertion,test,,False,tech_debt
16753,16751,feat: add config option for line length warning,feat,,False,feature_work
17024,17022,docs: enable blank issue and add url to contact links,docs,,False,docs
17758,17756,refactor(cmd): unnest try except,refactor,cmd,False,tech_debt
19688,19686,build: update dev dependencies,build,,False,tech_debt
19696,19694,refactor(changelog): raise NotAllow when file_name not passed instead of using assert,refactor,changelog,False,tech_debt
20059,20057,test: replace tmpdir with tmppath,test,,False,tech_debt
20468,20466,test(Init): cover _ask_tag test,test,Init,False,tech_debt
20484,20482,"test(init): check ""pre-"" is showing in outputs",test,init,False,tech_debt
24149,24147,"docs(config.md): fix format issue, add period and add title to example config code blocks",docs,config.md,False,docs
24708,24706,refactor(bump): use a loop to shorten a series of similar NotAllowed exceptions,refactor,bump,False,tech_debt
25364,25362,refactor(version_scheme): cleanup,refactor,version_scheme,False,tech_debt
25388,25386,refactor(git): code cleanup and better test coverage,refactor,git,False,tech_debt
25476,25474,"fix(defaults): add non-capitalized default constants back and deprecated warning

relates #1446",fix,defaults,False,bug_fixes
25500,25498,test(test_git): mock os,test,test_git,False,tech_debt
25589,25587,refactor: add comment clarifying `no_raise` parsing to `list[int]`,refactor,,False,tech_debt
25701,25699,style: remove Union,style,,False,tech_debt
25821,25819,fix(Check): make parameters backward compatiable,fix,Check,False,bug_fixes
25960,25958,refactor(commit): simplify call,refactor,commit,False,tech_debt
26304,26302,refactor(check): type CheckArgs arguments,refactor,check,False,tech_debt
26461,26459,refactor: fix mypy output and better type,refactor,,False,tech_debt
26501,26499,style: remove Union,style,,False,tech_debt
26661,26659,style(cli): more specific type ignore,style,cli,False,tech_debt
26953,26951,refactor(git): simplify tag logic,refactor,git,False,tech_debt
28072,28070,docs(pull_request_template): add task to fix broken external links in the docs,docs,pull_request_template,False,docs
28398,28396,test(commit): when nothing is added to commit,test,commit,False,tech_debt
28582,28580,refactor(cli.py): add type hints,refactor,cli.py,False,tech_debt
28671,28669,build(deps-dev): bump ruff,build,deps-dev,False,tech_debt
28974,28972,refactor(version_scheme): cleanup,refactor,version_scheme,False,tech_debt
29158,29156,refactor(cli.py): add type hints,refactor,cli.py,False,tech_debt
30131,30129,refactor(EOLType): add eol enum back and reorganize methods,refactor,EOLType,False,tech_debt
30219,30217,test(test_git): mock os,test,test_git,False,tech_debt
30227,30225,refactor(cli): early return and improve test coverage,refactor,cli,False,tech_debt
30309,30307,fix(question): strict type with pydantic for questions,fix,question,False,bug_fixes
30738,30736,style(changelog): rename parameter for consistency,style,changelog,False,tech_debt
31756,31754,build(deps-dev): bump mypy to 1.16.0,build,deps-dev,False,tech_debt
31780,31778,refactor: add comment clarifying `no_raise` parsing to `list[int]`,refactor,,False,tech_debt
31908,31906,style: add `-> None` to __init__,style,,False,tech_debt
31980,31978,refactor(commit): type commit args,refactor,commit,False,tech_debt
32229,32227,"build: add PGH003 and PGH004, add types-colorama",build,,False,tech_debt
32920,32918,build(termcolor): remove termcolor <3 restriction,build,termcolor,False,tech_debt
33067,33065,docs(label_pr.yml): add labels based on new PR title,docs,label_pr.yml,False,docs
33617,33615,docs(label_issues): add logics for adding os related labels,docs,label_issues,False,docs
33973,33971,refactor(bump_rule): use enum on increment,refactor,bump_rule,False,tech_debt
35253,35251,docs(git): from_rev_and_commit docstring,docs,git,False,docs
35430,35428,docs(cli): fix minor grammatical issue,docs,cli,False,docs
36230,36228,docs: fix typos and grammar mistakes,docs,,False,docs
36313,36311,docs(README): update installation methods,docs,README,False,docs
36772,36770,Fix the link to the changelog spec,other,,False,other
37230,37228,fix(changelog.py): modify the CHANGELOG.md generated by cz bump --changelog to the right place,fix,changelog.py,False,bug_fixes
38973,38971,"fix(bump): add debugging to bump

command",fix,bump,False,bug_fixes
39200,39198,test(providers/uv_provider): add test case test_uv_provider,test,providers/uv_provider,False,tech_debt
39208,39206,ci(pre-commit): ignore test file eof,ci,pre-commit,False,tech_debt
39301,39299,docs(customization): fix yaml example,docs,customization,False,docs
39567,39565,fixup! build(pyproject.toml): add maintainers,other,,False,other
39669,39667,"build(deps-dev): bump deprecated from 1.2.17 to 1.2.18

Bumps [deprecated](https://github.com/laurent-laporte-pro/deprecated) from 1.2.17 to 1.2.18.
- [Release notes](https://github.com/laurent-laporte-pro/deprecated/releases)
- [Changelog](https://github.com/laurent-laporte-pro/deprecated/blob/master/CHANGELOG.rst)
- [Commits](https://github.com/laurent-laporte-pro/deprecated/compare/v1.2.17...v1.2.18)

---
updated-dependencies:
- dependency-name: deprecated
  dependency-type: direct:development
  update-type: version-update:semver-patch
...

Signed-off-by: dependabot[bot] <support@github.com>",build,deps-dev,False,tech_debt
40339,40337,feat: adding datas into cache,feat,,False,feature_work
40626,40624,"fix: correciton des tests

J ai corrige le format de cz afin d y introduire le langage

BREAKING CHANGE:",fix,,False,bug_fixes
41756,41754,fix(get-next-bump): fix to permit usage of --get-next options even when update_changelog_on_bump is set to true,fix,get-next-bump,False,bug_fixes
43052,43050,"build(deps-dev): bump rich from 13.9.3 to 13.9.4

Bumps [rich](https://github.com/Textualize/rich) from 13.9.3 to 13.9.4.
- [Release notes](https://github.com/Textualize/rich/releases)
- [Changelog](https://github.com/Textualize/rich/blob/master/CHANGELOG.md)
- [Commits](https://github.com/Textualize/rich/compare/v13.9.3...v13.9.4)

---
updated-dependencies:
- dependency-name: rich
  dependency-type: direct:development
  update-type: version-update:semver-patch
...

Signed-off-by: dependabot[bot] <support@github.com>",build,deps-dev,False,tech_debt
43103,43101,"build(deps-dev): bump ruff from 0.7.1 to 0.7.2

Bumps [ruff](https://github.com/astral-sh/ruff) from 0.7.1 to 0.7.2.
- [Release notes](https://github.com/astral-sh/ruff/releases)
- [Changelog](https://github.com/astral-sh/ruff/blob/main/CHANGELOG.md)
- [Commits](https://github.com/astral-sh/ruff/compare/0.7.1...0.7.2)

---
updated-dependencies:
- dependency-name: ruff
  dependency-type: direct:development
  update-type: version-update:semver-patch
...

Signed-off-by: dependabot[bot] <support@github.com>",build,deps-dev,False,tech_debt
43269,43267,"build(deps-dev): bump mypy from 1.11.1 to 1.11.2

Bumps [mypy](https://github.com/python/mypy) from 1.11.1 to 1.11.2.
- [Changelog](https://github.com/python/mypy/blob/master/CHANGELOG.md)
- [Commits](https://github.com/python/mypy/compare/v1.11.1...v1.11.2)

---
updated-dependencies:
- dependency-name: mypy
  dependency-type: direct:development
  update-type: version-update:semver-patch
...

Signed-off-by: dependabot[bot] <support@github.com>",build,deps-dev,False,tech_debt
43518,43516,"build(deps-dev): bump ruff from 0.6.8 to 0.6.9

Bumps [ruff](https://github.com/astral-sh/ruff) from 0.6.8 to 0.6.9.
- [Release notes](https://github.com/astral-sh/ruff/releases)
- [Changelog](https://github.com/astral-sh/ruff/blob/main/CHANGELOG.md)
- [Commits](https://github.com/astral-sh/ruff/compare/0.6.8...0.6.9)

---
updated-dependencies:
- dependency-name: ruff
  dependency-type: direct:development
  update-type: version-update:semver-patch
...

Signed-off-by: dependabot[bot] <support@github.com>",build,deps-dev,False,tech_debt
43542,43540,"docs: update docs/tutorials/monorepo_guidance.md

Co-authored-by: Wei Lee <weilee.rx@gmail.com>",docs,,False,docs
43598,43596,"ci(deps): bump dawidd6/action-homebrew-bump-formula from 3 to 4

Bumps [dawidd6/action-homebrew-bump-formula](https://github.com/dawidd6/action-homebrew-bump-formula) from 3 to 4.
- [Release notes](https://github.com/dawidd6/action-homebrew-bump-formula/releases)
- [Commits](https://github.com/dawidd6/action-homebrew-bump-formula/compare/v3...v4)

---
updated-dependencies:
- dependency-name: dawidd6/action-homebrew-bump-formula
  dependency-type: direct:production
  update-type: version-update:semver-major
...

Signed-off-by: dependabot[bot] <support@github.com>",ci,deps,False,tech_debt
44601,44599,docs(third-party-commitizen): update deno-provider code block syntax highlighting,docs,third-party-commitizen,False,docs
45326,45324,"build(deps-dev): bump ruff from 0.6.7 to 0.6.8

Bumps [ruff](https://github.com/astral-sh/ruff) from 0.6.7 to 0.6.8.
- [Release notes](https://github.com/astral-sh/ruff/releases)
- [Changelog](https://github.com/astral-sh/ruff/blob/main/CHANGELOG.md)
- [Commits](https://github.com/astral-sh/ruff/compare/0.6.7...0.6.8)

---
updated-dependencies:
- dependency-name: ruff
  dependency-type: direct:development
  update-type: version-update:semver-patch
...

Signed-off-by: dependabot[bot] <support@github.com>",build,deps-dev,False,tech_debt
46445,46443,"build(deps-dev): bump mypy from 1.11.1 to 1.11.2

Bumps [mypy](https://github.com/python/mypy) from 1.11.1 to 1.11.2.
- [Changelog](https://github.com/python/mypy/blob/master/CHANGELOG.md)
- [Commits](https://github.com/python/mypy/compare/v1.11.1...v1.11.2)

---
updated-dependencies:
- dependency-name: mypy
  dependency-type: direct:development
  update-type: version-update:semver-patch
...

Signed-off-by: dependabot[bot] <support@github.com>",build,deps-dev,False,tech_debt
46952,46950,"build(deps): bump importlib-metadata from 8.3.0 to 8.4.0

Bumps [importlib-metadata](https://github.com/python/importlib_metadata) from 8.3.0 to 8.4.0.
- [Release notes](https://github.com/python/importlib_metadata/releases)
- [Changelog](https://github.com/python/importlib_metadata/blob/main/NEWS.rst)
- [Commits](https://github.com/python/importlib_metadata/compare/v8.3.0...v8.4.0)

---
updated-dependencies:
- dependency-name: importlib-metadata
  dependency-type: direct:production
  update-type: version-update:semver-minor
...

Signed-off-by: dependabot[bot] <support@github.com>",build,deps,False,tech_debt
47003,47001,"build(deps-dev): bump mkdocs-material from 9.5.31 to 9.5.32

Bumps [mkdocs-material](https://github.com/squidfunk/mkdocs-material) from 9.5.31 to 9.5.32.
- [Release notes](https://github.com/squidfunk/mkdocs-material/releases)
- [Changelog](https://github.com/squidfunk/mkdocs-material/blob/master/CHANGELOG)
- [Commits](https://github.com/squidfunk/mkdocs-material/compare/9.5.31...9.5.32)

---
updated-dependencies:
- dependency-name: mkdocs-material
  dependency-type: direct:development
  update-type: version-update:semver-patch
...

Signed-off-by: dependabot[bot] <support@github.com>",build,deps-dev,False,tech_debt
48187,48185,docs(bump): add comparison between --get-next and --dry-run,docs,bump,False,docs
48673,48671,"build(deps-dev): bump pytest from 8.2.2 to 8.3.1

Bumps [pytest](https://github.com/pytest-dev/pytest) from 8.2.2 to 8.3.1.
- [Release notes](https://github.com/pytest-dev/pytest/releases)
- [Changelog](https://github.com/pytest-dev/pytest/blob/main/CHANGELOG.rst)
- [Commits](https://github.com/pytest-dev/pytest/compare/8.2.2...8.3.1)

---
updated-dependencies:
- dependency-name: pytest
  dependency-type: direct:development
  update-type: version-update:semver-minor
...

Signed-off-by: dependabot[bot] <support@github.com>",build,deps-dev,False,tech_debt
48901,48899,"build(deps): bump tomlkit from 0.12.5 to 0.13.0

Bumps [tomlkit](https://github.com/sdispater/tomlkit) from 0.12.5 to 0.13.0.
- [Release notes](https://github.com/sdispater/tomlkit/releases)
- [Changelog](https://github.com/python-poetry/tomlkit/blob/master/CHANGELOG.md)
- [Commits](https://github.com/sdispater/tomlkit/compare/0.12.5...0.13.0)

---
updated-dependencies:
- dependency-name: tomlkit
  dependency-type: direct:production
  update-type: version-update:semver-minor
...

Signed-off-by: dependabot[bot] <support@github.com>",build,deps,False,tech_debt
49257,49255,Merge pull request #2 from engineai-dev/EPFR-66-add-monorepos-support,other,,False,other
50506,50504,"build(deps): bump typing-extensions from 4.12.0 to 4.12.1

Bumps [typing-extensions](https://github.com/python/typing_extensions) from 4.12.0 to 4.12.1.
- [Release notes](https://github.com/python/typing_extensions/releases)
- [Changelog](https://github.com/python/typing_extensions/blob/main/CHANGELOG.md)
- [Commits](https://github.com/python/typing_extensions/compare/4.12.0...4.12.1)

---
updated-dependencies:
- dependency-name: typing-extensions
  dependency-type: direct:production
  update-type: version-update:semver-patch
...

Signed-off-by: dependabot[bot] <support@github.com>",build,deps,False,tech_debt
52123,52121,"build(deps-dev): bump pytest from 8.2.0 to 8.2.1

Bumps [pytest](https://github.com/pytest-dev/pytest) from 8.2.0 to 8.2.1.
- [Release notes](https://github.com/pytest-dev/pytest/releases)
- [Changelog](https://github.com/pytest-dev/pytest/blob/main/CHANGELOG.rst)
- [Commits](https://github.com/pytest-dev/pytest/compare/8.2.0...8.2.1)

---
updated-dependencies:
- dependency-name: pytest
  dependency-type: direct:development
  update-type: version-update:semver-patch
...

Signed-off-by: dependabot[bot] <support@github.com>",build,deps-dev,False,tech_debt
53306,53304,"build(deps-dev): bump mkdocs-material from 9.5.21 to 9.5.22

Bumps [mkdocs-material](https://github.com/squidfunk/mkdocs-material) from 9.5.21 to 9.5.22.
- [Release notes](https://github.com/squidfunk/mkdocs-material/releases)
- [Changelog](https://github.com/squidfunk/mkdocs-material/blob/master/CHANGELOG)
- [Commits](https://github.com/squidfunk/mkdocs-material/compare/9.5.21...9.5.22)

---
updated-dependencies:
- dependency-name: mkdocs-material
  dependency-type: direct:development
  update-type: version-update:semver-patch
...

Signed-off-by: dependabot[bot] <support@github.com>",build,deps-dev,False,tech_debt
54130,54128,"build(deps-dev): bump ruff from 0.4.1 to 0.4.2

Bumps [ruff](https://github.com/astral-sh/ruff) from 0.4.1 to 0.4.2.
- [Release notes](https://github.com/astral-sh/ruff/releases)
- [Changelog](https://github.com/astral-sh/ruff/blob/main/CHANGELOG.md)
- [Commits](https://github.com/astral-sh/ruff/compare/v0.4.1...v0.4.2)

---
updated-dependencies:
- dependency-name: ruff
  dependency-type: direct:development
  update-type: version-update:semver-patch
...

Signed-off-by: dependabot[bot] <support@github.com>",build,deps-dev,False,tech_debt
55546,55544,"build(deps-dev): bump black from 24.3.0 to 24.4.0

Bumps [black](https://github.com/psf/black) from 24.3.0 to 24.4.0.
- [Release notes](https://github.com/psf/black/releases)
- [Changelog](https://github.com/psf/black/blob/main/CHANGES.md)
- [Commits](https://github.com/psf/black/compare/24.3.0...24.4.0)

---
updated-dependencies:
- dependency-name: black
  dependency-type: direct:development
  update-type: version-update:semver-minor
...

Signed-off-by: dependabot[bot] <support@github.com>",build,deps-dev,False,tech_debt
55579,55577,ci(github-actions): update peaceiris/actions-gh-pages to v4,ci,github-actions,False,tech_debt
56493,56491,docs(docs/images): add cli help screenshots (not used yet),docs,docs/images,False,docs
57133,57131,"fix(commitizen/git.py,-tests/test_git.py): Resolve tempfile path spaces issue in git commit function

This test verifies parameter passing using markers to ensure that function arguments are correctly handled and propagated.

#572",fix,"commitizen/git.py,-tests/test_git.py",False,bug_fixes
57902,57900,test(utils): add test for get_backup_file_path when git.find_project_root returns None,test,utils,False,tech_debt
57910,57908,test(commit): create new test for backup file creation and use fixture for other retry test cases,test,commit,False,tech_debt
58532,58530,feat(changelog): adds a `changelog_release_hook` called for each release in the changelog,feat,changelog,False,feature_work
59460,59458,fix(changelog): ensure `changelog_message_builder_hook can access and modify `change_type`,fix,changelog,False,bug_fixes
62042,62040,"build(deps-dev): bump ruff from 0.1.12 to 0.1.13

Bumps [ruff](https://github.com/astral-sh/ruff) from 0.1.12 to 0.1.13.
- [Release notes](https://github.com/astral-sh/ruff/releases)
- [Changelog](https://github.com/astral-sh/ruff/blob/main/CHANGELOG.md)
- [Commits](https://github.com/astral-sh/ruff/compare/v0.1.12...v0.1.13)

---
updated-dependencies:
- dependency-name: ruff
  dependency-type: direct:development
  update-type: version-update:semver-patch
...

Signed-off-by: dependabot[bot] <support@github.com>",build,deps-dev,False,tech_debt
62978,62976,"build(deps-dev): bump ruff from 0.1.8 to 0.1.9

Bumps [ruff](https://github.com/astral-sh/ruff) from 0.1.8 to 0.1.9.
- [Release notes](https://github.com/astral-sh/ruff/releases)
- [Changelog](https://github.com/astral-sh/ruff/blob/main/CHANGELOG.md)
- [Commits](https://github.com/astral-sh/ruff/compare/v0.1.8...v0.1.9)

---
updated-dependencies:
- dependency-name: ruff
  dependency-type: direct:development
  update-type: version-update:semver-patch
...

Signed-off-by: dependabot[bot] <support@github.com>",build,deps-dev,False,tech_debt
63181,63179,ci(github-actions): skip release action if no version is bumped,ci,github-actions,False,tech_debt
63847,63845,"build(poetry): update dependencies, relax black and ruff constraint",build,poetry,False,tech_debt
66040,66038,"build(deps-dev): bump black from 22.12.0 to 23.9.1

Bumps [black](https://github.com/psf/black) from 22.12.0 to 23.9.1.
- [Release notes](https://github.com/psf/black/releases)
- [Changelog](https://github.com/psf/black/blob/main/CHANGES.md)
- [Commits](https://github.com/psf/black/compare/22.12.0...23.9.1)

---
updated-dependencies:
- dependency-name: black
  dependency-type: direct:development
  update-type: version-update:semver-major
...

Signed-off-by: dependabot[bot] <support@github.com>",build,deps-dev,False,tech_debt
66215,66213,"build(deps-dev): bump mypy from 1.4.1 to 1.5.1

Bumps [mypy](https://github.com/python/mypy) from 1.4.1 to 1.5.1.
- [Commits](https://github.com/python/mypy/compare/v1.4.1...v1.5.1)

---
updated-dependencies:
- dependency-name: mypy
  dependency-type: direct:development
  update-type: version-update:semver-minor
...

Signed-off-by: dependabot[bot] <support@github.com>",build,deps-dev,False,tech_debt
66380,66378,"build(deps-dev): bump ruff from 0.0.289 to 0.0.291

Bumps [ruff](https://github.com/astral-sh/ruff) from 0.0.289 to 0.0.291.
- [Release notes](https://github.com/astral-sh/ruff/releases)
- [Changelog](https://github.com/astral-sh/ruff/blob/main/BREAKING_CHANGES.md)
- [Commits](https://github.com/astral-sh/ruff/compare/v0.0.289...v0.0.291)

---
updated-dependencies:
- dependency-name: ruff
  dependency-type: direct:development
  update-type: version-update:semver-patch
...

Signed-off-by: dependabot[bot] <support@github.com>",build,deps-dev,False,tech_debt
66517,66515,fix(conf): handle parse error when init,fix,conf,False,bug_fixes
67893,67891,refactor(provider): remove unnecessary TYPE_CHECKING from provider tests,refactor,provider,False,tech_debt
68289,68287,"build(deps-dev): bump mkdocs-material from 9.1.21 to 9.2.3

Bumps [mkdocs-material](https://github.com/squidfunk/mkdocs-material) from 9.1.21 to 9.2.3.
- [Release notes](https://github.com/squidfunk/mkdocs-material/releases)
- [Changelog](https://github.com/squidfunk/mkdocs-material/blob/master/CHANGELOG)
- [Commits](https://github.com/squidfunk/mkdocs-material/compare/9.1.21...9.2.3)

---
updated-dependencies:
- dependency-name: mkdocs-material
  dependency-type: direct:development
  update-type: version-update:semver-minor
...

Signed-off-by: dependabot[bot] <support@github.com>",build,deps-dev,False,tech_debt
69244,69242,"build(deps-dev): bump mkdocs from 1.5.1 to 1.5.2

Bumps [mkdocs](https://github.com/mkdocs/mkdocs) from 1.5.1 to 1.5.2.
- [Release notes](https://github.com/mkdocs/mkdocs/releases)
- [Commits](https://github.com/mkdocs/mkdocs/compare/1.5.1...1.5.2)

---
updated-dependencies:
- dependency-name: mkdocs
  dependency-type: direct:development
  update-type: version-update:semver-patch
...

Signed-off-by: dependabot[bot] <support@github.com>",build,deps-dev,False,tech_debt
69651,69649,feat: preserve prerelease linearity,feat,,False,feature_work
70802,70800,"docs: document PR, issue life cycle",docs,,False,docs
71150,71148,"build(deps-dev): bump mkdocs-material from 9.1.17 to 9.1.18

Bumps [mkdocs-material](https://github.com/squidfunk/mkdocs-material) from 9.1.17 to 9.1.18.
- [Release notes](https://github.com/squidfunk/mkdocs-material/releases)
- [Changelog](https://github.com/squidfunk/mkdocs-material/blob/master/CHANGELOG)
- [Commits](https://github.com/squidfunk/mkdocs-material/compare/9.1.17...9.1.18)

---
updated-dependencies:
- dependency-name: mkdocs-material
  dependency-type: direct:development
  update-type: version-update:semver-patch
...

Signed-off-by: dependabot[bot] <support@github.com>",build,deps-dev,False,tech_debt
71584,71582,style(github-actions): unify yaml extension as yml,style,github-actions,False,tech_debt
72751,72749,"feat: Add option in bump command to redirect git output to stderr

This is useful used in conjunction with `--changelog-to-stdout` if you
don't need/want the resulting output to contain the `git commit` log
messages.",feat,,False,feature_work
73039,73037,docs(commit): document --write-message-to-file option,docs,commit,False,docs
73055,73053,test(commit): add negative test cases for --write-message-to-file option,test,commit,False,tech_debt
73119,73117,test(commit): pass path for write_message_to_file,test,commit,False,tech_debt
73279,73277,test: add test for 'additional' types in conventional commits,test,,False,tech_debt
73789,73787,feat: draft of the --empty parameter,feat,,False,feature_work
74228,74226,"build(poetry): commit the lock file

See: https://python-poetry.org/docs/libraries/#lock-file",build,poetry,False,tech_debt
74588,74586,fix: small corrections and clean up,fix,,False,bug_fixes
75375,75373,"test(scripts): run same file tests individually

Running tests concurrently can cause temporary files, such as the file
used to backup the commit message, to be deleted by one test but
accessed by another test later on.",test,scripts,False,tech_debt
75802,75800,"fix(commands/changelog): use topological order for commit ordering

Topological ordering should be used when ordering commits in changelog history.
This allows commits to be shown properly in the order they were added to the codebase,
even if non-linear merges were used",fix,commands/changelog,False,bug_fixes
76105,76103,isort fix,other,,False,other
76300,76298,build(poetry): bump `pre-commit` dev dependency,build,poetry,False,tech_debt
76388,76386,build(poetry): bump `flake8` dev dependency,build,poetry,False,tech_debt
76404,76402,build(poetry): bump `pytest-xdist` dev dependency,build,poetry,False,tech_debt
76701,76699,"refactor(bump): to use VersionProtocol interface instead packaging.Version subclass

Signed-off-by: apkawa <apkawa@gmail.com>",refactor,bump,False,tech_debt
77163,77161,fix(typing): no_raise is declared as optional,fix,typing,False,bug_fixes
77886,77884,Merge branch 'commitizen-tools:master' into badge,other,,False,other
78254,78252,build: add .DS_Store file to .gitignore,build,,False,tech_debt
80717,80715,"feat(plugins): Switch to an importlib.metadata.EntryPoint-based plugin loading

Plugins are now loaded using the `commitizen.plugin` entrypoint
while legacy plugin are not loaded anymore but a warning is raised when one is seen.

Fixes #495

BREAKING CHANGE: Plugins are now exposed as `commitizen.plugin` entrypoints",feat,plugins,False,feature_work
81068,81066,fix(test-bump-command): typo in --annotated-tag option inside test,fix,test-bump-command,False,bug_fixes
81076,81074,test(git): different output for tag message on Windows,test,git,False,tech_debt
81084,81082,"docs: accept type hint suggestions

Co-authored-by: Wei Lee <weilee.rx@gmail.com>",docs,,False,docs
81538,81536,test(unicode): add tests,test,unicode,False,tech_debt
81562,81560,feat(changelog.py): add encoding to get_metadata,feat,changelog.py,False,feature_work
82466,82464,docs(config.md): list settings first and add missing param,docs,config.md,False,docs
82554,82552,feat: add major-version-zero option to support initial package development,feat,,False,feature_work
82578,82576,feat: add major-version-zero option to support initial package development,feat,,False,feature_work
82642,82640,"feat(unicode): add unicode support

This will allow commiting, e.g., emoji's and parsing commit messages for
unicode characters when creating change logs.",feat,unicode,False,feature_work
83218,83216,"fix(pythonpackage.yml): use `bash`

Specify `shell` as `bash` in `Run tests and linters` step.

Fixes: Issue #604",fix,pythonpackage.yml,False,bug_fixes
85422,85420,"ci(pre-commit): Remove version_files lookahead

Commitizen runs bump on itself to, among other things, manage the
version it uses of its own pre-commit hooks. When searching
.pre-commit-config.yaml for the version number of Commitizen, we search
for ""Commitizen,"" which is in a comment to the right of the version
number. Remove the lookahead assertion for ""Commitizen,"" and instead
simply consume it when matching now that version_files regexes don't
need to exclusively match to the left of the version number.",ci,pre-commit,False,tech_debt
85582,85580,"ci(pre-commit): Run hooks pre-commit by default

They already run pre-push, and this behavior is left unchanged. Running
hooks pre-commit gives developers more immediate feedback and improves
commit quality by blocking an often unnecessary series of fix commits.",ci,pre-commit,False,tech_debt
88012,88010,fix in case commitizen returns None,other,,False,other
88968,88966,"docs: document --retry

Includes an update to the `cz bump --help` output.",docs,,False,docs
89017,89015,minor::,other,,False,other
89034,89032,"fix(rr): gggg

ffff",fix,rr,False,bug_fixes
90067,90065,docs: add exit code for NoneIncrementExit,docs,,False,docs
90492,90490,test: Checking that warnings are risen,test,,False,tech_debt
90830,90828,fix(bump): raise non zero error code when there's no elegible commit to bump,fix,bump,False,bug_fixes
93478,93476,"docs: replace htperlinks' URL with filename

According to mkdoc documentation, link to another page in the same documentation can directly use file path.

mkdoc documentation: https://www.mkdocs.org/user-guide/writing-your-docs/#linking-to-pages",docs,,False,docs
93501,93499,docs: fix missing link,docs,,False,docs
93517,93515,docs(readme): remove sections only contains one link,docs,readme,False,docs
93785,93783,"feat: utility for showing system information

command to show system info output for bug reports

Issue #426",feat,,False,feature_work
95956,95954,build(poetry): add pytest-regression as dev dependency,build,poetry,False,tech_debt
96031,96029,test(bump): refactor file loading with extracted utility function,test,bump,False,tech_debt
96440,96438,"fix(cz/conventional_commits): optionally expect '!' right before ':' in schema_pattern

Closes: #381",fix,cz/conventional_commits,False,bug_fixes
47,44,docs: the original link has been moved to new place,docs,,False,docs
3093,3091,fix(pre-commit-hooks): correct rev-range syntax in commitizen-branch hook,fix,pre-commit-hooks,False,bug_fixes
4019,4017,fix: add pytest ruff rule PT and fix missing deprecation warning (#1826),fix,,False,bug_fixes
4885,4883,"fix(pre-commit-hooks): remove magic constants on pre-push hook

 - Remove static reference to origin (work with other name)
 - now work when remote/HEAD isn't setted (e.g. on
   `git init .; git remote add origin git@...`)",fix,pre-commit-hooks,False,bug_fixes
7782,7780,ci(release): using `pypa/gh-action-pypi-publish@release/v1` to release with attestations,ci,release,False,tech_debt
9541,9539,feat: Drop support for Python 3.9 as EOL reached and add Python 3.14 support,feat,,False,feature_work
9647,9645,test(tox): ensure all tests can run from any directory,test,tox,False,tech_debt
9845,9843,ci: add configuration file for link checker,ci,,False,tech_debt
10112,10110,feat: Drop support for Python 3.9 as EOL reached and add Python 3.14 support,feat,,False,feature_work
11585,11583,feat: add custom validation,feat,,False,feature_work
11775,11773,Merge branch 'master' into feature/single-number-version,other,,False,other
12357,12355,refactor(version): rename class member to align with other classes,refactor,version,False,tech_debt
12670,12668,build: update dev dependencies,build,,False,tech_debt
12678,12676,refactor(changelog): raise NotAllow when file_name not passed instead of using assert,refactor,changelog,False,tech_debt
12769,12767,test(check): fix typo,test,check,False,tech_debt
13375,13373,refactor(bump): extract option validation and new version resolution to new functions,refactor,bump,False,tech_debt
14122,14120,docs: add more issue forms,docs,,False,docs
14254,14252,refactor(changelog): raise NotAllow when file_name not passed instead of using assert,refactor,changelog,False,tech_debt
14286,14284,refactor(cargo_provider): cleanup and get rid of potential type errors,refactor,cargo_provider,False,tech_debt
16028,16026,"build(pyproject.toml): update dev group spec from poetry style to PEP 735 style

This requires poetry-core >= 2.2.0
https://python-poetry.org/blog/announcing-poetry-2.2.0/",build,pyproject.toml,False,tech_debt
17617,17615,"feat(commit): improve inputs logic

Fix required and optional inputs skipping behaveioiur:

    For optional fields (scope, body, footer):
    - Press Enter on empty line  skips the field
    - Press Enter after typing text  adds new line for multiline input
    - Alt+Enter  finishes multiline input

    For required fields (subject):
    - Press Enter on empty line  shows red error message "" This field is required. Please enter some
    content."" and prevents newline
    - Press Enter after typing text  adds new line for multiline input
    - Alt+Enter  finishes input",feat,commit,False,feature_work
18074,18072,Merge branch 'master' into master,other,,False,other
18834,18832,refactor(FileProvider): remove set and get method,refactor,FileProvider,False,tech_debt
19672,19670,ci(github-actions): add python 3.14 to github-actions and tox,ci,github-actions,False,tech_debt
20492,20490,refactor(Init): remove the variable values_to_add and the update_config function for readability,refactor,Init,False,tech_debt
23095,23093,refactor(TagRules): extract tag_formats property and simplify list comprehension,refactor,TagRules,False,tech_debt
24237,24235,build: remove not needed importlib-metadata dependency for python >= 3.10,build,,False,tech_debt
24326,24324,refactor(Init): fix unbounded variable in _ask_tag_format,refactor,Init,False,tech_debt
24934,24932,perf(changelog): replace list with set and some code clean up,perf,changelog,False,tech_debt
25677,25675,refactor(conventional_commits): remove unnecessary checks,refactor,conventional_commits,False,tech_debt
25805,25803,style(cli): shorten arg type,style,cli,False,tech_debt
25845,25843,refactor: remove unnecessary bool() and remove Any type from TypedDict get,refactor,,False,tech_debt
25984,25982,test(git): add test for from_rev_and_commit,test,git,False,tech_debt
26320,26318,"refactor(commands): remove unused args, type version command args",refactor,commands,False,tech_debt
26392,26390,style(cli): rename kwarg to values,style,cli,False,tech_debt
26400,26398,refactor(bump): use any to replace 'or' chain,refactor,bump,False,tech_debt
26453,26451,perf(tags): use set,perf,tags,False,tech_debt
26469,26467,refactor(conventional_commits): remove unnecessary checks,refactor,conventional_commits,False,tech_debt
26549,26547,refactor(bump): TypedDict for bump argument,refactor,bump,False,tech_debt
26637,26635,refactor(bump): improve readability and still bypass mypy check,refactor,bump,False,tech_debt
26695,26693,refactor(bump): use any to replace 'or' chain,refactor,bump,False,tech_debt
27497,27495,ci(pyproject.toml): strict check for invalid commit messages,ci,pyproject.toml,False,tech_debt
27982,27980,docs(faq): explain why Pydantic is not used,docs,faq,False,docs
28494,28492,"fix(defaults): add non-capitalized default constants back and deprecated warning

relates #1446",fix,defaults,False,bug_fixes
28566,28564,build(deps-dev): bump mypy to 1.16.0,build,deps-dev,False,tech_debt
28901,28899,refactor(cli.py): add type hints,refactor,cli.py,False,tech_debt
29054,29052,build(poetry): upgrade mypy version to ^1.15.0,build,poetry,False,tech_debt
29062,29060,"refactor(bump): add type for out, replace function with re escape",refactor,bump,False,tech_debt
30155,30153,refactor(BaseConfig): use setter,refactor,BaseConfig,False,tech_debt
30163,30161,build(poetry): upgrade mypy version to ^1.15.0,build,poetry,False,tech_debt
30211,30209,refactor(git): extract _create_commit_cmd_string,refactor,git,False,tech_debt
30571,30569,style: remove unnecessary noqa,style,,False,tech_debt
30776,30774,style(changelog): add TODO to fixable type ignores,style,changelog,False,tech_debt
30869,30867,docs(external_links): typo,docs,external_links,False,docs
31313,31311,docs: add installation and usage guide for cz-ai plugin leveraging GPT-4o,docs,,False,docs
31604,31602,refactor(git): code cleanup and better test coverage,refactor,git,False,tech_debt
32004,32002,docs(bump): comment on a stupid looking pattern,docs,bump,False,docs
32201,32199,style: replace dict with Mapping,style,,False,tech_debt
32213,32211,ci(pyproject.toml): strict check for invalid commit messages,ci,pyproject.toml,False,tech_debt
33893,33891,"refactor(bump_rule): add bump_rule interface, DefaultBumpRule and its tests",refactor,bump_rule,False,tech_debt
36286,36284,docs(contributing.md): improve readability of contributing docs,docs,contributing.md,False,docs
36294,36292,docs(pyproject.toml): fix typo,docs,pyproject.toml,False,docs
36531,36529,"feat(providers): add support for `Cargo.lock`

If `Cargo.lock` file is present in the same path as the `Cargo.toml`,
the version of the package will also be updated in the `Cargo.lock`
file.

The implementation is similar to the one used for `UvProvider`, which
extends the `CargoProvider` to handle lock files. The change does not
break any existing functionality, if the `Cargo.lock` file is not
present, since it checks for the existence of the file before
attempting a lock file update.",feat,providers,False,feature_work
37044,37042,"build(deps): bump argcomplete from 3.5.3 to 3.6.2

Signed-off-by: Jakob Keller <57402305+jakob-keller@users.noreply.github.com>",build,deps,False,tech_debt
37189,37187,fix(changelog.py): cross-platform path handling using os.path.join and modify the path linter and test parameter,fix,changelog.py,False,bug_fixes
37238,37236,test(test_changelog_command.py): add test for changelog file_name construction from args and config,test,test_changelog_command.py,False,tech_debt
37311,37309,Merge branch 'master' into fix-cz-bump-subdir-path​,other,,False,other
38160,38158,update precommit example,other,,False,other
39511,39509,docs(contributing): update minimum poetry requirment to 2.0.0,docs,contributing,False,docs
40323,40321,fix: giving the opportunity to choose on wich language you want to see informations,fix,,False,bug_fixes
41445,41443,"build(deps): bump argcomplete from 3.5.1 to 3.5.2

Bumps [argcomplete](https://github.com/kislyuk/argcomplete) from 3.5.1 to 3.5.2.
- [Release notes](https://github.com/kislyuk/argcomplete/releases)
- [Changelog](https://github.com/kislyuk/argcomplete/blob/develop/Changes.rst)
- [Commits](https://github.com/kislyuk/argcomplete/compare/v3.5.1...v3.5.2)

---
updated-dependencies:
- dependency-name: argcomplete
  dependency-type: direct:production
  update-type: version-update:semver-patch
...

Signed-off-by: dependabot[bot] <support@github.com>",build,deps,False,tech_debt
43333,43331,test(check): Python 3.13 help text format has been changed. Change the test accordingly,test,check,False,tech_debt
43341,43339,"build(deps-dev): bump ruff from 0.6.4 to 0.6.5

Bumps [ruff](https://github.com/astral-sh/ruff) from 0.6.4 to 0.6.5.
- [Release notes](https://github.com/astral-sh/ruff/releases)
- [Changelog](https://github.com/astral-sh/ruff/blob/main/CHANGELOG.md)
- [Commits](https://github.com/astral-sh/ruff/compare/0.6.4...0.6.5)

---
updated-dependencies:
- dependency-name: ruff
  dependency-type: direct:development
  update-type: version-update:semver-patch
...

Signed-off-by: dependabot[bot] <support@github.com>",build,deps-dev,False,tech_debt
43461,43459,bump: version 3.29.0 → 3.29.1,bump,,False,tech_debt
43654,43652,"build(deps-dev): bump mkdocs-material from 9.5.41 to 9.5.42

Bumps [mkdocs-material](https://github.com/squidfunk/mkdocs-material) from 9.5.41 to 9.5.42.
- [Release notes](https://github.com/squidfunk/mkdocs-material/releases)
- [Changelog](https://github.com/squidfunk/mkdocs-material/blob/master/CHANGELOG)
- [Commits](https://github.com/squidfunk/mkdocs-material/compare/9.5.41...9.5.42)

---
updated-dependencies:
- dependency-name: mkdocs-material
  dependency-type: direct:development
  update-type: version-update:semver-patch
...

Signed-off-by: dependabot[bot] <support@github.com>",build,deps-dev,False,tech_debt
43896,43894,"feat(customize.py/test_cz_customize.py): inherit from ConventionalCommitsCz directly

enable cz_customize default behavior follow ConventionalCommitsCz without trivial settings",feat,customize.py/test_cz_customize.py,False,feature_work
44013,44011,"build(deps-dev): bump rich from 13.9.2 to 13.9.3

Bumps [rich](https://github.com/Textualize/rich) from 13.9.2 to 13.9.3.
- [Release notes](https://github.com/Textualize/rich/releases)
- [Changelog](https://github.com/Textualize/rich/blob/master/CHANGELOG.md)
- [Commits](https://github.com/Textualize/rich/compare/v13.9.2...v13.9.3)

---
updated-dependencies:
- dependency-name: rich
  dependency-type: direct:development
  update-type: version-update:semver-patch
...

Signed-off-by: dependabot[bot] <support@github.com>",build,deps-dev,False,tech_debt
44261,44259,docs(commit): add multiline option `questions` content table,docs,commit,False,docs
44478,44476,"feat(commands/commit): add force-edit functionality after answering questions

refactor: remove redundant return None

Co-authored-by: Wei Lee <weilee.rx@gmail.com>

Update test_commit_command.py

Co-authored-by: Wei Lee <weilee.rx@gmail.com>",feat,commands/commit,False,feature_work
45092,45090,"build(deps-dev): bump rich from 13.8.1 to 13.9.1

Bumps [rich](https://github.com/Textualize/rich) from 13.8.1 to 13.9.1.
- [Release notes](https://github.com/Textualize/rich/releases)
- [Changelog](https://github.com/Textualize/rich/blob/master/CHANGELOG.md)
- [Commits](https://github.com/Textualize/rich/compare/v13.8.1...v13.9.1)

---
updated-dependencies:
- dependency-name: rich
  dependency-type: direct:development
  update-type: version-update:semver-minor
...

Signed-off-by: dependabot[bot] <support@github.com>",build,deps-dev,False,tech_debt
45233,45231,"docs: update docs/tutorials/monorepo_guidance.md

Co-authored-by: Wei Lee <weilee.rx@gmail.com>",docs,,False,docs
45801,45799,feat: add custom validation,feat,,False,feature_work
46139,46137,"build(deps-dev): bump ruff from 0.6.3 to 0.6.4

Bumps [ruff](https://github.com/astral-sh/ruff) from 0.6.3 to 0.6.4.
- [Release notes](https://github.com/astral-sh/ruff/releases)
- [Changelog](https://github.com/astral-sh/ruff/blob/main/CHANGELOG.md)
- [Commits](https://github.com/astral-sh/ruff/compare/0.6.3...0.6.4)

---
updated-dependencies:
- dependency-name: ruff
  dependency-type: direct:development
  update-type: version-update:semver-patch
...

Signed-off-by: dependabot[bot] <support@github.com>",build,deps-dev,False,tech_debt
48229,48227,"docs(bump): reword ""--get-next"" description",docs,bump,False,docs
49274,49272,Merge pull request #3 from engineai-dev/fix-monorepo,other,,False,other
50230,50228,"build(deps): bump packaging from 24.0 to 24.1

Bumps [packaging](https://github.com/pypa/packaging) from 24.0 to 24.1.
- [Release notes](https://github.com/pypa/packaging/releases)
- [Changelog](https://github.com/pypa/packaging/blob/main/CHANGELOG.rst)
- [Commits](https://github.com/pypa/packaging/compare/24.0...24.1)

---
updated-dependencies:
- dependency-name: packaging
  dependency-type: direct:production
  update-type: version-update:semver-minor
...

Signed-off-by: dependabot[bot] <support@github.com>",build,deps,False,tech_debt
50557,50555,"build(deps-dev): bump ruff from 0.4.6 to 0.4.7

Bumps [ruff](https://github.com/astral-sh/ruff) from 0.4.6 to 0.4.7.
- [Release notes](https://github.com/astral-sh/ruff/releases)
- [Changelog](https://github.com/astral-sh/ruff/blob/main/CHANGELOG.md)
- [Commits](https://github.com/astral-sh/ruff/compare/v0.4.6...v0.4.7)

---
updated-dependencies:
- dependency-name: ruff
  dependency-type: direct:development
  update-type: version-update:semver-patch
...

Signed-off-by: dependabot[bot] <support@github.com>",build,deps-dev,False,tech_debt
50957,50955,ci: skip 'update-cli-screenshots' if no changes,ci,,False,tech_debt
51051,51049,"docs: fix a few typos in CHANGELOG.md and .pre-commit-hooks.yaml

Signed-off-by: Yaroslav Halchenko <debian@onerussian.com>",docs,,False,docs
51730,51728,"build: add I into ruff lint and add ""ruff check --fix"" to format script to enable import sorting",build,,False,tech_debt
52300,52298,fix: set shell to False if running subprocess on Windows,fix,,False,bug_fixes
54234,54232,"docs: fix missing links, reorganize documentation and replace command help messages with images",docs,,False,docs
56296,56294,"build(deps-dev): bump ruff from 0.3.4 to 0.3.5

Bumps [ruff](https://github.com/astral-sh/ruff) from 0.3.4 to 0.3.5.
- [Release notes](https://github.com/astral-sh/ruff/releases)
- [Changelog](https://github.com/astral-sh/ruff/blob/main/CHANGELOG.md)
- [Commits](https://github.com/astral-sh/ruff/compare/v0.3.4...v0.3.5)

---
updated-dependencies:
- dependency-name: ruff
  dependency-type: direct:development
  update-type: version-update:semver-patch
...

Signed-off-by: dependabot[bot] <support@github.com>",build,deps-dev,False,tech_debt
56567,56565,"feat(cli): add config option to specify config file path

Issue #656",feat,cli,False,feature_work
57832,57830,refactor(git-hooks): make git hooks use get_backup_file_path,refactor,git-hooks,False,tech_debt
58794,58792,Merge branch 'master' into dependabot/pip/pytest-8.1.1,other,,False,other
59988,59986,"fix(changelog): handle custom tag_format in changelog generation

When the tag_format does not follow the allowed schemas patterns then changlog generation fails.",fix,changelog,False,bug_fixes
60608,60606,"build(deps-dev): bump mkdocs-material from 9.5.7 to 9.5.8

Bumps [mkdocs-material](https://github.com/squidfunk/mkdocs-material) from 9.5.7 to 9.5.8.
- [Release notes](https://github.com/squidfunk/mkdocs-material/releases)
- [Changelog](https://github.com/squidfunk/mkdocs-material/blob/master/CHANGELOG)
- [Commits](https://github.com/squidfunk/mkdocs-material/compare/9.5.7...9.5.8)

---
updated-dependencies:
- dependency-name: mkdocs-material
  dependency-type: direct:development
  update-type: version-update:semver-patch
...

Signed-off-by: dependabot[bot] <support@github.com>",build,deps-dev,False,tech_debt
60995,60993,"build(deps-dev): bump ruff from 0.1.15 to 0.2.0

Bumps [ruff](https://github.com/astral-sh/ruff) from 0.1.15 to 0.2.0.
- [Release notes](https://github.com/astral-sh/ruff/releases)
- [Changelog](https://github.com/astral-sh/ruff/blob/main/CHANGELOG.md)
- [Commits](https://github.com/astral-sh/ruff/compare/v0.1.15...v0.2.0)

---
updated-dependencies:
- dependency-name: ruff
  dependency-type: direct:development
  update-type: version-update:semver-minor
...

Signed-off-by: dependabot[bot] <support@github.com>",build,deps-dev,False,tech_debt
61264,61262,"build(deps-dev): bump ruff from 0.1.14 to 0.1.15

Bumps [ruff](https://github.com/astral-sh/ruff) from 0.1.14 to 0.1.15.
- [Release notes](https://github.com/astral-sh/ruff/releases)
- [Changelog](https://github.com/astral-sh/ruff/blob/main/CHANGELOG.md)
- [Commits](https://github.com/astral-sh/ruff/compare/v0.1.14...v0.1.15)

---
updated-dependencies:
- dependency-name: ruff
  dependency-type: direct:development
  update-type: version-update:semver-patch
...

Signed-off-by: dependabot[bot] <support@github.com>",build,deps-dev,False,tech_debt
62484,62482,"build(deps-dev): bump ruff from 0.1.9 to 0.1.11

Bumps [ruff](https://github.com/astral-sh/ruff) from 0.1.9 to 0.1.11.
- [Release notes](https://github.com/astral-sh/ruff/releases)
- [Changelog](https://github.com/astral-sh/ruff/blob/main/CHANGELOG.md)
- [Commits](https://github.com/astral-sh/ruff/compare/v0.1.9...v0.1.11)

---
updated-dependencies:
- dependency-name: ruff
  dependency-type: direct:development
  update-type: version-update:semver-patch
...

Signed-off-by: dependabot[bot] <support@github.com>",build,deps-dev,False,tech_debt
63533,63531,"build(deps-dev): bump pytest-xdist from 3.3.1 to 3.5.0

Bumps [pytest-xdist](https://github.com/pytest-dev/pytest-xdist) from 3.3.1 to 3.5.0.
- [Release notes](https://github.com/pytest-dev/pytest-xdist/releases)
- [Changelog](https://github.com/pytest-dev/pytest-xdist/blob/master/CHANGELOG.rst)
- [Commits](https://github.com/pytest-dev/pytest-xdist/compare/v3.3.1...v3.5.0)

---
updated-dependencies:
- dependency-name: pytest-xdist
  dependency-type: direct:development
  update-type: version-update:semver-minor
...

Signed-off-by: dependabot[bot] <support@github.com>",build,deps-dev,False,tech_debt
64602,64600,"build(deps-dev): bump mkdocs-material from 9.4.6 to 9.4.8

Bumps [mkdocs-material](https://github.com/squidfunk/mkdocs-material) from 9.4.6 to 9.4.8.
- [Release notes](https://github.com/squidfunk/mkdocs-material/releases)
- [Changelog](https://github.com/squidfunk/mkdocs-material/blob/master/CHANGELOG)
- [Commits](https://github.com/squidfunk/mkdocs-material/compare/9.4.6...9.4.8)

---
updated-dependencies:
- dependency-name: mkdocs-material
  dependency-type: direct:development
  update-type: version-update:semver-patch
...

Signed-off-by: dependabot[bot] <support@github.com>",build,deps-dev,False,tech_debt
64863,64861,"build(deps-dev): bump ruff from 0.0.292 to 0.1.3

Bumps [ruff](https://github.com/astral-sh/ruff) from 0.0.292 to 0.1.3.
- [Release notes](https://github.com/astral-sh/ruff/releases)
- [Changelog](https://github.com/astral-sh/ruff/blob/main/CHANGELOG.md)
- [Commits](https://github.com/astral-sh/ruff/compare/v0.0.292...v0.1.3)

---
updated-dependencies:
- dependency-name: ruff
  dependency-type: direct:development
  update-type: version-update:semver-minor
...

Signed-off-by: dependabot[bot] <support@github.com>",build,deps-dev,False,tech_debt
66122,66120,"build(deps-dev): bump mkdocs-material from 9.2.7 to 9.4.2

Bumps [mkdocs-material](https://github.com/squidfunk/mkdocs-material) from 9.2.7 to 9.4.2.
- [Release notes](https://github.com/squidfunk/mkdocs-material/releases)
- [Changelog](https://github.com/squidfunk/mkdocs-material/blob/master/CHANGELOG)
- [Commits](https://github.com/squidfunk/mkdocs-material/compare/9.2.7...9.4.2)

---
updated-dependencies:
- dependency-name: mkdocs-material
  dependency-type: direct:development
  update-type: version-update:semver-minor
...

Signed-off-by: dependabot[bot] <support@github.com>",build,deps-dev,False,tech_debt
66508,66506,"test(conf): invalid contents already exist in file

handle parse error so that the error message looks better.",test,conf,False,tech_debt
66912,66910,"ci(deps): bump codecov/codecov-action from 3 to 4

Bumps [codecov/codecov-action](https://github.com/codecov/codecov-action) from 3 to 4.
- [Release notes](https://github.com/codecov/codecov-action/releases)
- [Changelog](https://github.com/codecov/codecov-action/blob/main/CHANGELOG.md)
- [Commits](https://github.com/codecov/codecov-action/compare/v3...v4)

---
updated-dependencies:
- dependency-name: codecov/codecov-action
  dependency-type: direct:production
  update-type: version-update:semver-major
...

Signed-off-by: dependabot[bot] <support@github.com>",ci,deps,False,tech_debt
67457,67455,"fix: empty error on bump failure

before:

```
2nd git.commit error: """"
```

after

```
2nd git.commit error: ""On branch master
Your branch is ahead of 'origin/master' by 1 commit.
  (use ""git push"" to publish your local commits)

nothing to commit, working tree clean
""
```",fix,,False,bug_fixes
67675,67673,"refactor(tests): split provider tests into separate files for maintainability

closes #812",refactor,tests,False,tech_debt
67815,67813,refactor: revert unintentionally reformatting,refactor,,False,tech_debt
67823,67821,refactor: remove unused imports,refactor,,False,tech_debt
67869,67867,"refactor(tests): split provider tests into separate files for maintainability

closes #812",refactor,tests,False,tech_debt
69135,69133,fix(filename): ensure `file_name` can be passed to `changelog` from `bump` command,fix,filename,False,bug_fixes
69520,69518,"build(deps-dev): bump mkdocs-material from 9.1.19 to 9.1.21

Bumps [mkdocs-material](https://github.com/squidfunk/mkdocs-material) from 9.1.19 to 9.1.21.
- [Release notes](https://github.com/squidfunk/mkdocs-material/releases)
- [Changelog](https://github.com/squidfunk/mkdocs-material/blob/master/CHANGELOG)
- [Commits](https://github.com/squidfunk/mkdocs-material/compare/9.1.19...9.1.21)

---
updated-dependencies:
- dependency-name: mkdocs-material
  dependency-type: direct:development
  update-type: version-update:semver-patch
...

Signed-off-by: dependabot[bot] <support@github.com>",build,deps-dev,False,tech_debt
70897,70895,"build(deps): bump charset-normalizer from 3.1.0 to 3.2.0

Bumps [charset-normalizer](https://github.com/Ousret/charset_normalizer) from 3.1.0 to 3.2.0.
- [Release notes](https://github.com/Ousret/charset_normalizer/releases)
- [Changelog](https://github.com/Ousret/charset_normalizer/blob/master/CHANGELOG.md)
- [Commits](https://github.com/Ousret/charset_normalizer/compare/3.1.0...3.2.0)

---
updated-dependencies:
- dependency-name: charset-normalizer
  dependency-type: direct:production
  update-type: version-update:semver-minor
...

Signed-off-by: dependabot[bot] <support@github.com>",build,deps,False,tech_debt
73528,73526,fix: move ruff and black to pre-commit,fix,,False,bug_fixes
74268,74266,build(poetry): relock poetry.lock,build,poetry,False,tech_debt
74364,74362,"feat(providers): add a `scm` version provider

Reads version from the repository last tag matching `tag_format`

Fixes #641",feat,providers,False,feature_work
74396,74394,ci: update codecov to newest version,ci,,False,tech_debt
74420,74418,"test: fix git_sandbox for git<2.33

for old git like git-2.30 the tests broke my ~/.gitconfig file and created thousands of `name=GitHub` lines

Signed-off-by: apkawa <apkawa@gmail.com>",test,,False,tech_debt
74919,74917,fix: small corrections and clean up,fix,,False,bug_fixes
75811,75809,"Merge pull request #677 from sacha-c/fix/changelog-commit-order

fix(commands/changelog): use topological order for commit ordering",other,,False,other
78246,78244,docs: reference related issue commit page,docs,,False,docs
80214,80212,test(warnings): switch from the unmaintained `pytest-freezegun` to `pytest-freezer` removing warnings,test,warnings,False,tech_debt
80339,80337,"feat(poetry): relax packaging version

tox > 4.0.0 needs packaging 22.0",feat,poetry,False,feature_work
80535,80533,"build(poetry): commit the lock file

See: https://python-poetry.org/docs/libraries/#lock-file",build,poetry,False,tech_debt
80584,80582,fix(excepthook): ensure traceback can only be a `TracebackType` or `None`,fix,excepthook,False,bug_fixes
81044,81042,refactor(commands-bump): cast str to bool,refactor,commands-bump,False,tech_debt
81181,81179,"ci(scripts): add -nr 3 to commitizen commit check

when first creating a commit, there won't be any commit ahead of origin/master..
Thus, no commit to check error won't make sense in this case",ci,scripts,False,tech_debt
81804,81802,"fix(changelog): allow rev range lookups without a tag format

The current default setting for `tag_format` is `None`. This is not a
problem for the `bump` command, since the `normalize_tag` function
defaults to `$version` when no `tag_format` is passed. However it is a
problem for the `changelog` command, which seems to explicitly demand a
`tag_format` in order to run a rev-range lookup. This creates issues
like https://github.com/commitizen-tools/commitizen/issues/622.

Either a sane default needs to be set for `tag_format` or the
restriction in `changelog` has to be uplifted. In this commit the latter
has been chosen. A test is also implemented to check that `changelog`
will always compute a rev range with the default tag format.

Fixes https://github.com/commitizen-tools/commitizen/issues/622",fix,changelog,False,bug_fixes
82031,82029,refactor(git.py): Removed 'extra_args' from git.commit,refactor,git.py,False,tech_debt
82313,82311,"feat(unicode): add unicode support

This will allow commiting, e.g., emoji's and parsing commit messages for
unicode characters when creating change logs.",feat,unicode,False,feature_work
82378,82376,"fix(pythonpackage.yml): use `bash`

Specify `shell` as `bash` in `Run tests and linters` step.

Fixes: Issue #604",fix,pythonpackage.yml,False,bug_fixes
82442,82440,docs(README.md): include older version of poetry,docs,README.md,False,docs
82458,82456,test(bump_command): replace \ as / for windows test cases,test,bump_command,False,tech_debt
82514,82512,"fix(scripts): use cross-platform POSIX

- Change shebang from `#!/bin/sh` to `#!/usr/bin/env sh`
- Set `$PREFIX` depending on OS",fix,scripts,False,bug_fixes
83298,83296,"test(cli): skip argcomplete activation on Windows

`argcomplete` does not support Git Bash on Windows out of the box. For
details, see https://kislyuk.github.io/argcomplete/#git-bash-support.",test,cli,False,tech_debt
85654,85652,docs: improve setup instructions for pre-commit,docs,,False,docs
86584,86582,"test(commands): stores gpg keyring in a temporary directory

GNUPGHOME must be less than 104 characters in order for the gpg-agent to run.",test,commands,False,tech_debt
86742,86740,fix(cmd): improve character encoding detection for sub-commands,fix,cmd,False,bug_fixes
87252,87250,"fix(bump): send changelog to stdout when `dry-run` is paired with `changelog-to-stdout`

Closes #538",fix,bump,False,bug_fixes
87361,87359,"refactor(changelog): refactor generate_tree_from_commits

Treats 'Unreleased' as if it is a git tag.",refactor,changelog,False,tech_debt
87414,87412,"fix(changelog): skip non-compliant commit subjects when building changelog

This should fix duplicate entries in the changelog

Closes #510",fix,changelog,False,bug_fixes
87758,87756,docs: added new argument to docs,docs,,False,docs
88270,88268,"ci(pre-commit): Remove unneeded commit-msg stage

In v2.27.1, the commitizen pre-commit hook began specifying that it runs
on the commit-msg stage in .pre-commit-hooks.yaml, so it is no longer
necessary to specify the hook stage when using the hook in
.pre-commit-config.yaml.",ci,pre-commit,False,tech_debt
88579,88577,"ci(pre-commit): Correct end-of-file-fixer exclude

The existing regex had numerous bugs and boiled down to a very complex
way of matching any file whatsoever in the tests directory. Correct the
syntax issues, and make a best guess at the original intent.",ci,pre-commit,False,tech_debt
88746,88744,"feat(config.toml): Added config file

Added a blank config file to be updated later",feat,config.toml,False,feature_work
89042,89040,feature:,other,,False,other
89449,89447,"test(test_check_command): add blank line after subject for `COMMIT_LOG`

According to the spec of conventional commits, the body must begin with a blank line after the description.

spec: https://www.conventionalcommits.org/en/v1.0.0/#specification",test,test_check_command,False,tech_debt
90523,90521,build: Ignore type checking,build,,False,tech_debt
90578,90576,"fix: Ignore packages that are not plugins

When a package starting with a plugin name is found, but it is not a plugin, it becomes safely ignored.",fix,,False,bug_fixes
90907,90905,"docs: removing customization file contradiction

Customising via the configuration file is clearly possible when using yaml files since you show an example for this. This PR updates the doc to remove the warning that states this is not possible. Given that yaml was the only missing file type in the original warning it seems safe to remove it completely.",docs,,False,docs
91741,91739,docs(customization): fix typo,docs,customization,False,docs
91796,91794,build(poetry): update black version for python 3.9 and upgrade least support python version to python 3.6.2,build,poetry,False,tech_debt
92634,92632,test(test_changelog_command): adding test for changelog generated with customize commits,test,test_changelog_command,False,tech_debt
96150,96148,fix: pass format and test scripts,fix,,False,bug_fixes
97225,97223,"fix(commands/init): fix toml config format error

#367",fix,commands/init,False,bug_fixes
97890,97888,fix(git): fix get_commits deliminator,fix,git,False,bug_fixes
97962,97960,"Update read configuration mode (#1)

fix(config): change read mode from `r` to `rb`",other,,False,other
98068,98066,fix(#349): Update data type support str and byte,fix,#349,False,bug_fixes
98388,98386,docs: correct title in faq,docs,,False,docs
98433,98431,docs: update links on resources,docs,,False,docs
99129,99127,build(#325): upgrade isort for black compatibility,build,#325,False,tech_debt
99404,99402,feat(deps): Update and relax tomlkit version requirement,feat,deps,False,feature_work
99669,99667,"feat: add yaml as a config option

314

feat(config): add support for the new class YAMLConfig at the root of the confi internal package

314

test(test_config): add test support for the class YAMLConfig

314

fix(YAMLConfig): add a TypeError exception to handle in _parse_settings method

feat(init): add support for yaml config file at init

314

test(tests): add test functions to test YAMLConfig class at init and customization

314

docs(docs): add instructions on how to define yaml config files

314",feat,,False,feature_work
50376,50374,"build(deps-dev): bump ruff from 0.4.7 to 0.4.8

Bumps [ruff](https://github.com/astral-sh/ruff) from 0.4.7 to 0.4.8.
- [Release notes](https://github.com/astral-sh/ruff/releases)
- [Changelog](https://github.com/astral-sh/ruff/blob/main/CHANGELOG.md)
- [Commits](https://github.com/astral-sh/ruff/compare/v0.4.7...v0.4.8)

---
updated-dependencies:
- dependency-name: ruff
  dependency-type: direct:development
  update-type: version-update:semver-patch
...

Signed-off-by: dependabot[bot] <support@github.com>",build,deps-dev,False,tech_debt
51597,51595,test: extend tests for 'TestJsonConfig' and 'TestYamlConfig',test,,False,tech_debt
51738,51736,style: sort import,style,,False,tech_debt
51966,51964,ci: exclude *.svg files from trailing whitespace hook,ci,,False,tech_debt
52442,52440,"refactor(KNOWN_SCHEMES): replace set comprehension for list comprehension

Set is an unordered structure, so every call the order changes.
Because the unordered behavior we can't use `file_regression`
to test the command output.",refactor,KNOWN_SCHEMES,False,tech_debt
53389,53387,Merge remote-tracking branch 'upstream/master' into feat/1102-add-rye-provider,other,,False,other
53718,53716,"build(deps-dev): bump mkdocs-material from 9.5.20 to 9.5.21

Bumps [mkdocs-material](https://github.com/squidfunk/mkdocs-material) from 9.5.20 to 9.5.21.
- [Release notes](https://github.com/squidfunk/mkdocs-material/releases)
- [Changelog](https://github.com/squidfunk/mkdocs-material/blob/master/CHANGELOG)
- [Commits](https://github.com/squidfunk/mkdocs-material/compare/9.5.20...9.5.21)

---
updated-dependencies:
- dependency-name: mkdocs-material
  dependency-type: direct:development
  update-type: version-update:semver-patch
...

Signed-off-by: dependabot[bot] <support@github.com>",build,deps-dev,False,tech_debt
53844,53842,"build(deps-dev): bump mkdocs-material from 9.5.19 to 9.5.20

Bumps [mkdocs-material](https://github.com/squidfunk/mkdocs-material) from 9.5.19 to 9.5.20.
- [Release notes](https://github.com/squidfunk/mkdocs-material/releases)
- [Changelog](https://github.com/squidfunk/mkdocs-material/blob/master/CHANGELOG)
- [Commits](https://github.com/squidfunk/mkdocs-material/compare/9.5.19...9.5.20)

---
updated-dependencies:
- dependency-name: mkdocs-material
  dependency-type: direct:development
  update-type: version-update:semver-patch
...

Signed-off-by: dependabot[bot] <support@github.com>",build,deps-dev,False,tech_debt
54163,54161,"build(deps-dev): bump mkdocs-material from 9.5.2 to 9.5.19

Bumps [mkdocs-material](https://github.com/squidfunk/mkdocs-material) from 9.5.2 to 9.5.19.
- [Release notes](https://github.com/squidfunk/mkdocs-material/releases)
- [Changelog](https://github.com/squidfunk/mkdocs-material/blob/master/CHANGELOG)
- [Commits](https://github.com/squidfunk/mkdocs-material/compare/9.5.2...9.5.19)

---
updated-dependencies:
- dependency-name: mkdocs-material
  dependency-type: direct:development
  update-type: version-update:semver-patch
...

Signed-off-by: dependabot[bot] <support@github.com>",build,deps-dev,False,tech_debt
56790,56788,"build(deps-dev): bump mkdocs-material from 9.5.15 to 9.5.16

Bumps [mkdocs-material](https://github.com/squidfunk/mkdocs-material) from 9.5.15 to 9.5.16.
- [Release notes](https://github.com/squidfunk/mkdocs-material/releases)
- [Changelog](https://github.com/squidfunk/mkdocs-material/blob/master/CHANGELOG)
- [Commits](https://github.com/squidfunk/mkdocs-material/compare/9.5.15...9.5.16)

---
updated-dependencies:
- dependency-name: mkdocs-material
  dependency-type: direct:development
  update-type: version-update:semver-patch
...

Signed-off-by: dependabot[bot] <support@github.com>",build,deps-dev,False,tech_debt
57323,57321,"build(deps-dev): bump ruff from 0.3.3 to 0.3.4

Bumps [ruff](https://github.com/astral-sh/ruff) from 0.3.3 to 0.3.4.
- [Release notes](https://github.com/astral-sh/ruff/releases)
- [Changelog](https://github.com/astral-sh/ruff/blob/main/CHANGELOG.md)
- [Commits](https://github.com/astral-sh/ruff/compare/v0.3.3...v0.3.4)

---
updated-dependencies:
- dependency-name: ruff
  dependency-type: direct:development
  update-type: version-update:semver-patch
...

Signed-off-by: dependabot[bot] <support@github.com>",build,deps-dev,False,tech_debt
57375,57373,"build(deps-dev): bump pytest-mock from 3.12.0 to 3.14.0

Bumps [pytest-mock](https://github.com/pytest-dev/pytest-mock) from 3.12.0 to 3.14.0.
- [Release notes](https://github.com/pytest-dev/pytest-mock/releases)
- [Changelog](https://github.com/pytest-dev/pytest-mock/blob/main/CHANGELOG.rst)
- [Commits](https://github.com/pytest-dev/pytest-mock/compare/v3.12.0...v3.14.0)

---
updated-dependencies:
- dependency-name: pytest-mock
  dependency-type: direct:development
  update-type: version-update:semver-minor
...

Signed-off-by: dependabot[bot] <support@github.com>",build,deps-dev,False,tech_debt
58989,58987,Merge branch 'master' into fix/changelog-hook-not-called,other,,False,other
60012,60010,fix(changelog): Factorized TAG_FORMAT_REGEXES,fix,changelog,False,bug_fixes
60053,60051,Merge branch 'master' into regex-tags,other,,False,other
60870,60868,fix:  Improve type annotations,fix,,False,bug_fixes
60887,60885,"fix(bump):  only get and validate commits if increment is not provided

This avoids calls to git and additional validations that are not necessary when using --increment",fix,bump,False,bug_fixes
61374,61372,style: update ruff config with the latest config format,style,,False,tech_debt
61408,61406,"build(deps-dev): bump mkdocs-material from 9.5.5 to 9.5.6

Bumps [mkdocs-material](https://github.com/squidfunk/mkdocs-material) from 9.5.5 to 9.5.6.
- [Release notes](https://github.com/squidfunk/mkdocs-material/releases)
- [Changelog](https://github.com/squidfunk/mkdocs-material/blob/master/CHANGELOG)
- [Commits](https://github.com/squidfunk/mkdocs-material/compare/9.5.5...9.5.6)

---
updated-dependencies:
- dependency-name: mkdocs-material
  dependency-type: direct:development
  update-type: version-update:semver-patch
...

Signed-off-by: dependabot[bot] <support@github.com>",build,deps-dev,False,tech_debt
61826,61824,feat(provider): add new maven provider for handling versions from pom.xml,feat,provider,False,feature_work
62428,62426,"build(deps-dev): bump types-deprecated from 1.2.9.3 to 1.2.9.20240106

Bumps [types-deprecated](https://github.com/python/typeshed) from 1.2.9.3 to 1.2.9.20240106.
- [Commits](https://github.com/python/typeshed/commits)

---
updated-dependencies:
- dependency-name: types-deprecated
  dependency-type: direct:development
  update-type: version-update:semver-patch
...

Signed-off-by: dependabot[bot] <support@github.com>",build,deps-dev,False,tech_debt
64205,64203,"build(deps-dev): bump ruff from 0.0.292 to 0.1.6

Bumps [ruff](https://github.com/astral-sh/ruff) from 0.0.292 to 0.1.6.
- [Release notes](https://github.com/astral-sh/ruff/releases)
- [Changelog](https://github.com/astral-sh/ruff/blob/main/CHANGELOG.md)
- [Commits](https://github.com/astral-sh/ruff/compare/v0.0.292...v0.1.6)

---
updated-dependencies:
- dependency-name: ruff
  dependency-type: direct:development
  update-type: version-update:semver-minor
...

Signed-off-by: dependabot[bot] <support@github.com>",build,deps-dev,False,tech_debt
65221,65219,Merge branch 'master' into dependabot/pip/urllib3-2.0.7,other,,False,other
65385,65383,ci: add py3.12 to tests (#887),ci,,False,tech_debt
66752,66750,"build(deps): bump argcomplete from 3.1.1 to 3.1.2

Bumps [argcomplete](https://github.com/kislyuk/argcomplete) from 3.1.1 to 3.1.2.
- [Release notes](https://github.com/kislyuk/argcomplete/releases)
- [Changelog](https://github.com/kislyuk/argcomplete/blob/develop/Changes.rst)
- [Commits](https://github.com/kislyuk/argcomplete/compare/v3.1.1...v3.1.2)

---
updated-dependencies:
- dependency-name: argcomplete
  dependency-type: direct:production
  update-type: version-update:semver-patch
...

Signed-off-by: dependabot[bot] <support@github.com>",build,deps,False,tech_debt
66789,66787,"build(deps-dev): bump ruff from 0.0.289 to 0.0.290

Bumps [ruff](https://github.com/astral-sh/ruff) from 0.0.289 to 0.0.290.
- [Release notes](https://github.com/astral-sh/ruff/releases)
- [Changelog](https://github.com/astral-sh/ruff/blob/main/BREAKING_CHANGES.md)
- [Commits](https://github.com/astral-sh/ruff/compare/v0.0.289...v0.0.290)

---
updated-dependencies:
- dependency-name: ruff
  dependency-type: direct:development
  update-type: version-update:semver-patch
...

Signed-off-by: dependabot[bot] <support@github.com>",build,deps-dev,False,tech_debt
67031,67029,"ci(github-actions): fix sponsorship action token used

it should be PERSONAL_ACCESS_TOKEN instead of PERSONAL_ACCESS_TOKEN_FOR_ORG",ci,github-actions,False,tech_debt
67731,67729,"refactor(tests): split provider tests into separate files for maintainability

closes #812",refactor,tests,False,tech_debt
68444,68442,fix(commitizen): Modify the function of the arg a of commit from git add all to git add update,fix,commitizen,False,bug_fixes
70089,70087,docs: document the `--prerelease` option,docs,,False,docs
71668,71666,style(mypy): fix warning due to mypy update,style,mypy,False,tech_debt
73023,73021,feat(commit): add --write-message-to-file option,feat,commit,False,feature_work
73193,73191,docs: move poetry req to contributing,docs,,False,docs
73250,73248,ci: add codecov minimum,ci,,False,tech_debt
73330,73328,test(bump): a longer word is used matching a type in commit message,test,bump,False,tech_debt
73398,73396,"build(poetry)(deps): bump importlib-metadata from 4.13.0 to 6.6.0

Bumps [importlib-metadata](https://github.com/python/importlib_metadata) from 4.13.0 to 6.6.0.
- [Release notes](https://github.com/python/importlib_metadata/releases)
- [Changelog](https://github.com/python/importlib_metadata/blob/main/CHANGES.rst)
- [Commits](https://github.com/python/importlib_metadata/compare/v4.13.0...v6.6.0)

---
updated-dependencies:
- dependency-name: importlib-metadata
  dependency-type: direct:production
  update-type: version-update:semver-major
...

Signed-off-by: dependabot[bot] <support@github.com>",other,,False,other
73428,73426,test: add test for major_version_zero bug,test,,False,tech_debt
74110,74108,"build(poetry)(deps): bump argcomplete from 2.1.2 to 3.0.6

Bumps [argcomplete](https://github.com/kislyuk/argcomplete) from 2.1.2 to 3.0.6.
- [Release notes](https://github.com/kislyuk/argcomplete/releases)
- [Changelog](https://github.com/kislyuk/argcomplete/blob/develop/Changes.rst)
- [Commits](https://github.com/kislyuk/argcomplete/compare/v2.1.2...v3.0.6)

---
updated-dependencies:
- dependency-name: argcomplete
  dependency-type: direct:production
  update-type: version-update:semver-major
...

Signed-off-by: dependabot[bot] <support@github.com>",other,,False,other
74276,74274,style: format code through black,style,,False,tech_debt
74871,74869,docs: add new section getting started,docs,,False,docs
74927,74925,"fix(init): welcome message

Co-authored-by: Wei Lee <weilee.rx@gmail.com>",fix,init,False,bug_fixes
75762,75760,"feat(providers): add support for some TOML-based versions (PEP621, Poetry, Cargo)",feat,providers,False,feature_work
75870,75868,Merge branch 'v3' into devrelease,other,,False,other
77739,77737,"docs(docs/contributing.md): update the contributing.md, add session `Install before contributing` and gpg install information.",docs,docs/contributing.md,False,docs
81594,81592,"fix: add missing `encoding` parameter

Add `encoding` parameter to `open` and `smart_open` method calls where missed. Use `defaults.encoding` as default.",fix,,False,bug_fixes
81660,81658,test: fix test case changes due to tomlkit upgrade,test,,False,tech_debt
82426,82424,bump: version 2.36.0 → 2.37.0,bump,,False,tech_debt
82450,82448,test: fix test case changes due to tomlkit upgrade,test,,False,tech_debt
82522,82520,"test(cli): skip argcomplete activation on Windows

`argcomplete` does not support Git Bash on Windows out of the box. For
details, see https://kislyuk.github.io/argcomplete/#git-bash-support.",test,cli,False,tech_debt
82546,82544,"fix(pythonpackage.yml): use `bash`

Specify `shell` as `bash` in `Run tests and linters` step.

Fixes: Issue #604",fix,pythonpackage.yml,False,bug_fixes
84230,84228,style: runned flake8 formatting,style,,False,tech_debt
84279,84277,fix(bump): fix typos,fix,bump,False,bug_fixes
84682,84680,fix(README.md): fix pre-commit install command,fix,README.md,False,bug_fixes
85028,85026,"refactor(init): `_install_pre_commit_hook` raise error when failed

instead of returning a `False` value.",refactor,init,False,tech_debt
86655,86653,"feat(ConventionalCommitsCz): allow to override defaults from config

As addressed on commitizen-tools#535, when using customize commitizen, if we want to
customize a small attribute, we need to redefine all commitizens options
to make our custom class work.

For example:

```diff
diff --git a/cz.yaml b/cz.yaml
index f2e19a9..302e961 100644
--- a/cz.yaml
+++ b/cz.yaml
@@ -1,6 +1,18 @@
 commitizen:
   annotated_tag: true
   bump_message: 'bump: $current_version -> $new_version [skip ci]'
-  name: cz_conventional_commits
+  name: cz_customize
   update_changelog_on_bump: true
   version: 0.11.0
+
+  customize:
+    bump_pattern: '^(fix|feat|docs|style|refactor|test|build|ci)'
+    bump_map:
+      fix: PATCH
+      feat: PATCH
+      docs: PATCH
+      style: PATCH
+      refactor: PATCH
+      test: PATCH
+      build: PATCH
+      ci: PATCH
diff --git a/t b/t
new file mode 100644
index 0000000..e69de29
diff --git a/t2 b/t2
new file mode 100644
index 0000000..e69de29
```

making the following change on a repo would cause an unexpected
behavior:

```python
+ bash -c cz commit

Traceback (most recent call last):
  File ""/home/amit/.local/bin/cz"", line 8, in <module>
    sys.exit(main())
  File ""/home/amit/.local/lib/python3.10/site-packages/commitizen/cli.py"", line 382, in main
    args.func(conf, vars(args))()
  File ""/home/amit/.local/lib/python3.10/site-packages/commitizen/commands/commit.py"", line 74, in __call__
    m = self.prompt_commit_questions()
  File ""/home/amit/.local/lib/python3.10/site-packages/commitizen/commands/commit.py"", line 49, in prompt_commit_questions
    for question in filter(lambda q: q[""type""] == ""list"", questions):
  File ""/home/amit/.local/lib/python3.10/site-packages/commitizen/commands/commit.py"", line 49, in <lambda>
    for question in filter(lambda q: q[""type""] == ""list"", questions):
KeyError: 'type'
```

From my best understanding, this error happens because I didn't defined
question section in config, though I'm ok with using
ConventionalCommitsCz default ones.

This commit extends ConventionalCommitsCz to read from config and
fallbacks to defaults if some are not provided.

By adding this change, potentially customize commitizen can be
deprecated.

Closes commitizen-tools#535.",feat,ConventionalCommitsCz,False,feature_work
87163,87161,"test(bump): fixes logic issue made evident by the latest fix(git) commit

git was failing ""fatal: ambiguous argument 'HEAD': unknown revision or path not in the working tree"". There is no HEAD for get_commits until at least one commit is made.",test,bump,False,tech_debt
87854,87852,check if key is created,other,,False,other
88755,88753,"This is a descriptive title

The description should be capped at X chars

+ref: 9011
+semver: breaking",other,,False,other
89066,89064,feature:,other,,False,other
90039,90037,"feat: add --no-raise to avoid raising error codes

Closes #485",feat,,False,feature_work
90133,90131,refactor: Switch to issue forms,refactor,,False,tech_debt
92774,92772,"feat: add signoff parameter to commit command

command to sign off the commit, equivalent to git commit -s",feat,,False,feature_work
93544,93542,"docs(config): fix broken links

These reference-style links should in `[link][id]` format instead of `[link](id)`.",docs,config,False,docs
93590,93588,"fix(cli): handle argparse different behavior after python 3.9

argparse raises TypeError when non exist command is provided on Python < 3.9
but raise SystemExit with exit code == 2 on Python 3.9
this error does not break anything obviously from the user perspective, but will break our existing test

429",fix,cli,False,bug_fixes
94510,94508,"Merge pull request #1 from falko-apheris/falko-apheris-patch-1

docs: add docs for 3rd party module cz-github-jira-conventional",other,,False,other
94806,94804,"test: update tests for keyboard shortcuts

Only testing that cz_conventional_commits has keyboard shortcuts configured, and that the use_shortcuts config option is known. Actually mocking and asserting against what's written to stdout is a footgun

#406, #380",test,,False,tech_debt
95067,95065,test(changelog): refactor test cases through file regression,test,changelog,False,tech_debt
95091,95089,test: remove test generated file,test,,False,tech_debt
95940,95938,"test(bump): add test cast that fails to bump correctly

#383",test,bump,False,tech_debt
95948,95946,"fix(bump): fix offset error due to partially match

for examply, if what we want to bump is ""version = 1.2.9"", we still lookup up ""version = 2.0.0"" and changed the offset
this is fixed by changing offset only when matching is found

#383",fix,bump,False,bug_fixes
98124,98122,"fix(config): change read mode from `r` to `rb`

fix(#349): Update data type support str and byte",fix,config,False,bug_fixes
98563,98561,ci: attempt to fix homebrew action,ci,,False,tech_debt
99193,99191,fix: read commit_msg_file with utf-8,fix,,False,bug_fixes
99281,99279,refactor(#323): address PR feedback,refactor,#323,False,tech_debt
100270,100268,docs(bump): fix typo,docs,bump,False,docs
100734,100732,docs(bump): document usage of the `update_changelog_on_bump` flag,docs,bump,False,docs
102746,102744,fix(cli): add guideline for subject input,fix,cli,False,bug_fixes
103555,103553,refactor(wrap_stdout): remove unused lines,refactor,wrap_stdout,False,tech_debt
104578,104576,"feat(init): enable setting up pre-commit hook through ""cz init""",feat,init,False,feature_work
104897,104895,"fix(commands/commit): use return_code to raise commit error, not stderr",fix,commands/commit,False,bug_fixes
105072,105070,docs(README.md): make documentation more visible,docs,README.md,False,docs
106374,106372,"refactor: use custom exception for error handling

The error code used is embedded into these exceptions",refactor,,False,tech_debt
106446,106444,refactor(exception): implement message handling mechanism for CommitizenException,refactor,exception,False,tech_debt
106576,106574,docs: exit codes,docs,,False,docs
107247,107245,ci(scripts/test): add commit check,ci,scripts/test,False,tech_debt
107408,107406,docs: add info about creating custom changelog,docs,,False,docs
107486,107484,fix(changelog): rename `message_hook` -> `changelog_message_builder_hook`,fix,changelog,False,bug_fixes
107571,107569,docs(bump): add example to --check-inconsistency,docs,bump,False,docs
108190,108188,fix(changelog): check get_metadata for existing changelog file,fix,changelog,False,bug_fixes
109263,109261,bump: version 1.17.1 → 1.18.0,bump,,False,tech_debt
109472,109470,"style(config): move .flake8 to setup.cfg and add mypy, pytest config",style,config,False,tech_debt
109480,109478,ci(scripts/test): remove redundant arugment (it's been configed in setup.cfg),ci,scripts/test,False,tech_debt
109574,109572,"feat(find_increment): allow to use regex keys for bump_map

Default bump_map doesnt consider breaking change identificator ""!"". Regex keys should take care of it.",feat,find_increment,False,feature_work
110159,110157,"build(deps-dev): update mypy requirement from ^0.761 to ^0.770

Updates the requirements on [mypy](https://github.com/python/mypy) to permit the latest version.
- [Release notes](https://github.com/python/mypy/releases)
- [Commits](https://github.com/python/mypy/compare/v0.761...v0.770)

Signed-off-by: dependabot-preview[bot] <support@dependabot.com>",build,deps-dev,False,tech_debt
110267,110265,feat(commands/check): add --rev-range argument for checking commits within some range,feat,commands/check,False,feature_work
110348,110346,"feat(commands/changelog): generate changelog_tree from all past commits

TODO: find rev for each changelog entry",feat,commands/changelog,False,feature_work
110412,110410,refactor(tests/utils): move create_file_and_commit to tests/utils,refactor,tests/utils,False,tech_debt
110516,110514,docs(config): add changlog_file a config option,docs,config,False,docs
110665,110663,docs(check): fix pre-commit setup,docs,check,False,docs
110721,110719,"Revert ""fix(pre-commit): set pre-commit check stage to commit-msg""

This reverts commit afc70133e4a81344928561fbf3bb20738dfc8a0b.",other,,False,other
110784,110782,fix(commands/check): add bump into valid commit message of convention commit pattern,fix,commands/check,False,bug_fixes
111281,111279,refactor(tests/utils): move create_file_and_commit to tests/utils,refactor,tests/utils,False,tech_debt
111329,111327,refactor(templates): move changelog_template from cz to templates,refactor,templates,False,tech_debt
111361,111359,style(tests/commands/changelog): blackify,style,tests/commands/changelog,False,tech_debt
111668,111666,"feat(config): look up configuration in git project root

#117",feat,config,False,feature_work
111716,111714,"refactor(config/base_config): make set_key not implemented

it's not used in base_config but should be overwritten in a child class",refactor,config/base_config,False,tech_debt
111724,111722,test(config/toml_config): add test case to init_empty_config_file,test,config/toml_config,False,tech_debt
112194,112192,"docs(check): add doc for enforcing check through pre-commit

59",docs,check,False,docs
112312,112310,fix(github_workflow/pythonpackage): set git config for unit testing,fix,github_workflow/pythonpackage,False,bug_fixes
112502,112500,"refactor(cli): add argument for version command

73",refactor,cli,False,tech_debt
112619,112617,"feat(git): add get_latest_tag, get_all_tags

#57",feat,git,False,feature_work
112675,112673,"feat(commands/init): Implment init command

set tag and tag_format",feat,commands/init,False,feature_work
112861,112859,"test(all): fix test break due to refactoring

note that empty config file is not yet handled. should be fix in next commit",test,all,False,tech_debt
112877,112875,"refactor(cz/customize): remove unnecessary statement ""raise NotImplementedError(""Not Implemented yet"")""",refactor,cz/customize,False,tech_debt
113210,113208,Fix Jira issue format matching according to https://confluence.atlassian.com/fisheye/using-smart-commits-960155400.html#UsingSmartCommits-GetSmartCommitsworking,other,,False,other
113718,113716,"style: Reimplemented quoting in error message such that internal double-quotes no longer need to be escaped

Saw that changes from previous PR broke style guidelines",style,,False,tech_debt
114389,114387,fix(test_cli): testing the version command,fix,test_cli,False,bug_fixes
115360,115358,build: new deploy script and updated changelog,build,,False,tech_debt
115574,115572,"feat(commit): new retry argument to execute previous commit again

Closes #40",feat,commit,False,feature_work
116594,116592,feat: first semantic version bump implementaiton,feat,,False,feature_work
116650,116648,feat: new working bump command,feat,,False,feature_work
116839,116837,style: black to files,style,,False,tech_debt
56964,56962,refactor(defaults): move cz_conventional_commit defaults out of defaults.py,refactor,defaults,False,tech_debt
63462,63460,"build(deps): bump importlib-metadata from 6.8.0 to 7.0.0

Bumps [importlib-metadata](https://github.com/python/importlib_metadata) from 6.8.0 to 7.0.0.
- [Release notes](https://github.com/python/importlib_metadata/releases)
- [Changelog](https://github.com/python/importlib_metadata/blob/main/NEWS.rst)
- [Commits](https://github.com/python/importlib_metadata/compare/v6.8.0...v7.0.0)

---
updated-dependencies:
- dependency-name: importlib-metadata
  dependency-type: direct:production
  update-type: version-update:semver-major
...

Signed-off-by: dependabot[bot] <support@github.com>",build,deps,False,tech_debt
65168,65166,"build(deps-dev): bump black from 23.9.1 to 23.10.0

Bumps [black](https://github.com/psf/black) from 23.9.1 to 23.10.0.
- [Release notes](https://github.com/psf/black/releases)
- [Changelog](https://github.com/psf/black/blob/main/CHANGES.md)
- [Commits](https://github.com/psf/black/compare/23.9.1...23.10.0)

---
updated-dependencies:
- dependency-name: black
  dependency-type: direct:development
  update-type: version-update:semver-minor
...

Signed-off-by: dependabot[bot] <support@github.com>",build,deps-dev,False,tech_debt
65633,65631,"build(deps-dev): bump mypy from 1.5.1 to 1.6.0

Bumps [mypy](https://github.com/python/mypy) from 1.5.1 to 1.6.0.
- [Commits](https://github.com/python/mypy/compare/v1.5.1...v1.6.0)

---
updated-dependencies:
- dependency-name: mypy
  dependency-type: direct:development
  update-type: version-update:semver-minor
...

Signed-off-by: dependabot[bot] <support@github.com>",build,deps-dev,False,tech_debt
67699,67697,refactor(provider): remove unnecessary TYPE_CHECKING from provider tests,refactor,provider,False,tech_debt
67715,67713,Merge branch 'chore/provider-refactor' of github.com:davidlday/commitizen into chore/provider-refactor,other,,False,other
67877,67875,refactor(provider): fully qualify import of commitizen.providers.base_provider,refactor,provider,False,tech_debt
68229,68227,style(commit.py): fix style,style,commit.py,False,tech_debt
68420,68418,feat(commands): add arg of cz commit to execute git add,feat,commands,False,feature_work
68658,68656,"build(deps-dev): bump ruff from 0.0.284 to 0.0.285

Bumps [ruff](https://github.com/astral-sh/ruff) from 0.0.284 to 0.0.285.
- [Release notes](https://github.com/astral-sh/ruff/releases)
- [Changelog](https://github.com/astral-sh/ruff/blob/main/BREAKING_CHANGES.md)
- [Commits](https://github.com/astral-sh/ruff/compare/v0.0.284...v0.0.285)

---
updated-dependencies:
- dependency-name: ruff
  dependency-type: direct:development
  update-type: version-update:semver-patch
...

Signed-off-by: dependabot[bot] <support@github.com>",build,deps-dev,False,tech_debt
68717,68715,docs(auto_prepare_commit_message.md): fixing hook URLs,docs,auto_prepare_commit_message.md,False,docs
69022,69020,"build(deps-dev): bump ruff from 0.0.282 to 0.0.283

Bumps [ruff](https://github.com/astral-sh/ruff) from 0.0.282 to 0.0.283.
- [Release notes](https://github.com/astral-sh/ruff/releases)
- [Changelog](https://github.com/astral-sh/ruff/blob/main/BREAKING_CHANGES.md)
- [Commits](https://github.com/astral-sh/ruff/compare/v0.0.282...v0.0.283)

---
updated-dependencies:
- dependency-name: ruff
  dependency-type: direct:development
  update-type: version-update:semver-patch
...

Signed-off-by: dependabot[bot] <support@github.com>",build,deps-dev,False,tech_debt
69281,69279,"build(deps-dev): bump ruff from 0.0.280 to 0.0.282

Bumps [ruff](https://github.com/astral-sh/ruff) from 0.0.280 to 0.0.282.
- [Release notes](https://github.com/astral-sh/ruff/releases)
- [Changelog](https://github.com/astral-sh/ruff/blob/main/BREAKING_CHANGES.md)
- [Commits](https://github.com/astral-sh/ruff/compare/v0.0.280...v0.0.282)

---
updated-dependencies:
- dependency-name: ruff
  dependency-type: direct:development
  update-type: version-update:semver-patch
...

Signed-off-by: dependabot[bot] <support@github.com>",build,deps-dev,False,tech_debt
69483,69481,"build(deps): bump tomlkit from 0.11.8 to 0.12.1

Bumps [tomlkit](https://github.com/sdispater/tomlkit) from 0.11.8 to 0.12.1.
- [Release notes](https://github.com/sdispater/tomlkit/releases)
- [Changelog](https://github.com/sdispater/tomlkit/blob/master/CHANGELOG.md)
- [Commits](https://github.com/sdispater/tomlkit/compare/0.11.8...0.12.1)

---
updated-dependencies:
- dependency-name: tomlkit
  dependency-type: direct:production
  update-type: version-update:semver-minor
...

Signed-off-by: dependabot[bot] <support@github.com>",build,deps,False,tech_debt
70065,70063,refactor: incorporate PR feedback,refactor,,False,tech_debt
71184,71182,"build(deps): bump typing-extensions from 4.6.3 to 4.7.1

Bumps [typing-extensions](https://github.com/python/typing_extensions) from 4.6.3 to 4.7.1.
- [Release notes](https://github.com/python/typing_extensions/releases)
- [Changelog](https://github.com/python/typing_extensions/blob/main/CHANGELOG.md)
- [Commits](https://github.com/python/typing_extensions/compare/4.6.3...4.7.1)

---
updated-dependencies:
- dependency-name: typing-extensions
  dependency-type: direct:production
  update-type: version-update:semver-minor
...

Signed-off-by: dependabot[bot] <support@github.com>",build,deps,False,tech_debt
71863,71861,"build(deps-dev): bump pytest from 7.3.1 to 7.3.2

Bumps [pytest](https://github.com/pytest-dev/pytest) from 7.3.1 to 7.3.2.
- [Release notes](https://github.com/pytest-dev/pytest/releases)
- [Changelog](https://github.com/pytest-dev/pytest/blob/main/CHANGELOG.rst)
- [Commits](https://github.com/pytest-dev/pytest/compare/7.3.1...7.3.2)

---
updated-dependencies:
- dependency-name: pytest
  dependency-type: direct:development
  update-type: version-update:semver-patch
...

Signed-off-by: dependabot[bot] <support@github.com>",build,deps-dev,False,tech_debt
73111,73109,refactor(commit): change type of write_message_to_file to path,refactor,commit,False,tech_debt
74260,74258,build(dev): update and fixes some dependencies,build,dev,False,tech_debt
74404,74402,"test(scripts): run same file tests individually

Running tests concurrently can cause temporary files, such as the file
used to backup the commit message, to be deleted by one test but
accessed by another test later on.",test,scripts,False,tech_debt
74476,74474,docs: add auto check and format files,docs,,False,docs
74484,74482,docs: improve third party section,docs,,False,docs
74548,74546,docs(config): make settings shareable,docs,config,False,docs
74677,74675,build(pre-commit): fix config typo,build,pre-commit,False,tech_debt
74807,74805,docs: add auto check and format files,docs,,False,docs
74887,74885,fix: major version zero message,fix,,False,bug_fixes
75602,75600,style: fix end of line through pre-commit,style,,False,tech_debt
75730,75728,"feat(plugins): Switch to an importlib.metadata.EntryPoint-based plugin loading

Plugins are now loaded using the `commitizen.plugin` entrypoint
while legacy plugin are not loaded anymore but a warning is raised when one is seen.

Fixes #495

BREAKING CHANGE: Plugins are now exposed as `commitizen.plugin` entrypoints",feat,plugins,False,feature_work
75786,75784,"feat(providers): add a `scm` version provider

Reads version from the repository last tag matching `tag_format`

Fixes #641",feat,providers,False,feature_work
76081,76079,"refactor: Make tag_format properly default to $version

We've been using this default already in `normalize_tag`,
but setting this value in the settings dict is cleaner.",refactor,,False,tech_debt
76121,76119,"feat: Introduce tag_regex option with smart default

Closes https://github.com/commitizen-tools/commitizen/issues/519

CLI flag name: --tag-regex

Heavily inspired by
https://github.com/commitizen-tools/commitizen/pull/537, but extends
it with a smart default value to exclude non-release tags. This was
suggested in
https://github.com/commitizen-tools/commitizen/issues/519#issuecomment-1163923719",feat,,False,feature_work
77154,77152,"chore(check): add customizable allowed prefixes

The allowed prefixes, which bypass the regex check,
can now be configured.",chore,check,False,tech_debt
77530,77528,chore: fix error message typo,chore,,False,tech_debt
78533,78531,"feat: Make `cz bump` work on shallow clones

This allows reliably setting up your CI to only fetch the latest changes.
E.g. Gitlab CI uses shallow clones with a depth of 20 by default:
https://gitlab.com/gitlab-org/gitlab/-/merge_requests/77576

Only `tag_exists()` had to be modified for this. `cz changelog` is not
ready yet, more functions would have to include a `git fetch` for that.

I was worried about slowing down error reporting in non-CI workflows (""git
fetch"" calls can sometimes take a while if your connection is bad). To
minimize the risk for this, now only fetching the tag for shallow
clones and always printing a warning when this happens.

I was hit by this issue while trying out Commitizen in Gitlab CI on a
monorepo, where some packages haven't seen a release for >50 commits.",feat,,False,feature_work
81554,81552,fix: correct type hinting,fix,,False,bug_fixes
81586,81584,docs: add encoding configuration,docs,,False,docs
82538,82536,"feat(unicode): add unicode support

This will allow commiting, e.g., emoji's and parsing commit messages for
unicode characters when creating change logs.",feat,unicode,False,feature_work
82586,82584,"feat(unicode): add unicode support

This will allow commiting, e.g., emoji's and parsing commit messages for
unicode characters when creating change logs.",feat,unicode,False,feature_work
83226,83224,ci: rerun workflow,ci,,False,tech_debt
83234,83232,fix(pythonpackage.yml): undo indent reformatting,fix,pythonpackage.yml,False,bug_fixes
83290,83288,"test(bump): handle Windows path separator

Windows uses `\` for path separation, causing python to see the `\U` in
`C:\Users` as a Unicode string. Replace `\\` with `/` in file path
strings.

Also, the colon in drive paths on Windows causes the `partition` logic
in `bump.py` and `commands/bump.py` to fail. Perform the logic on the
path without the drive portion.",test,bump,False,tech_debt
83671,83669,"fix: filter git diff from commit message

When running `git commit --verbose` when using commitizen as a pre-commit we
have a bug because of the diff that is incorrectly included.

I have filtered out everything that is auto generated by git and that is
normally excluded.

See issue: https://github.com/commitizen-tools/commitizen/issues/598",fix,,False,bug_fixes
84295,84293,feat(bump): support optional manual version argument,feat,bump,False,feature_work
84829,84827,"ci(pre-commit): Bump self test v2.32.2 --> v2.32.3

The version of the Commitizen pre-commit hooks is typically bumped
automatically by Commitizen itself, but because the behavior of cz bump
was changed in Commitizen v2.32.3, and the bump from v2.32.2 to v2.32.3
was performed by Commitizen v2.32.2, the pre-commit hooks were not
bumped.",ci,pre-commit,False,tech_debt
85012,85010,test(init): pre-commit failed cases,test,init,False,tech_debt
86279,86277,fix(cmd): improve character encoding detection for sub-commands,fix,cmd,False,bug_fixes
86322,86320,test: Add ignore fixup! & squash! tests,test,,False,tech_debt
87187,87185,"test(check): fixes logic issue made evident by the latest fix(git) commit

git was failing with ""fatal: ambiguous argument 'master..master': unknown revision or path not in the working tree"". git `master` branch doesn't exist unless there is at least one ""initial"" commit or when only the PR branch has been cloned (e.g. CI).",test,check,False,tech_debt
87195,87193,"fix(git): Improves error checking in get_tags

`git tag` is has return code of zero whether or not tags exist so we should always expect the code to be zero.",fix,git,False,bug_fixes
87453,87451,"feat(bump): make increment option case insensitive

Use str.upper to pre-process the input of --increment",feat,bump,False,feature_work
87870,87868,fix alignment,other,,False,other
87878,87876,"Darwin not working, trying macOs",other,,False,other
89050,89048,bug fix: Title,other,,False,other
89465,89463,fix(ConventionalCommitsCz): cz's schema validates the whole commit message now,fix,ConventionalCommitsCz,False,bug_fixes
90594,90592,test: Checking that warnings are risen,test,,False,tech_debt
90602,90600,"Merge pull request #1 from mmartinortiz/fix-ignore-packages-that-are-not-plugins

fix: Ignore packages that are not plugins",other,,False,other
91397,91395,docs(check): add a notice that comment in git message will be ignored,docs,check,False,docs
91775,91773,ci(github-actions): add back 3.7 runner to pythonpackage,ci,github-actions,False,tech_debt
91874,91872,feat: pre-release seperated changelog,feat,,False,feature_work
92508,92506,fix(scripts/test): excluding venv folder from pydocstyle checks,fix,scripts/test,False,bug_fixes
94797,94795,feat(prompt): add keyboard shortcuts with config option,feat,prompt,False,feature_work
94826,94824,style: formatting,style,,False,tech_debt
95274,95272,refactor(git): use date as a function in GitTag to easily patch,refactor,git,False,tech_debt
97655,97653,test: correct yaml load warning,test,,False,tech_debt
98132,98130,Merge remote-tracking branch 'origin/Update_read_configuration_mode' into Update_read_configuration_mode,other,,False,other
101753,101751,fix(cz_customize): make schema_pattern customiziable through config for cz_customize,fix,cz_customize,False,bug_fixes
103547,103545,"Revert ""refactor: wrap_stdio""

This reverts commit f7f80bbe0c8693a2fff2f3dfc5b2510f0cda00af.",other,,False,other
104500,104498,build(poetry): lock decli to > 0.5.2,build,poetry,False,tech_debt
104516,104514,docs(init): remove unneeded TODO (the feature has been implemented),docs,init,False,docs
104524,104522,"feat(init): enable setting up pre-commit hook through ""cz init""",feat,init,False,feature_work
104828,104826,"refactor(config): drop ""files"" configure support. Please use ""version_files"" instead

BREAKING CHANGE:

#82",refactor,config,False,tech_debt
106181,106179,Update customization.md,other,,False,other
106913,106911,"build(dependencies): remove typing dependency

The typing module is included in stdlib since Python 3.5.",build,dependencies,False,tech_debt
107529,107527,"feat(commands/bump): add ""--check-consistency"" optional

check whether the versions defined in commitizen config and version file
are consistent",feat,commands/bump,False,feature_work
107622,107620,docs(tutorials/github_actions): fix workflow to not skip commits with bump word,docs,tutorials/github_actions,False,docs
107806,107804,fix(changelog): generate today's date when using an unreleased_version,fix,changelog,False,bug_fixes
108062,108060,refactor(cli): reorder commands,refactor,cli,False,tech_debt
108110,108108,docs(config): add changlog_file a config option,docs,config,False,docs
108738,108736,refactor(commands/init): fix typo,refactor,commands/init,False,tech_debt
109006,109004,docs(changelog): update information about using changelog command,docs,changelog,False,docs
109448,109446,fix(cz/customize): add error handling when customize detail is not set,fix,cz/customize,False,bug_fixes
110340,110338,"feat(cz/conventinal_commits): add changelog_map, changelog_pattern and implement process_commit",feat,cz/conventinal_commits,False,feature_work
110396,110394,style(cli): fix flake8 issue,style,cli,False,tech_debt
111385,111383,docs(config): add changlog_file a config option,docs,config,False,docs
111700,111698,fix(git): remove breakline in the return value of find_git_project_root,fix,git,False,bug_fixes
112467,112465,test(github_action): wrong tset,test,github_action,False,tech_debt
112494,112492,"feat(commands/version): enable showing both project and installed commitizen version through version command

#73",feat,commands/version,False,feature_work
112550,112548,style(focs): fix style warn by mdlint,style,focs,False,tech_debt
112707,112705,feat(config): add init_empty_config_file,feat,config,False,feature_work
112893,112891,refactor(config): use add_path instead of directly assigning _path,refactor,config,False,tech_debt
113532,113530,"feat(config): add deprecation warning for loading config from ini files

#55",feat,config,False,feature_work
113628,113626,correcting style mistake,other,,False,other
113678,113676,added reference for where handler code came from,other,,False,other
114276,114274,"feat: new 'git-cz' entrypoint

Add 'git-cz' entrypoint in user's PATH.
Project can now be invoked as 'git cz'.
Fixes #60",feat,,False,feature_work
114953,114951,"docs(customization): description for inheriting CzException

#46",docs,customization,False,docs
115022,115020,feat(commands/commit): abort commit if there is nothing to commit,feat,commands/commit,False,feature_work
115424,115422,"feat(commit): make style configurable for commit command

#37",feat,commit,False,feature_work
115432,115430,"fix(cz): remove breakpoint

#37",fix,cz,False,bug_fixes
115440,115438,"feat(config): parse style in config

#37",feat,config,False,feature_work
115530,115528,"docs(config): update for default color change

#37",docs,config,False,docs
116271,116269,"feat: added argument yes to bump in order to accept questions

* removed unused functions
* changed travis to use script test instead of command",feat,,False,feature_work
101676,101674,Add Homebrew Instructions,other,,False,other
102231,102229,feat(cz_check): cz check can read commit message from pipe,feat,cz_check,False,feature_work
103531,103529,fix(commands/commit): check cz commit msg,fix,commands/commit,False,bug_fixes
104012,104010,docs(README): fix link to documentation,docs,README,False,docs
104241,104239,"fix(git): use double quotation mark in get_tags

this bug affects windows users, by adding a single quotation
in front of the tag",fix,git,False,bug_fixes
104620,104618,feat(conventional_commits): use and proper support for conventional commits v1.0.0,feat,conventional_commits,False,feature_work
106525,106523,style: reformat,style,,False,tech_debt
106766,106764,docs: fix typo,docs,,False,docs
107207,107205,build(poetry): add pydocstyle as dev dependecies,build,poetry,False,tech_debt
107239,107237,"docs(tutorials/github_actions): add pypa/gh-action-pypi-publish as reference

#161",docs,tutorials/github_actions,False,docs
107416,107414,feat(changelog): add support for `message_hook` method,feat,changelog,False,feature_work
107966,107964,"refactor(commands/changelog): use jinja2 template instead of string concatenation to build changelog

* install jinja2
* use named caputure group for changelog_pattern",refactor,commands/changelog,False,tech_debt
108134,108132,refactor(changelog): rename category to change_type to fit 'keep a changelog',refactor,changelog,False,tech_debt
108142,108140,refactor(changelog): use functions from changelog.py,refactor,changelog,False,tech_debt
108633,108631,Adding a shell return code to cmd output for simplify command results checking,other,,False,other
109014,109012,docs(bump): add information about changelog,docs,bump,False,docs
109496,109494,style: remove unused import,style,,False,tech_debt
111430,111428,"refactor(git): Change get_commits into returning commits instead of lines of messsages

#53",refactor,git,False,tech_debt
111792,111790,"ci(scripts/publish): remove github_token check

it's no longer needed due to the removal of mkdocs",ci,scripts/publish,False,tech_debt
112534,112532,feat(commands/version): add --verbose to show both versions,feat,commands/version,False,feature_work
112635,112633,feat(cli): add init command into cli,feat,cli,False,feature_work
112715,112713,fix(commands/init): fix init commands cannot create config file,fix,commands/init,False,bug_fixes
112796,112794,"build(deps-dev): update mypy requirement from ^0.760 to ^0.761

Updates the requirements on [mypy](https://github.com/python/mypy) to permit the latest version.
- [Release notes](https://github.com/python/mypy/releases)
- [Commits](https://github.com/python/mypy/compare/v0.760...v0.761)

Signed-off-by: dependabot-preview[bot] <support@dependabot.com>",build,deps-dev,False,tech_debt
112885,112883,refactor(all): replace all the _settings invoke with settings.update,refactor,all,False,tech_debt
113030,113028,"fix(cli): overwrite ""name"" only when it's not given

#97",fix,cli,False,bug_fixes
113670,113668,"#issue67
created handler for readonly files/dirs to be passed to shutil.rmtree(). will change permissions and retry operation if readonly dir/file found.",other,,False,other
115116,115114,refactor(command/version): use out.write instead of out.line,refactor,command/version,False,tech_debt
115180,115178,"refactor(cli): add back --version and remove subcommand required constraint

these changes will apply when move into 2.0",refactor,cli,False,tech_debt
116381,116379,"fix(bump): prefixes like docs, build, etc no longer generate a PATCH",fix,bump,False,bug_fixes
116453,116451,refactor(commit): moved most of the commit logic to the commit command,refactor,commit,False,tech_debt
116565,116563,docs: mkdocs documentation,docs,,False,docs
116634,116632,docs: added new changelog,docs,,False,docs
116763,116761,fix : fix config file not work for cz,other,,False,other
116868,116866,"feat: py3 only, tests and conventional commits 1.0

more tests
pyproject instead of Pipfile
questionary instead of whaaaaat (promptkit 2.0.0 support)",feat,,False,feature_work
368,366,docs(mkdocs.yml): enable code copy button in Material theme,docs,mkdocs.yml,False,docs
491,489,"test(git): address review feedback for get_filenames_in_commit tests

- Add a prior commit to verify only the last commit's files are returned
- Use strict equality assertion instead of in",test,git,False,tech_debt
2006,2004,fix: revert,fix,,False,bug_fixes
3300,3298,refactor(tags): extract version resolution method,refactor,tags,False,tech_debt
3422,3420,"test: enable ruff rule PT006 and PT007

It turns out that I just had to run uv run ruff check --fix --unsafe-fixes",test,,False,tech_debt
3574,3572,test: replace os.path with pathlib Path,test,,False,tech_debt
4059,4057,"test: add match parameter to pytest.warns to resolve PT030 (#1828)

Co-authored-by: 余翰承 <hankyu@yuhanchengdeMacBook-Air.local>",test,,False,tech_debt
4368,4366,docs(READMD.md): add star history to README,docs,READMD.md,False,docs
4927,4925,"fix(pre-commit-hooks): some `""` consistency in the file",fix,pre-commit-hooks,False,bug_fixes
5440,5438,test(version_schemes): replace match with strict string assertions,test,version_schemes,False,tech_debt
5619,5617,fix(config): include pyproject.toml in multi config file warning,fix,config,False,bug_fixes
6568,6566,docs: add commitizen-tools logo to our docs site,docs,,False,docs
7495,7493,"fix(config): improve warning message clarity for multiple config files

Co-authored-by: Tim Hsiung <bear890707@gmail.com>",fix,config,False,bug_fixes
9278,9276,test(warnings): ignore our own legit warnings,test,warnings,False,tech_debt
11841,11839,fix: update the unit test to comply with recent changes,fix,,False,bug_fixes
12293,12291,refactor(cargo_provider): cleanup and get rid of potential type errors,refactor,cargo_provider,False,tech_debt
12301,12299,"docs(exit-codes): general update

docs(exception): add comment for updating exit code doc",docs,exit-codes,False,docs
12317,12315,"fix(git): replace lstrip with strip for compatibility issue

#1032",fix,git,False,bug_fixes
12365,12363,refactor(cli): reword command help and capitalize the first characters,refactor,cli,False,tech_debt
12686,12684,style(ruff): enable S101 check to avoid assert usage in production code,style,ruff,False,tech_debt
12758,12756,style: remove Python 3.9 compatible code,style,,False,tech_debt
13203,13201,build: update dev dependencies,build,,False,tech_debt
13211,13209,refactor(changelog): raise NotAllow when file_name not passed instead of using assert,refactor,changelog,False,tech_debt
13391,13389,"docs(exit-codes): general update

docs(exception): add comment for updating exit code doc",docs,exit-codes,False,docs
15362,15360,docs(bump): add missing --allow-no-commit behaviors and other minor documentation changes,docs,bump,False,docs
15961,15959,feat: Drop support for Python 3.9 as EOL reached and add Python 3.14 support,feat,,False,feature_work
16036,16034,"build(dev-dependencies): relax upper bound of dev dependencies

Unless something is breaking. Wee could use the latest version of our dev dependencies for enhanced stability and features",build,dev-dependencies,False,tech_debt
16569,16567,refactor(cmd): unnest try except,refactor,cmd,False,tech_debt
16593,16591,docs: add contributing for nix users,docs,,False,docs
16761,16759,docs(config): add message length limit configuration option,docs,config,False,docs
18415,18413,"feat: allow `amend!` prefix as created by `git --fixup=reword:<commit>`

https://git-scm.com/docs/git-commit/2.32.0#Documentation/git-commit.txt---fixupamendrewordcommit",feat,,False,feature_work
19560,19558,"style(BaseConfig): update set_key comments and type annotation, remove duplicated docstring",style,BaseConfig,False,tech_debt
20219,20217,style: fix line length formatting in check.py,style,,False,tech_debt
20356,20354,"fix: raise NoVersionSpecifiedError if version is None, and adjust call sites of get_version",fix,,False,bug_fixes
20508,20506,refactor(changelog): shorten generate_tree_from_commits,refactor,changelog,False,tech_debt
21992,21990,"fix(init): use pre-push as pre-commit stage

Original ""push"" stage has been deprecated since pre-commit v3.2.0. See https://github.com/pre-commit/pre-commit/issues/2732 and https://github.com/pre-commit/pre-commit/pull/2808 for detailed information.",fix,init,False,bug_fixes
22153,22151,refactor(init): remote extra words,refactor,init,False,tech_debt
22601,22599,test(changelog): ensure error on missing changelog template filename,test,changelog,False,tech_debt
23371,23369,refactor(ParseArgs): simplify __call__ function body,refactor,ParseArgs,False,tech_debt
23426,23424,refactor(ScmProvider): replace sorted with max,refactor,ScmProvider,False,tech_debt
23826,23824,refactor(Init): extract _get_config_data for readability,refactor,Init,False,tech_debt
24001,23999,docs(bump.md): add titles to code blocks and fix minor grammar issues,docs,bump.md,False,docs
24874,24872,test(init): add yaml without repos key,test,init,False,tech_debt
25142,25140,"build: add PGH003 and PGH004, add types-colorama",build,,False,tech_debt
25661,25659,perf(tags): use set,perf,tags,False,tech_debt
25693,25691,style: type untyped methods,style,,False,tech_debt
25952,25950,refactor(version_scheme): cleanup,refactor,version_scheme,False,tech_debt
26088,26086,refactor(cli): early return and improve test coverage,refactor,cli,False,tech_debt
26208,26206,"refactor: make methods protected, better type",refactor,,False,tech_debt
26384,26382,style(cli): more specific type ignore,style,cli,False,tech_debt
27351,27349,feat(check): add check against default branch,feat,check,False,feature_work
27883,27881,"build(poetry): run poetry update to keep the packages up to date

Now decli is typed in 0.6.3",build,poetry,False,tech_debt
28478,28476,refactor(bump): clean up,refactor,bump,False,tech_debt
29006,29004,test(git): add test for from_rev_and_commit,test,git,False,tech_debt
29046,29044,refactor(BaseConfig): use setter,refactor,BaseConfig,False,tech_debt
29150,29148,"refactor(changelog): better typing, yield",refactor,changelog,False,tech_debt
29374,29372,fix(BaseConfig): mypy error,fix,BaseConfig,False,bug_fixes
30107,30105,refactor(git): code cleanup and better test coverage,refactor,git,False,tech_debt
30203,30201,refactor: misc cleanup,refactor,,False,tech_debt
30251,30249,build(poetry): regenerate lock file,build,poetry,False,tech_debt
30563,30561,"refactor: make methods protected, better type",refactor,,False,tech_debt
31063,31061,docs(README): fix broken bullet points,docs,README,False,docs
31274,31272,refactor(changelog): code cleanup,refactor,changelog,False,tech_debt
31596,31594,test(commit): when nothing is added to commit,test,commit,False,tech_debt
31676,31674,refactor(bump): clean up,refactor,bump,False,tech_debt
31716,31714,test(test_git): mock os,test,test_git,False,tech_debt
31852,31850,perf(tags): use set,perf,tags,False,tech_debt
32028,32026,refactor(bump): improve readability and still bypass mypy check,refactor,bump,False,tech_debt
32129,32127,refactor(bump): simplify nested if,refactor,bump,False,tech_debt
32145,32143,"fix(cli): update description for deprecate warning

Closes #1135",fix,cli,False,bug_fixes
32161,32159,refactor(check): compile once and rename variable,refactor,check,False,tech_debt
32426,32424,"refactor(changelog): better typing, yield",refactor,changelog,False,tech_debt
32928,32926,build: specify importlib-metadata version to fix unit tests,build,,False,tech_debt
33917,33915,refactor(bump_rule): add old school bump rule for backward compatibility,refactor,bump_rule,False,tech_debt
34871,34869,refactor(bump): clean up,refactor,bump,False,tech_debt
35857,35855,docs(pull_request_template): make the checklist holistic,docs,pull_request_template,False,docs
35930,35928,refactor(version_schemes): fix typos,refactor,version_schemes,False,tech_debt
35941,35939,refactor(check): fix typo,refactor,check,False,tech_debt
36262,36260,"docs(README.md): move Getting Started to README and improve clarity of the section

Closes #1405",docs,README.md,False,docs
37181,37179,Merge branch 'master' into fix-cz-bump-subdir-path​,other,,False,other
43711,43709,docs(customization): Unify capitalization,docs,customization,False,docs
43727,43725,bump: version 3.29.1 → 3.30.0,bump,,False,tech_debt
43735,43733,"feat(customize.py/test_cz_customize.py): inherit from ConventionalCommitsCz directly

enable cz_customize default behavior follow ConventionalCommitsCz without trivial settings",feat,customize.py/test_cz_customize.py,False,feature_work
44939,44937,"build(deps-dev): bump ruff from 0.6.8 to 0.6.9

Bumps [ruff](https://github.com/astral-sh/ruff) from 0.6.8 to 0.6.9.
- [Release notes](https://github.com/astral-sh/ruff/releases)
- [Changelog](https://github.com/astral-sh/ruff/blob/main/CHANGELOG.md)
- [Commits](https://github.com/astral-sh/ruff/compare/0.6.8...0.6.9)

---
updated-dependencies:
- dependency-name: ruff
  dependency-type: direct:development
  update-type: version-update:semver-patch
...

Signed-off-by: dependabot[bot] <support@github.com>",build,deps-dev,False,tech_debt
45241,45239,"docs: update docs/tutorials/monorepo_guidance.md

Co-authored-by: Wei Lee <weilee.rx@gmail.com>",docs,,False,docs
45479,45477,"build(deps-dev): bump mkdocs-material from 9.5.35 to 9.5.36

Bumps [mkdocs-material](https://github.com/squidfunk/mkdocs-material) from 9.5.35 to 9.5.36.
- [Release notes](https://github.com/squidfunk/mkdocs-material/releases)
- [Changelog](https://github.com/squidfunk/mkdocs-material/blob/master/CHANGELOG)
- [Commits](https://github.com/squidfunk/mkdocs-material/compare/9.5.35...9.5.36)

---
updated-dependencies:
- dependency-name: mkdocs-material
  dependency-type: direct:development
  update-type: version-update:semver-patch
...

Signed-off-by: dependabot[bot] <support@github.com>",build,deps-dev,False,tech_debt
46513,46511,"fix(commit): avoid warnings with 'always_signoff' configuration

Signed-off-by: Adrian DC <radian.dc@gmail.com>",fix,commit,False,bug_fixes
46611,46609,"build(deps-dev): bump ruff from 0.6.1 to 0.6.2

Bumps [ruff](https://github.com/astral-sh/ruff) from 0.6.1 to 0.6.2.
- [Release notes](https://github.com/astral-sh/ruff/releases)
- [Changelog](https://github.com/astral-sh/ruff/blob/main/CHANGELOG.md)
- [Commits](https://github.com/astral-sh/ruff/compare/0.6.1...0.6.2)

---
updated-dependencies:
- dependency-name: ruff
  dependency-type: direct:development
  update-type: version-update:semver-patch
...

Signed-off-by: dependabot[bot] <support@github.com>",build,deps-dev,False,tech_debt
47521,47519,"docs(gettings_started): migrate to 'cz commmit -- -s' syntaxes

Signed-off-by: Adrian DC <radian.dc@gmail.com>",docs,gettings_started,False,docs
49124,49122,"build(deps-dev): bump certifi from 2024.2.2 to 2024.7.4

Bumps [certifi](https://github.com/certifi/python-certifi) from 2024.2.2 to 2024.7.4.
- [Commits](https://github.com/certifi/python-certifi/compare/2024.02.02...2024.07.04)

---
updated-dependencies:
- dependency-name: certifi
  dependency-type: indirect
...

Signed-off-by: dependabot[bot] <support@github.com>",build,deps-dev,False,tech_debt
52065,52063,fix: set shell to False if running subprocess on Windows,fix,,False,bug_fixes
55406,55404,"build(deps): bump argcomplete from 3.2.3 to 3.3.0

Bumps [argcomplete](https://github.com/kislyuk/argcomplete) from 3.2.3 to 3.3.0.
- [Release notes](https://github.com/kislyuk/argcomplete/releases)
- [Changelog](https://github.com/kislyuk/argcomplete/blob/develop/Changes.rst)
- [Commits](https://github.com/kislyuk/argcomplete/compare/v3.2.3...v3.3.0)

---
updated-dependencies:
- dependency-name: argcomplete
  dependency-type: direct:production
  update-type: version-update:semver-minor
...

Signed-off-by: dependabot[bot] <support@github.com>",build,deps,False,tech_debt
55677,55675,"build(deps-dev): bump ruff from 0.3.5 to 0.3.6

Bumps [ruff](https://github.com/astral-sh/ruff) from 0.3.5 to 0.3.6.
- [Release notes](https://github.com/astral-sh/ruff/releases)
- [Changelog](https://github.com/astral-sh/ruff/blob/main/CHANGELOG.md)
- [Commits](https://github.com/astral-sh/ruff/compare/v0.3.5...v0.3.6)

---
updated-dependencies:
- dependency-name: ruff
  dependency-type: direct:development
  update-type: version-update:semver-patch
...

Signed-off-by: dependabot[bot] <support@github.com>",build,deps-dev,False,tech_debt
56067,56065,style(check): fix mypy issues,style,check,False,tech_debt
60157,60155,"build(deps-dev): bump mkdocs-material from 9.5.10 to 9.5.11

Bumps [mkdocs-material](https://github.com/squidfunk/mkdocs-material) from 9.5.10 to 9.5.11.
- [Release notes](https://github.com/squidfunk/mkdocs-material/releases)
- [Changelog](https://github.com/squidfunk/mkdocs-material/blob/master/CHANGELOG)
- [Commits](https://github.com/squidfunk/mkdocs-material/compare/9.5.10...9.5.11)

---
updated-dependencies:
- dependency-name: mkdocs-material
  dependency-type: direct:development
  update-type: version-update:semver-patch
...

Signed-off-by: dependabot[bot] <support@github.com>",build,deps-dev,False,tech_debt
60504,60502,"build(deps-dev): bump black from 24.1.1 to 24.2.0

Bumps [black](https://github.com/psf/black) from 24.1.1 to 24.2.0.
- [Release notes](https://github.com/psf/black/releases)
- [Changelog](https://github.com/psf/black/blob/main/CHANGES.md)
- [Commits](https://github.com/psf/black/compare/24.1.1...24.2.0)

---
updated-dependencies:
- dependency-name: black
  dependency-type: direct:development
  update-type: version-update:semver-minor
...

Signed-off-by: dependabot[bot] <support@github.com>",build,deps-dev,False,tech_debt
60556,60554,"build(deps-dev): bump mkdocs-material from 9.5.8 to 9.5.9

Bumps [mkdocs-material](https://github.com/squidfunk/mkdocs-material) from 9.5.8 to 9.5.9.
- [Release notes](https://github.com/squidfunk/mkdocs-material/releases)
- [Changelog](https://github.com/squidfunk/mkdocs-material/blob/master/CHANGELOG)
- [Commits](https://github.com/squidfunk/mkdocs-material/compare/9.5.8...9.5.9)

---
updated-dependencies:
- dependency-name: mkdocs-material
  dependency-type: direct:development
  update-type: version-update:semver-patch
...

Signed-off-by: dependabot[bot] <support@github.com>",build,deps-dev,False,tech_debt
61530,61528,"build(deps-dev): bump mkdocs-material from 9.5.4 to 9.5.5

Bumps [mkdocs-material](https://github.com/squidfunk/mkdocs-material) from 9.5.4 to 9.5.5.
- [Release notes](https://github.com/squidfunk/mkdocs-material/releases)
- [Changelog](https://github.com/squidfunk/mkdocs-material/blob/master/CHANGELOG)
- [Commits](https://github.com/squidfunk/mkdocs-material/compare/9.5.4...9.5.5)

---
updated-dependencies:
- dependency-name: mkdocs-material
  dependency-type: direct:development
  update-type: version-update:semver-patch
...

Signed-off-by: dependabot[bot] <support@github.com>",build,deps-dev,False,tech_debt
62192,62190,"build(deps-dev): bump ruff from 0.1.11 to 0.1.12

Bumps [ruff](https://github.com/astral-sh/ruff) from 0.1.11 to 0.1.12.
- [Release notes](https://github.com/astral-sh/ruff/releases)
- [Changelog](https://github.com/astral-sh/ruff/blob/main/CHANGELOG.md)
- [Commits](https://github.com/astral-sh/ruff/compare/v0.1.11...v0.1.12)

---
updated-dependencies:
- dependency-name: ruff
  dependency-type: direct:development
  update-type: version-update:semver-patch
...

Signed-off-by: dependabot[bot] <support@github.com>",build,deps-dev,False,tech_debt
62540,62538,"build(deps-dev): bump pytest from 7.4.3 to 7.4.4

Bumps [pytest](https://github.com/pytest-dev/pytest) from 7.4.3 to 7.4.4.
- [Release notes](https://github.com/pytest-dev/pytest/releases)
- [Changelog](https://github.com/pytest-dev/pytest/blob/main/CHANGELOG.rst)
- [Commits](https://github.com/pytest-dev/pytest/compare/7.4.3...7.4.4)

---
updated-dependencies:
- dependency-name: pytest
  dependency-type: direct:development
  update-type: version-update:semver-patch
...

Signed-off-by: dependabot[bot] <support@github.com>",build,deps-dev,False,tech_debt
64397,64395,"build(deps-dev): bump ruff from 0.0.292 to 0.1.5

Bumps [ruff](https://github.com/astral-sh/ruff) from 0.0.292 to 0.1.5.
- [Release notes](https://github.com/astral-sh/ruff/releases)
- [Changelog](https://github.com/astral-sh/ruff/blob/main/CHANGELOG.md)
- [Commits](https://github.com/astral-sh/ruff/compare/v0.0.292...v0.1.5)

---
updated-dependencies:
- dependency-name: ruff
  dependency-type: direct:development
  update-type: version-update:semver-minor
...

Signed-off-by: dependabot[bot] <support@github.com>",build,deps-dev,False,tech_debt
67608,67606,Merge branch 'master' into chore/provider-refactor,other,,False,other
67632,67630,refactor(provider): remove unnecessary TYPE_CHECKING from provider tests,refactor,provider,False,tech_debt
68221,68219,docs(commit.md): add documentation for `always_signoff` config setting,docs,commit.md,False,docs
68237,68235,"test(commit): test always_signoff config option

Signed-off-by: Christian Schlotter <christian.schlotter@zeiss.com>",test,commit,False,tech_debt
68856,68854,build(pre-commit): spellcheck ignore poetry.lock,build,pre-commit,False,tech_debt
69154,69152,feat(formats): expose customizable changelog formats on the `commitizen.formats` endpoint,feat,formats,False,feature_work
71466,71464,"build(deps-dev): bump mkdocs-material from 9.1.16 to 9.1.17

Bumps [mkdocs-material](https://github.com/squidfunk/mkdocs-material) from 9.1.16 to 9.1.17.
- [Release notes](https://github.com/squidfunk/mkdocs-material/releases)
- [Changelog](https://github.com/squidfunk/mkdocs-material/blob/master/CHANGELOG)
- [Commits](https://github.com/squidfunk/mkdocs-material/compare/9.1.16...9.1.17)

---
updated-dependencies:
- dependency-name: mkdocs-material
  dependency-type: direct:development
  update-type: version-update:semver-patch
...

Signed-off-by: dependabot[bot] <support@github.com>",build,deps-dev,False,tech_debt
71676,71674,build(poetry): upgrade ruff,build,poetry,False,tech_debt
72079,72077,ci(pre-commit): add codespell hook,ci,pre-commit,False,tech_debt
72380,72378,"build(poetry)(deps): bump pymdown-extensions from 9.11 to 10.0

Bumps [pymdown-extensions](https://github.com/facelessuser/pymdown-extensions) from 9.11 to 10.0.
- [Release notes](https://github.com/facelessuser/pymdown-extensions/releases)
- [Commits](https://github.com/facelessuser/pymdown-extensions/compare/9.11...10.0)

---
updated-dependencies:
- dependency-name: pymdown-extensions
  dependency-type: indirect
...

Signed-off-by: dependabot[bot] <support@github.com>",other,,False,other
73181,73179,"fix: bump decli which is type hinted

Closes #153",fix,,False,bug_fixes
73299,73297,test: add test for 'additional' types in changelog,test,,False,tech_debt
73436,73434,"feat: make `major_version_zero` customizable by third parties

before this commit, major_version_zero would only work with
conventional commits, as the value used was not exposed to other cz rules",feat,,False,feature_work
74070,74068,"build(poetry)(deps-dev): bump types-termcolor from 0.1.1 to 1.1.6.2

Bumps [types-termcolor](https://github.com/python/typeshed) from 0.1.1 to 1.1.6.2.
- [Release notes](https://github.com/python/typeshed/releases)
- [Commits](https://github.com/python/typeshed/commits)

---
updated-dependencies:
- dependency-name: types-termcolor
  dependency-type: direct:development
  update-type: version-update:semver-major
...

Signed-off-by: dependabot[bot] <support@github.com>",other,,False,other
74661,74659,ci(docspublish): update peaceiris/actions-gh-pages to v3,ci,docspublish,False,tech_debt
74823,74821,docs: add missing settings to config,docs,,False,docs
74847,74845,build: update dev dependencies to lastest poetry,build,,False,tech_debt
75030,75028,"build(poetry)(deps-dev): bump mkdocs-material from 8.5.11 to 9.1.6

Bumps [mkdocs-material](https://github.com/squidfunk/mkdocs-material) from 8.5.11 to 9.1.6.
- [Release notes](https://github.com/squidfunk/mkdocs-material/releases)
- [Changelog](https://github.com/squidfunk/mkdocs-material/blob/master/CHANGELOG)
- [Upgrade guide](https://github.com/squidfunk/mkdocs-material/blob/master/docs/upgrade.md)
- [Commits](https://github.com/squidfunk/mkdocs-material/compare/8.5.11...9.1.6)

---
updated-dependencies:
- dependency-name: mkdocs-material
  dependency-type: direct:development
  update-type: version-update:semver-major
...

Signed-off-by: dependabot[bot] <support@github.com>",other,,False,other
76828,76826,build(poetry): rely on pip for resolving `termcolor` dependency on Python < 3.7,build,poetry,False,tech_debt
77909,77907,"use shield.io badge for github workflow

The github badge was the only one not in flat-square style/not the sae green, not with the same logo color",other,,False,other
78227,78225,docs: add commit cli,docs,,False,docs
78918,78916,"feat(providers): add support for some TOML-based versions (PEP621, Poetry, Cargo)",feat,providers,False,feature_work
78942,78940,"feat(providers): add a `scm` version provider

Reads version from the repository last tag matching `tag_format`

Fixes #641",feat,providers,False,feature_work
80352,80350,"ci(github-actions): change ubuntu-latest to ubuntu-20.04

https://github.com/commitizen-tools/commitizen/pull/629#discussion_r1038747808",ci,github-actions,False,tech_debt
81052,81050,refactor(commands-bump): make changelog variable in 1 line,refactor,commands-bump,False,tech_debt
81205,81203,ci(github-actions): upgrade github-actions version,ci,github-actions,False,tech_debt
82007,82005,refactor: Code Review - round 1 changes,refactor,,False,tech_debt
82482,82480,"fix(changelog): allow rev range lookups without a tag format

The current default setting for `tag_format` is `None`. This is not a
problem for the `bump` command, since the `normalize_tag` function
defaults to `$version` when no `tag_format` is passed. However it is a
problem for the `changelog` command, which seems to explicitly demand a
`tag_format` in order to run a rev-range lookup. This creates issues
like https://github.com/commitizen-tools/commitizen/issues/622.

Either a sane default needs to be set for `tag_format` or the
restriction in `changelog` has to be uplifted. In this commit the latter
has been chosen. A test is also implemented to check that `changelog`
will always compute a rev range with the default tag format.

Fixes https://github.com/commitizen-tools/commitizen/issues/622",fix,changelog,False,bug_fixes
82626,82624,feat: add major-version-zero option to support initial package development,feat,,False,feature_work
83242,83240,"fix(scripts): use portable shebang

Switch `#!/bin/sh` to `#!/usr/bin/env sh` so scripts work on Windows as well as Linux and MacOS.",fix,scripts,False,bug_fixes
83663,83661,test: check if the diff is excluded from message,test,,False,tech_debt
84400,84398,build(poetry): relax argcomplete dependency to allow 2.0.x,build,poetry,False,tech_debt
84791,84789,"fix(bump.py): `CHANGELOG.md` gets git added and commited correctly

The elements in `version_files` may contain not only a file path, but
also a regex after a colon. Thus make sure to only pass the file path to
 `git add`. Closes #581.",fix,bump.py,False,bug_fixes
84996,84994,"style(test): add type hints for `mocker`

See more: https://pytest-mock.readthedocs.io/en/latest/remarks.html#type-annotations",style,test,False,tech_debt
87000,86998,"fix(git): use ""git tag -v"" return_code to check whether a tag is signed",fix,git,False,bug_fixes
87749,87747,feat(bump): add signed tag support for bump command,feat,bump,False,feature_work
88482,88480,"style(commitizen/cz/__init__.py): Mark vars unused

Explicitly mark some loop variables unused as recommended by
flake8-bugbear.",style,commitizen/cz/__init__.py,False,tech_debt
88852,88850,"docs(docs/config.md): Fix typo in cz.yaml section

From `proyects` to `projects`.",docs,docs/config.md,False,docs
89058,89056,feature:,other,,False,other
90083,90081,test: correct error code for NO_INCREMENT and docstring,test,,False,tech_debt
90150,90148,refactor: Switch to issue forms,refactor,,False,tech_debt
91635,91633,style(mypy): add return type to all functions,style,mypy,False,tech_debt
91729,91727,docs(customization): detailed what a Questoin expect,docs,customization,False,docs
93509,93507,docs(contributing): add instruction to verify documentation change,docs,contributing,False,docs
94838,94836,refactor(shortcuts): move check for shortcut config setting to apply to any list select,refactor,shortcuts,False,tech_debt
94846,94844,docs(shortcuts): update to include info about keyboard shortcut options,docs,shortcuts,False,docs
95083,95081,test(changelog): add test case for customized change_type_order,test,changelog,False,tech_debt
96142,96140,feat(#173): initial CalVer support,feat,#173,False,feature_work
96716,96714,test(changelog): add simple test for custom changelog template,test,changelog,False,tech_debt
97444,97442,"docs: remove duplicated file name

`.cz.toml` is specified twice and gets confusing.",docs,,False,docs
97977,97975,fix(config): change read mode from `r` to `rb`,fix,config,False,bug_fixes
98052,98050,fix(commitizen/config/toml_config.py): Update read mode from `r` to `rb` and data type str to byte,fix,commitizen/config/toml_config.py,False,bug_fixes
98148,98146,Merge remote-tracking branch 'origin/Update_read_configuration_mode' into Update_read_configuration_mode,other,,False,other
99962,99960,"docs: correct typos and outdated info

Closes #288",docs,,False,docs
100442,100440,feat: allow files-only to set config version and create changelog,feat,,False,feature_work
102061,102059,ci: add token to bumpversion.yml on checkout,ci,,False,tech_debt
104146,104144,test(cz_check): Add a range of failed commits test,test,cz_check,False,tech_debt
104754,104752,test(bump_command): remove english text in favor of just the tag number,test,bump_command,False,tech_debt
104804,104802,"fix(cli): make command required for commitizen

BREAKING CHANGE: ""cz --debug"" will no longer work
 #47",fix,cli,False,bug_fixes
104905,104903,fix(commands/bump): use `return_code` in commands used by bump,fix,commands/bump,False,bug_fixes
104944,104942,fix(bump): add changelog file into stage when running `cz bump --changelog`,fix,bump,False,bug_fixes
105024,105022,docs: rename external links to resources,docs,,False,docs
105685,105683,"Runtime tependency on setuptools

Imported here: https://github.com/commitizen-tools/commitizen/blob/b8fc1eeaf5a915d8d0f7179dc303ec2f3835b79f/commitizen/changelog.py#L33",other,,False,other
106083,106081,docs(customization): update title level,docs,customization,False,docs
106389,106387,"refactor: introduce DryRunExit, ExpectedExit, NoCommandFoundError, InvalidCommandArgumentError

Instead of using SystemExit, we raise these error as CommitizenException",refactor,,False,tech_debt
106533,106531,refactor(commands/init): add test case and remove unaccessible code,refactor,commands/init,False,tech_debt
107743,107741,test(bump): add test for --no-verify option,test,bump,False,tech_debt
107839,107837,fix(changelog): sort the commits properly to their version,fix,changelog,False,bug_fixes
108174,108172,docs(bump): add information about changelog,docs,bump,False,docs
109432,109430,refactor(config/base): use Dict to replace dict in base_config,refactor,config/base,False,tech_debt
109464,109462,refactor(cz): add type annotation to registry,refactor,cz,False,tech_debt
113439,113437,docs: github actions tutorial,docs,,False,docs
113501,113499,"feat(Commands/check): enforce the project to always use conventional commits

closes #59",feat,Commands/check,False,feature_work
113994,113992,"test(cz/cz_customize): Change the value for choices

#54",test,cz/cz_customize,False,tech_debt
114307,114305,ci: codeconv for github actions,ci,,False,tech_debt
114979,114977,"build(poetry): update questionary version to ^1.4

after questionary 1.4, we can modify the style of prompt and highlighted text at the same time",build,poetry,False,tech_debt
116017,116015,fix: #28 allows poetry add on py36 envs,fix,,False,bug_fixes
116497,116495,fix(bump): commit message now fits better with semver,fix,bump,False,bug_fixes
30641,30639,build(mypy): remove disallow_untyped_defs because it's already done by ruff rules,build,mypy,False,tech_debt
30660,30658,refactor(changelog): type untyped arguments,refactor,changelog,False,tech_debt
31692,31690,"fix(defaults): add non-capitalized default constants back and deprecated warning

relates #1446",fix,defaults,False,bug_fixes
31836,31834,refactor(BaseCommitizen): remove unused process_commit,refactor,BaseCommitizen,False,tech_debt
32076,32074,perf(bump): avoid unnecessary list construction and rename variable to avoid confusion,perf,bump,False,tech_debt
33901,33899,refactor(bump_rule): add find_increment_by_callable,refactor,bump_rule,False,tech_debt
34374,34372,refactor(check): remove unnecessary variable,refactor,check,False,tech_debt
35394,35392,refactor: improve readability and fix typos,refactor,,False,tech_debt
36254,36252,docs(README.md): make it easier for readers to understand what Commitizen does,docs,README.md,False,docs
39192,39190,"feat(providers): add uv_provider

closes: #1349",feat,providers,False,feature_work
42898,42896,Merge branch 'master' into directly-use-3.13,other,,False,other
43309,43307,"build(deps-dev): bump mkdocs-material from 9.5.33 to 9.5.34

Bumps [mkdocs-material](https://github.com/squidfunk/mkdocs-material) from 9.5.33 to 9.5.34.
- [Release notes](https://github.com/squidfunk/mkdocs-material/releases)
- [Changelog](https://github.com/squidfunk/mkdocs-material/blob/master/CHANGELOG)
- [Commits](https://github.com/squidfunk/mkdocs-material/compare/9.5.33...9.5.34)

---
updated-dependencies:
- dependency-name: mkdocs-material
  dependency-type: direct:development
  update-type: version-update:semver-patch
...

Signed-off-by: dependabot[bot] <support@github.com>",build,deps-dev,False,tech_debt
43373,43371,"build(deps): bump importlib-metadata from 8.4.0 to 8.5.0

Bumps [importlib-metadata](https://github.com/python/importlib_metadata) from 8.4.0 to 8.5.0.
- [Release notes](https://github.com/python/importlib_metadata/releases)
- [Changelog](https://github.com/python/importlib_metadata/blob/main/NEWS.rst)
- [Commits](https://github.com/python/importlib_metadata/compare/v8.4.0...v8.5.0)

---
updated-dependencies:
- dependency-name: importlib-metadata
  dependency-type: direct:production
  update-type: version-update:semver-minor
...

Signed-off-by: dependabot[bot] <support@github.com>",build,deps,False,tech_debt
43526,43524,docs: improve monorepo docs,docs,,False,docs
43574,43572,docs: update README to include conda,docs,,False,docs
43582,43580,"docs: `Allowed Prefixes` default value typo

https://commitizen-tools.github.io/commitizen/config/#allowed_prefixes",docs,,False,docs
43606,43604,"build(deps-dev): bump mkdocs-material from 9.5.40 to 9.5.41

Bumps [mkdocs-material](https://github.com/squidfunk/mkdocs-material) from 9.5.40 to 9.5.41.
- [Release notes](https://github.com/squidfunk/mkdocs-material/releases)
- [Changelog](https://github.com/squidfunk/mkdocs-material/blob/master/CHANGELOG)
- [Commits](https://github.com/squidfunk/mkdocs-material/compare/9.5.40...9.5.41)

---
updated-dependencies:
- dependency-name: mkdocs-material
  dependency-type: direct:development
  update-type: version-update:semver-patch
...

Signed-off-by: dependabot[bot] <support@github.com>",build,deps-dev,False,tech_debt
43719,43717,"feat(commands/commit): add force-edit functionality after answering questions

refactor: remove redundant return None

Co-authored-by: Wei Lee <weilee.rx@gmail.com>

Update test_commit_command.py

Co-authored-by: Wei Lee <weilee.rx@gmail.com>",feat,commands/commit,False,feature_work
43752,43750,test(test_cz_customize.py): add more tests,test,test_cz_customize.py,False,tech_debt
44269,44267,docs(customization): Unify capitalization,docs,customization,False,docs
44511,44509,"build(deps-dev): bump mypy from 1.11.2 to 1.12.0

Bumps [mypy](https://github.com/python/mypy) from 1.11.2 to 1.12.0.
- [Changelog](https://github.com/python/mypy/blob/master/CHANGELOG.md)
- [Commits](https://github.com/python/mypy/compare/v1.11.2...v1.12.0)

---
updated-dependencies:
- dependency-name: mypy
  dependency-type: direct:development
  update-type: version-update:semver-minor
...

Signed-off-by: dependabot[bot] <support@github.com>",build,deps-dev,False,tech_debt
44734,44732,"docs: `Allowed Prefixes` default value typo

https://commitizen-tools.github.io/commitizen/config/#allowed_prefixes",docs,,False,docs
45632,45630,"build(deps-dev): bump ruff from 0.6.4 to 0.6.5

Bumps [ruff](https://github.com/astral-sh/ruff) from 0.6.4 to 0.6.5.
- [Release notes](https://github.com/astral-sh/ruff/releases)
- [Changelog](https://github.com/astral-sh/ruff/blob/main/CHANGELOG.md)
- [Commits](https://github.com/astral-sh/ruff/compare/0.6.4...0.6.5)

---
updated-dependencies:
- dependency-name: ruff
  dependency-type: direct:development
  update-type: version-update:semver-patch
...

Signed-off-by: dependabot[bot] <support@github.com>",build,deps-dev,False,tech_debt
46537,46535,"test(conftest): disable 'safe.directory' Git config for container bound sources

Details: The git sources folder ownership may be detected as dubious if running
         in a container with sources mounted to work on fixes and tests,
         breaking 'test_find_git_project_root' and 'test_get_commits_with_signature'
> commitizen.exceptions.GitCommandError: fatal: detected dubious ownership in repository at '...'
---

Signed-off-by: Adrian DC <radian.dc@gmail.com>",test,conftest,False,tech_debt
46573,46571,"feat(commands)!: deprecate '-s' signoff parameter

Signed-off-by: Adrian DC <radian.dc@gmail.com>",feat,commands,True,feature_work
47263,47261,"build(deps-dev): bump ruff from 0.6.1 to 0.6.2

Bumps [ruff](https://github.com/astral-sh/ruff) from 0.6.1 to 0.6.2.
- [Release notes](https://github.com/astral-sh/ruff/releases)
- [Changelog](https://github.com/astral-sh/ruff/blob/main/CHANGELOG.md)
- [Commits](https://github.com/astral-sh/ruff/compare/0.6.1...0.6.2)

---
updated-dependencies:
- dependency-name: ruff
  dependency-type: direct:development
  update-type: version-update:semver-patch
...

Signed-off-by: dependabot[bot] <support@github.com>",build,deps-dev,False,tech_debt
47271,47269,"fix(pre-commit-hooks)!: move 'check' to 'args' for global options

Details: 'args: [...]' is not able to access '-nr NO_RAISE' global
         arguments for example from a arguments configuration
---

Signed-off-by: Adrian DC <radian.dc@gmail.com>",fix,pre-commit-hooks,True,bug_fixes
47316,47314,"build(deps): bump tomlkit from 0.13.0 to 0.13.2

Bumps [tomlkit](https://github.com/sdispater/tomlkit) from 0.13.0 to 0.13.2.
- [Release notes](https://github.com/sdispater/tomlkit/releases)
- [Changelog](https://github.com/python-poetry/tomlkit/blob/master/CHANGELOG.md)
- [Commits](https://github.com/sdispater/tomlkit/compare/0.13.0...0.13.2)

---
updated-dependencies:
- dependency-name: tomlkit
  dependency-type: direct:production
  update-type: version-update:semver-patch
...

Signed-off-by: dependabot[bot] <support@github.com>",build,deps,False,tech_debt
49369,49367,"build(deps-dev): bump ruff from 0.4.10 to 0.5.0

Bumps [ruff](https://github.com/astral-sh/ruff) from 0.4.10 to 0.5.0.
- [Release notes](https://github.com/astral-sh/ruff/releases)
- [Changelog](https://github.com/astral-sh/ruff/blob/main/CHANGELOG.md)
- [Commits](https://github.com/astral-sh/ruff/compare/v0.4.10...0.5.0)

---
updated-dependencies:
- dependency-name: ruff
  dependency-type: direct:development
  update-type: version-update:semver-minor
...

Signed-off-by: dependabot[bot] <support@github.com>",build,deps-dev,False,tech_debt
50029,50027,"build(deps): bump argcomplete from 3.3.0 to 3.4.0

Bumps [argcomplete](https://github.com/kislyuk/argcomplete) from 3.3.0 to 3.4.0.
- [Release notes](https://github.com/kislyuk/argcomplete/releases)
- [Changelog](https://github.com/kislyuk/argcomplete/blob/develop/Changes.rst)
- [Commits](https://github.com/kislyuk/argcomplete/compare/v3.3.0...v3.4.0)

---
updated-dependencies:
- dependency-name: argcomplete
  dependency-type: direct:production
  update-type: version-update:semver-minor
...

Signed-off-by: dependabot[bot] <support@github.com>",build,deps,False,tech_debt
50281,50279,"build(deps-dev): bump mkdocs-material from 9.5.25 to 9.5.26

Bumps [mkdocs-material](https://github.com/squidfunk/mkdocs-material) from 9.5.25 to 9.5.26.
- [Release notes](https://github.com/squidfunk/mkdocs-material/releases)
- [Changelog](https://github.com/squidfunk/mkdocs-material/blob/master/CHANGELOG)
- [Commits](https://github.com/squidfunk/mkdocs-material/compare/9.5.25...9.5.26)

---
updated-dependencies:
- dependency-name: mkdocs-material
  dependency-type: direct:development
  update-type: version-update:semver-patch
...

Signed-off-by: dependabot[bot] <support@github.com>",build,deps-dev,False,tech_debt
52174,52172,feat(ci/cd): automates the generation of CLI screenshots,feat,ci/cd,False,feature_work
53946,53944,"build(deps): bump decli from 0.6.1 to 0.6.2

Bumps decli from 0.6.1 to 0.6.2.

---
updated-dependencies:
- dependency-name: decli
  dependency-type: direct:production
  update-type: version-update:semver-patch
...

Signed-off-by: dependabot[bot] <support@github.com>",build,deps,False,tech_debt
56196,56194,ci(scripts): fix ill-formated code when running formatters,ci,scripts,False,tech_debt
56590,56588,test(test_conf.py): add test case for specify yaml and json files,test,test_conf.py,False,tech_debt
57182,57180,test(tests/test_git.py): use the IDs tool to clearly describe each test item,test,tests/test_git.py,False,tech_debt
57894,57892,refactor(utils): convert git project root to posix path for backup file name,refactor,utils,False,tech_debt
58725,58723,"build(deps): bump packaging from 23.2 to 24.0

Bumps [packaging](https://github.com/pypa/packaging) from 23.2 to 24.0.
- [Release notes](https://github.com/pypa/packaging/releases)
- [Changelog](https://github.com/pypa/packaging/blob/main/CHANGELOG.rst)
- [Commits](https://github.com/pypa/packaging/compare/23.2...24.0)

---
updated-dependencies:
- dependency-name: packaging
  dependency-type: direct:production
  update-type: version-update:semver-major
...

Signed-off-by: dependabot[bot] <support@github.com>",build,deps,False,tech_debt
58906,58904,fix(git): force the default git locale on methods relying on parsing the output,fix,git,False,bug_fixes
59532,59530,feat(changelog): `changelog_message_build_hook` can remove message by returning a falsy value,feat,changelog,False,feature_work
60271,60269,"build(deps): bump typing-extensions from 4.9.0 to 4.10.0

Bumps [typing-extensions](https://github.com/python/typing_extensions) from 4.9.0 to 4.10.0.
- [Release notes](https://github.com/python/typing_extensions/releases)
- [Changelog](https://github.com/python/typing_extensions/blob/main/CHANGELOG.md)
- [Commits](https://github.com/python/typing_extensions/commits)

---
updated-dependencies:
- dependency-name: typing-extensions
  dependency-type: direct:production
  update-type: version-update:semver-minor
...

Signed-off-by: dependabot[bot] <support@github.com>",build,deps,False,tech_debt
61366,61364,style: format the code with the latest black and ruff,style,,False,tech_debt
62248,62246,"build(deps): bump jinja2 from 3.1.2 to 3.1.3

Bumps [jinja2](https://github.com/pallets/jinja) from 3.1.2 to 3.1.3.
- [Release notes](https://github.com/pallets/jinja/releases)
- [Changelog](https://github.com/pallets/jinja/blob/main/CHANGES.rst)
- [Commits](https://github.com/pallets/jinja/compare/3.1.2...3.1.3)

---
updated-dependencies:
- dependency-name: jinja2
  dependency-type: direct:production
  update-type: version-update:semver-patch
...

Signed-off-by: dependabot[bot] <support@github.com>",build,deps,False,tech_debt
62868,62866,"build(deps-dev): bump mkdocs-material from 9.5.2 to 9.5.3

Bumps [mkdocs-material](https://github.com/squidfunk/mkdocs-material) from 9.5.2 to 9.5.3.
- [Release notes](https://github.com/squidfunk/mkdocs-material/releases)
- [Changelog](https://github.com/squidfunk/mkdocs-material/blob/master/CHANGELOG)
- [Commits](https://github.com/squidfunk/mkdocs-material/compare/9.5.2...9.5.3)

---
updated-dependencies:
- dependency-name: mkdocs-material
  dependency-type: direct:development
  update-type: version-update:semver-patch
...

Signed-off-by: dependabot[bot] <support@github.com>",build,deps-dev,False,tech_debt
63317,63315,"ci(deps): bump actions/setup-python from 4 to 5

Bumps [actions/setup-python](https://github.com/actions/setup-python) from 4 to 5.
- [Release notes](https://github.com/actions/setup-python/releases)
- [Commits](https://github.com/actions/setup-python/compare/v4...v5)

---
updated-dependencies:
- dependency-name: actions/setup-python
  dependency-type: direct:production
  update-type: version-update:semver-major
...

Signed-off-by: dependabot[bot] <support@github.com>",ci,deps,False,tech_debt
63979,63977,"feat(cz): add chore as an option to the default list of conventional commits

917",feat,cz,False,feature_work
64065,64063,"build(deps-dev): bump mkdocs-material from 9.4.6 to 9.4.11

Bumps [mkdocs-material](https://github.com/squidfunk/mkdocs-material) from 9.4.6 to 9.4.11.
- [Release notes](https://github.com/squidfunk/mkdocs-material/releases)
- [Changelog](https://github.com/squidfunk/mkdocs-material/blob/master/CHANGELOG)
- [Commits](https://github.com/squidfunk/mkdocs-material/compare/9.4.6...9.4.11)

---
updated-dependencies:
- dependency-name: mkdocs-material
  dependency-type: direct:development
  update-type: version-update:semver-patch
...

Signed-off-by: dependabot[bot] <support@github.com>",build,deps-dev,False,tech_debt
65510,65508,"build(deps-dev): bump pre-commit from 3.4.0 to 3.5.0

Bumps [pre-commit](https://github.com/pre-commit/pre-commit) from 3.4.0 to 3.5.0.
- [Release notes](https://github.com/pre-commit/pre-commit/releases)
- [Changelog](https://github.com/pre-commit/pre-commit/blob/main/CHANGELOG.md)
- [Commits](https://github.com/pre-commit/pre-commit/compare/v3.4.0...v3.5.0)

---
updated-dependencies:
- dependency-name: pre-commit
  dependency-type: direct:development
  update-type: version-update:semver-minor
...

Signed-off-by: dependabot[bot] <support@github.com>",build,deps-dev,False,tech_debt
65551,65549,"build(deps-dev): bump mkdocs-material from 9.4.5 to 9.4.6

Bumps [mkdocs-material](https://github.com/squidfunk/mkdocs-material) from 9.4.5 to 9.4.6.
- [Release notes](https://github.com/squidfunk/mkdocs-material/releases)
- [Changelog](https://github.com/squidfunk/mkdocs-material/blob/master/CHANGELOG)
- [Commits](https://github.com/squidfunk/mkdocs-material/compare/9.4.5...9.4.6)

---
updated-dependencies:
- dependency-name: mkdocs-material
  dependency-type: direct:development
  update-type: version-update:semver-patch
...

Signed-off-by: dependabot[bot] <support@github.com>",build,deps-dev,False,tech_debt
66525,66523,refactor(json_config): add parse error message from json lib,refactor,json_config,False,tech_debt
66540,66538,Merge branch 'master' into fix/init-invalid-content,other,,False,other
66949,66947,"build(deps-dev): bump ruff from 0.0.287 to 0.0.289

Bumps [ruff](https://github.com/astral-sh/ruff) from 0.0.287 to 0.0.289.
- [Release notes](https://github.com/astral-sh/ruff/releases)
- [Changelog](https://github.com/astral-sh/ruff/blob/main/BREAKING_CHANGES.md)
- [Commits](https://github.com/astral-sh/ruff/compare/v0.0.287...v0.0.289)

---
updated-dependencies:
- dependency-name: ruff
  dependency-type: direct:development
  update-type: version-update:semver-patch
...

Signed-off-by: dependabot[bot] <support@github.com>",build,deps-dev,False,tech_debt
67616,67614,refactor(provider): fully qualify import of commitizen.providers.base_provider,refactor,provider,False,tech_debt
67651,67649,Merge branch 'master' into chore/provider-refactor,other,,False,other
68832,68830,fix(test): pass correct type to get_package_version tests,fix,test,False,bug_fixes
68840,68838,"fix(provider): fix npm provider to update package-lock.json and npm-shrinkwrap.json if they exist

closes #804",fix,provider,False,bug_fixes
70257,70255,refactor: replace SemVer type literals by respective constants,refactor,,False,tech_debt
70615,70613,"build(deps): bump pyyaml from 6.0 to 6.0.1

Bumps [pyyaml](https://github.com/yaml/pyyaml) from 6.0 to 6.0.1.
- [Changelog](https://github.com/yaml/pyyaml/blob/6.0.1/CHANGES)
- [Commits](https://github.com/yaml/pyyaml/compare/6.0...6.0.1)

---
updated-dependencies:
- dependency-name: pyyaml
  dependency-type: direct:production
  update-type: version-update:semver-patch
...

Signed-off-by: dependabot[bot] <support@github.com>",build,deps,False,tech_debt
72414,72412,"fix(init): fix is_pre_commit_installed method

the logic of the original method is ""pre_commit_not_installed""",fix,init,False,bug_fixes
74300,74298,style: fix formatting changes with black update,style,,False,tech_debt
74436,74434,style: fix code style through black,style,,False,tech_debt
74935,74933, docs: add poetry version and minor style changes,docs,,False,docs
75794,75792,test(providers): factorize some version providers tests,test,providers,False,tech_debt
78934,78932,docs(deps): upgrade mkdocs-material and tidy some snippets,docs,deps,False,docs
80576,80574,"build(python): Sunset Python 3.6 and support Python 3.11

Fixes #607

BREAKING CHANGE: Python 3.6 is not officially supported anymore. Please migrate from 3.6 to 3.7 or greater.",build,python,False,tech_debt
80980,80978,feat: add custom message to annotated git tag,feat,,False,feature_work
81004,81002,test(utils): add tag message parameters to create_tag function,test,utils,False,tech_debt
81060,81058,test(git): fix tag with message test,test,git,False,tech_debt
81983,81981,"refactor(Commit): Added deprecation on git signoff mechanic

Signoff dedicated code is no longer necessary & removed #TODO as tests show identical args and extra-args are not an issue.",refactor,Commit,False,tech_debt
82023,82021,style(extra_args): Added newlines and WARN to 'Incomplete commit command' warning,style,extra_args,False,tech_debt
82498,82496,"feat(unicode): add unicode support

This will allow commiting, e.g., emoji's and parsing commit messages for
unicode characters when creating change logs.",feat,unicode,False,feature_work
83258,83256,ci: rerun workflow,ci,,False,tech_debt
83282,83280,"test(test_init_command.py): use `os.sep`

Use `os.sep` for file paths. On Windows, this is `\`. On Linux and
MacOS, this is `/`.",test,test_init_command.py,False,tech_debt
84160,84158,fix(commit): Fixed typo error in the cli configuration file,fix,commit,False,bug_fixes
84287,84285,fix(bump): fix type hint,fix,bump,False,bug_fixes
84741,84739,"feat: add functionality for dev-releases

add `--devrelease` flag, expecting a non-negative integer, as per
[PEP 440](https://peps.python.org/pep-0440/#developmental-releases).",feat,,False,feature_work
87786,87784,"pass black, isort, flake8 checks",other,,False,other
88004,88002,feat: use chardet to get correct encoding,feat,,False,feature_work
89098,89096,"Inital Release

Added correct formatting and questions

+ref: 0001
+semver: feature

Inital Release

Added correct formatting and questions

+ref:
+semver: feature

feat(f): fff

44

n

feature: This is a title

breaking::

patch::

tttttt
 descriptoni
 {'+ref:'}

This is a title
This is a desc
+ref:

Title here
Descriptionnnnn

+ref:
+semver:bug fix

This is a broken fix
Super handy desc

+ref:GP-5055
+semver:feature

This is a title

Also a desc here

+ref:GP-9500
+semver:bug fix

Fixed this function

Added a description

+ref: GP-9999
+semver: major

title

desc

+ref: 65555
+semver: breaking

title

desc

+ref: 5555
+semver: minor

tit

gg

+ref: 5555
+semver: major

tt

gg

+ref: 5
+semver: major",other,,False,other
94126,94124,"fix(commit): correct the stage checker before commiting

related to #418",fix,commit,False,bug_fixes
94598,94596,docs(contributing): do not request modifications to changelog,docs,contributing,False,docs
95221,95219,"feat(changelog): add support for single version and version range

Closes #399 #225",feat,changelog,False,feature_work
95232,95230,docs: add changelog rev_range and update bump and config,docs,,False,docs
95418,95416,"fix(git.py): ensure signed commits in changelog when git config log.showsignature=true

#397",fix,git.py,False,bug_fixes
96449,96447,test(cz/conventional_commits): test check command and process_commit with conventional commits,test,cz/conventional_commits,False,tech_debt
96457,96455,style(tests): format tests,style,tests,False,tech_debt
97567,97565,chore: Fix CR questions,chore,,False,tech_debt
98044,98042,fix(commitizen/config/json_config.py): Update read mode from `r` to `rb` and data type str to byte,fix,commitizen/config/json_config.py,False,bug_fixes
98108,98106,fix(config): change read mode from `r` to `rb`,fix,config,False,bug_fixes
98256,98254,"feat(changelog): add support for multiline BREAKING paragraph

Closes #346",feat,changelog,False,feature_work
99373,99371,feat(deps): Update and relax tomlkit version requirement,feat,deps,False,feature_work
99741,99739,"test(test_cs_customize): add support for testing customization for JsonConfig class

120",test,test_cs_customize,False,tech_debt
99813,99811,test(test_init_command): test the json config behavior when the Init function is called,test,test_init_command,False,tech_debt
100240,100238,test(bump): add missing tests for local-version flag,test,bump,False,tech_debt
100726,100724,test: provide tests for update_changelog_on_bump config option,test,,False,tech_debt
103443,103441,"feat(commands/commit): apply prepare-commit-msg hook

add --commit-msg-file argument",feat,commands/commit,False,feature_work
103475,103473,refactor(commands/commit): use direct async class and open tty as binmod,refactor,commands/commit,False,tech_debt
103491,103489,feat(wrap_stdio): separate wrap stdio module,feat,wrap_stdio,False,feature_work
104484,104482,"refactor(config): remove ini configuration support

BREAKING CHANGE: setup.cfg, .cz and .cz.cfg are no longer supported",refactor,config,False,tech_debt
105619,105617,docs(contributing): add pre-commit setup,docs,contributing,False,docs
105627,105625,ci(pre-commit): add commitizen to pre-commit config,ci,pre-commit,False,tech_debt
106430,106428,style(tests): fix function name typo,style,tests,False,tech_debt
106568,106566,refactor(exception): rename MissingConfigError as MissingCzCustomizeConfigError,refactor,exception,False,tech_debt
107255,107253,style: fix typo within codebase,style,,False,tech_debt
107724,107722,feat(bump): add optional --no-verify argument for bump command,feat,bump,False,feature_work
107880,107878,test(cli): cover test for warnings,test,cli,False,tech_debt
108182,108180,ci(bumpversion): generate changelog along with the version,ci,bumpversion,False,tech_debt
108998,108996,feat(changelog): add support for any commit rule system,feat,changelog,False,feature_work
109456,109454,style: reformat,style,,False,tech_debt
109602,109600,feat(defaults): change default `bump_pattern` and `bump_map`,feat,defaults,False,feature_work
110124,110122,"test(bump_find_increment): reorder major commit

for confirming that the order of commits does not matter",test,bump_find_increment,False,tech_debt
110283,110281,ci(scripts/test): add isort check to srctips/test,ci,scripts/test,False,tech_debt
110436,110434,"fix(commitizen/cz): set changelog_map, changelog_pattern to none as default

without this default, getting these attributes will be an error",fix,commitizen/cz,False,bug_fixes
110484,110482,refactor(templates): remove unneeded __init__ file,refactor,templates,False,tech_debt
111470,111468,test(all): fix test break due to cli block not a git project,test,all,False,tech_debt
111510,111508,test(git): add test case for get tags functions,test,git,False,tech_debt
112261,112259,"fix(cli): fix the way default handled for name argument

#97",fix,cli,False,bug_fixes
112651,112649,test(commands/init): add test case for init command,test,commands/init,False,tech_debt
112937,112935,refactor(config/ini_config): move deprecation warning into class initialization,refactor,config/ini_config,False,tech_debt
112989,112987,"build(deps-dev): update mypy requirement from ^0.750 to ^0.760

Updates the requirements on [mypy](https://github.com/python/mypy) to permit the latest version.
- [Release notes](https://github.com/python/mypy/releases)
- [Commits](https://github.com/python/mypy/compare/v0.750...v0.760)

Signed-off-by: dependabot-preview[bot] <support@dependabot.com>",build,deps-dev,False,tech_debt
113348,113346,style(all): run ./script/lint,style,all,False,tech_debt
113540,113538,refactor(config): remove has_pyproject which is no longer used,refactor,config,False,tech_debt
113694,113692,created exception to raise if unable to change permission in handler,other,,False,other
113702,113700,tidy error report,other,,False,other
114052,114050,"Correct typo to spell ""convention""

Fixes #70.",other,,False,other
114097,114095,"#issue67
created handler for readonly files/dirs to be passed to shutil.rmtree(). will change permissions and retry operation if readonly dir/file found.",other,,False,other
114354,114352,ci: new github actions,ci,,False,tech_debt
115638,115636,"chore(deps-dev): update mypy requirement from ^0.730 to ^0.740

Updates the requirements on [mypy](https://github.com/python/mypy) to permit the latest version.
- [Release notes](https://github.com/python/mypy/releases)
- [Commits](https://github.com/python/mypy/compare/v0.730...v0.740)

Signed-off-by: dependabot-preview[bot] <support@dependabot.com>",chore,deps-dev,False,tech_debt
116279,116277,test(commands): added integration test for bump command,test,commands,False,tech_debt
116461,116459,refactor(example): command logic removed from commitizen base,refactor,example,False,tech_debt
116658,116656,docs(README): some new information about bump,docs,README,False,docs
1047,1045,fix: avoid raising an exception when a change_type is not defined,fix,,False,bug_fixes
1148,1146,docs: add git config user.* to commit successfully,docs,,False,docs
1944,1942,"fix(provider): use encoding in set_version for all providers

Co-authored-by: bearomorphism <26526132+bearomorphism@users.noreply.github.com>",fix,provider,False,bug_fixes
2701,2699,"test: Remove redundant assertions

Signed-off-by: Edgar Ramírez Mondragón <edgarrm358@gmail.com>",test,,False,tech_debt
3898,3896,fix: add match parameter to pytest.warns to resolve PT030,fix,,False,bug_fixes
4656,4654,feat(version): add --tag tag to version command,feat,version,False,feature_work
5840,5838,"test: remove unreachable code in pytest.raises block, fix some malformed tests and extract fixtures",test,,False,tech_debt
6221,6219,docs(README): remove steps about manually setup a configuration file,docs,README,False,docs
6834,6832,docs: add AGENTS.md,docs,,False,docs
7315,7313,ci: run unittests only on python and dependency change,ci,,False,tech_debt
7839,7837,style(ruff): add `UP` and `TC` fixes to the safe fixes list,style,ruff,False,tech_debt
8983,8981,build: update poethepoet dependency to version 0.34.0,build,,False,tech_debt
11224,11222,docs(bump): fix broken documentation format,docs,bump,False,docs
11577,11575,build: update dev dependencies,build,,False,tech_debt
11593,11591,feat: Drop support for Python 3.9 as EOL reached and add Python 3.14 support,feat,,False,feature_work
12654,12652,ci(github-actions): add python 3.14 to github-actions and tox,ci,github-actions,False,tech_debt
12926,12924,docs(check): rewrite command document,docs,check,False,docs
13383,13381,refactor(cargo_provider): cleanup and get rid of potential type errors,refactor,cargo_provider,False,tech_debt
13592,13590,docs(contributing): fix broken link,docs,contributing,False,docs
16561,16559,test(changelog): remove unused timer fixture,test,changelog,False,tech_debt
16601,16599,feat(version): add the ability to just print major or minor version,feat,version,False,feature_work
17081,17079,feat(version): add the ability to just print major or minor version,feat,version,False,feature_work
17276,17274,refactor(utils): make get_backup_file_path to return a path for semantic correctness,refactor,utils,False,tech_debt
18306,18304,"fix(Init): raise InitFailedError on keyboard interrupt on pre-commit hook question, simplify logic, remove unreachable code path",fix,Init,False,bug_fixes
20116,20114,fix(dependency): move deprecated to project.dependencies,fix,dependency,False,bug_fixes
20412,20410,refactor(init): remote extra words,refactor,init,False,tech_debt
21589,21587,feat: implement message length limit for commit messages,feat,,False,feature_work
22048,22046,docs(defaults): deprecate type Questions,docs,defaults,False,docs
22096,22094,docs(third-party-commitizen.md): Add cz-path info,docs,third-party-commitizen.md,False,docs
22541,22539,"docs(config.md): Document glob pattern support in `version_files`

It was added in https://github.com/commitizen-tools/commitizen/pull/1070
but never documented AFAICT.",docs,config.md,False,docs
24482,24480,refactor(Init): use ternary operator,refactor,Init,False,tech_debt
25380,25378,test(commit): when nothing is added to commit,test,commit,False,tech_debt
25613,25611,build(deps-dev): bump ruff,build,deps-dev,False,tech_debt
25709,25707,style: better type,style,,False,tech_debt
25741,25739,build(mypy): remove disallow_untyped_defs because it's already done by ruff rules,build,mypy,False,tech_debt
26016,26014,refactor(changelog): minor cleanup,refactor,changelog,False,tech_debt
26048,26046,test(bump): improve test coverage,test,bump,False,tech_debt
26064,26062,refactor: misc cleanup,refactor,,False,tech_debt
26072,26070,refactor(git): extract _create_commit_cmd_string,refactor,git,False,tech_debt
26152,26150,build(ruff): add RUF022 & RUF100 rules,build,ruff,False,tech_debt
26160,26158,"style(ruff): run `ruff check --fix`

Auto fix RUF022 and RUF100",style,ruff,False,tech_debt
26168,26166,refactor(BaseCommitizen): remove unused process_commit,refactor,BaseCommitizen,False,tech_debt
26336,26334,docs(bump): comment on a stupid looking pattern,docs,bump,False,docs
26762,26760,ci(mypy): fix linter error,ci,mypy,False,tech_debt
27722,27720,fix(deprecated): mark deprecate in v5,fix,deprecated,False,bug_fixes
28244,28242,refactor(questions): type questions with TypedDict,refactor,questions,False,tech_debt
28518,28516,test(test_git): mock os,test,test_git,False,tech_debt
28590,28588,refactor: add comment clarifying `no_raise` parsing to `list[int]`,refactor,,False,tech_debt
29014,29012,docs(git): from_rev_and_commit docstring,docs,git,False,docs
29030,29028,refactor(git): refactor get_tag_names,refactor,git,False,tech_debt
29142,29140,build(poetry): regenerate lock file,build,poetry,False,tech_debt
29286,29284,style(tags): improve types,style,tags,False,tech_debt
29294,29292,perf(tags): use set,perf,tags,False,tech_debt
29310,29308,refactor(conventional_commits): remove unnecessary checks,refactor,conventional_commits,False,tech_debt
29350,29348,style: better type,style,,False,tech_debt
29390,29388,refactor(bump): TypedDict for bump argument,refactor,bump,False,tech_debt
30123,30121,docs(git): from_rev_and_commit docstring,docs,git,False,docs
30547,30545,refactor: fix mypy output and better type,refactor,,False,tech_debt
30555,30553,refactor(conventional_commits): remove unnecessary checks,refactor,conventional_commits,False,tech_debt
31572,31570,refactor: improve readability and fix typos,refactor,,False,tech_debt
31860,31858,refactor: fix mypy output and better type,refactor,,False,tech_debt
33249,33247,build(poetry): upgrade mypy version to ^1.15.0,build,poetry,False,tech_debt
36394,36392,docs(README): paraphase features,docs,README,False,docs
36683,36681,feat(git): add guess_default_branch function,feat,git,False,feature_work
36691,36689,refactor(commands/check): remove unused cwd argument,refactor,commands/check,False,tech_debt
37567,37565,Merge branch 'master' into feat-filter-search-for-commit-change-type,other,,False,other
37786,37784,feat(init): set uv to default value if both pyproject.toml and uv.lock present,feat,init,False,feature_work
40314,40312,"feat: adding the possibility to choose on wich language you want to display informations

this is just a first version that is not yet efficient and must be implemented to be more efficient",feat,,False,feature_work
40462,40460,"feat: adding the possibility to choose on wich language you want to display informations

this is just a first version that is not yet efficient and must be implemented to be more efficient",feat,,False,feature_work
40731,40729,"build(deps-dev): bump ipython from 8.18.0 to 8.18.1

Bumps [ipython](https://github.com/ipython/ipython) from 8.18.0 to 8.18.1.
- [Release notes](https://github.com/ipython/ipython/releases)
- [Commits](https://github.com/ipython/ipython/compare/8.18.0...8.18.1)

---
updated-dependencies:
- dependency-name: ipython
  dependency-type: direct:development
  update-type: version-update:semver-patch
...

Signed-off-by: dependabot[bot] <support@github.com>",build,deps-dev,False,tech_debt
41190,41188,"build(deps-dev): bump pytest-regressions from 2.5.0 to 2.6.0

Bumps [pytest-regressions](https://github.com/ESSS/pytest-regressions) from 2.5.0 to 2.6.0.
- [Release notes](https://github.com/ESSS/pytest-regressions/releases)
- [Changelog](https://github.com/ESSS/pytest-regressions/blob/master/CHANGELOG.rst)
- [Commits](https://github.com/ESSS/pytest-regressions/compare/2.5.0...v2.6.0)

---
updated-dependencies:
- dependency-name: pytest-regressions
  dependency-type: direct:development
  update-type: version-update:semver-minor
...

Signed-off-by: dependabot[bot] <support@github.com>",build,deps-dev,False,tech_debt
41598,41596,"build(deps-dev): bump ruff from 0.8.0 to 0.8.1

Bumps [ruff](https://github.com/astral-sh/ruff) from 0.8.0 to 0.8.1.
- [Release notes](https://github.com/astral-sh/ruff/releases)
- [Changelog](https://github.com/astral-sh/ruff/blob/main/CHANGELOG.md)
- [Commits](https://github.com/astral-sh/ruff/compare/0.8.0...0.8.1)

---
updated-dependencies:
- dependency-name: ruff
  dependency-type: direct:development
  update-type: version-update:semver-patch
...

Signed-off-by: dependabot[bot] <support@github.com>",build,deps-dev,False,tech_debt
42219,42217,feat(tags): adds `legacy_tag_formats` and `ignored_tag_formats` settings,feat,tags,False,feature_work
42402,42400,"build(deps-dev): bump mkdocs-material from 9.5.44 to 9.5.45

Bumps [mkdocs-material](https://github.com/squidfunk/mkdocs-material) from 9.5.44 to 9.5.45.
- [Release notes](https://github.com/squidfunk/mkdocs-material/releases)
- [Changelog](https://github.com/squidfunk/mkdocs-material/blob/master/CHANGELOG)
- [Commits](https://github.com/squidfunk/mkdocs-material/compare/9.5.44...9.5.45)

---
updated-dependencies:
- dependency-name: mkdocs-material
  dependency-type: direct:development
  update-type: version-update:semver-patch
...

Signed-off-by: dependabot[bot] <support@github.com>",build,deps-dev,False,tech_debt
43001,42999,"build(deps-dev): bump mkdocs-material from 9.5.43 to 9.5.44

Bumps [mkdocs-material](https://github.com/squidfunk/mkdocs-material) from 9.5.43 to 9.5.44.
- [Release notes](https://github.com/squidfunk/mkdocs-material/releases)
- [Changelog](https://github.com/squidfunk/mkdocs-material/blob/master/CHANGELOG)
- [Commits](https://github.com/squidfunk/mkdocs-material/compare/9.5.43...9.5.44)

---
updated-dependencies:
- dependency-name: mkdocs-material
  dependency-type: direct:development
  update-type: version-update:semver-patch
...

Signed-off-by: dependabot[bot] <support@github.com>",build,deps-dev,False,tech_debt
43293,43291,"build(deps-dev): bump ruff from 0.6.2 to 0.6.3

Bumps [ruff](https://github.com/astral-sh/ruff) from 0.6.2 to 0.6.3.
- [Release notes](https://github.com/astral-sh/ruff/releases)
- [Changelog](https://github.com/astral-sh/ruff/blob/main/CHANGELOG.md)
- [Commits](https://github.com/astral-sh/ruff/compare/0.6.2...0.6.3)

---
updated-dependencies:
- dependency-name: ruff
  dependency-type: direct:development
  update-type: version-update:semver-patch
...

Signed-off-by: dependabot[bot] <support@github.com>",build,deps-dev,False,tech_debt
43317,43315,"build(deps-dev): bump ruff from 0.6.3 to 0.6.4

Bumps [ruff](https://github.com/astral-sh/ruff) from 0.6.3 to 0.6.4.
- [Release notes](https://github.com/astral-sh/ruff/releases)
- [Changelog](https://github.com/astral-sh/ruff/blob/main/CHANGELOG.md)
- [Commits](https://github.com/astral-sh/ruff/compare/0.6.3...0.6.4)

---
updated-dependencies:
- dependency-name: ruff
  dependency-type: direct:development
  update-type: version-update:semver-patch
...

Signed-off-by: dependabot[bot] <support@github.com>",build,deps-dev,False,tech_debt
43389,43387,"build(deps-dev): bump ruff from 0.6.5 to 0.6.7

Bumps [ruff](https://github.com/astral-sh/ruff) from 0.6.5 to 0.6.7.
- [Release notes](https://github.com/astral-sh/ruff/releases)
- [Changelog](https://github.com/astral-sh/ruff/blob/main/CHANGELOG.md)
- [Commits](https://github.com/astral-sh/ruff/compare/0.6.5...0.6.7)

---
updated-dependencies:
- dependency-name: ruff
  dependency-type: direct:development
  update-type: version-update:semver-patch
...

Signed-off-by: dependabot[bot] <support@github.com>",build,deps-dev,False,tech_debt
43413,43411,"fix(changelog): handle custom tag_format in changelog generation

When the tag_format does not follow the allowed schemas patterns then changlog generation fails.",fix,changelog,False,bug_fixes
43445,43443,docs(bump): Document the use of tag_format variables with curly brackets,docs,bump,False,docs
43486,43484,"build(deps-dev): bump mkdocs-material from 9.5.38 to 9.5.39

Bumps [mkdocs-material](https://github.com/squidfunk/mkdocs-material) from 9.5.38 to 9.5.39.
- [Release notes](https://github.com/squidfunk/mkdocs-material/releases)
- [Changelog](https://github.com/squidfunk/mkdocs-material/blob/master/CHANGELOG)
- [Commits](https://github.com/squidfunk/mkdocs-material/compare/9.5.38...9.5.39)

---
updated-dependencies:
- dependency-name: mkdocs-material
  dependency-type: direct:development
  update-type: version-update:semver-patch
...

Signed-off-by: dependabot[bot] <support@github.com>",build,deps-dev,False,tech_debt
43502,43500,"build(deps-dev): bump types-python-dateutil

Bumps [types-python-dateutil](https://github.com/python/typeshed) from 2.9.0.20240906 to 2.9.0.20241003.
- [Commits](https://github.com/python/typeshed/commits)

---
updated-dependencies:
- dependency-name: types-python-dateutil
  dependency-type: direct:development
  update-type: version-update:semver-patch
...

Signed-off-by: dependabot[bot] <support@github.com>",build,deps-dev,False,tech_debt
43768,43766,test(test_cz_customize.py): add the ommited bump_map_major_version_zero in test str,test,test_cz_customize.py,False,tech_debt
45275,45273,"build(deps-dev): bump mkdocs-material from 9.5.37 to 9.5.38

Bumps [mkdocs-material](https://github.com/squidfunk/mkdocs-material) from 9.5.37 to 9.5.38.
- [Release notes](https://github.com/squidfunk/mkdocs-material/releases)
- [Changelog](https://github.com/squidfunk/mkdocs-material/blob/master/CHANGELOG)
- [Commits](https://github.com/squidfunk/mkdocs-material/compare/9.5.37...9.5.38)

---
updated-dependencies:
- dependency-name: mkdocs-material
  dependency-type: direct:development
  update-type: version-update:semver-patch
...

Signed-off-by: dependabot[bot] <support@github.com>",build,deps-dev,False,tech_debt
45933,45931,"build(deps): bump importlib-metadata from 8.4.0 to 8.5.0

Bumps [importlib-metadata](https://github.com/python/importlib_metadata) from 8.4.0 to 8.5.0.
- [Release notes](https://github.com/python/importlib_metadata/releases)
- [Changelog](https://github.com/python/importlib_metadata/blob/main/NEWS.rst)
- [Commits](https://github.com/python/importlib_metadata/compare/v8.4.0...v8.5.0)

---
updated-dependencies:
- dependency-name: importlib-metadata
  dependency-type: direct:production
  update-type: version-update:semver-minor
...

Signed-off-by: dependabot[bot] <support@github.com>",build,deps,False,tech_debt
46834,46832,"build(deps-dev): bump types-python-dateutil

Bumps [types-python-dateutil](https://github.com/python/typeshed) from 2.9.0.20240316 to 2.9.0.20240821.
- [Commits](https://github.com/python/typeshed/commits)

---
updated-dependencies:
- dependency-name: types-python-dateutil
  dependency-type: direct:development
  update-type: version-update:semver-patch
...

Signed-off-by: dependabot[bot] <support@github.com>",build,deps-dev,False,tech_debt
47973,47971,"build(deps-dev): bump ruff from 0.5.5 to 0.5.6

Bumps [ruff](https://github.com/astral-sh/ruff) from 0.5.5 to 0.5.6.
- [Release notes](https://github.com/astral-sh/ruff/releases)
- [Changelog](https://github.com/astral-sh/ruff/blob/main/CHANGELOG.md)
- [Commits](https://github.com/astral-sh/ruff/compare/0.5.5...0.5.6)

---
updated-dependencies:
- dependency-name: ruff
  dependency-type: direct:development
  update-type: version-update:semver-patch
...

Signed-off-by: dependabot[bot] <support@github.com>",build,deps-dev,False,tech_debt
48265,48263,"build(deps-dev): bump pytest from 8.3.1 to 8.3.2

Bumps [pytest](https://github.com/pytest-dev/pytest) from 8.3.1 to 8.3.2.
- [Release notes](https://github.com/pytest-dev/pytest/releases)
- [Changelog](https://github.com/pytest-dev/pytest/blob/main/CHANGELOG.rst)
- [Commits](https://github.com/pytest-dev/pytest/compare/8.3.1...8.3.2)

---
updated-dependencies:
- dependency-name: pytest
  dependency-type: direct:development
  update-type: version-update:semver-patch
...

Signed-off-by: dependabot[bot] <support@github.com>",build,deps-dev,False,tech_debt
49073,49071,"build(deps-dev): bump ruff from 0.5.0 to 0.5.1

Bumps [ruff](https://github.com/astral-sh/ruff) from 0.5.0 to 0.5.1.
- [Release notes](https://github.com/astral-sh/ruff/releases)
- [Changelog](https://github.com/astral-sh/ruff/blob/main/CHANGELOG.md)
- [Commits](https://github.com/astral-sh/ruff/compare/0.5.0...0.5.1)

---
updated-dependencies:
- dependency-name: ruff
  dependency-type: direct:development
  update-type: version-update:semver-patch
...

Signed-off-by: dependabot[bot] <support@github.com>",build,deps-dev,False,tech_debt
49265,49263,feat: add tag_prefix and fix changelog for monorepo,feat,,False,feature_work
49380,49378,test(cli): change type comparison to use is,test,cli,False,tech_debt
49591,49589,test: skip test on Python 3.13 due to incompatible pre-commit hook `mirrors-prettier`,test,,False,tech_debt
50179,50177,"build(deps): bump typing-extensions from 4.12.1 to 4.12.2

Bumps [typing-extensions](https://github.com/python/typing_extensions) from 4.12.1 to 4.12.2.
- [Release notes](https://github.com/python/typing_extensions/releases)
- [Changelog](https://github.com/python/typing_extensions/blob/main/CHANGELOG.md)
- [Commits](https://github.com/python/typing_extensions/compare/4.12.1...4.12.2)

---
updated-dependencies:
- dependency-name: typing-extensions
  dependency-type: direct:production
  update-type: version-update:semver-patch
...

Signed-off-by: dependabot[bot] <support@github.com>",build,deps,False,tech_debt
50608,50606,"build(deps-dev): bump ruff from 0.4.5 to 0.4.6

Bumps [ruff](https://github.com/astral-sh/ruff) from 0.4.5 to 0.4.6.
- [Release notes](https://github.com/astral-sh/ruff/releases)
- [Changelog](https://github.com/astral-sh/ruff/blob/main/CHANGELOG.md)
- [Commits](https://github.com/astral-sh/ruff/compare/v0.4.5...v0.4.6)

---
updated-dependencies:
- dependency-name: ruff
  dependency-type: direct:development
  update-type: version-update:semver-patch
...

Signed-off-by: dependabot[bot] <support@github.com>",build,deps-dev,False,tech_debt
50775,50773,"build(deps-dev): bump mkdocs-material from 9.5.24 to 9.5.25

Bumps [mkdocs-material](https://github.com/squidfunk/mkdocs-material) from 9.5.24 to 9.5.25.
- [Release notes](https://github.com/squidfunk/mkdocs-material/releases)
- [Changelog](https://github.com/squidfunk/mkdocs-material/blob/master/CHANGELOG)
- [Commits](https://github.com/squidfunk/mkdocs-material/compare/9.5.24...9.5.25)

---
updated-dependencies:
- dependency-name: mkdocs-material
  dependency-type: direct:development
  update-type: version-update:semver-patch
...

Signed-off-by: dependabot[bot] <support@github.com>",build,deps-dev,False,tech_debt
53206,53204,"refactor: strip possessive from note about ci option

A description of the commit option affecting the ci does not
require a ""our"", nor ""your"".  It doesn't relate to ""a local""
vs. ""a remote repository"", either.  To ease conveying the
intent,[1] the possessive is removed.

[1] https://github.com/commitizen-tools/commitizen/issues/1095

Signed-off-by: Norwid Behrnd <nbehrnd@yahoo.com>",refactor,,False,tech_debt
53997,53995,"build(deps-dev): bump pytest from 8.1.1 to 8.2.0

Bumps [pytest](https://github.com/pytest-dev/pytest) from 8.1.1 to 8.2.0.
- [Release notes](https://github.com/pytest-dev/pytest/releases)
- [Changelog](https://github.com/pytest-dev/pytest/blob/main/CHANGELOG.rst)
- [Commits](https://github.com/pytest-dev/pytest/compare/8.1.1...8.2.0)

---
updated-dependencies:
- dependency-name: pytest
  dependency-type: direct:development
  update-type: version-update:semver-minor
...

Signed-off-by: dependabot[bot] <support@github.com>",build,deps-dev,False,tech_debt
54048,54046,"build(deps-dev): bump black from 24.4.0 to 24.4.2

Bumps [black](https://github.com/psf/black) from 24.4.0 to 24.4.2.
- [Release notes](https://github.com/psf/black/releases)
- [Changelog](https://github.com/psf/black/blob/main/CHANGES.md)
- [Commits](https://github.com/psf/black/compare/24.4.0...24.4.2)

---
updated-dependencies:
- dependency-name: black
  dependency-type: direct:development
  update-type: version-update:semver-patch
...

Signed-off-by: dependabot[bot] <support@github.com>",build,deps-dev,False,tech_debt
54794,54792,refactor: check the length in Commit instead of Commitizen,refactor,,False,tech_debt
54827,54825,docs: emphasize the note on commit message length calculation,docs,,False,docs
56188,56186,ci(github-actions): unpin poetry as #7611 has been closed,ci,github-actions,False,tech_debt
343,341,docs(docs/config): state customize supports all config formats,docs,docs/config,False,docs
1780,1778,docs: reorganize interactive CLI GIFs into cli_interactive directory,docs,,False,docs
2096,2094,fix(provider): use encoding settings in config,fix,provider,False,bug_fixes
4003,4001,fix(message_length_limit): align the behavior of message_length_limit (#1813),fix,message_length_limit,False,bug_fixes
4324,4322,chore: move construct_choice_with_description outside of _ask_name,chore,,False,tech_debt
6932,6930,Merge branch 'master' into fix/commits_with_carriage_returns,other,,False,other
6955,6953,style(git): undo accidental linebreak change,style,git,False,tech_debt
7400,7398,"feat(config): add warning for multiple configuration files

Detects when multiple configuration files exist (excluding pyproject.toml)
and displays a warning message identifying which file is being used.

Closes #1771",feat,config,False,feature_work
7503,7501,refactor(config): remove _check_and_warn_multiple_configs function; refactor read_cfg function,refactor,config,False,tech_debt
8302,8300,docs: documented --yes option for cz bump,docs,,False,docs
8975,8973,"Merge remote-tracking branch 'upstream/HEAD' into feature/uv

# Conflicts:
#	docs/contributing.md
#	docs/contributing_tldr.md
#	poetry.lock
#	pyproject.toml",other,,False,other
9076,9074,fix: update setup-uv action to version 7 in workflow YAML files,fix,,False,bug_fixes
9574,9572,test(tox): ensure all tests can run from any directory,test,tox,False,tech_debt
10104,10102,feat: add custom validation,feat,,False,feature_work
10339,10337,test(commands): centralize all --help tests in a file to dedup code,test,commands,False,tech_debt
10837,10835,style(ruff): enable S101 check to avoid assert usage in production code,style,ruff,False,tech_debt
10909,10907,perf(ruff): enable ruff rules TC001~TC006,perf,ruff,False,tech_debt
11601,11599,style: remove Python 3.9 compatible code,style,,False,tech_debt
12237,12235,ci(github-actions): add python 3.14 to github-actions and tox,ci,github-actions,False,tech_debt
12277,12275,"fix(bump): remove NotAllowed related to --get-next option, other related refactoring",fix,bump,False,bug_fixes
13259,13257,test: replace try with pytest.raises (#1654),test,,False,tech_debt
13351,13349,refactor(changelog): raise NotAllow when file_name not passed instead of using assert,refactor,changelog,False,tech_debt
14952,14950,docs(exception): add comment for updating exit code doc,docs,exception,False,docs
16537,16535,style(UvProvider): fix typo in comment,style,UvProvider,False,tech_debt
16802,16800,fix(commands/version): add missing return,fix,commands/version,False,bug_fixes
18274,18272,refactor(BaseCommitizen): construct Style object directly to get rid of potential type error,refactor,BaseCommitizen,False,tech_debt
18407,18405,style(UvProvider): fix typo in comment,style,UvProvider,False,tech_debt
18423,18421,"fix(Init): raise InitFailedError on keyboard interrupt on pre-commit hook question, simplify logic, remove unreachable code path",fix,Init,False,bug_fixes
18551,18549,refactor: remove self.encoding for better maintainability,refactor,,False,tech_debt
18779,18777,style(UvProvider): fix typo in comment,style,UvProvider,False,tech_debt
20997,20995,"fix: members in workspace, use exclude",fix,,False,bug_fixes
22306,22304,"feat(providers): add dart_provider

closes: #1563",feat,providers,False,feature_work
22506,22504,docs(third-party-commitizen.md): Add cz-path info,docs,third-party-commitizen.md,False,docs
22730,22728,"ci(deps): bump dawidd6/action-homebrew-bump-formula from 4 to 5

Bumps [dawidd6/action-homebrew-bump-formula](https://github.com/dawidd6/action-homebrew-bump-formula) from 4 to 5.
- [Release notes](https://github.com/dawidd6/action-homebrew-bump-formula/releases)
- [Commits](https://github.com/dawidd6/action-homebrew-bump-formula/compare/v4...v5)

---
updated-dependencies:
- dependency-name: dawidd6/action-homebrew-bump-formula
  dependency-version: '5'
  dependency-type: direct:production
  update-type: version-update:semver-major
...

Signed-off-by: dependabot[bot] <support@github.com>",ci,deps,False,tech_debt
24769,24767,docs(CHANGELOG): run `pre-commit run --all-files` to fix CI,docs,CHANGELOG,False,docs
25637,25635,"style(ruff): run `ruff check --fix`

Auto fix RUF022 and RUF100",style,ruff,False,tech_debt
25765,25763,refactor(check): remove unused argument,refactor,check,False,tech_debt
25781,25779,refactor(check): type CheckArgs arguments,refactor,check,False,tech_debt
25885,25883,perf(bump): avoid unnecessary list construction and rename variable to avoid confusion,perf,bump,False,tech_debt
26112,26110,refactor(cli.py): add type hints,refactor,cli.py,False,tech_debt
26200,26198,refactor(conventional_commits): remove unnecessary checks,refactor,conventional_commits,False,tech_debt
26485,26483,style: remove unnecessary noqa,style,,False,tech_debt
26557,26555,refactor(changelog): type untyped arguments,refactor,changelog,False,tech_debt
26565,26563,refactor(check): remove unused argument,refactor,check,False,tech_debt
26597,26595,"refactor(commands): remove unused args, type version command args",refactor,commands,False,tech_debt
26864,26862,refactor(bump): eliminate similar patterns in code,refactor,bump,False,tech_debt
27516,27514,invalid commit message,other,,False,other
27524,27522,build: valid commit message,build,,False,tech_debt
28154,28152,docs(contributing): improve documentation for first-time contributors,docs,contributing,False,docs
28382,28380,refactor(version_scheme): cleanup,refactor,version_scheme,False,tech_debt
28927,28925,"refactor: remove `TypeError` handling since `Python >=3.9` is required

Since the project requires Python >=3.9, argparse only raises SystemExit
when non-existent commands are provided, making TypeError handling unnecessary.",refactor,,False,tech_debt
30784,30782,style(cli): more specific type ignore,style,cli,False,tech_debt
30798,30796,style(cli): rename kwarg to values,style,cli,False,tech_debt
31700,31698,refactor: misc cleanup,refactor,,False,tech_debt
31708,31706,refactor(git): extract _create_commit_cmd_string,refactor,git,False,tech_debt
31924,31922,fix(BaseConfig): mypy error,fix,BaseConfig,False,bug_fixes
32012,32010,fix(Check): make parameters backward compatiable,fix,Check,False,bug_fixes
32020,32018,style(changelog): rename parameter for consistency,style,changelog,False,tech_debt
32036,32034,refactor: remove unnecessary bool() and remove Any type from TypedDict get,refactor,,False,tech_debt
32121,32119,refactor(git): retype get_commits parameter to make it more friendly to call sites,refactor,git,False,tech_debt
32221,32219,docs(pyproject.toml): move check-commit before cover,docs,pyproject.toml,False,docs
32738,32736,"docs(faq): add features we wont add

Closes #1129",docs,faq,False,docs
34879,34877,test(bump): improve test coverage,test,bump,False,tech_debt
35046,35044,fix(bump): don't fail if an invalid version tag is present (fix #1410),fix,bump,False,bug_fixes
36321,36319,"docs(README): use cli screenshots

Closes #1413",docs,README,False,docs
36707,36705,docs(pre-commit): add pre-commit hook todo,docs,pre-commit,False,docs
36764,36762,Fix the question types url mistakenly became part of the table,other,,False,other
37120,37118,fix(changelog.py): cross-platform path handling using os.path.join and modify the path linter and test parameter,fix,changelog.py,False,bug_fixes
37745,37743,"fix(commands/init): add missing uv provider to ""cz init""",fix,commands/init,False,bug_fixes
39495,39493,build(poetry): migrate to poetry 2.0 and follow pep 621,build,poetry,False,tech_debt
39539,39537,ci(github-actions): replace deprecated file key with files in codecov-action,ci,github-actions,False,tech_debt
39559,39557,build(pyproject.toml): add maintainers,build,pyproject.toml,False,tech_debt
42625,42623,"build(deps-dev): bump ruff from 0.7.3 to 0.7.4

Bumps [ruff](https://github.com/astral-sh/ruff) from 0.7.3 to 0.7.4.
- [Release notes](https://github.com/astral-sh/ruff/releases)
- [Changelog](https://github.com/astral-sh/ruff/blob/main/CHANGELOG.md)
- [Commits](https://github.com/astral-sh/ruff/compare/0.7.3...0.7.4)

---
updated-dependencies:
- dependency-name: ruff
  dependency-type: direct:development
  update-type: version-update:semver-patch
...

Signed-off-by: dependabot[bot] <support@github.com>",build,deps-dev,False,tech_debt
43301,43299,"build(deps-dev): bump mkdocs from 1.6.0 to 1.6.1

Bumps [mkdocs](https://github.com/mkdocs/mkdocs) from 1.6.0 to 1.6.1.
- [Release notes](https://github.com/mkdocs/mkdocs/releases)
- [Commits](https://github.com/mkdocs/mkdocs/compare/1.6.0...1.6.1)

---
updated-dependencies:
- dependency-name: mkdocs
  dependency-type: direct:development
  update-type: version-update:semver-patch
...

Signed-off-by: dependabot[bot] <support@github.com>",build,deps-dev,False,tech_debt
43437,43435,fix(changelog): Factorized TAG_FORMAT_REGEXES,fix,changelog,False,bug_fixes
43470,43468,"build(deps-dev): bump mkdocs-material from 9.5.37 to 9.5.38

Bumps [mkdocs-material](https://github.com/squidfunk/mkdocs-material) from 9.5.37 to 9.5.38.
- [Release notes](https://github.com/squidfunk/mkdocs-material/releases)
- [Changelog](https://github.com/squidfunk/mkdocs-material/blob/master/CHANGELOG)
- [Commits](https://github.com/squidfunk/mkdocs-material/compare/9.5.37...9.5.38)

---
updated-dependencies:
- dependency-name: mkdocs-material
  dependency-type: direct:development
  update-type: version-update:semver-patch
...

Signed-off-by: dependabot[bot] <support@github.com>",build,deps-dev,False,tech_debt
43550,43548,"build(deps): bump argcomplete from 3.5.0 to 3.5.1

Bumps [argcomplete](https://github.com/kislyuk/argcomplete) from 3.5.0 to 3.5.1.
- [Release notes](https://github.com/kislyuk/argcomplete/releases)
- [Changelog](https://github.com/kislyuk/argcomplete/blob/develop/Changes.rst)
- [Commits](https://github.com/kislyuk/argcomplete/compare/v3.5.0...v3.5.1)

---
updated-dependencies:
- dependency-name: argcomplete
  dependency-type: direct:production
  update-type: version-update:semver-patch
...

Signed-off-by: dependabot[bot] <support@github.com>",build,deps,False,tech_debt
44567,44565,docs(third-party-commitizen): add commitizen-deno-provider to the third party docs,docs,third-party-commitizen,False,docs
46521,46519,"docs(gettings_started): migrate to 'cz commmit -- -s' syntaxes

Signed-off-by: Adrian DC <radian.dc@gmail.com>",docs,gettings_started,False,docs
47054,47052,"build(deps): bump importlib-metadata from 8.2.0 to 8.3.0

Bumps [importlib-metadata](https://github.com/python/importlib_metadata) from 8.2.0 to 8.3.0.
- [Release notes](https://github.com/python/importlib_metadata/releases)
- [Changelog](https://github.com/python/importlib_metadata/blob/main/NEWS.rst)
- [Commits](https://github.com/python/importlib_metadata/compare/v8.2.0...v8.3.0)

---
updated-dependencies:
- dependency-name: importlib-metadata
  dependency-type: direct:production
  update-type: version-update:semver-minor
...

Signed-off-by: dependabot[bot] <support@github.com>",build,deps,False,tech_debt
47529,47527,"feat(commitizen): document '--' double dash in '--help'

Signed-off-by: Adrian DC <radian.dc@gmail.com>",feat,commitizen,False,feature_work
49022,49020,"build(deps-dev): bump zipp from 3.18.2 to 3.19.1

Bumps [zipp](https://github.com/jaraco/zipp) from 3.18.2 to 3.19.1.
- [Release notes](https://github.com/jaraco/zipp/releases)
- [Changelog](https://github.com/jaraco/zipp/blob/main/NEWS.rst)
- [Commits](https://github.com/jaraco/zipp/compare/v3.18.2...v3.19.1)

---
updated-dependencies:
- dependency-name: zipp
  dependency-type: indirect
...

Signed-off-by: dependabot[bot] <support@github.com>",build,deps-dev,False,tech_debt
49248,49246,feat(EPFR-66): add support for monorepo versions,feat,EPFR-66,False,feature_work
51135,51133,"style: move codespell configuration to pyproject.toml

So people could just run ""codespell"" without pre-commit and have centralized configuration for tools (the others are already in pyproject.toml)

Signed-off-by: Yaroslav Halchenko <debian@onerussian.com>",style,,False,tech_debt
51455,51453,"

---
updated-dependencies:
- dependency-name: requests
  dependency-type: indirect
...

Signed-off-by: dependabot[bot] <support@github.com>",other,,False,other
53616,53614,"build(deps): bump jinja2 from 3.1.3 to 3.1.4

Bumps [jinja2](https://github.com/pallets/jinja) from 3.1.3 to 3.1.4.
- [Release notes](https://github.com/pallets/jinja/releases)
- [Changelog](https://github.com/pallets/jinja/blob/main/CHANGES.rst)
- [Commits](https://github.com/pallets/jinja/compare/3.1.3...3.1.4)

---
updated-dependencies:
- dependency-name: jinja2
  dependency-type: direct:production
  update-type: version-update:semver-patch
...

Signed-off-by: dependabot[bot] <support@github.com>",build,deps,False,tech_debt
54337,54335,"build(deps-dev): bump mkdocs-material from 9.5.2 to 9.5.18

Bumps [mkdocs-material](https://github.com/squidfunk/mkdocs-material) from 9.5.2 to 9.5.18.
- [Release notes](https://github.com/squidfunk/mkdocs-material/releases)
- [Changelog](https://github.com/squidfunk/mkdocs-material/blob/master/CHANGELOG)
- [Commits](https://github.com/squidfunk/mkdocs-material/compare/9.5.2...9.5.18)

---
updated-dependencies:
- dependency-name: mkdocs-material
  dependency-type: direct:development
  update-type: version-update:semver-patch
...

Signed-off-by: dependabot[bot] <support@github.com>",build,deps-dev,False,tech_debt
55277,55275,"build(deps-dev): bump mkdocs-material from 9.5.17 to 9.5.18

Bumps [mkdocs-material](https://github.com/squidfunk/mkdocs-material) from 9.5.17 to 9.5.18.
- [Release notes](https://github.com/squidfunk/mkdocs-material/releases)
- [Changelog](https://github.com/squidfunk/mkdocs-material/blob/master/CHANGELOG)
- [Commits](https://github.com/squidfunk/mkdocs-material/compare/9.5.17...9.5.18)

---
updated-dependencies:
- dependency-name: mkdocs-material
  dependency-type: direct:development
  update-type: version-update:semver-patch
...

Signed-off-by: dependabot[bot] <support@github.com>",build,deps-dev,False,tech_debt
55485,55483,"build(deps-dev): bump ruff from 0.3.6 to 0.3.7

Bumps [ruff](https://github.com/astral-sh/ruff) from 0.3.6 to 0.3.7.
- [Release notes](https://github.com/astral-sh/ruff/releases)
- [Changelog](https://github.com/astral-sh/ruff/blob/main/CHANGELOG.md)
- [Commits](https://github.com/astral-sh/ruff/compare/v0.3.6...v0.3.7)

---
updated-dependencies:
- dependency-name: ruff
  dependency-type: direct:development
  update-type: version-update:semver-patch
...

Signed-off-by: dependabot[bot] <support@github.com>",build,deps-dev,False,tech_debt
56244,56242,"build(deps-dev): bump mkdocs-material from 9.5.16 to 9.5.17

Bumps [mkdocs-material](https://github.com/squidfunk/mkdocs-material) from 9.5.16 to 9.5.17.
- [Release notes](https://github.com/squidfunk/mkdocs-material/releases)
- [Changelog](https://github.com/squidfunk/mkdocs-material/blob/master/CHANGELOG)
- [Commits](https://github.com/squidfunk/mkdocs-material/compare/9.5.16...9.5.17)

---
updated-dependencies:
- dependency-name: mkdocs-material
  dependency-type: direct:development
  update-type: version-update:semver-patch
...

Signed-off-by: dependabot[bot] <support@github.com>",build,deps-dev,False,tech_debt
56847,56845,test(git): add a test for handling blank with path in git commit,test,git,False,tech_debt
56903,56901,"test(add-a-test-for-handling-blank-with-path-in-git-commit): add a test for handling blank with path in git commit

issue#572

issue#572",test,add-a-test-for-handling-blank-with-path-in-git-commit,False,tech_debt
57026,57024,"test(add-a-test-for-handling-blank-with-path-in-git-commit): add a test for handling blank with path in git commit

issue#572",test,add-a-test-for-handling-blank-with-path-in-git-commit,False,tech_debt
57219,57217,"build(deps-dev): bump mkdocs-material from 9.5.14 to 9.5.15

Bumps [mkdocs-material](https://github.com/squidfunk/mkdocs-material) from 9.5.14 to 9.5.15.
- [Release notes](https://github.com/squidfunk/mkdocs-material/releases)
- [Changelog](https://github.com/squidfunk/mkdocs-material/blob/master/CHANGELOG)
- [Commits](https://github.com/squidfunk/mkdocs-material/compare/9.5.14...9.5.15)

---
updated-dependencies:
- dependency-name: mkdocs-material
  dependency-type: direct:development
  update-type: version-update:semver-patch
...

Signed-off-by: dependabot[bot] <support@github.com>",build,deps-dev,False,tech_debt
58656,58654,"build(deps-dev): bump mypy from 1.8.0 to 1.9.0

Bumps [mypy](https://github.com/python/mypy) from 1.8.0 to 1.9.0.
- [Changelog](https://github.com/python/mypy/blob/master/CHANGELOG.md)
- [Commits](https://github.com/python/mypy/compare/v1.8.0...1.9.0)

---
updated-dependencies:
- dependency-name: mypy
  dependency-type: direct:development
  update-type: version-update:semver-minor
...

Signed-off-by: dependabot[bot] <support@github.com>",build,deps-dev,False,tech_debt
58921,58919,Merge branch 'master' into fix/git-parsing-lang,other,,False,other
59223,59221,"build(deps-dev): bump mkdocs-material from 9.5.11 to 9.5.13

Bumps [mkdocs-material](https://github.com/squidfunk/mkdocs-material) from 9.5.11 to 9.5.13.
- [Release notes](https://github.com/squidfunk/mkdocs-material/releases)
- [Changelog](https://github.com/squidfunk/mkdocs-material/blob/master/CHANGELOG)
- [Commits](https://github.com/squidfunk/mkdocs-material/compare/9.5.11...9.5.13)

---
updated-dependencies:
- dependency-name: mkdocs-material
  dependency-type: direct:development
  update-type: version-update:semver-patch
...

Signed-off-by: dependabot[bot] <support@github.com>",build,deps-dev,False,tech_debt
60408,60406,"build(deps-dev): bump ruff from 0.2.1 to 0.2.2

Bumps [ruff](https://github.com/astral-sh/ruff) from 0.2.1 to 0.2.2.
- [Release notes](https://github.com/astral-sh/ruff/releases)
- [Changelog](https://github.com/astral-sh/ruff/blob/main/CHANGELOG.md)
- [Commits](https://github.com/astral-sh/ruff/compare/v0.2.1...v0.2.2)

---
updated-dependencies:
- dependency-name: ruff
  dependency-type: direct:development
  update-type: version-update:semver-patch
...

Signed-off-by: dependabot[bot] <support@github.com>",build,deps-dev,False,tech_debt
61620,61618,docs: add cz-conventional-gitmoji to the third party docs,docs,,False,docs
61771,61769,docs(github_actions.md): fix typo crendetial -> credential,docs,github_actions.md,False,docs
63100,63098,ci(github-actions): fix labeler typo,ci,github-actions,False,tech_debt
63574,63572,"build(deps-dev): bump mypy from 1.6.1 to 1.7.1

Bumps [mypy](https://github.com/python/mypy) from 1.6.1 to 1.7.1.
- [Changelog](https://github.com/python/mypy/blob/master/CHANGELOG.md)
- [Commits](https://github.com/python/mypy/compare/v1.6.1...v1.7.1)

---
updated-dependencies:
- dependency-name: mypy
  dependency-type: direct:development
  update-type: version-update:semver-minor
...

Signed-off-by: dependabot[bot] <support@github.com>",build,deps-dev,False,tech_debt
63645,63643,ci(github-actions): fix laber-pr by adding necessary checkout step,ci,github-actions,False,tech_debt
63695,63693,"ci(github-actions): fix release step tag name and use ncipollo/release-action@v1

Closes: #923",ci,github-actions,False,tech_debt
63871,63869,build(poetry): update dependencies,build,poetry,False,tech_debt
64569,64567,"build(deps): bump charset-normalizer from 3.3.0 to 3.3.2

Bumps [charset-normalizer](https://github.com/Ousret/charset_normalizer) from 3.3.0 to 3.3.2.
- [Release notes](https://github.com/Ousret/charset_normalizer/releases)
- [Changelog](https://github.com/Ousret/charset_normalizer/blob/master/CHANGELOG.md)
- [Commits](https://github.com/Ousret/charset_normalizer/compare/3.3.0...3.3.2)

---
updated-dependencies:
- dependency-name: charset-normalizer
  dependency-type: direct:production
  update-type: version-update:semver-patch
...

Signed-off-by: dependabot[bot] <support@github.com>",build,deps,False,tech_debt
64684,64682,ci(github-actions): use new v5 labeler syntax,ci,github-actions,False,tech_debt
65962,65960,"build(deps): bump packaging from 23.1 to 23.2

Bumps [packaging](https://github.com/pypa/packaging) from 23.1 to 23.2.
- [Release notes](https://github.com/pypa/packaging/releases)
- [Changelog](https://github.com/pypa/packaging/blob/main/CHANGELOG.rst)
- [Commits](https://github.com/pypa/packaging/compare/23.1...23.2)

---
updated-dependencies:
- dependency-name: packaging
  dependency-type: direct:production
  update-type: version-update:semver-minor
...

Signed-off-by: dependabot[bot] <support@github.com>",build,deps,False,tech_debt
66584,66582,"build(deps-dev): bump mkdocs from 1.5.2 to 1.5.3

Bumps [mkdocs](https://github.com/mkdocs/mkdocs) from 1.5.2 to 1.5.3.
- [Release notes](https://github.com/mkdocs/mkdocs/releases)
- [Commits](https://github.com/mkdocs/mkdocs/compare/1.5.2...1.5.3)

---
updated-dependencies:
- dependency-name: mkdocs
  dependency-type: direct:development
  update-type: version-update:semver-patch
...

Signed-off-by: dependabot[bot] <support@github.com>",build,deps-dev,False,tech_debt
67141,67139,fix: add sponsors to README,fix,,False,bug_fixes
67181,67179,"build(deps-dev): bump pytest from 7.4.1 to 7.4.2

Bumps [pytest](https://github.com/pytest-dev/pytest) from 7.4.1 to 7.4.2.
- [Release notes](https://github.com/pytest-dev/pytest/releases)
- [Changelog](https://github.com/pytest-dev/pytest/blob/main/CHANGELOG.rst)
- [Commits](https://github.com/pytest-dev/pytest/compare/7.4.1...7.4.2)

---
updated-dependencies:
- dependency-name: pytest
  dependency-type: direct:development
  update-type: version-update:semver-patch
...

Signed-off-by: dependabot[bot] <support@github.com>",build,deps-dev,False,tech_debt
67831,67829,refactor: use __all__ to name exports,refactor,,False,tech_debt
68816,68814,"feat(provider): add npm2 provider to update package.json, package-lock.json, and npm-shrinkwrap.json

closes #804",feat,provider,False,feature_work
68982,68980,"build(deps-dev): bump ruff from 0.0.282 to 0.0.284

Bumps [ruff](https://github.com/astral-sh/ruff) from 0.0.282 to 0.0.284.
- [Release notes](https://github.com/astral-sh/ruff/releases)
- [Changelog](https://github.com/astral-sh/ruff/blob/main/BREAKING_CHANGES.md)
- [Commits](https://github.com/astral-sh/ruff/compare/v0.0.282...v0.0.284)

---
updated-dependencies:
- dependency-name: ruff
  dependency-type: direct:development
  update-type: version-update:semver-patch
...

Signed-off-by: dependabot[bot] <support@github.com>",build,deps-dev,False,tech_debt
70219,70217,"build(deps-dev): bump mkdocs from 1.4.3 to 1.5.0

Bumps [mkdocs](https://github.com/mkdocs/mkdocs) from 1.4.3 to 1.5.0.
- [Release notes](https://github.com/mkdocs/mkdocs/releases)
- [Commits](https://github.com/mkdocs/mkdocs/compare/1.4.3...1.5.0)

---
updated-dependencies:
- dependency-name: mkdocs
  dependency-type: direct:development
  update-type: version-update:semver-minor
...

Signed-off-by: dependabot[bot] <support@github.com>",build,deps-dev,False,tech_debt
71221,71219,"build(deps): bump typing-extensions from 4.6.3 to 4.7.0

Bumps [typing-extensions](https://github.com/python/typing_extensions) from 4.6.3 to 4.7.0.
- [Release notes](https://github.com/python/typing_extensions/releases)
- [Changelog](https://github.com/python/typing_extensions/blob/main/CHANGELOG.md)
- [Commits](https://github.com/python/typing_extensions/compare/4.6.3...4.7.0)

---
updated-dependencies:
- dependency-name: typing-extensions
  dependency-type: direct:production
  update-type: version-update:semver-minor
...

Signed-off-by: dependabot[bot] <support@github.com>",build,deps,False,tech_debt
71500,71498,"build(deps-dev): bump mypy from 1.4.0 to 1.4.1

Bumps [mypy](https://github.com/python/mypy) from 1.4.0 to 1.4.1.
- [Commits](https://github.com/python/mypy/compare/v1.4.0...v1.4.1)

---
updated-dependencies:
- dependency-name: mypy
  dependency-type: direct:development
  update-type: version-update:semver-patch
...

Signed-off-by: dependabot[bot] <support@github.com>",build,deps-dev,False,tech_debt
71534,71532,"build(deps-dev): bump pytest from 7.3.2 to 7.4.0

Bumps [pytest](https://github.com/pytest-dev/pytest) from 7.3.2 to 7.4.0.
- [Release notes](https://github.com/pytest-dev/pytest/releases)
- [Changelog](https://github.com/pytest-dev/pytest/blob/main/CHANGELOG.rst)
- [Commits](https://github.com/pytest-dev/pytest/compare/7.3.2...7.4.0)

---
updated-dependencies:
- dependency-name: pytest
  dependency-type: direct:development
  update-type: version-update:semver-minor
...

Signed-off-by: dependabot[bot] <support@github.com>",build,deps-dev,False,tech_debt
73091,73089,docs(prepare-commit-msg): add additional information to tutorial,docs,prepare-commit-msg,False,docs
73220,73218,"docs: improve gitlab tutorial

Closes #610",docs,,False,docs
73338,73336,"fix(bump): better match for change_type when finding increment

Closes #695",fix,bump,False,bug_fixes
73797,73795,refactor(bump): rename --empty as --allow-no-commit,refactor,bump,False,tech_debt
73835,73833,"docs(bump): add description for bump ""--allow-no-commit"" argument",docs,bump,False,docs
74428,74426,chore: fix error message typo,chore,,False,tech_debt
74452,74450,docs: prepare readme for v3,docs,,False,docs
74500,74498,feat(init): add new settings,feat,init,False,feature_work
74564,74562,docs(init): re-write section,docs,init,False,docs
74627,74625,ci: add release section,ci,,False,tech_debt
74712,74710,"test: fix git_sandbox for git<2.33

for old git like git-2.30 the tests broke my ~/.gitconfig file and created thousands of `name=GitHub` lines

Signed-off-by: apkawa <apkawa@gmail.com>",test,,False,tech_debt
74863,74861,fix: update dependencies,fix,,False,bug_fixes
74911,74909,docs: add an article,docs,,False,docs
75159,75157,"ci(actions)(deps): bump codecov/codecov-action from 1.0.3 to 3.1.2

Bumps [codecov/codecov-action](https://github.com/codecov/codecov-action) from 1.0.3 to 3.1.2.
- [Release notes](https://github.com/codecov/codecov-action/releases)
- [Changelog](https://github.com/codecov/codecov-action/blob/main/CHANGELOG.md)
- [Commits](https://github.com/codecov/codecov-action/compare/v1.0.3...v3.1.2)

---
updated-dependencies:
- dependency-name: codecov/codecov-action
  dependency-type: direct:production
  update-type: version-update:semver-major
...

Signed-off-by: dependabot[bot] <support@github.com>",other,,False,other
75754,75752,feat(providers): add a `commitizen.provider` endpoint for alternative versions providers,feat,providers,False,feature_work
76380,76378,build(poetry): bump `ipython` dev dependency,build,poetry,False,tech_debt
77322,77320,"fix(bump): fixed environment variables in bump hooks

During development of #644, merging the hook environment variables with existing OS variables broke.",fix,bump,False,bug_fixes
79510,79508,fix(filename): ensure `file_name` can be passed to `changelog` from `bump` command,fix,filename,False,bug_fixes
81570,81568,"fix(out.py): `TextIOWrapper.reconfigure` typing

See https://github.com/python/typeshed/issues/3049",fix,out.py,False,bug_fixes
82410,82408,bump: version 2.35.0 → 2.36.0,bump,,False,tech_debt
82434,82432,"docs(README.md): update poetry dev dependency usage

Since Poetry 1.2.0 dependency groups are introduced, and `--dev` becomes deprecated, and instead `--with dev` has to be provided.",docs,README.md,False,docs
82506,82504,"fix(scripts): use portable shebang

Switch `#!/bin/sh` to `#!/usr/bin/env sh` so scripts work on Windows as well as Linux and MacOS.",fix,scripts,False,bug_fixes
84098,84096,fix(config): append `$HOME` to `cfg_search_paths`,fix,config,False,bug_fixes
84838,84836,"refactor(bump): Remove a redundant join call

The list of lines is now joined unconditionally in _bump_with_regex, so
there is never a need to join it in update_version_in_files. The removed
join was hence a no-op because it was performed on a str.",refactor,bump,False,tech_debt
85414,85412,"fix(bump): Search for version number line by line

Avoid the complexities of multiline regex matching and inconsistencies
with the case where no regex is specified. Simplify the implementation
by eliminating the need to track an offset into the file. Ensure that
the version number will be found even if it is to the left of the
portion of the line matching the regex.",fix,bump,False,bug_fixes
87774,87772,fix(test): set git to work with gpg,fix,test,False,bug_fixes
87794,87792,setup a gpg key with no passphrase,other,,False,other
87986,87984,fix: avoid that pytest overrides existing gpg config,fix,,False,bug_fixes
88490,88488,"style(test_check_command): Correct ""argments"" typo",style,test_check_command,False,tech_debt
88984,88982,"test: assert that a failing commit condition will fail always, both with or without --retry",test,,False,tech_debt
89484,89482,"fix(Check): process empty commit message

`elif self.commit_msg` will be skipped if the commit message is empty string, but this should be handled.",fix,Check,False,bug_fixes
91683,91681,refactor(conventional_commits): remove duplicate patterns and import from defaults,refactor,conventional_commits,False,tech_debt
95059,95057,fix(changelog): use defaults.change_type_order in conventional commit,fix,changelog,False,bug_fixes
95599,95597,fix: correct indentation for json config for better readability,fix,,False,bug_fixes
95816,95814,ci(homebrewpublish): add tag to homebrew formula action,ci,homebrewpublish,False,tech_debt
97613,97611,docs(tutorial/github_action): explain how to create a github release,docs,tutorial/github_action,False,docs
97663,97661,docs(bump): explain new flag --changelog-to-stdout,docs,bump,False,docs
98156,98154,fix(config): change read mode from `r` to `rb`,fix,config,False,bug_fixes
98519,98517,test(git): add test case to get_latest_tag_name,test,git,False,tech_debt
99721,99719,"test(tests/test_config): add support to run test for json config

120",test,tests/test_config,False,tech_debt
100084,100082,"fix: prevent prerelase from creating a bump when there are no commits

Closes #281",fix,,False,bug_fixes
100140,100138,"feat(commitizen/cli): add the integration with argcomplete

137",feat,commitizen/cli,False,feature_work
102828,102826,test(bump): Add commit-msgs for different increments,test,bump,False,tech_debt
103483,103481,refactor(commands/commit): ignore type worrn,refactor,commands/commit,False,tech_debt
103523,103521,refactor(wrap_stdio): remake classes,refactor,wrap_stdio,False,tech_debt
104111,104109,"feat(cz_check): Add rev to all displayed ill-formatted commits

* Update _get_commit_messages to get_commits with rev and msg info",feat,cz_check,False,feature_work
104671,104669,docs: add author and author_email example,docs,,False,docs
104820,104818,"refactor(config): remove ini configuration support

BREAKING CHANGE: setup.cfg, .cz and .cz.cfg are no longer supported",refactor,config,False,tech_debt
104889,104887,refactor(cmd): add return code to Command,refactor,cmd,False,tech_debt
107283,107281,"ci(github-action): fix commit check error

* load the full commit log when checkout
* do not raise error if no commit to check (e.g. master branch)",ci,github-action,False,tech_debt
107312,107310,"docs(github): add issue_template for feature_request, bug_report and documentation",docs,github,False,docs
107463,107461,docs: add info about creating hooks,docs,,False,docs
107471,107469,style: align with flake8 newest version,style,,False,tech_debt
107552,107550,docs(github): add pull request template,docs,github,False,docs
107950,107948,"feat(changelog): generate changelog based on git log

it will over write the existing file",feat,changelog,False,feature_work
107998,107996,refactor(commands/changelog): remove redundant if statement,refactor,commands/changelog,False,tech_debt
108022,108020,"fix(commands/changelog): remove --skip-merge argument

by default, unrelated commits are ignored",fix,commands/changelog,False,bug_fixes
108126,108124,style: reformat,style,,False,tech_debt
108166,108164,docs(changelog): update information about using changelog command,docs,changelog,False,docs
108511,108509,docs(readme): fix the display wording for Third-Party Commitizen Templates,docs,readme,False,docs
108642,108640,Fix tests,other,,False,other
108987,108985,feat(changelog): add incremental flag,feat,changelog,False,feature_work
110251,110249,refactor(git): remove unnecessary dot between git range,refactor,git,False,tech_debt
111369,111367,"refactor(templates): rename as ""keep_a_changelog_template.j2""",refactor,templates,False,tech_debt
111684,111682,docs(config): add git project root lookup for configuration files,docs,config,False,docs
112762,112760,refactor(commands/init): add default for tag_format,refactor,commands/init,False,tech_debt
113192,113190,Add support for different commitizens in `cz check`,other,,False,other
113857,113855,"feat(cz/customize): add jinja support to enhance template flexibility

#54",feat,cz/customize,False,feature_work
114137,114135,correcting style mistakes,other,,False,other
115042,115040,test(commands/commit): set staging to clean for most commit tests,test,commands/commit,False,tech_debt
78698,78696,test: improve git isolation and fixes test missing a repository,test,,False,tech_debt
81028,81026,docs(bump): add documentation for annotated tag message,docs,bump,False,docs
82474,82472,chore: add Funding,chore,,False,tech_debt
83274,83272,"test(conf.py): remove `os.linesep`

This should be used when parsing binary files, not text streams. The
regular expression fails on Windows because the stream contains `\n`,
but `os.linesep` is `\r\n`.

For reference, see https://stackoverflow.com/questions/38074811/what-is-os-linesep-for",test,conf.py,False,tech_debt
84271,84269,docs(bump): update output of `cz bump --help`,docs,bump,False,docs
85252,85250,"fix(bump): log git commit stderr and stdout during bump

warnings may exist so this change just prints everything.",fix,bump,False,bug_fixes
85590,85588,"ci(pre-commit): Check existing commit messages

Use new commitizen-branch hook to verify correctness of existing commit
messages post-commit and pre-push. This guards against cherry-picked
commits with invalid commit messages as well as empty commit messages
(e.g., created with git commit --allow-empty-message).",ci,pre-commit,False,tech_debt
87802,87800,reformatted file,other,,False,other
88333,88331,"fix(pre-commit): Set min pre-commit to v1.4.3

pre-commit 1.4.3, released 2018-01-02, is the minimum pre-commit version
at which language_version: python3 is translated to the correct py
launcher call on Windows.",fix,pre-commit,False,bug_fixes
88524,88522,"feat(check): Add --allow-abort option

Empty commit messages indicate to Git that the commit should be aborted.
Displaying an error message when the commit is already being aborted
typically only creates confusion. Add an --allow-abort argument to the
check command and allow_abort config variable, both defaulting to false
for backwards compatibility. When the commit message is empty, determine
the outcome based on the allow_abort setting alone, ignoring the
pattern.",feat,check,False,feature_work
89026,89024,minor::,other,,False,other
90142,90140,refactor: Switch to issue forms,refactor,,False,tech_debt
90249,90247,First take at `ConventionalCommitsAppenderCz`,other,,False,other
90500,90498,"Merge pull request #1 from mmartinortiz/fix-ignore-packages-that-are-not-plugins

fix: Ignore packages that are not plugins",other,,False,other
90515,90513,refactor: iter_modules only accepts str,refactor,,False,tech_debt
90586,90584,style: format code,style,,False,tech_debt
91385,91383,test(check): add test of checking commit message with comment in it,test,check,False,tech_debt
91495,91493,fix(poetry): add typing-exteions to dev,fix,poetry,False,bug_fixes
91667,91665,fix: import TypedDict from type_extensions for backward compatibility,fix,,False,bug_fixes
91675,91673,style(defaults): annoate OrderedDict through 'OrderedDict' for 3.6 compatibility,style,defaults,False,tech_debt
92610,92608,"feat(customize.py): adding support for commit_parser, changelog_pattern, change_type_map",feat,customize.py,False,feature_work
92618,92616,"test(test_cz_customize): adding tests for commit_parser, changelog_pattern, change_type_map",test,test_cz_customize,False,tech_debt
93451,93449,"docs: move all FAQs to docs/faq.md

So now we have a single place to view all the FAQs.",docs,,False,docs
93459,93457,docs(faq): add WinError 995 description to FAQ,docs,faq,False,docs
93486,93484,style(github-template): remove trailing space,style,github-template,False,tech_debt
94707,94705,"style(commands.init.py): Remove type ignore directive in Init._ask_config_path()

As it appears now choices=config_files does not cause any type mismatch with mypy so we can include this line in mypy's analysis.

This should fix issue #407",style,commands.init.py,False,tech_debt
95667,95665,"fix: add support for jinja2 v3

Closes #391",fix,,False,bug_fixes
98140,98138,fix(config): change read mode from `r` to `rb`,fix,config,False,bug_fixes
98502,98500,style(init): remove unused comment out,style,init,False,tech_debt
101270,101268,refactor(commands/bump): Remove comment and changed ... for pass,refactor,commands/bump,False,tech_debt
101502,101500,"feat(commands/): add undo command

fix #251",feat,commands/,False,feature_work
102574,102572,"ci(github-action): use personal access token

Use personal access token instead of github token, in order to trigger new events (like pthonpublish)",ci,github-action,False,tech_debt
102717,102715,feat(cli): rewrite cli instructions to be more succinct about what they require,feat,cli,False,feature_work
103105,103103,feat(cz_check): cz check can read from a string input,feat,cz_check,False,feature_work
104492,104490,"refactor(config): drop ""files"" configure support. Please use ""version_files"" instead

BREAKING CHANGE:

#82",refactor,config,False,tech_debt
105557,105555,docs(3rd-party): new template,docs,3rd-party,False,docs
105934,105932,"build(.gitignore): Add .idea to .gitignore

To cater to Jetbrains IDE users.",build,.gitignore,False,tech_debt
106189,106187,Update customization.md,other,,False,other
106366,106364,refactor(error_codes): remove unused NO_COMMIT_MSG error code,refactor,error_codes,False,tech_debt
107424,107422,docs(changelog): document usage of message_hook,docs,changelog,False,docs
107455,107453,feat(changelog): add support for `changelog_hook` when changelog finishes the generation,feat,changelog,False,feature_work
107934,107932,"feat(cz/conventinal_commits): add changelog_map, changelog_pattern and implement process_commit",feat,cz/conventinal_commits,False,feature_work
108600,108598,"docs(third-party): add third-party template documentation

Add a new docs section for third-party contributed commit templates.
This way new templates do not need to be merged into the main codebase,
and instead exist as satellite repositories.

See #158 for motivation.",docs,third-party,False,docs
109734,109732,docs: fix typo and wording,docs,,False,docs
109923,109921,refactor(cli): fix typo,refactor,cli,False,tech_debt
110476,110474,docs(README): add changelog command,docs,README,False,docs
110548,110546,refactor(defaults): split config files into long term support and deprecated ones,refactor,defaults,False,tech_debt
111305,111303,"fix(commitizen/cz): set changelog_map, changelog_pattern to none as default

without this default, getting these attributes will be an error",fix,commitizen/cz,False,bug_fixes
111478,111476,"test(tests/conftest): move tmp_git_project and tmp_commitizen_project into conftest

they're commonly used fixture among all tests",test,tests/conftest,False,tech_debt
111565,111563,refactor(tests/commands): make commands related tests a module,refactor,tests/commands,False,tech_debt
111589,111587,refactor(tests/commands/check): use pytest fixture tmpdir replace self implemented contextmanager,refactor,tests/commands/check,False,tech_debt
111708,111706,refactor(error_codes): move all the error_codes to a module,refactor,error_codes,False,tech_debt
112297,112295,"fix(scripts/test): ensure the script fails once the first failure happens

#100",fix,scripts/test,False,bug_fixes
112510,112508,test(commands/version): fix test break due to newly design version command,test,commands/version,False,tech_debt
112667,112665,feat(commands/init): add name into init question,feat,commands/init,False,feature_work
112723,112721,style(commands/init): blackify,style,commands/init,False,tech_debt
112770,112768,docs(index): add init command,docs,index,False,docs
113382,113380,docs: updated changelog,docs,,False,docs
113841,113839,feat(cz/filters): add required_validator and multiple_line_breaker,feat,cz/filters,False,feature_work
113849,113847,refactor(cz/utils): rename filters as utils,refactor,cz/utils,False,tech_debt
114013,114011,"fix(scripts): add back the delelte poetry prefix

#54",fix,scripts,False,bug_fixes
115494,115492,"style(cz): use lowercase in BaseCommitizen.default_style_config for consistency

#37",style,cz,False,tech_debt
115502,115500,"fix(cz): fix merge_style usage error

#37",fix,cz,False,bug_fixes
116078,116076,"chore(deps-dev): update mypy requirement from ^0.700.0 to ^0.701

Updates the requirements on [mypy](https://github.com/python/mypy) to permit the latest version.
- [Release notes](https://github.com/python/mypy/releases)
- [Commits](https://github.com/python/mypy/compare/v0.700...v0.701)

Signed-off-by: dependabot[bot] <support@dependabot.com>",chore,deps-dev,False,tech_debt
116415,116413,docs: how to create custom bumps,docs,,False,docs
116423,116421,bump: version 1.1.1 → 1.2.0,bump,,False,tech_debt
116666,116664,test: fixed issues with conf,test,,False,tech_debt
116733,116731,"refactor: added commands folder, better integration with decli",refactor,,False,tech_debt
101527,101525,test: add tests of undo command,test,,False,tech_debt
101543,101541,feat: (undo) add exception for no tag or commit case,feat,,False,feature_work
104562,104560,test(conf): add test case that empty pyproject and .cz.toml both exist,test,conf,False,tech_debt
104570,104568,docs(init): remove unneeded TODO (the feature has been implemented),docs,init,False,docs
104762,104760,refactor(changelog): remove pkg_resources dependency,refactor,changelog,False,tech_debt
104843,104841,build(poetry): lock decli to > 0.5.2,build,poetry,False,tech_debt
105016,105014,docs: add faq,docs,,False,docs
106247,106245,"refactor(defaults): move bump_map, bump_pattern, commit_parser from defaults to ConventionalCommitsCz

These defaults are not defaults for other cz",refactor,defaults,False,tech_debt
106422,106420,test(bump): add test case for --files-only option,test,bump,False,tech_debt
107982,107980,feat(commands/changlog): add --start-rev argument to `cz changelog`,feat,commands/changlog,False,feature_work
108006,108004,refactor(tests/utils): move create_file_and_commit to tests/utils,refactor,tests/utils,False,tech_debt
108527,108525,docs: make contributing a separate page,docs,,False,docs
109512,109510,refactor(cz/customize): remove unused mypy ignore,refactor,cz/customize,False,tech_debt
109957,109955,"docs(customization): update cookicutter template url

commitizen_cz_template is moved from Lee-W to commitizen-tools",docs,customization,False,docs
110372,110370,"refactor(commands/changelog): use jinja2 template instead of string concatenation to build changelog

* install jinja2
* use named caputure group for changelog_pattern",refactor,commands/changelog,False,tech_debt
111289,111287,feat(commands/changelog): exit when there is no commit exists,feat,commands/changelog,False,feature_work
111337,111335,refactor(cli): reorder commands,refactor,cli,False,tech_debt
111377,111375,feat(commands/changelog): make changelog_file an option in config,feat,commands/changelog,False,feature_work
111438,111436,refactor(git): make arguments other then start and end in get_commit keyword arguments,refactor,git,False,tech_debt
111621,111619,refactor(test_bump_command): rename camel case variables,refactor,test_bump_command,False,tech_debt
112178,112176,feat(pre-commit-hooks): add pre-commit hook,feat,pre-commit-hooks,False,feature_work
112542,112540,docs(index): add version command,docs,index,False,docs
112643,112641,"fix(commands/init): fix logic error

#57",fix,commands/init,False,bug_fixes
112869,112867,fix(config): handle empty config file,fix,config,False,bug_fixes
113221,113219,Add more tests for cz check,other,,False,other
113970,113968,"feat(cz/cz_customize): implement customizable cz

#54",feat,cz/cz_customize,False,feature_work
115092,115090,refactor(command): make version a command instead of an argument,refactor,command,False,tech_debt
115124,115122,test(command/version): add unit test for version,test,command/version,False,tech_debt
115538,115536,"test(config): add tests for newly added style config

#37",test,config,False,tech_debt
115671,115669,"chore(deps-dev): update mypy requirement from ^0.720 to ^0.730

Updates the requirements on [mypy](https://github.com/python/mypy) to permit the latest version.
- [Release notes](https://github.com/python/mypy/releases)
- [Commits](https://github.com/python/mypy/compare/v0.720...v0.730)

Signed-off-by: dependabot-preview[bot] <support@dependabot.com>",chore,deps-dev,False,tech_debt
116115,116113,"chore(deps-dev): update black requirement from ^18.3-alpha.0 to ^19.3b0

Updates the requirements on [black](https://github.com/ambv/black) to permit the latest version.
- [Release notes](https://github.com/ambv/black/releases)
- [Commits](https://github.com/ambv/black/commits)

Signed-off-by: dependabot[bot] <support@dependabot.com>",chore,deps-dev,False,tech_debt
116241,116239,fix(bump): handle commit and create tag failure,fix,bump,False,bug_fixes
116618,116616,fix: removed all from commit,fix,,False,bug_fixes
60943,60941,"build(deps-dev): bump mkdocs-material from 9.5.6 to 9.5.7

Bumps [mkdocs-material](https://github.com/squidfunk/mkdocs-material) from 9.5.6 to 9.5.7.
- [Release notes](https://github.com/squidfunk/mkdocs-material/releases)
- [Changelog](https://github.com/squidfunk/mkdocs-material/blob/master/CHANGELOG)
- [Commits](https://github.com/squidfunk/mkdocs-material/compare/9.5.6...9.5.7)

---
updated-dependencies:
- dependency-name: mkdocs-material
  dependency-type: direct:development
  update-type: version-update:semver-patch
...

Signed-off-by: dependabot[bot] <support@github.com>",build,deps-dev,False,tech_debt
61047,61045,"ci(deps): bump codecov/codecov-action from 3 to 4

Bumps [codecov/codecov-action](https://github.com/codecov/codecov-action) from 3 to 4.
- [Release notes](https://github.com/codecov/codecov-action/releases)
- [Changelog](https://github.com/codecov/codecov-action/blob/main/CHANGELOG.md)
- [Commits](https://github.com/codecov/codecov-action/compare/v3...v4)

---
updated-dependencies:
- dependency-name: codecov/codecov-action
  dependency-type: direct:production
  update-type: version-update:semver-major
...

Signed-off-by: dependabot[bot] <support@github.com>",ci,deps,False,tech_debt
63019,63017,"build(deps-dev): bump mypy from 1.7.1 to 1.8.0

Bumps [mypy](https://github.com/python/mypy) from 1.7.1 to 1.8.0.
- [Changelog](https://github.com/python/mypy/blob/master/CHANGELOG.md)
- [Commits](https://github.com/python/mypy/compare/v1.7.1...v1.8.0)

---
updated-dependencies:
- dependency-name: mypy
  dependency-type: direct:development
  update-type: version-update:semver-minor
...

Signed-off-by: dependabot[bot] <support@github.com>",build,deps-dev,False,tech_debt
63495,63493,"build(deps): bump argcomplete from 3.1.4 to 3.1.6

Bumps [argcomplete](https://github.com/kislyuk/argcomplete) from 3.1.4 to 3.1.6.
- [Release notes](https://github.com/kislyuk/argcomplete/releases)
- [Changelog](https://github.com/kislyuk/argcomplete/blob/develop/Changes.rst)
- [Commits](https://github.com/kislyuk/argcomplete/compare/v3.1.4...v3.1.6)

---
updated-dependencies:
- dependency-name: argcomplete
  dependency-type: direct:production
  update-type: version-update:semver-patch
...

Signed-off-by: dependabot[bot] <support@github.com>",build,deps,False,tech_debt
64976,64974,"build(deps-dev): bump black from 23.9.1 to 23.10.1

Bumps [black](https://github.com/psf/black) from 23.9.1 to 23.10.1.
- [Release notes](https://github.com/psf/black/releases)
- [Changelog](https://github.com/psf/black/blob/main/CHANGES.md)
- [Commits](https://github.com/psf/black/compare/23.9.1...23.10.1)

---
updated-dependencies:
- dependency-name: black
  dependency-type: direct:development
  update-type: version-update:semver-minor
...

Signed-off-by: dependabot[bot] <support@github.com>",build,deps-dev,False,tech_debt
65715,65713,"build(deps-dev): bump ruff from 0.0.291 to 0.0.292

Bumps [ruff](https://github.com/astral-sh/ruff) from 0.0.291 to 0.0.292.
- [Release notes](https://github.com/astral-sh/ruff/releases)
- [Changelog](https://github.com/astral-sh/ruff/blob/main/BREAKING_CHANGES.md)
- [Commits](https://github.com/astral-sh/ruff/compare/v0.0.291...v0.0.292)

---
updated-dependencies:
- dependency-name: ruff
  dependency-type: direct:development
  update-type: version-update:semver-patch
...

Signed-off-by: dependabot[bot] <support@github.com>",build,deps-dev,False,tech_debt
67771,67769,Merge branch 'chore/provider-refactor' of github.com:davidlday/commitizen into chore/provider-refactor,other,,False,other
70081,70079,feat: preserve prerelease linearity,feat,,False,feature_work
70300,70298,"build(deps-dev): bump ruff from 0.0.278 to 0.0.280

Bumps [ruff](https://github.com/astral-sh/ruff) from 0.0.278 to 0.0.280.
- [Release notes](https://github.com/astral-sh/ruff/releases)
- [Changelog](https://github.com/astral-sh/ruff/blob/main/BREAKING_CHANGES.md)
- [Commits](https://github.com/astral-sh/ruff/compare/v0.0.278...v0.0.280)

---
updated-dependencies:
- dependency-name: ruff
  dependency-type: direct:development
  update-type: version-update:semver-patch
...

Signed-off-by: dependabot[bot] <support@github.com>",build,deps-dev,False,tech_debt
71392,71390,"fix(bump): version bumping

The old implementation wrongly set the `increment` variable to `None` if
`increment = ""PATCH""` and `new_increment = None`.",fix,bump,False,bug_fixes
71401,71399,"fix(bump): add bump support with custom type + scope + exclamation mark

The regex didn't match the following commit with exclamation mark, and
therefore didn't update the version.

    chore(deps)!: drop support for Python 3.9

The regex was simplified, because a lot groups were not needed.",fix,bump,False,bug_fixes
72587,72585,"fix: only use version tags when generating a changelog

This commit ensures that the tags used to generate the changelog are all correctly parsed by Version()
This fixes two bugs:
- The header of the changelog could be a non-version tag
- The rev-range computed when running  could use a non-version tag as a lower bound",fix,,False,bug_fixes
73827,73825,"test(bump): add test cases for ""--allow-no-commit"" argument for bump command",test,bump,False,tech_debt
73914,73912,"build(poetry)(deps): bump argcomplete from 2.1.2 to 3.0.8

Bumps [argcomplete](https://github.com/kislyuk/argcomplete) from 2.1.2 to 3.0.8.
- [Release notes](https://github.com/kislyuk/argcomplete/releases)
- [Changelog](https://github.com/kislyuk/argcomplete/blob/develop/Changes.rst)
- [Commits](https://github.com/kislyuk/argcomplete/compare/v2.1.2...v3.0.8)

---
updated-dependencies:
- dependency-name: argcomplete
  dependency-type: direct:production
  update-type: version-update:semver-major
...

Signed-off-by: dependabot[bot] <support@github.com>",other,,False,other
74332,74330,feat(providers): add a `commitizen.provider` endpoint for alternative versions providers,feat,providers,False,feature_work
74516,74514,build: update dev dependencies to lastest poetry,build,,False,tech_debt
74524,74522,build: add ruff linter,build,,False,tech_debt
74775,74773,docs(changelog): add dry-run examples,docs,changelog,False,docs
74799,74797,docs(changelog): add info of auto changelog right away,docs,changelog,False,docs
75658,75656,build(dependabot): add dependabot configuration,build,dependabot,False,tech_debt
75666,75664,"build(python): Sunset Python 3.6 and support Python 3.11

Fixes #607

BREAKING CHANGE: Python 3.6 is not officially supported anymore. Please migrate from 3.6 to 3.7 or greater.",build,python,False,tech_debt
75770,75768,"feat(providers): add support for some JSON-based version providers (NPM, Composer)",feat,providers,False,feature_work
76316,76314,build(poetry): bump `isort` dev dependency,build,poetry,False,tech_debt
76364,76362,build(poetry): bump `mypy` dev dependency,build,poetry,False,tech_debt
76685,76683,"refactor(bump): version_provider rename to version_type; `pep` option rename to `pep440`

Signed-off-by: apkawa <apkawa@gmail.com>",refactor,bump,False,tech_debt
76725,76723,refactor: minor review fixes,refactor,,False,tech_debt
77696,77694,chore: add github funding,chore,,False,tech_debt
78648,78646,"feat: configurable commit validation

Allow clients overriding the BaseCommitizen object to have more custom
commit message validation beyond just matching a regex schema. This lets
clients have custom error messages and more intelligent pattern
matching.",feat,,False,feature_work
79841,79839,test(warnings): switch from the unmaintained `pytest-freezegun` to `pytest-freezer` removing warnings,test,warnings,False,tech_debt
81012,81010,test(utils): add test for creating tag with message,test,utils,False,tech_debt
81092,81090,docs(git): add comment for not able to create a lightweight tag with message,docs,git,False,docs
83369,83367,"fix(scripts/test): use double-quotes

Command Prompt on Windows requires double-quotes. Otherwise, the
command

`${PREFIX}pydocstyle --convention=google --add-ignore=D1,D415 --match-dir=""^(?![.]|venv).*""`

will fail with

'venv).*' is not recognized as an internal or external command

this will not affect the command in other Linux-based/bash shells.",fix,scripts/test,False,bug_fixes
83388,83386,"fix(scripts/test): MinGW64 workaround

Pipe appears broken in certain instances within the version of MinGW64
that ships as Git Bash in Git for Windows.

See:
  - https://sourceforge.net/p/mingw/bugs/2303/
  - https://github.com/msys2/MINGW-packages/issues/13662",fix,scripts/test,False,bug_fixes
85036,85034,"fix(init): space between `--hook-type` options

there should be a space between `--hook-type` options in generated
`pre-commit` command string.",fix,init,False,bug_fixes
85406,85404,style(bump): Add mypy typing for _bump_with_regex,style,bump,False,tech_debt
85689,85687,test(changelog): fix datetime mocking error,test,changelog,False,tech_debt
87067,87065,refactor(changelog): removes unused code. duplicates are found in changelog_parser,refactor,changelog,False,tech_debt
87966,87964,"Revert part of ""align naming convention to git standard""

This reverts commit 9d72ea92715ac6ec956c46cf84c69c48932a2bdf.",other,,False,other
88281,88279,"feat(pre-commit): Add commitizen-branch hook

Check all commit messages on the current branch. This is useful for
checking commit messages after the fact (e.g., pre-push or in CI) since
the existing hook only works at commit time. Expand the documentation of
the pre-existing commitizen hook to clarify the relationship between
them.",feat,pre-commit,False,feature_work
88595,88593,"docs(changelog): Clarify incremental_build comment

The original explanation has some minor grammatical errors.",docs,changelog,False,docs
88763,88761,"Updated pyproject.toml

Adds new questions, better formatting

+ref: 0000
+semver: fix",other,,False,other
89457,89455,"test(test_check_command): add multi-line no conventional commit testdata

The original cz schema of check the first line.",test,test_check_command,False,tech_debt
90214,90212,"feat: skip merge messages that start with Pull request

Bitbucket add as default message when a pull request is merged, the message commit that starts with ""Pull request"". cz check fails with this kind of messages.

Signed-off-by: Angelo Mantellini <manangel@cisco.com>",feat,,False,feature_work
90341,90339,docs(faq.md): close parentheses,docs,faq.md,False,docs
92816,92814,"feat(cli.py): add shortcut for signoff command

add -s shortcut for the --signoff command",feat,cli.py,False,feature_work
95876,95874,fix(changelog): annotated tags not generating proper changelog,fix,changelog,False,bug_fixes
96042,96040,test(git): add test case for is_staging_clean,test,git,False,tech_debt
98611,98609,fix: remove yaml warnings when using '.cz.yaml',fix,,False,bug_fixes
98665,98663,"Update yaml_config.py

Fix issue number #336.

Fix deprecated warning of loading yaml config file.",other,,False,other
99860,99858,"ci: run tests on linux, mac and windows",ci,,False,tech_debt
99878,99876,ci: run tests on oldest py3.6 and last 2 py3.9 and py3.8,ci,,False,tech_debt
101278,101276,style(commands/bump): fix format,style,commands/bump,False,tech_debt
101535,101533,fix: (undo) handle no tag or commit case,fix,,False,bug_fixes
102045,102043,"docs: add new jenkins tutorial

Closes #78",docs,,False,docs
103515,103513,test(test_wrap_stdio): add wrap_stdio tests,test,test_wrap_stdio,False,tech_debt
103563,103561,style(test/wrap_stdout): format by black,style,test/wrap_stdout,False,tech_debt
105064,105062,docs: add new article,docs,,False,docs
105966,105964,docs(README): Change commitizen rev recommendation for pre-commit integration,docs,README,False,docs
106163,106161,"Update customization.md

fixes #202",other,,False,other
106514,106512,test: add multiple test cases,test,,False,tech_debt
106549,106547,test(commands/changelog): add test case when tag name and the latest tag in changelog are different,test,commands/changelog,False,tech_debt
107537,107535,docs(bump): update for --check-consistency argument,docs,bump,False,docs
107605,107603,ci(github/bumpversion): fix workflow to not skip commits with bump word,ci,github/bumpversion,False,tech_debt
107958,107956,style(all): blackify,style,all,False,tech_debt
108519,108517,docs(mkdocs): reorder nav bar and add Third-Party Commitizen Templates,docs,mkdocs,False,docs
108650,108648,Fix tests,other,,False,other
109255,109253,"feat(cz/conventional_jira): conventional commits with enforced JIRA scope

Allows for better enforcement of JIRA issue-driven projects.",feat,cz/conventional_jira,False,feature_work
109416,109414,refactor(cz): add type annotation for each function in cz,refactor,cz,False,tech_debt
110108,110106,test(config): add omit config for coverage,test,config,False,tech_debt
110388,110386,feat(commands/changlog): add --start-rev argument to `cz changelog`,feat,commands/changlog,False,feature_work
110420,110418,feat(commands/changelog): exit when there is no commit exists,feat,commands/changelog,False,feature_work
110452,110450,test(commands/changelog): add test case for changelog command,test,commands/changelog,False,tech_debt
110460,110458,refactor(templates): move changelog_template from cz to templates,refactor,templates,False,tech_debt
110776,110774,test(commands/check): add test case for checking bump message in conventional commit,test,commands/check,False,tech_debt
111273,111271,refactor(commands/changelog): remove redundant if statement,refactor,commands/changelog,False,tech_debt
111502,111500,refactor(commands/bump): rename parameter into bump_setting to distinguish bump_setting and argument,refactor,commands/bump,False,tech_debt
111660,111658,"feat(git): add find_git_project_root

#117",feat,git,False,feature_work
112587,112585,"refactor(commands/bump): use ""version_files"" internally

#82",refactor,commands/bump,False,tech_debt
112953,112951,refactor(config): add type annotation to config property,refactor,config,False,tech_debt
113022,113020,fix(config): fix typo,fix,config,False,bug_fixes
113340,113338,"fix(cz/exceptions): Fix AnswerRequiredException not caught

inherit CzException",fix,cz/exceptions,False,bug_fixes
113686,113684,prettied report of c.err,other,,False,other
114418,114416,fix(test_cli): testing the version command,fix,test_cli,False,bug_fixes
114921,114919,"refactor(cz/conventional_commit): make NoSubjectException inherit CzException and add error message

#46",refactor,cz/conventional_commit,False,tech_debt
115100,115098,"fix(cli): enforce subcommand as required

without enforcing subcommand, exception would be raised when running `cz -n test` or `cz --debug`",fix,cli,False,bug_fixes
116477,116475,refactor(schema): command logic removed from commitizen base,refactor,schema,False,tech_debt
745,743,"test: add missing tests for get_filenames_in_commit with git_reference

Add test coverage for get_filenames_in_commit() when called with an
explicit git_reference parameter. Previously only the error case and
the integration test (no git_reference) existed.

New tests:
- test_get_filenames_in_commit: success case without git_reference
- test_get_filenames_in_commit_with_git_reference: success case with
  explicit reference, verifying the correct git command is called
- test_get_filenames_in_commit_error_with_git_reference: error case
  with explicit reference

Closes #1860

Signed-off-by: edvatar <88481784+toroleapinc@users.noreply.github.com>",test,,False,tech_debt
1088,1086,docs: add VHS tape for bump command GIF,docs,,False,docs
1279,1277,"docs: add version bump annotations to all commit type descriptions

Add SemVer version bump information to all commit type descriptions in
the interactive prompt, info text, and writing commits documentation.

Previously, only `feat` and `fix` indicated their SemVer correlation.
Now `refactor` and `perf` explicitly state they correlate with PATCH,
and `docs`, `style`, `test`, `build`, and `ci` explicitly state they
do not trigger a version bump.

This addresses the remaining task from issue #515 which requested that
commit message instructions identify what version bump occurs with all
change types.

Closes #515

Co-Authored-By: Claude Opus 4.6 <noreply@anthropic.com>",docs,,False,docs
1766,1764,style: remove redundant comments,style,,False,tech_debt
1960,1958,"style: remove trailing whitespace in tests

Co-authored-by: bearomorphism <26526132+bearomorphism@users.noreply.github.com>",style,,False,tech_debt
2333,2331,"test: add tests reproducing UTF-8 encoding issue on non-UTF-8 locales

Add test_utf8_encoding.py that simulates Windows behavior where
Path.read_text() / Path.write_text() default to system encoding
(e.g. CP1251) instead of UTF-8, causing UnicodeDecodeError with
non-ASCII characters (Cyrillic, Chinese, accented). The tests
monkeypatch Path methods to raise when encoding is not explicitly
specified, verifying all providers (Pep621, Npm, Cargo, Uv) pass
encoding=""utf-8"". Also fix ruff formatting in 3 provider files.

Co-Authored-By: Claude Opus 4.6 <noreply@anthropic.com>",test,,False,tech_debt
2404,2402,fix: fix errors when merging,fix,,False,bug_fixes
2633,2631,"fix(bump): Preserve existing changelog header when `changelog_merge_prerelease` is used with `cz bump --changelog`, and no prereleases exist

Signed-off-by: Edgar Ramírez Mondragón <edgarrm358@gmail.com>",fix,bump,False,bug_fixes
4101,4099,"feat(bump): add --version-files-only and deprecate --files-only (#1802)

Co-authored-by: abhishek <abhishekbansal8948@gmail.com>",feat,bump,False,feature_work
4272,4270,chore: format code,chore,,False,tech_debt
4332,4330,test: add unittest for _construct_name_choice_with_description(,test,,False,tech_debt
4576,4574,"feat(docker): add Docker image publishing to GHCR

This implementation adds automated Docker image publishing to GitHub Container Registry (ghcr.io) on every release tag.

- [x] I have read the [contributing guidelines](https://commitizen-tools.github.io/commitizen/contributing/)

- [ ] Add test cases to all the changes you introduce
- [ ] Run `uv run poe all` locally to ensure this change passes linter check and tests
- [x] Manually test the changes:
  - [x] Verify the feature/bug fix works as expected in real-world scenarios
  - [ ] Test edge cases and error conditions
  - [ ] Ensure backward compatibility is maintained
  - [x] Document any manual testing steps performed
- [x] Update the documentation for the changes

- [x] Run `uv run poe doc` locally to ensure the documentation pages renders correctly
- [x] Check and fix any broken links (internal or external) in the documentation

> When running `uv run poe doc`, any broken internal documentation links will be reported in the console output like this:
>
> ```text
> INFO    -  Doc file 'config.md' contains a link 'commands/bump.md#-post_bump_hooks', but the doc 'commands/bump.md' does not contain an anchor '#-post_bump_hooks'.
> ```

<!-- A clear and concise description of what you expected to happen -->
The Docker image will be published at: ghcr.io/commitizen-tools/commitizen

<!-- Steps to reproduce the behavior:
1. ...
2. ...
3. ... -->

<!-- Add any other RELATED ISSUE, context or screenshots about the pull request here. -->

Key features:
  - Multi-stage Dockerfile using Python 3.13 slim and UV
  - GitHub Actions workflow for automated publishing on v* tags
  - Multi-architecture support (amd64, arm64)
  - Multiple image tags (latest, version, major.minor, major, sha)
  - Build attestation for supply chain security
  - Documentation: new Docker tutorial and updates to existing CI guides",feat,docker,False,feature_work
5121,5119,test(conftest): typo,test,conftest,False,tech_debt
5211,5209,test: extract fixtures to shorten tests,test,,False,tech_debt
5710,5708,feat(bump): add --version-files-only and deprecate --files-only,feat,bump,False,feature_work
7149,7147,docs(contributing): add pull request guideline and add notes about AI assisted contributions,docs,contributing,False,docs
7912,7910,test(utils): uses `util` fixture for all git operations and cli executions,test,utils,False,tech_debt
8003,8001,ci(uv): prevent auto sync on run,ci,uv,False,tech_debt
8943,8941,feat: add custom validation,feat,,False,feature_work
9816,9814,ci: run unittests only on python and dependency change,ci,,False,tech_debt
10176,10174,feat(python)!: update to support current Python version (3.10 - 3.14),feat,python,True,feature_work
10853,10851,refactor(bump): extract option validation and new version resolution to new functions,refactor,bump,False,tech_debt
10861,10859,refactor(cargo_provider): cleanup and get rid of potential type errors,refactor,cargo_provider,False,tech_debt
11310,11308,docs(writing_commits): improve documentation for writing commits best practice,docs,writing_commits,False,docs
11686,11684,Merge branch 'v4-11-0' into feature/single-number-version,other,,False,other
11783,11781,fix: add tests for finding tags with partial versions,fix,,False,bug_fixes
12710,12708,refactor(cargo_provider): cleanup and get rid of potential type errors,refactor,cargo_provider,False,tech_debt
13428,13426,refactor(config): rename config method and refactor to centralize --config logic,refactor,config,False,tech_debt
13778,13776,perf: add TYPE_CHECKING to CzQuestion imports,perf,,False,tech_debt
14230,14228,ci(github-actions): add python 3.14 to github-actions and tox,ci,github-actions,False,tech_debt
14270,14268,"fix(bump): remove NotAllowed related to --get-next option, other related refactoring",fix,bump,False,bug_fixes
14294,14292,"docs(exit-codes): general update

docs(exception): add comment for updating exit code doc",docs,exit-codes,False,docs
14919,14917,"docs(exit-codes): general update

docs(exception): add comment for updating exit code doc",docs,exit-codes,False,docs
15324,15322,"docs(config): split the configuration documentation into pages

Co-authored-by: Wei Lee <weilee.rx@gmail.com>",docs,config,False,docs
15526,15524,test: replace try with pytest.raises,test,,False,tech_debt
16673,16671,refactor(Commit): refactor _prompt_commit_questions and fix some type hint,refactor,Commit,False,tech_debt
17713,17711,"test(add-tests-to-improve-code-coverage-for-commit.py): Add missing test cases to cover previously untested code paths in the commit command:
- Test ValueError with CzException context in _handle_questionary_prompt
- Test manual_edit when editor executable is not found
- Test multiline question handling when result is None with/without default values",test,add-tests-to-improve-code-coverage-for-commit.py,False,tech_debt
19552,19550,refactor(TomlConfig): minor cleanups for DX,refactor,TomlConfig,False,tech_debt
20048,20046,test: simplify assertion,test,,False,tech_debt
20227,20225,"fix(dependencies): update tomlkit version to >=0.8.0,<1.0.0",fix,dependencies,False,bug_fixes
20292,20290,refactor(ExpectedExit): make the constructor more compact,refactor,ExpectedExit,False,tech_debt
20308,20306,refactor(git): remove redundant if branch,refactor,git,False,tech_debt
20316,20314,fix(Bump): rewrite --get-next NotAllowed error message for consistency,fix,Bump,False,bug_fixes
22104,22102,ci(github-actions): fix sponsorship page generation,ci,github-actions,False,tech_debt
22198,22196,docs(README): ensure line break,docs,README,False,docs
24555,24553,refactor(Init): remove unnecessary methods from ProjectInfo and refactor _ask_tag,refactor,Init,False,tech_debt
25404,25402,docs(git): from_rev_and_commit docstring,docs,git,False,docs
25420,25418,refactor(git): refactor get_tag_names,refactor,git,False,tech_debt
25436,25434,refactor(BaseConfig): use setter,refactor,BaseConfig,False,tech_debt
25573,25571,refactor(mypy): remove `unused-ignore`,refactor,mypy,False,tech_debt
25581,25579,refactor(cli.py): add type hints,refactor,cli.py,False,tech_debt
25629,25627,build(ruff): add RUF022 & RUF100 rules,build,ruff,False,tech_debt
25653,25651,style(tags): improve types,style,tags,False,tech_debt
25789,25787,refactor(commit): type commit args,refactor,commit,False,tech_debt
26328,26326,style(cli): shorten arg type,style,cli,False,tech_debt
26533,26531,fix(BaseConfig): mypy error,fix,BaseConfig,False,bug_fixes
27839,27837,fix(commit): emit deprecated warning of cz commit -s,fix,commit,False,bug_fixes
28334,28332,docs(contributing-tldr): add documentation changes section,docs,contributing-tldr,False,docs
28374,28372,refactor: improve readability and fix typos,refactor,,False,tech_debt
28438,28436,refactor(git): refactor get_tag_names,refactor,git,False,tech_debt
28598,28596,"refactor: remove `TypeError` handling since `Python >=3.9` is required

Since the project requires Python >=3.9, argparse only raises SystemExit
when non-existent commands are provided, making TypeError handling unnecessary.",refactor,,False,tech_debt
28687,28685,build(ruff): add RUF022 & RUF100 rules,build,ruff,False,tech_debt
28919,28917,refactor: add comment clarifying `no_raise` parsing to `list[int]`,refactor,,False,tech_debt
29382,29380,build(mypy): remove disallow_untyped_defs because it's already done by ruff rules,build,mypy,False,tech_debt
30075,30073,refactor: improve readability and fix typos,refactor,,False,tech_debt
30195,30193,"fix(defaults): add non-capitalized default constants back and deprecated warning

relates #1446",fix,defaults,False,bug_fixes
30259,30257,"refactor(changelog): better typing, yield",refactor,changelog,False,tech_debt
30337,30335,build: use pydantic >=1.10,build,,False,tech_debt
31580,31578,refactor(version_scheme): cleanup,refactor,version_scheme,False,tech_debt
31900,31898,style: better type,style,,False,tech_debt
32323,32321,docs(taplo): add toml formatter,docs,taplo,False,docs
32450,32448,refactor(containers): add unique list,refactor,containers,False,tech_debt
33000,32998,refactor(cli): early return and improve test coverage,refactor,cli,False,tech_debt
33241,33239,refactor(BaseConfig): use setter,refactor,BaseConfig,False,tech_debt
33669,33667,docs(ISSUE_TEMPLATE): correct labels,docs,ISSUE_TEMPLATE,False,docs
34696,34694,refactor(init): code cleanup and better test coverage,refactor,init,False,tech_debt
34912,34910,refactor(default): capitalize all constants and remove unnecessary variable,refactor,default,False,tech_debt
36329,36327,docs: fix link warnings and minor grammar issues,docs,,False,docs
36386,36384,docs(README): replace internal links with documentation site link,docs,README,False,docs
36903,36901,"fix(commit): use os.unlink to remove temp file

NamedTemporaryFile doesn't have a unlink function when delete=False is used

Fix https://github.com/commitizen-tools/commitizen/issues/1352",fix,commit,False,bug_fixes
37295,37293,fix(changelog.py): modify the CHANGELOG.md generated by cz bump --changelog to the right place,fix,changelog.py,False,bug_fixes
37319,37317,fix(test_changelog.py): modify the linter and test parameter,fix,test_changelog.py,False,bug_fixes
37416,37414,fix(test_changelog.py): modify the linter and test parameter,fix,test_changelog.py,False,bug_fixes
40057,40055,"build(deps-dev): bump ruff from 0.8.5 to 0.9.1

Bumps [ruff](https://github.com/astral-sh/ruff) from 0.8.5 to 0.9.1.
- [Release notes](https://github.com/astral-sh/ruff/releases)
- [Changelog](https://github.com/astral-sh/ruff/blob/main/CHANGELOG.md)
- [Commits](https://github.com/astral-sh/ruff/compare/0.8.5...0.9.1)

---
updated-dependencies:
- dependency-name: ruff
  dependency-type: direct:development
  update-type: version-update:semver-minor
...

Signed-off-by: dependabot[bot] <support@github.com>",build,deps-dev,False,tech_debt
40660,40658,fix: adding the file .github wich was deleated ny mistake,fix,,False,bug_fixes
41700,41698,"build(deps-dev): bump mkdocs-material from 9.5.46 to 9.5.47

Bumps [mkdocs-material](https://github.com/squidfunk/mkdocs-material) from 9.5.46 to 9.5.47.
- [Release notes](https://github.com/squidfunk/mkdocs-material/releases)
- [Changelog](https://github.com/squidfunk/mkdocs-material/blob/master/CHANGELOG)
- [Commits](https://github.com/squidfunk/mkdocs-material/compare/9.5.46...9.5.47)

---
updated-dependencies:
- dependency-name: mkdocs-material
  dependency-type: direct:development
  update-type: version-update:semver-patch
...

Signed-off-by: dependabot[bot] <support@github.com>",build,deps-dev,False,tech_debt
43277,43275,"build(deps-dev): bump mkdocs-material from 9.5.32 to 9.5.33

Bumps [mkdocs-material](https://github.com/squidfunk/mkdocs-material) from 9.5.32 to 9.5.33.
- [Release notes](https://github.com/squidfunk/mkdocs-material/releases)
- [Changelog](https://github.com/squidfunk/mkdocs-material/blob/master/CHANGELOG)
- [Commits](https://github.com/squidfunk/mkdocs-material/compare/9.5.32...9.5.33)

---
updated-dependencies:
- dependency-name: mkdocs-material
  dependency-type: direct:development
  update-type: version-update:semver-patch
...

Signed-off-by: dependabot[bot] <support@github.com>",build,deps-dev,False,tech_debt
43478,43476,"build(deps-dev): bump ruff from 0.6.7 to 0.6.8

Bumps [ruff](https://github.com/astral-sh/ruff) from 0.6.7 to 0.6.8.
- [Release notes](https://github.com/astral-sh/ruff/releases)
- [Changelog](https://github.com/astral-sh/ruff/blob/main/CHANGELOG.md)
- [Commits](https://github.com/astral-sh/ruff/compare/0.6.7...0.6.8)

---
updated-dependencies:
- dependency-name: ruff
  dependency-type: direct:development
  update-type: version-update:semver-patch
...

Signed-off-by: dependabot[bot] <support@github.com>",build,deps-dev,False,tech_debt
43494,43492,"build(deps-dev): bump rich from 13.8.1 to 13.9.1

Bumps [rich](https://github.com/Textualize/rich) from 13.8.1 to 13.9.1.
- [Release notes](https://github.com/Textualize/rich/releases)
- [Changelog](https://github.com/Textualize/rich/blob/master/CHANGELOG.md)
- [Commits](https://github.com/Textualize/rich/compare/v13.8.1...v13.9.1)

---
updated-dependencies:
- dependency-name: rich
  dependency-type: direct:development
  update-type: version-update:semver-minor
...

Signed-off-by: dependabot[bot] <support@github.com>",build,deps-dev,False,tech_debt
43614,43612,docs(third-party-commitizen): add commitizen-deno-provider to the third party docs,docs,third-party-commitizen,False,docs
44837,44835,"build(deps): bump charset-normalizer from 3.3.2 to 3.4.0

Bumps [charset-normalizer](https://github.com/Ousret/charset_normalizer) from 3.3.2 to 3.4.0.
- [Release notes](https://github.com/Ousret/charset_normalizer/releases)
- [Changelog](https://github.com/jawah/charset_normalizer/blob/master/CHANGELOG.md)
- [Commits](https://github.com/Ousret/charset_normalizer/compare/3.3.2...3.4.0)

---
updated-dependencies:
- dependency-name: charset-normalizer
  dependency-type: direct:production
  update-type: version-update:semver-minor
...

Signed-off-by: dependabot[bot] <support@github.com>",build,deps,False,tech_debt
45041,45039,"build(deps-dev): bump types-python-dateutil

Bumps [types-python-dateutil](https://github.com/python/typeshed) from 2.9.0.20240906 to 2.9.0.20241003.
- [Commits](https://github.com/python/typeshed/commits)

---
updated-dependencies:
- dependency-name: types-python-dateutil
  dependency-type: direct:development
  update-type: version-update:semver-patch
...

Signed-off-by: dependabot[bot] <support@github.com>",build,deps-dev,False,tech_debt
47871,47869,"build(deps): bump pyyaml from 6.0.1 to 6.0.2

Bumps [pyyaml](https://github.com/yaml/pyyaml) from 6.0.1 to 6.0.2.
- [Release notes](https://github.com/yaml/pyyaml/releases)
- [Changelog](https://github.com/yaml/pyyaml/blob/main/CHANGES)
- [Commits](https://github.com/yaml/pyyaml/compare/6.0.1...6.0.2)

---
updated-dependencies:
- dependency-name: pyyaml
  dependency-type: direct:production
  update-type: version-update:semver-patch
...

Signed-off-by: dependabot[bot] <support@github.com>",build,deps,False,tech_debt
48979,48977,feat: add argument to limit length of commit message in checks,feat,,False,feature_work
49914,49912,"build(deps-dev): bump urllib3 from 2.2.1 to 2.2.2

Bumps [urllib3](https://github.com/urllib3/urllib3) from 2.2.1 to 2.2.2.
- [Release notes](https://github.com/urllib3/urllib3/releases)
- [Changelog](https://github.com/urllib3/urllib3/blob/main/CHANGES.rst)
- [Commits](https://github.com/urllib3/urllib3/compare/2.2.1...2.2.2)

---
updated-dependencies:
- dependency-name: urllib3
  dependency-type: indirect
...

Signed-off-by: dependabot[bot] <support@github.com>",build,deps-dev,False,tech_debt
50826,50824,"build(deps): bump typing-extensions from 4.11.0 to 4.12.0

Bumps [typing-extensions](https://github.com/python/typing_extensions) from 4.11.0 to 4.12.0.
- [Release notes](https://github.com/python/typing_extensions/releases)
- [Changelog](https://github.com/python/typing_extensions/blob/main/CHANGELOG.md)
- [Commits](https://github.com/python/typing_extensions/compare/4.11.0...4.12.0)

---
updated-dependencies:
- dependency-name: typing-extensions
  dependency-type: direct:production
  update-type: version-update:semver-minor
...

Signed-off-by: dependabot[bot] <support@github.com>",build,deps,False,tech_debt
52516,52514,"test(commands): add skip_if_below_py_3_10 as the message of argument changes in python 3.10

Optional arguments -> options",test,commands,False,tech_debt
53469,53467,"build(deps-dev): bump ruff from 0.4.3 to 0.4.4

Bumps [ruff](https://github.com/astral-sh/ruff) from 0.4.3 to 0.4.4.
- [Release notes](https://github.com/astral-sh/ruff/releases)
- [Changelog](https://github.com/astral-sh/ruff/blob/main/CHANGELOG.md)
- [Commits](https://github.com/astral-sh/ruff/compare/v0.4.3...v0.4.4)

---
updated-dependencies:
- dependency-name: ruff
  dependency-type: direct:development
  update-type: version-update:semver-patch
...

Signed-off-by: dependabot[bot] <support@github.com>",build,deps-dev,False,tech_debt
56059,56057,refactor(cli): replace magic number 0 with ExitCode.EXPECTED_EXIT,refactor,cli,False,tech_debt
56448,56446,build(pyproject.toml): add `rich` in dev.dependencies,build,pyproject.toml,False,tech_debt
56485,56483,ci(scripts): a script to gen cli help screenshots,ci,scripts,False,tech_debt
56699,56697,test(conf): add test case if config file is given in argument,test,conf,False,tech_debt
57427,57425,"build(deps): bump importlib-metadata from 7.0.2 to 7.1.0

Bumps [importlib-metadata](https://github.com/python/importlib_metadata) from 7.0.2 to 7.1.0.
- [Release notes](https://github.com/python/importlib_metadata/releases)
- [Changelog](https://github.com/python/importlib_metadata/blob/main/NEWS.rst)
- [Commits](https://github.com/python/importlib_metadata/compare/v7.0.2...v7.1.0)

---
updated-dependencies:
- dependency-name: importlib-metadata
  dependency-type: direct:production
  update-type: version-update:semver-minor
...

Signed-off-by: dependabot[bot] <support@github.com>",build,deps,False,tech_debt
57585,57583,"build(deps-dev): bump mkdocs-material from 9.5.13 to 9.5.14

Bumps [mkdocs-material](https://github.com/squidfunk/mkdocs-material) from 9.5.13 to 9.5.14.
- [Release notes](https://github.com/squidfunk/mkdocs-material/releases)
- [Changelog](https://github.com/squidfunk/mkdocs-material/blob/master/CHANGELOG)
- [Commits](https://github.com/squidfunk/mkdocs-material/compare/9.5.13...9.5.14)

---
updated-dependencies:
- dependency-name: mkdocs-material
  dependency-type: direct:development
  update-type: version-update:semver-patch
...

Signed-off-by: dependabot[bot] <support@github.com>",build,deps-dev,False,tech_debt
58356,58354,"build(deps-dev): bump types-python-dateutil

Bumps [types-python-dateutil](https://github.com/python/typeshed) from 2.8.19.20240106 to 2.8.19.20240311.
- [Commits](https://github.com/python/typeshed/commits)

---
updated-dependencies:
- dependency-name: types-python-dateutil
  dependency-type: direct:development
  update-type: version-update:semver-patch
...

Signed-off-by: dependabot[bot] <support@github.com>",build,deps-dev,False,tech_debt
91627,91625,style(mypy): disable disallow_untyped_decorators for tests,style,mypy,False,tech_debt
91643,91641,refactor(defaults): add Settings typeddict,refactor,defaults,False,tech_debt
94095,94093,"doc: inverse major and minor

In the example, the major an minor keyword were set in a strange order. I changed it to stay consistent with PEP",other,,False,other
95964,95962,test(bump): refactor test_multiplt_versions_to_bump through file_regression,test,bump,False,tech_debt
95987,95985,style(config): ignore TomlConfig._parse_setting type annotation,style,config,False,tech_debt
96023,96021,fix(bump): fix error due to bumping version file without eol through regex,fix,bump,False,bug_fixes
96707,96705,"feat(changelog): add 'template' option to supply a custom changelog template

The feature was requested in #132",feat,changelog,False,feature_work
96724,96722,"fix(bump): use configured changelog_incremental value when calling `cz bump --changelog`

When using custom templates that include a header for example, then generating the changelog incrementally won't yield the desired result. Therefore the option changelog_incremental should also be honored when using `bump --changelog` to generate the new changelog.",fix,bump,False,bug_fixes
97534,97532,feat: Support versions on random positions,feat,,False,feature_work
98076,98074,fix(#349): Update data type support str and byte,fix,#349,False,bug_fixes
98100,98098,Merge remote-tracking branch 'origin/Update_read_configuration_mode' into Update_read_configuration_mode,other,,False,other
98494,98492,fix(git): handle the empty commit and empty email cases,fix,git,False,bug_fixes
98690,98688,Merge branch 'fix/update-yaml-loader' of https://github.com/vinayvennela/commitizen into fix/update-yaml-loader,other,,False,other
99929,99927,ci: trigger homebrew job only when publish was finished,ci,,False,tech_debt
100046,100044,docs(README.md): adds missing link,docs,README.md,False,docs
100670,100668,feat(commands/changelog): add config file options for start_rev and incremental,feat,commands/changelog,False,feature_work
101302,101300,"test(test_git): get_tag_names should have List[Optional[str]] annotation

issue #285",test,test_git,False,tech_debt
101685,101683,Homebrew Github Action Added,other,,False,other
102299,102297,fix: conventional commit schema,fix,,False,bug_fixes
103459,103457,test(commands/commit): change prepare-commit-msg hook for Mac,test,commands/commit,False,tech_debt
103467,103465,refactor(commands/commit): change valiable by comment and use black,refactor,commands/commit,False,tech_debt
104532,104530,"Merge pull request #236 from commitizen-tools/add-pre-commit-in-init-cmd

Setup pre-commit hook in ""cz init""",other,,False,other
104701,104699,"Add `cz check --rev-range` to the docs

Expands on the different use cases for using `cz check` as well",other,,False,other
105595,105593,ci: rename lint as reformat,ci,,False,tech_debt
106255,106253,test: move default config to top level conftest.py,test,,False,tech_debt
106503,106501,test(config): add test case for load global conf,test,config,False,tech_debt
107400,107398,feat(changelog): add support for modifying the change_type in the title of the changelog,feat,changelog,False,feature_work
107732,107730,docs(bump): add info about --no-verify option,docs,bump,False,docs
108046,108044,test(commands/changelog): add test case for changelog command,test,commands/changelog,False,tech_debt
109036,109034,ci(bumpversion): generate changelog along with the version,ci,bumpversion,False,tech_debt
109760,109758,docs(FAQ): add revert and chore types discussion,docs,FAQ,False,docs
109987,109985,ci(travis): remove travis related settings,ci,travis,False,tech_debt
110116,110114,refactor(tests/bump): use parameterize to group similliar tests,refactor,tests/bump,False,tech_debt
110324,110322,feat(changelog): changelog tree generation from markdown,feat,changelog,False,feature_work
110404,110402,refactor(commands/changelog): remove redundant if statement,refactor,commands/changelog,False,tech_debt
110689,110687,fix: replace README.rst with docs/README.md in config files,fix,,False,bug_fixes
110810,110808,fix(pre-commit): set pre-commit check stage to commit-msg,fix,pre-commit,False,bug_fixes
111193,111191,feat(changelog): changelog tree generation from markdown,feat,changelog,False,feature_work
111249,111247,fix(cli): add changelog arguments,fix,cli,False,bug_fixes
111313,111311,fix(changelog_template): fix list format,fix,changelog_template,False,bug_fixes
111321,111319,test(commands/changelog): add test case for changelog command,test,commands/changelog,False,tech_debt
111446,111444,"feat(git): get_commits default from first_commit

#53",feat,git,False,feature_work
111462,111460,"refactor(cmd): reimplement how cmd is run

In the original design, command to long will not be run.
I use the code how invoke runs sunbprocess.
https://github.com/pyinvoke/invoke/blob/master/invoke/runners.py#L1271",refactor,cmd,False,tech_debt
111557,111555,"test(cz/utils): add test cases for required_validator, multiple_line_breaker",test,cz/utils,False,tech_debt
111573,111571,refactor(tests/commands): separate command unit tests into modules,refactor,tests/commands,False,tech_debt
111692,111690,"docs(all): fix typo and grammar error

#80",docs,all,False,docs
112829,112827,"refactor(config): Make config a class and each type of config (e.g., toml, ini) a child class

* Use new config structure to fix the previously fixed Issue #97
* Rename the config inside a config as settings
* Use config class as argument for cz and commands instead of dict config
* Remove settings from default",refactor,config,False,tech_debt
112945,112943,refactor(config): fix wrongly type annoated functions,refactor,config,False,tech_debt
113865,113863,"test(cz/customize): add test example for jinja support

#54",test,cz/customize,False,tech_debt
113978,113976,feat(cz/cz_customize): enable bump_pattern bump_map customization,feat,cz/cz_customize,False,feature_work
114182,114180,"feat(Commands/commit): add ´--dry-run´ flag to the Commit command

Generate a commit message without doing anything

closes #56",feat,Commands/commit,False,feature_work
114235,114233,ci: run tests on pull_requests,ci,,False,tech_debt
114913,114911,"feat(cz): add a base exception for cz customization

#46",feat,cz,False,feature_work
114929,114927,"fix(commands/commit): catch exception raised by customization cz

#46",fix,commands/commit,False,bug_fixes
115386,115384,style: new lint command running isort and black,style,,False,tech_debt
115464,115462,"docs(config): add description for style that it will merge with default style instead of overwriting

#37",docs,config,False,docs
115510,115508,"refactor(cz): change the color of default style

#37",refactor,cz,False,tech_debt
116791,116789,"refactor: added commands folder, better integration with decli",refactor,,False,tech_debt
149,147,ci(docspublish): upgrade go to 1.25.8 since vhs@0.11.0 requires it,ci,docspublish,False,tech_debt
530,528,ci(.github/workflows): restrict release workflows to upstream repo,ci,.github/workflows,False,tech_debt
568,566,chore: sync branch with master,chore,,False,tech_debt
1096,1094,docs: replace bump GIF with VHS-generated version,docs,,False,docs
1905,1903,fix(provider): use encoding settings in config,fix,provider,False,bug_fixes
2223,2221,test: use pathlib utilities to shorten code,test,,False,tech_debt
2494,2492,test: add deprecated test back,test,,False,tech_debt
2684,2682,Merge branch 'master' into fix/bump-changelog-merge-pre-removes-header,other,,False,other
2855,2853,ci(gen_cli_help_screenshots): refactor the script and add some TODOs,ci,gen_cli_help_screenshots,False,tech_debt
3208,3206,refactor: simplify code with pathlib Path object,refactor,,False,tech_debt
3536,3534,test: rename fixture config to default_config to avoid name conflict,test,,False,tech_debt
3859,3857,test(init): cover cz without descriptions,test,init,False,tech_debt
4199,4197,fix: add pytest ruff rule PT and fix missing deprecation warning,fix,,False,bug_fixes
5036,5034,"fix(message_length_limit): align the behavior of message_length_limit

The document says 0 is no limit",fix,message_length_limit,False,bug_fixes
5981,5979,docs(README): update badge to reflect support for 'prek' instead of 'pre-commit',docs,README,False,docs
6703,6701,"fix(config): ensure the actually used config file is correct, better test coverage",fix,config,False,bug_fixes
7323,7321,ci: wip,ci,,False,tech_debt
8601,8599,fix(providers): normalize package names in uv provider for uv.lock matching,fix,providers,False,bug_fixes
8753,8751,build(poe): do not call `uv run` in `poe` tasks,build,poe,False,tech_debt
8967,8965,refactor: migrate from Poetry to uv for dependency management and build processes,refactor,,False,tech_debt
9002,9000,fix: update check-commit command to use uv instead of poetry,fix,,False,bug_fixes
10773,10771,build: add missing dark mode back,build,,False,tech_debt
10917,10915,fix(version): fix the behavior of cz version --major,fix,version,False,bug_fixes
11371,11369,"docs(auto_check.md): rewrite to make the doc read more smoothly, update possibly stale information",docs,auto_check.md,False,docs
12285,12283,refactor(bump): extract option validation and new version resolution to new functions,refactor,bump,False,tech_debt
12333,12331,"fix(cli): debug and no_raise can be used together in sys.excepthook

Closes #1294",fix,cli,False,bug_fixes
12702,12700,refactor(bump): extract option validation and new version resolution to new functions,refactor,bump,False,tech_debt
12718,12716,"docs(exit-codes): general update

docs(exception): add comment for updating exit code doc",docs,exit-codes,False,docs
13187,13185,ci(github-actions): add python 3.14 to github-actions and tox,ci,github-actions,False,tech_debt
13235,13233,refactor(bump): extract option validation and new version resolution to new functions,refactor,bump,False,tech_debt
13288,13286,refactor(cli): extract unknown args validation into a function,refactor,cli,False,tech_debt
13359,13357,style(ruff): enable S101 check to avoid assert usage in production code,style,ruff,False,tech_debt
13399,13397,test: replace try with pytest.raises (#1654),test,,False,tech_debt
14238,14236,refactor(bump): rename parameter and variables,refactor,bump,False,tech_debt
14451,14449,Merge branch 'master' into docs-faq,other,,False,other
15840,15838,ci(github-actions): add python 3.14 to github-actions and tox,ci,github-actions,False,tech_debt
16116,16114,refactor(bump): extract option validation and new version resolution to new functions,refactor,bump,False,tech_debt
16585,16583,refactor(Bump): remove use of getattr,refactor,Bump,False,tech_debt
18215,18213,refactor(Bump): remove use of getattr,refactor,Bump,False,tech_debt
18314,18312,test(utils): do not create file for simplicity,test,utils,False,tech_debt
18431,18429,test: rename the fixture config to mock_config for better code search,test,,False,tech_debt
18942,18940,refactor(BaseCommitizen): remove NotImplementedError and make them abstract method,refactor,BaseCommitizen,False,tech_debt
19680,19678,refactor(bump): rename parameter and variables,refactor,bump,False,tech_debt
19704,19702,style(ruff): enable S101 check to avoid assert usage in production code,style,ruff,False,tech_debt
20211,20209,"refactor: use None instead of 0 for message_length_limit and update related logic, types, and tests",refactor,,False,tech_debt
20332,20330,refactor(TagRules): extract tag_formats property and simplify list comprehension,refactor,TagRules,False,tech_debt
20556,20554,fix(changelog): mark get_smart_tag_range as deprecated,fix,changelog,False,bug_fixes
20672,20670,"feat: allow `amend!` prefix as created by `git --fixup=reword:<commit>`

https://git-scm.com/docs/git-commit/2.32.0#Documentation/git-commit.txt---fixupamendrewordcommit",feat,,False,feature_work
21781,21779,docs(config): add message length limit configuration option,docs,config,False,docs
23749,23747,"refactor(changelog): add get_next_tag_name_after_version and test, mark unused for get_smart_tag_range",refactor,changelog,False,tech_debt
25428,25426,refactor(changelog): minor cleanup,refactor,changelog,False,tech_debt
25452,25450,"refactor(bump): add type for out, replace function with re escape",refactor,bump,False,tech_debt
25508,25506,refactor(cli): early return and improve test coverage,refactor,cli,False,tech_debt
25669,25667,refactor: fix mypy output and better type,refactor,,False,tech_debt
26008,26006,refactor(git): refactor get_tag_names,refactor,git,False,tech_debt
26184,26182,perf(tags): use set,perf,tags,False,tech_debt
26224,26222,style: remove Union,style,,False,tech_debt
26248,26246,"build(ruff,mypy): more strict rules",build,"ruff,mypy",False,tech_debt
26264,26262,build(mypy): remove disallow_untyped_defs because it's already done by ruff rules,build,mypy,False,tech_debt
26368,26366,refactor: remove unnecessary bool() and remove Any type from TypedDict get,refactor,,False,tech_debt
26573,26571,style(bump): rename class for consistency,style,bump,False,tech_debt
26645,26643,refactor: remove unnecessary bool() and remove Any type from TypedDict get,refactor,,False,tech_debt
27532,27530,feat: valid,feat,,False,feature_work
28406,28404,refactor(git): code cleanup and better test coverage,refactor,git,False,tech_debt
28414,28412,test(git): add test for from_rev_and_commit,test,git,False,tech_debt
28966,28964,refactor: improve readability and fix typos,refactor,,False,tech_debt
1952,1950,"style: remove extra blank lines in tests

Co-authored-by: bearomorphism <26526132+bearomorphism@users.noreply.github.com>",style,,False,tech_debt
2362,2360,feat: add ignore_bump_sha_list and ignore_bump_author_list to find_increment,feat,,False,feature_work
4043,4041,feat(version): add --tag tag to version command (#1819),feat,version,False,feature_work
4280,4278,fix: fix linting error,fix,,False,bug_fixes
5957,5955,build(prek): replace 'pre-commit' with 'prek' in project configuration,build,prek,False,tech_debt
7987,7985,ci(uv): use `uv sync --frozen` everywhere,ci,uv,False,tech_debt
8482,8480,docs(config/version_provider.md): refine provider installation wording,docs,config/version_provider.md,False,docs
9014,9012,refactor: remove unused poetry_command from tool.poe in pyproject.toml,refactor,,False,tech_debt
10457,10455,docs: fix some format issues in docs,docs,,False,docs
13343,13341,build: update dev dependencies,build,,False,tech_debt
13807,13805,docs(pyproject): update maintainers list,docs,pyproject,False,docs
15788,15786,docs(Bump): wording consistency,docs,Bump,False,docs
16729,16727,refactor(bump): cleanup related to update_version_file,refactor,bump,False,tech_debt
17625,17623,feat(tests): create test for the multiline inputs feature,feat,tests,False,feature_work
17701,17699,"refactor(tests): improve test structure and clarity for multiline commit feature

Refactored test files to improve maintainability and clarity:

**test_commit_command.py:**
- Created reusable mock_prompt fixture to eliminate duplicated mocking code
- Updated all tests to use the new fixture pattern with _handle_questionary_prompt
- Improved test for message length limit to properly test both success and failure cases
- Simplified test logic by removing unnecessary variable assignments

**test_commit_multiline.py:**
- Restructured tests into focused test classes by functionality
- Simplified test logic to directly test _handle_multiline_question function
- Added parameterized tests for optional field detection
- Improved test coverage for filter errors with proper retry behavior
- Removed redundant implementation-level tests in favor of behavior tests
- Enhanced test documentation and clarity",refactor,tests,False,tech_debt
18399,18397,refactor(BaseCommitizen): remove NotImplementedError and make them abstract method,refactor,BaseCommitizen,False,tech_debt
18690,18688,refactor(BaseCommitizen): construct Style object directly to get rid of potential type error,refactor,BaseCommitizen,False,tech_debt
20340,20338,refactor(Init): use ternary operator,refactor,Init,False,tech_debt
20372,20370,docs(pre-commit): add taplo to pre-commit hook,docs,pre-commit,False,docs
22190,22188,docs(README): install into dev dependency when using uv,docs,README,False,docs
23539,23537,refactor(changelog): shorten condition expression and early return,refactor,changelog,False,tech_debt
23600,23598,refactor(changelog): shorten generate_tree_from_commits,refactor,changelog,False,tech_debt
23733,23731,"fix(init): use pre-push as pre-commit stage

Original ""push"" stage has been deprecated since pre-commit v3.2.0. See https://github.com/pre-commit/pre-commit/issues/2732 and https://github.com/pre-commit/pre-commit/pull/2808 for detailed information.",fix,init,False,bug_fixes
23741,23739,refactor(changelog): simplify logic for get_oldest_and_newest_rev,refactor,changelog,False,tech_debt
23932,23930,test(Init): improve test coverage on config initialization,test,Init,False,tech_debt
24418,24416,"fix(Init): fix a typo in _ask_version_provider options and remove unnecessary filter, use named tuple for options",fix,Init,False,bug_fixes
24858,24856,refactor(init): code cleanup and better test coverage,refactor,init,False,tech_debt
24890,24888,refactor(ProjectInfo): extract property default_version_provider,refactor,ProjectInfo,False,tech_debt
24966,24964,Merge branch 'master' into refactor-changelog-2,other,,False,other
25356,25354,refactor: improve readability and fix typos,refactor,,False,tech_debt
25813,25811,docs(bump): comment on a stupid looking pattern,docs,bump,False,docs
25837,25835,refactor(bump): improve readability and still bypass mypy check,refactor,bump,False,tech_debt
26240,26238,style: add `-> None` to __init__,style,,False,tech_debt
26408,26406,perf(bump): avoid unnecessary list construction and rename variable to avoid confusion,perf,bump,False,tech_debt
26445,26443,style(tags): improve types,style,tags,False,tech_debt
26477,26475,"refactor: make methods protected, better type",refactor,,False,tech_debt
26525,26523,"build(ruff,mypy): more strict rules",build,"ruff,mypy",False,tech_debt
26581,26579,refactor(check): type CheckArgs arguments,refactor,check,False,tech_debt
27160,27158,perf(bump): avoid unnecessary list construction and rename variable to avoid confusion,perf,bump,False,tech_debt
27847,27845,"fix(cli): update description for deprecate warning

Closes #1135",fix,cli,False,bug_fixes
28526,28524,refactor(cli): early return and improve test coverage,refactor,cli,False,tech_debt
28542,28540,build: specify importlib-metadata version to fix unit tests,build,,False,tech_debt
28558,28556,"refactor(changelog): better typing, yield",refactor,changelog,False,tech_debt
29118,29116,refactor(cli): early return and improve test coverage,refactor,cli,False,tech_debt
29126,29124,build(termcolor): remove termcolor <3 restriction,build,termcolor,False,tech_debt
30115,30113,test(git): add test for from_rev_and_commit,test,git,False,tech_debt
30676,30674,style(bump): rename class for consistency,style,bump,False,tech_debt
31652,31650,refactor(BaseConfig): use setter,refactor,BaseConfig,False,tech_debt
31668,31666,"refactor(bump): add type for out, replace function with re escape",refactor,bump,False,tech_debt
31748,31746,"refactor(changelog): better typing, yield",refactor,changelog,False,tech_debt
31772,31770,refactor(cli.py): add type hints,refactor,cli.py,False,tech_debt
31804,31802,build(deps-dev): bump ruff,build,deps-dev,False,tech_debt
31876,31874,"refactor: make methods protected, better type",refactor,,False,tech_debt
31940,31938,refactor(bump): TypedDict for bump argument,refactor,bump,False,tech_debt
31948,31946,refactor(changelog): type untyped arguments,refactor,changelog,False,tech_debt
31972,31970,refactor(check): type CheckArgs arguments,refactor,check,False,tech_debt
32647,32645,"docs(bump): rewrite bump about section, fix incorrect version increment rules

Closes #781",docs,bump,False,docs
33933,33931,refactor(command_bump): use bump rules,refactor,command_bump,False,tech_debt
36238,36236,"docs: fix typo issues in cli.py, README.md, and contributing.md",docs,,False,docs
36356,36354,docs(README): update project specific installation methods,docs,README,False,docs
36496,36494,docs(bug_report.yml): resolve comments,docs,bug_report.yml,False,docs
36626,36624,Revert removal of escape in toml,other,,False,other
37371,37369,fix(changelog.py): modify the CHANGELOG.md generated by cz bump --changelog to the right place,fix,changelog.py,False,bug_fixes
39720,39718,"build(deps-dev): bump deprecated from 1.2.15 to 1.2.17

Bumps [deprecated](https://github.com/laurent-laporte-pro/deprecated) from 1.2.15 to 1.2.17.
- [Release notes](https://github.com/laurent-laporte-pro/deprecated/releases)
- [Changelog](https://github.com/laurent-laporte-pro/deprecated/blob/master/CHANGELOG.rst)
- [Commits](https://github.com/laurent-laporte-pro/deprecated/compare/v1.2.15...v1.2.17)

---
updated-dependencies:
- dependency-name: deprecated
  dependency-type: direct:development
  update-type: version-update:semver-patch
...

Signed-off-by: dependabot[bot] <support@github.com>",build,deps-dev,False,tech_debt
40210,40208,"build(deps-dev): bump ruff from 0.8.5 to 0.8.6

Bumps [ruff](https://github.com/astral-sh/ruff) from 0.8.5 to 0.8.6.
- [Release notes](https://github.com/astral-sh/ruff/releases)
- [Changelog](https://github.com/astral-sh/ruff/blob/main/CHANGELOG.md)
- [Commits](https://github.com/astral-sh/ruff/compare/0.8.5...0.8.6)

---
updated-dependencies:
- dependency-name: ruff
  dependency-type: direct:development
  update-type: version-update:semver-patch
...

Signed-off-by: dependabot[bot] <support@github.com>",build,deps-dev,False,tech_debt
40347,40345,"fix: passing tests

corrcet the part of code that do not matched",fix,,False,bug_fixes
40379,40377,fix: adding the file .github wich was deleated ny mistake,fix,,False,bug_fixes
40594,40592,"feat(fichier): gestion de la nouvelle branche

egstion des differnts porbleme, il faut encore gerer les tests",feat,fichier,False,feature_work
40680,40678,"build(deps): bump argcomplete from 3.5.2 to 3.5.3

Bumps [argcomplete](https://github.com/kislyuk/argcomplete) from 3.5.2 to 3.5.3.
- [Release notes](https://github.com/kislyuk/argcomplete/releases)
- [Changelog](https://github.com/kislyuk/argcomplete/blob/main/Changes.rst)
- [Commits](https://github.com/kislyuk/argcomplete/compare/v3.5.2...v3.5.3)

---
updated-dependencies:
- dependency-name: argcomplete
  dependency-type: direct:production
  update-type: version-update:semver-patch
...

Signed-off-by: dependabot[bot] <support@github.com>",build,deps,False,tech_debt
42523,42521,"build(deps-dev): bump types-deprecated

Bumps [types-deprecated](https://github.com/python/typeshed) from 1.2.9.20240311 to 1.2.15.20241117.
- [Commits](https://github.com/python/typeshed/commits)

---
updated-dependencies:
- dependency-name: types-deprecated
  dependency-type: direct:development
  update-type: version-update:semver-patch
...

Signed-off-by: dependabot[bot] <support@github.com>",build,deps-dev,False,tech_debt
43453,43451,"refactor: Use format strings

Co-authored-by: Wei Lee <weilee.rx@gmail.com>",refactor,,False,tech_debt
43510,43508,"build(deps-dev): bump rich from 13.9.1 to 13.9.2

Bumps [rich](https://github.com/Textualize/rich) from 13.9.1 to 13.9.2.
- [Release notes](https://github.com/Textualize/rich/releases)
- [Changelog](https://github.com/Textualize/rich/blob/master/CHANGELOG.md)
- [Commits](https://github.com/Textualize/rich/compare/v13.9.1...v13.9.2)

---
updated-dependencies:
- dependency-name: rich
  dependency-type: direct:development
  update-type: version-update:semver-patch
...

Signed-off-by: dependabot[bot] <support@github.com>",build,deps-dev,False,tech_debt
43938,43936,test(test_cz_customize.py): add more tests,test,test_cz_customize.py,False,tech_debt
44064,44062,"build(deps-dev): bump mypy from 1.12.0 to 1.12.1

Bumps [mypy](https://github.com/python/mypy) from 1.12.0 to 1.12.1.
- [Changelog](https://github.com/python/mypy/blob/master/CHANGELOG.md)
- [Commits](https://github.com/python/mypy/compare/v1.12.0...v1.12.1)

---
updated-dependencies:
- dependency-name: mypy
  dependency-type: direct:development
  update-type: version-update:semver-patch
...

Signed-off-by: dependabot[bot] <support@github.com>",build,deps-dev,False,tech_debt
44295,44293,"build(deps-dev): bump mkdocs-material from 9.5.40 to 9.5.41

Bumps [mkdocs-material](https://github.com/squidfunk/mkdocs-material) from 9.5.40 to 9.5.41.
- [Release notes](https://github.com/squidfunk/mkdocs-material/releases)
- [Changelog](https://github.com/squidfunk/mkdocs-material/blob/master/CHANGELOG)
- [Commits](https://github.com/squidfunk/mkdocs-material/compare/9.5.40...9.5.41)

---
updated-dependencies:
- dependency-name: mkdocs-material
  dependency-type: direct:development
  update-type: version-update:semver-patch
...

Signed-off-by: dependabot[bot] <support@github.com>",build,deps-dev,False,tech_debt
45143,45141,"build(deps-dev): bump mkdocs-material from 9.5.38 to 9.5.39

Bumps [mkdocs-material](https://github.com/squidfunk/mkdocs-material) from 9.5.38 to 9.5.39.
- [Release notes](https://github.com/squidfunk/mkdocs-material/releases)
- [Changelog](https://github.com/squidfunk/mkdocs-material/blob/master/CHANGELOG)
- [Commits](https://github.com/squidfunk/mkdocs-material/compare/9.5.38...9.5.39)

---
updated-dependencies:
- dependency-name: mkdocs-material
  dependency-type: direct:development
  update-type: version-update:semver-patch
...

Signed-off-by: dependabot[bot] <support@github.com>",build,deps-dev,False,tech_debt
46190,46188,"build(deps-dev): bump mkdocs-material from 9.5.33 to 9.5.34

Bumps [mkdocs-material](https://github.com/squidfunk/mkdocs-material) from 9.5.33 to 9.5.34.
- [Release notes](https://github.com/squidfunk/mkdocs-material/releases)
- [Changelog](https://github.com/squidfunk/mkdocs-material/blob/master/CHANGELOG)
- [Commits](https://github.com/squidfunk/mkdocs-material/compare/9.5.33...9.5.34)

---
updated-dependencies:
- dependency-name: mkdocs-material
  dependency-type: direct:development
  update-type: version-update:semver-patch
...

Signed-off-by: dependabot[bot] <support@github.com>",build,deps-dev,False,tech_debt
46241,46239,"build(deps-dev): bump mkdocs from 1.6.0 to 1.6.1

Bumps [mkdocs](https://github.com/mkdocs/mkdocs) from 1.6.0 to 1.6.1.
- [Release notes](https://github.com/mkdocs/mkdocs/releases)
- [Commits](https://github.com/mkdocs/mkdocs/compare/1.6.0...1.6.1)

---
updated-dependencies:
- dependency-name: mkdocs
  dependency-type: direct:development
  update-type: version-update:semver-patch
...

Signed-off-by: dependabot[bot] <support@github.com>",build,deps-dev,False,tech_debt
46504,46502,"fix(commit): resolve 'always_signoff' configuration and '-s' CLI issues

If 'always_signoff' is enabled in configurations, or '-s' is used alone on the CLI,
the following errors arise due to 'git commit' argument failures :

> signoff mechanic is deprecated, please use `cz commit -- -s` instead.
> fatal: /tmp/...: '/tmp/... is outside repository at '...'

Signed-off-by: Adrian DC <radian.dc@gmail.com>",fix,commit,False,bug_fixes
46787,46785,"feat(commit): allow '-- --allow-empty' to create empty commits

Signed-off-by: Adrian DC <radian.dc@gmail.com>",feat,commit,False,feature_work
48024,48022,"build(deps-dev): bump mkdocs-material from 9.5.30 to 9.5.31

Bumps [mkdocs-material](https://github.com/squidfunk/mkdocs-material) from 9.5.30 to 9.5.31.
- [Release notes](https://github.com/squidfunk/mkdocs-material/releases)
- [Changelog](https://github.com/squidfunk/mkdocs-material/blob/master/CHANGELOG)
- [Commits](https://github.com/squidfunk/mkdocs-material/compare/9.5.30...9.5.31)

---
updated-dependencies:
- dependency-name: mkdocs-material
  dependency-type: direct:development
  update-type: version-update:semver-patch
...

Signed-off-by: dependabot[bot] <support@github.com>",build,deps-dev,False,tech_debt
48748,48746,"build(deps-dev): bump ruff from 0.5.2 to 0.5.3

Bumps [ruff](https://github.com/astral-sh/ruff) from 0.5.2 to 0.5.3.
- [Release notes](https://github.com/astral-sh/ruff/releases)
- [Changelog](https://github.com/astral-sh/ruff/blob/main/CHANGELOG.md)
- [Commits](https://github.com/astral-sh/ruff/compare/0.5.2...0.5.3)

---
updated-dependencies:
- dependency-name: ruff
  dependency-type: direct:development
  update-type: version-update:semver-patch
...

Signed-off-by: dependabot[bot] <support@github.com>",build,deps-dev,False,tech_debt
49571,49569,test: fix typo,test,,False,tech_debt
54242,54240,docs: initial documentation for undocumented commands,docs,,False,docs
55209,55207,feat(bump): `version_files` now support glob patterns (fix #1067),feat,bump,False,feature_work
56353,56351,docs(CHANGELOG): fix typo in the file,docs,CHANGELOG,False,docs
58411,58409,"build(deps-dev): bump types-pyyaml from 6.0.12.12 to 6.0.12.20240311

Bumps [types-pyyaml](https://github.com/python/typeshed) from 6.0.12.12 to 6.0.12.20240311.
- [Commits](https://github.com/python/typeshed/commits)

---
updated-dependencies:
- dependency-name: types-pyyaml
  dependency-type: direct:development
  update-type: version-update:semver-patch
...

Signed-off-by: dependabot[bot] <support@github.com>",build,deps-dev,False,tech_debt
59074,59072,"build(deps): bump argcomplete from 3.2.2 to 3.2.3

Bumps [argcomplete](https://github.com/kislyuk/argcomplete) from 3.2.2 to 3.2.3.
- [Release notes](https://github.com/kislyuk/argcomplete/releases)
- [Changelog](https://github.com/kislyuk/argcomplete/blob/develop/Changes.rst)
- [Commits](https://github.com/kislyuk/argcomplete/compare/v3.2.2...v3.2.3)

---
updated-dependencies:
- dependency-name: argcomplete
  dependency-type: direct:production
  update-type: version-update:semver-patch
...

Signed-off-by: dependabot[bot] <support@github.com>",build,deps,False,tech_debt
60879,60877,"feat(commands): add bump --exact

When bumping a prerelease to a new prerelease, honor the detected increment
and preserve the prerelease suffix, rather than bumping to the next
non-prerelease version",feat,commands,False,feature_work
61127,61125,chore: Declare support for Python 3.12 in PyPI classifiers,chore,,False,tech_debt
63273,63271,"build(deps): bump argcomplete from 3.1.4 to 3.2.1

Bumps [argcomplete](https://github.com/kislyuk/argcomplete) from 3.1.4 to 3.2.1.
- [Release notes](https://github.com/kislyuk/argcomplete/releases)
- [Changelog](https://github.com/kislyuk/argcomplete/blob/develop/Changes.rst)
- [Commits](https://github.com/kislyuk/argcomplete/compare/v3.1.4...v3.2.1)

---
updated-dependencies:
- dependency-name: argcomplete
  dependency-type: direct:production
  update-type: version-update:semver-minor
...

Signed-off-by: dependabot[bot] <support@github.com>",build,deps,False,tech_debt
63351,63349,"ci(deps): bump actions/labeler from 4 to 5

Bumps [actions/labeler](https://github.com/actions/labeler) from 4 to 5.
- [Release notes](https://github.com/actions/labeler/releases)
- [Commits](https://github.com/actions/labeler/compare/v4...v5)

---
updated-dependencies:
- dependency-name: actions/labeler
  dependency-type: direct:production
  update-type: version-update:semver-major
...

Signed-off-by: dependabot[bot] <support@github.com>",ci,deps,False,tech_debt
63855,63853,build(script): use latest ruff format,build,script,False,tech_debt
64364,64362,"ci(deps): bump actions/github-script from 6 to 7

Bumps [actions/github-script](https://github.com/actions/github-script) from 6 to 7.
- [Release notes](https://github.com/actions/github-script/releases)
- [Commits](https://github.com/actions/github-script/compare/v6...v7)

---
updated-dependencies:
- dependency-name: actions/github-script
  dependency-type: direct:production
  update-type: version-update:semver-major
...

Signed-off-by: dependabot[bot] <support@github.com>",ci,deps,False,tech_debt
64676,64674,ci(github-actions): move the generate sponsor step to docpublish workflow,ci,github-actions,False,tech_debt
64739,64737,"build(deps): bump argcomplete from 3.1.2 to 3.1.4

Bumps [argcomplete](https://github.com/kislyuk/argcomplete) from 3.1.2 to 3.1.4.
- [Release notes](https://github.com/kislyuk/argcomplete/releases)
- [Changelog](https://github.com/kislyuk/argcomplete/blob/develop/Changes.rst)
- [Commits](https://github.com/kislyuk/argcomplete/compare/v3.1.2...v3.1.4)

---
updated-dependencies:
- dependency-name: argcomplete
  dependency-type: direct:production
  update-type: version-update:semver-patch
...

Signed-off-by: dependabot[bot] <support@github.com>",build,deps,False,tech_debt
64909,64907,"build(deps-dev): bump ruff from 0.0.292 to 0.1.2

Bumps [ruff](https://github.com/astral-sh/ruff) from 0.0.292 to 0.1.2.
- [Release notes](https://github.com/astral-sh/ruff/releases)
- [Changelog](https://github.com/astral-sh/ruff/blob/main/CHANGELOG.md)
- [Commits](https://github.com/astral-sh/ruff/compare/v0.0.292...v0.1.2)

---
updated-dependencies:
- dependency-name: ruff
  dependency-type: direct:development
  update-type: version-update:semver-minor
...

Signed-off-by: dependabot[bot] <support@github.com>",build,deps-dev,False,tech_debt
65674,65672,"build(deps-dev): bump mkdocs-material from 9.4.3 to 9.4.4

Bumps [mkdocs-material](https://github.com/squidfunk/mkdocs-material) from 9.4.3 to 9.4.4.
- [Release notes](https://github.com/squidfunk/mkdocs-material/releases)
- [Changelog](https://github.com/squidfunk/mkdocs-material/blob/master/CHANGELOG)
- [Commits](https://github.com/squidfunk/mkdocs-material/compare/9.4.3...9.4.4)

---
updated-dependencies:
- dependency-name: mkdocs-material
  dependency-type: direct:development
  update-type: version-update:semver-patch
...

Signed-off-by: dependabot[bot] <support@github.com>",build,deps-dev,False,tech_debt
66081,66079,"build(deps): bump typing-extensions from 4.7.1 to 4.8.0

Bumps [typing-extensions](https://github.com/python/typing_extensions) from 4.7.1 to 4.8.0.
- [Release notes](https://github.com/python/typing_extensions/releases)
- [Changelog](https://github.com/python/typing_extensions/blob/main/CHANGELOG.md)
- [Commits](https://github.com/python/typing_extensions/compare/4.7.1...4.8.0)

---
updated-dependencies:
- dependency-name: typing-extensions
  dependency-type: direct:production
  update-type: version-update:semver-minor
...

Signed-off-by: dependabot[bot] <support@github.com>",build,deps,False,tech_debt
66163,66161,"build(deps-dev): bump pre-commit from 2.21.0 to 3.4.0

Bumps [pre-commit](https://github.com/pre-commit/pre-commit) from 2.21.0 to 3.4.0.
- [Release notes](https://github.com/pre-commit/pre-commit/releases)
- [Changelog](https://github.com/pre-commit/pre-commit/blob/main/CHANGELOG.md)
- [Commits](https://github.com/pre-commit/pre-commit/compare/v2.21.0...v3.4.0)

---
updated-dependencies:
- dependency-name: pre-commit
  dependency-type: direct:development
  update-type: version-update:semver-major
...

Signed-off-by: dependabot[bot] <support@github.com>",build,deps-dev,False,tech_debt
67260,67258,"build(deps-dev): bump mkdocs-material from 9.2.4 to 9.2.7

Bumps [mkdocs-material](https://github.com/squidfunk/mkdocs-material) from 9.2.4 to 9.2.7.
- [Release notes](https://github.com/squidfunk/mkdocs-material/releases)
- [Changelog](https://github.com/squidfunk/mkdocs-material/blob/master/CHANGELOG)
- [Commits](https://github.com/squidfunk/mkdocs-material/compare/9.2.4...9.2.7)

---
updated-dependencies:
- dependency-name: mkdocs-material
  dependency-type: direct:development
  update-type: version-update:semver-patch
...

Signed-off-by: dependabot[bot] <support@github.com>",build,deps-dev,False,tech_debt
67533,67531,"build(deps-dev): bump pytest-regressions from 2.4.2 to 2.4.3

Bumps [pytest-regressions](https://github.com/ESSS/pytest-regressions) from 2.4.2 to 2.4.3.
- [Changelog](https://github.com/ESSS/pytest-regressions/blob/master/CHANGELOG.rst)
- [Commits](https://github.com/ESSS/pytest-regressions/compare/2.4.2...2.4.3)

---
updated-dependencies:
- dependency-name: pytest-regressions
  dependency-type: direct:development
  update-type: version-update:semver-patch
...

Signed-off-by: dependabot[bot] <support@github.com>",build,deps-dev,False,tech_debt
67571,67569,"refactor(provider): split providers into separate files for maintainability

closes #812",refactor,provider,False,tech_debt
67640,67638,refactor(provider): import all providers to providers/__init__.py to preserve plugin config,refactor,provider,False,tech_debt
67667,67665,"refactor(provider): split providers into separate files for maintainability

closes #812",refactor,provider,False,tech_debt
67755,67753,refactor(provider): remove unnecessary TYPE_CHECKING from provider tests,refactor,provider,False,tech_debt
67763,67761,refactor(provider): import all providers to providers/__init__.py to preserve plugin config,refactor,provider,False,tech_debt
68021,68019,Merge branch 'master' into chore/provider-refactor,other,,False,other
68333,68331,"build(deps-dev): bump mkdocs-material from 9.1.21 to 9.2.1

Bumps [mkdocs-material](https://github.com/squidfunk/mkdocs-material) from 9.1.21 to 9.2.1.
- [Release notes](https://github.com/squidfunk/mkdocs-material/releases)
- [Changelog](https://github.com/squidfunk/mkdocs-material/blob/master/CHANGELOG)
- [Commits](https://github.com/squidfunk/mkdocs-material/compare/9.1.21...9.2.1)

---
updated-dependencies:
- dependency-name: mkdocs-material
  dependency-type: direct:development
  update-type: version-update:semver-minor
...

Signed-off-by: dependabot[bot] <support@github.com>",build,deps-dev,False,tech_debt
69321,69319,"build(deps-dev): bump ruff from 0.0.280 to 0.0.281

Bumps [ruff](https://github.com/astral-sh/ruff) from 0.0.280 to 0.0.281.
- [Release notes](https://github.com/astral-sh/ruff/releases)
- [Changelog](https://github.com/astral-sh/ruff/blob/main/BREAKING_CHANGES.md)
- [Commits](https://github.com/astral-sh/ruff/compare/v0.0.280...v0.0.281)

---
updated-dependencies:
- dependency-name: ruff
  dependency-type: direct:development
  update-type: version-update:semver-patch
...

Signed-off-by: dependabot[bot] <support@github.com>",build,deps-dev,False,tech_debt
70430,70428,"build(deps-dev): bump types-python-dateutil from 2.8.19.13 to 2.8.19.14

Bumps [types-python-dateutil](https://github.com/python/typeshed) from 2.8.19.13 to 2.8.19.14.
- [Commits](https://github.com/python/typeshed/commits)

---
updated-dependencies:
- dependency-name: types-python-dateutil
  dependency-type: direct:development
  update-type: version-update:semver-patch
...

Signed-off-by: dependabot[bot] <support@github.com>",build,deps-dev,False,tech_debt
70794,70792,"ci(github-actions): fix pr labeling

we should use 'pr-status: wait-for-review' for newly created PRs",ci,github-actions,False,tech_debt
71660,71658,build(poetry): upgrade mypy to 1.4.0,build,poetry,False,tech_debt
72071,72069,docs: blackify example code,docs,,False,docs
72087,72085,docs: fix typo,docs,,False,docs
72100,72098,ci(github-action): remove dependabot scope as the bot will generate it,ci,github-action,False,tech_debt
72262,72260,"build(poetry)(deps): bump requests from 2.28.2 to 2.31.0

Bumps [requests](https://github.com/psf/requests) from 2.28.2 to 2.31.0.
- [Release notes](https://github.com/psf/requests/releases)
- [Changelog](https://github.com/psf/requests/blob/main/HISTORY.md)
- [Commits](https://github.com/psf/requests/compare/v2.28.2...v2.31.0)

---
updated-dependencies:
- dependency-name: requests
  dependency-type: indirect
...

Signed-off-by: dependabot[bot] <support@github.com>",other,,False,other
72306,72304,"build(poetry)(deps-dev): bump types-pyyaml from 5.4.12 to 6.0.12.10

Bumps [types-pyyaml](https://github.com/python/typeshed) from 5.4.12 to 6.0.12.10.
- [Commits](https://github.com/python/typeshed/commits)

---
updated-dependencies:
- dependency-name: types-pyyaml
  dependency-type: direct:development
  update-type: version-update:semver-major
...

Signed-off-by: dependabot[bot] <support@github.com>",other,,False,other
72900,72898,"feat(version-schemes): expose `version_schemes` as a `commitizen.scheme` endpoint.

Refactors `version_types` (which is now deprecated) into `version_schemes`,
exposes them through a `commitizen.scheme` entrypoint and ensure it
encapsulates all the versionning logic for parsing and bumping.",feat,version-schemes,False,feature_work
72908,72906,style(mypy): ignore `py.*` legacy `pytest` imports,style,mypy,False,tech_debt
73047,73045,docs(tutorials): add tutorial for automatically preparing commit message,docs,tutorials,False,docs
73139,73137,docs(tutorials): add installation guide and feature overview for hooks,docs,tutorials,False,docs
73201,73199,fix(init): poetry detection,fix,init,False,bug_fixes
73545,73543,refactor: apply black v23,refactor,,False,tech_debt
74252,74250,fix(excepthook): ensure traceback can only be a `TracebackType` or `None`,fix,excepthook,False,bug_fixes
74596,74594,"fix(init): welcome message

Co-authored-by: Wei Lee <weilee.rx@gmail.com>",fix,init,False,bug_fixes
74669,74667,style: format codebase with the latest black,style,,False,tech_debt
74964,74962,"build(poetry)(deps-dev): bump black from 22.12.0 to 23.3.0

Bumps [black](https://github.com/psf/black) from 22.12.0 to 23.3.0.
- [Release notes](https://github.com/psf/black/releases)
- [Changelog](https://github.com/psf/black/blob/main/CHANGES.md)
- [Commits](https://github.com/psf/black/compare/22.12.0...23.3.0)

---
updated-dependencies:
- dependency-name: black
  dependency-type: direct:development
  update-type: version-update:semver-major
...

Signed-off-by: dependabot[bot] <support@github.com>",other,,False,other
75706,75704,test(git): ensures that global git user settings are not interfering with the tests,test,git,False,tech_debt
75859,75857,"feat: add semver support through version provider new api (#686)

* feat(bump): version_provider=semver optional option to make version compatible with semver

Signed-off-by: apkawa <apkawa@gmail.com>

* refactor(bump): version_provider rename to version_type; `pep` option rename to `pep440`

Signed-off-by: apkawa <apkawa@gmail.com>

* docs(bump): add `version_type` info to config.md

Signed-off-by: apkawa <apkawa@gmail.com>

* refactor(bump): to use VersionProtocol interface instead packaging.Version subclass

Signed-off-by: apkawa <apkawa@gmail.com>

* test(bump): `VersionProtocol` workaround mypy for py==3.7

Signed-off-by: apkawa <apkawa@gmail.com>

* fix(changelog): `changelog` command does not find version tag with `version_type=semver` option

Signed-off-by: apkawa <apkawa@gmail.com>

* refactor: minor review fixes

* test(changelog): fix test_changelog_incremental_with_merge_prerelease issue with freeze_time

Signed-off-by: apkawa <apkawa@gmail.com>

---------

Signed-off-by: apkawa <apkawa@gmail.com>",feat,,False,feature_work
76428,76426,build(poetry): bump `types-PyYAML` dev dependency,build,poetry,False,tech_debt
76794,76792,"build(poetry): clean up PyPI trove classifiers

Poetry [automatically adds](https://python-poetry.org/docs/pyproject/#classifiers) Python and licence classifiers.",build,poetry,False,tech_debt
77226,77224,"fix(commands/changelog): use topological order for commit ordering

Topological ordering should be used when ordering commits in changelog history.
This allows commits to be shown properly in the order they were added to the codebase,
even if non-linear merges were used",fix,commands/changelog,False,bug_fixes
79486,79484,"feat(template): allow to override the template from cli, configuration and plugins

Fixes #132
Fixes #384
Fixes #433
Closes #376
Closes #640",feat,template,False,feature_work
81189,81187,"feat(yaml_config): add explicit_start for yaml output

generate cz.yaml that comply yamllint",feat,yaml_config,False,feature_work
81602,81600,style(bump.py): add type hinting to `update_version_in_files`,style,bump.py,False,tech_debt
82610,82608,feat: add major-version-zero option to support initial package development,feat,,False,feature_work
84803,84801,test(test_bump_command.py): ensure that `CHANGELOG.md` and version files get committed,test,test_bump_command.py,False,tech_debt
87894,87892,"use RSA, on macos default fallback to elliptic curve",other,,False,other
87944,87942,align naming convention to git standard,other,,False,other
88603,88601,"refactor(changelog): Simplify incremental_build

- Specify what output_lines and lines are lists of, namely strings.
- Remove unnecessary test of whether latest_version_position is an int since
  x != None for any integer x.
- Replace two consecutive list.append calls with a single list.extend call.",refactor,changelog,False,tech_debt
88611,88609,"feat(changelog): Improve whitespace in changelog

Ensure there is at least one blank line separating old and new content.
We already separate the log entries for each release with blank lines,
so separate pre-existing content from the first release with a blank
line as well. If the pre-existing content ends in a blank line, then
don't add an extra one.",feat,changelog,False,feature_work
89082,89080,ttttttttt:ttttttttt,other,,False,other
91503,91501,build(poetry): move typing-extension to prod dep and group dev deps,build,poetry,False,tech_debt
91611,91609,"refactor(defaults): move bump_map, bump_pattern, commit_parser from defaults to ConventionalCommitsCz

These defaults are not defaults for other cz",refactor,defaults,False,tech_debt
91619,91617,test: move default config to top level conftest.py,test,,False,tech_debt
91651,91649,refactor(config): add CzSettings and Questions TypedDict,refactor,config,False,tech_debt
92642,92640,style(pre-commit): add tests file under commands into pre-commit end-of-line fixer exclude,style,pre-commit,False,tech_debt
94942,94940,docs(README): fix URL in README.md,docs,README,False,docs
95786,95784,docs(README): add pre-commit badge,docs,README,False,docs
96015,96013,"test(bump): add test case that fails when using regex with version file without end of line

if we bump with version file with no end of line through regex, the last version will be ignored",test,bump,False,tech_debt
99549,99547,"fix(commit): attach user info to backup for permission denied issue

When multi users commit in the same machine shared backup will cause permission deny.
To resolve this issue, attach user info to the name of backup commit.",fix,commit,False,bug_fixes
99729,99727,"docs(dosc/config): add instructions on how to define a json config file

120",docs,dosc/config,False,docs
99970,99968,"docs: inform about GITHUB_TOKEN vs PERSONAL_ACCESS_TOKEN in Github actions tutorial

Closes #271",docs,,False,docs
360,358,docs(config/configuration_file): group config examples in tabbed code blocks,docs,config/configuration_file,False,docs
1677,1675,docs: add VHS tape for cz commit interactive demo,docs,,False,docs
1685,1683,ci(gen_cli_help_screenshots): add gen_interactive_screenshots function,ci,gen_cli_help_screenshots,False,tech_debt
2133,2131,Initial plan,other,,False,other
5745,5743,build: fix mkdocs dev server hot reload failure issue,build,,False,tech_debt
6947,6945,test(git): commit parsing logic matches implementation,test,git,False,tech_debt
7671,7669,Merge branch 'master' into docs/config-option-documented,other,,False,other
8156,8154,ci(bump): fix the missing permissions for trusted publishing (fix #1759),ci,bump,False,tech_debt
8466,8464,Merge branch 'master' into docs/custom-commitizen-package-install,other,,False,other
8494,8492,docs(config/version_provider.md): correct indent,docs,config/version_provider.md,False,docs
8521,8519,docs: update contribution guide related to uv,docs,,False,docs
9286,9284,"test(warning): introduce a `UtilFixture` helper and remove git `wait_for_tag()` function, removing the associated warnings",test,warning,False,tech_debt
9565,9563,build(tox): do not use poetry anymore and use the builtin `dependency-group` support,build,tox,False,tech_debt
10128,10126,test(commands): centralize all --help tests in a file to dedup code,test,commands,False,tech_debt
10893,10891,perf: add TYPE_CHECKING to CzQuestion imports,perf,,False,tech_debt
12269,12267,style(ruff): enable S101 check to avoid assert usage in production code,style,ruff,False,tech_debt
14556,14554,"ci(deps): bump actions/checkout from 5 to 6

Bumps [actions/checkout](https://github.com/actions/checkout) from 5 to 6.
- [Release notes](https://github.com/actions/checkout/releases)
- [Changelog](https://github.com/actions/checkout/blob/main/CHANGELOG.md)
- [Commits](https://github.com/actions/checkout/compare/v5...v6)

---
updated-dependencies:
- dependency-name: actions/checkout
  dependency-version: '6'
  dependency-type: direct:production
  update-type: version-update:semver-major
...

Signed-off-by: dependabot[bot] <support@github.com>",ci,deps,False,tech_debt
16625,16623,docs(Check): add missing raise exception in __call__,docs,Check,False,docs
16649,16647,"refactor(BaseConfig): update docstring, extract factory method and remove unnecessary variable assignment",refactor,BaseConfig,False,tech_debt
16657,16655,refactor(Init): make project_info a module and remove self.project_info,refactor,Init,False,tech_debt
17032,17030,docs: add contributing for nix users,docs,,False,docs
17609,17607,"feat(commit-input): add multiline feature

- Add ability to the answer inputs to aacept multilines.
- No more accidental Enter key, now Enter key only breaks the line into a new line and it can be removed/undo using backspace key normally.
- Now the user can submit the commit only when he is sure by pressing combination of Alt + Enter.

BREAKING CHANGE:",feat,commit-input,False,feature_work
17636,17634,"fix(test_commit_command): update test assertions for multiline input feature

- Replace assert_called_once() with assert called for prompt mocks
- Tests now work with new multiline behavior that calls questionary.prompt multiple times",fix,test_commit_command,False,bug_fixes
18661,18659,docs(Check): add missing raise exception in __call__,docs,Check,False,docs
20388,20386,refactor(changelog): shorten condition expression and early return,refactor,changelog,False,tech_debt
20420,20418,refactor(Init): fix unbounded variable in _ask_tag_format,refactor,Init,False,tech_debt
20826,20824,"ci(deps): bump actions/setup-python from 5 to 6

Bumps [actions/setup-python](https://github.com/actions/setup-python) from 5 to 6.
- [Release notes](https://github.com/actions/setup-python/releases)
- [Commits](https://github.com/actions/setup-python/compare/v5...v6)

---
updated-dependencies:
- dependency-name: actions/setup-python
  dependency-version: '6'
  dependency-type: direct:production
  update-type: version-update:semver-major
...

Signed-off-by: dependabot[bot] <support@github.com>",ci,deps,False,tech_debt
20989,20987,fix: cargo workspaces,fix,,False,bug_fixes
21773,21771,feat: add config option for line length warning,feat,,False,feature_work
22080,22078,"ci(deps): bump dawidd6/action-homebrew-bump-formula from 4 to 5

Bumps [dawidd6/action-homebrew-bump-formula](https://github.com/dawidd6/action-homebrew-bump-formula) from 4 to 5.
- [Release notes](https://github.com/dawidd6/action-homebrew-bump-formula/releases)
- [Commits](https://github.com/dawidd6/action-homebrew-bump-formula/compare/v4...v5)

---
updated-dependencies:
- dependency-name: dawidd6/action-homebrew-bump-formula
  dependency-version: '5'
  dependency-type: direct:production
  update-type: version-update:semver-major
...

Signed-off-by: dependabot[bot] <support@github.com>",ci,deps,False,tech_debt
24650,24648,fix(init): make welcome message easier to read,fix,init,False,bug_fixes
25396,25394,test(git): add test for from_rev_and_commit,test,git,False,tech_debt
25532,25530,"refactor(changelog): better typing, yield",refactor,changelog,False,tech_debt
25733,25731,fix(BaseConfig): mypy error,fix,BaseConfig,False,bug_fixes
25757,25755,refactor(changelog): type untyped arguments,refactor,changelog,False,tech_debt
25797,25795,"refactor(commands): remove unused args, type version command args",refactor,commands,False,tech_debt
26040,26038,refactor(bump): clean up,refactor,bump,False,tech_debt
26104,26102,refactor(mypy): remove `unused-ignore`,refactor,mypy,False,tech_debt
26120,26118,refactor: add comment clarifying `no_raise` parsing to `list[int]`,refactor,,False,tech_debt
26128,26126,"refactor: remove `TypeError` handling since `Python >=3.9` is required

Since the project requires Python >=3.9, argparse only raises SystemExit
when non-existent commands are provided, making TypeError handling unnecessary.",refactor,,False,tech_debt
26216,26214,style: type untyped methods,style,,False,tech_debt
26232,26230,style: better type,style,,False,tech_debt
26493,26491,style: type untyped methods,style,,False,tech_debt
26589,26587,refactor(commit): type commit args,refactor,commit,False,tech_debt
28502,28500,refactor: misc cleanup,refactor,,False,tech_debt
28510,28508,refactor(git): extract _create_commit_cmd_string,refactor,git,False,tech_debt
28534,28532,build(termcolor): remove termcolor <3 restriction,build,termcolor,False,tech_debt
28982,28980,refactor(commit): simplify call,refactor,commit,False,tech_debt
28998,28996,refactor(git): code cleanup and better test coverage,refactor,git,False,tech_debt
29078,29076,test(bump): improve test coverage,test,bump,False,tech_debt
29334,29332,style: type untyped methods,style,,False,tech_debt
29599,29597,refactor(conventional_commits): use TypedDict for answers,refactor,conventional_commits,False,tech_debt
30539,30537,perf(tags): use set,perf,tags,False,tech_debt
30579,30577,style: type untyped methods,style,,False,tech_debt
30595,30593,style: better type,style,,False,tech_debt
30816,30814,refactor(bump): use any to replace 'or' chain,refactor,bump,False,tech_debt
31197,31195,refactor(changelog): code cleanup,refactor,changelog,False,tech_debt
31266,31264,test(changelog): cover more smart tag range test cases,test,changelog,False,tech_debt
31644,31642,refactor(changelog): minor cleanup,refactor,changelog,False,tech_debt
31684,31682,test(bump): improve test coverage,test,bump,False,tech_debt
31796,31794,fix(deprecated): mark deprecate in v5,fix,deprecated,False,bug_fixes
31884,31882,style: type untyped methods,style,,False,tech_debt
32113,32111,refactor(git): simplify tag logic,refactor,git,False,tech_debt
32364,32362,refactor(check): remove unnecessary list construction,refactor,check,False,tech_debt
33540,33538,docs(bug_report): add fallback command if cz version --report is not available,docs,bug_report,False,docs
34458,34456,refactor(commit): simplify call,refactor,commit,False,tech_debt
34720,34718,test(init): add yaml not a dict test case,test,init,False,tech_debt
35245,35243,test(git): add test for from_rev_and_commit,test,git,False,tech_debt
35900,35898,refactor(factory): fix typo commiter -> committer,refactor,factory,False,tech_debt
36246,36244,docs(README.md): sync help section with the latest `cz --help` command output,docs,README.md,False,docs
36367,36365,docs: capitalize commitizen for consistency,docs,,False,docs
36861,36859,docs: Fix the changelog_pattern regex in the monorepo tutorial,docs,,False,docs
38126,38124,build(pyproject.toml): fix license metadata,build,pyproject.toml,False,tech_debt
39771,39769,"build(deps-dev): bump ruff from 0.8.5 to 0.9.3

Bumps [ruff](https://github.com/astral-sh/ruff) from 0.8.5 to 0.9.3.
- [Release notes](https://github.com/astral-sh/ruff/releases)
- [Changelog](https://github.com/astral-sh/ruff/blob/main/CHANGELOG.md)
- [Commits](https://github.com/astral-sh/ruff/compare/0.8.5...0.9.3)

---
updated-dependencies:
- dependency-name: ruff
  dependency-type: direct:development
  update-type: version-update:semver-minor
...

Signed-off-by: dependabot[bot] <support@github.com>",build,deps-dev,False,tech_debt
40363,40361,"fix: correciton des tests

J ai corrige le format de cz afin d y introduire le langage

BREAKING CHANGE:",fix,,False,bug_fixes
40371,40369,"feat(file): adding tests for the multilanguage version

test to be sure that all the case are looked. The language option give the oppotunity to choose on wich language you want to display infomation during the commit",feat,file,False,feature_work
42211,42209,refactor(get_tag_regexes): dedup tag regexes definition,refactor,get_tag_regexes,False,tech_debt
42937,42935,"build(pre-commit): migrate pre-commit config

When running `pre-commit run --all-files`, the following error was encountered.

```
[WARNING] hook id `commitizen-branch` uses deprecated stage names (push) which will be removed in a future version.  run: `pre-commit migrate-config` to automatically fix this.
[WARNING] hook id `linter and test` uses deprecated stage names (push) which will be removed in a future version.  run: `pre-commit migrate-config` to automatically fix this.
[WARNING] top-level `default_stages` uses deprecated stage names (commit, push) which will be removed in a future version.  run: `pre-commit migrate-config` to automatically fix this.
```

This commit only only migrates the pre-commit config to the latest version.",build,pre-commit,False,tech_debt
43646,43644,"build(deps-dev): bump mypy from 1.12.0 to 1.12.1

Bumps [mypy](https://github.com/python/mypy) from 1.12.0 to 1.12.1.
- [Changelog](https://github.com/python/mypy/blob/master/CHANGELOG.md)
- [Commits](https://github.com/python/mypy/compare/v1.12.0...v1.12.1)

---
updated-dependencies:
- dependency-name: mypy
  dependency-type: direct:development
  update-type: version-update:semver-patch
...

Signed-off-by: dependabot[bot] <support@github.com>",build,deps-dev,False,tech_debt
43744,43742,fix(customize.py): default questions as super().questions() instead of [{}],fix,customize.py,False,bug_fixes
44609,44607,"docs(third-party-commitizen): uniformize the third party page

- Create a top level heading for provider to mirror the template heading
- Uniformize the installation/usage sub-heading for each template/provider
- Uniformize the code-block syntax highlighting",docs,third-party-commitizen,False,docs
46496,46494,"build(deps-dev): bump ruff from 0.6.1 to 0.6.2

Bumps [ruff](https://github.com/astral-sh/ruff) from 0.6.1 to 0.6.2.
- [Release notes](https://github.com/astral-sh/ruff/releases)
- [Changelog](https://github.com/astral-sh/ruff/blob/main/CHANGELOG.md)
- [Commits](https://github.com/astral-sh/ruff/compare/0.6.1...0.6.2)

---
updated-dependencies:
- dependency-name: ruff
  dependency-type: direct:development
  update-type: version-update:semver-patch
...

Signed-off-by: dependabot[bot] <support@github.com>",build,deps-dev,False,tech_debt
46919,46917,"docs(readme): document 'pipx' alternative installation steps

Issue: #1113
---

Signed-off-by: Adrian DC <radian.dc@gmail.com>",docs,readme,False,docs
47628,47626,"build(deps-dev): bump ruff from 0.5.6 to 0.5.7

Bumps [ruff](https://github.com/astral-sh/ruff) from 0.5.6 to 0.5.7.
- [Release notes](https://github.com/astral-sh/ruff/releases)
- [Changelog](https://github.com/astral-sh/ruff/blob/main/CHANGELOG.md)
- [Commits](https://github.com/astral-sh/ruff/compare/0.5.6...0.5.7)

---
updated-dependencies:
- dependency-name: ruff
  dependency-type: direct:development
  update-type: version-update:semver-patch
...

Signed-off-by: dependabot[bot] <support@github.com>",build,deps-dev,False,tech_debt
48418,48416,"build(deps): bump importlib-metadata from 8.1.0 to 8.2.0

Bumps [importlib-metadata](https://github.com/python/importlib_metadata) from 8.1.0 to 8.2.0.
- [Release notes](https://github.com/python/importlib_metadata/releases)
- [Changelog](https://github.com/python/importlib_metadata/blob/main/NEWS.rst)
- [Commits](https://github.com/python/importlib_metadata/compare/v8.1.0...v8.2.0)

---
updated-dependencies:
- dependency-name: importlib-metadata
  dependency-type: direct:production
  update-type: version-update:semver-minor
...

Signed-off-by: dependabot[bot] <support@github.com>",build,deps,False,tech_debt
48571,48569,"build(deps-dev): bump mypy from 1.10.1 to 1.11.0

Bumps [mypy](https://github.com/python/mypy) from 1.10.1 to 1.11.0.
- [Changelog](https://github.com/python/mypy/blob/master/CHANGELOG.md)
- [Commits](https://github.com/python/mypy/compare/v1.10.1...v1.11)

---
updated-dependencies:
- dependency-name: mypy
  dependency-type: direct:development
  update-type: version-update:semver-minor
...

Signed-off-by: dependabot[bot] <support@github.com>",build,deps-dev,False,tech_debt
48799,48797,"build(deps-dev): bump mkdocs-material from 9.5.28 to 9.5.29

Bumps [mkdocs-material](https://github.com/squidfunk/mkdocs-material) from 9.5.28 to 9.5.29.
- [Release notes](https://github.com/squidfunk/mkdocs-material/releases)
- [Changelog](https://github.com/squidfunk/mkdocs-material/blob/master/CHANGELOG)
- [Commits](https://github.com/squidfunk/mkdocs-material/compare/9.5.28...9.5.29)

---
updated-dependencies:
- dependency-name: mkdocs-material
  dependency-type: direct:development
  update-type: version-update:semver-patch
...

Signed-off-by: dependabot[bot] <support@github.com>",build,deps-dev,False,tech_debt
49231,49229,feat: add build metadata,feat,,False,feature_work
49579,49577,test: update tests with less redundant output generated by argparse --help in Python 3.13,test,,False,tech_debt
49678,49676,"build(deps): bump importlib-metadata from 7.2.1 to 8.0.0

Bumps [importlib-metadata](https://github.com/python/importlib_metadata) from 7.2.1 to 8.0.0.
- [Release notes](https://github.com/python/importlib_metadata/releases)
- [Changelog](https://github.com/python/importlib_metadata/blob/main/NEWS.rst)
- [Commits](https://github.com/python/importlib_metadata/compare/v7.2.1...v8.0.0)

---
updated-dependencies:
- dependency-name: importlib-metadata
  dependency-type: direct:production
  update-type: version-update:semver-major
...

Signed-off-by: dependabot[bot] <support@github.com>",build,deps,False,tech_debt
456,454,test(git): add tests for get_filenames_in_commit with git_reference,test,git,False,tech_debt
1577,1575,test: replace legacy tmpdir with tmp_path,test,,False,tech_debt
1642,1640,Merge branch 'master' into fix/mypy-index-error,other,,False,other
1812,1810,docs: update VHS tape output paths to cli_interactive directory,docs,,False,docs
1913,1911,Initial plan,other,,False,other
2291,2289,"fix: add explicit UTF-8 encoding to all file read/write operations

On Windows, Path.read_text() and Path.write_text() use the system
default encoding (e.g. CP1251) instead of UTF-8. This causes
UnicodeDecodeError when config files contain non-ASCII characters
such as Cyrillic text in commitizen customization options.

Fixes #1636",fix,,False,bug_fixes
2891,2889,test: remove duplicated chdir fixture,test,,False,tech_debt
4011,4009,test: update test files,test,,False,tech_debt
4985,4983,docs: add revision date plugin,docs,,False,docs
5496,5494,test(config): shorten config file factory tests,test,config,False,tech_debt
6147,6145,test(cli): shorten no_raise tests,test,cli,False,tech_debt
8455,8453,docs(config/version_provider.md): added editable install instructions for provider,docs,config/version_provider.md,False,docs
9971,9969,"ci(deps): bump actions/checkout from 5 to 6

Bumps [actions/checkout](https://github.com/actions/checkout) from 5 to 6.
- [Release notes](https://github.com/actions/checkout/releases)
- [Changelog](https://github.com/actions/checkout/blob/main/CHANGELOG.md)
- [Commits](https://github.com/actions/checkout/compare/v5...v6)

---
updated-dependencies:
- dependency-name: actions/checkout
  dependency-version: '6'
  dependency-type: direct:production
  update-type: version-update:semver-major
...

Signed-off-by: dependabot[bot] <support@github.com>",ci,deps,False,tech_debt
11723,11721,Merge branch 'master' into feature/single-number-version,other,,False,other
11767,11765,feat(tags): add support for finding latest matching tag for incomplete version,feat,tags,False,feature_work
12349,12347,fix(version): fix the behavior of cz version --major,fix,version,False,bug_fixes
12614,12612,ci: add link checker,ci,,False,tech_debt
13136,13134,"ci(deps): bump dawidd6/action-homebrew-bump-formula from 6 to 7

Bumps [dawidd6/action-homebrew-bump-formula](https://github.com/dawidd6/action-homebrew-bump-formula) from 6 to 7.
- [Release notes](https://github.com/dawidd6/action-homebrew-bump-formula/releases)
- [Commits](https://github.com/dawidd6/action-homebrew-bump-formula/compare/v6...v7)

---
updated-dependencies:
- dependency-name: dawidd6/action-homebrew-bump-formula
  dependency-version: '7'
  dependency-type: direct:production
  update-type: version-update:semver-major
...

Signed-off-by: dependabot[bot] <support@github.com>",ci,deps,False,tech_debt
13668,13666,"docs(monorepo_guidance): fix wording and grammar issues, update structure",docs,monorepo_guidance,False,docs
14093,14091,refactor(version): rename class member to align with other classes,refactor,version,False,tech_debt
14262,14260,style(ruff): enable S101 check to avoid assert usage in production code,style,ruff,False,tech_debt
14610,14608,"ci(deps): bump dawidd6/action-homebrew-bump-formula from 5 to 6

Bumps [dawidd6/action-homebrew-bump-formula](https://github.com/dawidd6/action-homebrew-bump-formula) from 5 to 6.
- [Release notes](https://github.com/dawidd6/action-homebrew-bump-formula/releases)
- [Commits](https://github.com/dawidd6/action-homebrew-bump-formula/compare/v5...v6)

---
updated-dependencies:
- dependency-name: dawidd6/action-homebrew-bump-formula
  dependency-version: '6'
  dependency-type: direct:production
  update-type: version-update:semver-major
...

Signed-off-by: dependabot[bot] <support@github.com>",ci,deps,False,tech_debt
14766,14764,docs(third-party): resturcture commitizen plugin documentation,docs,third-party,False,docs
15755,15753,docs(bump): add example to version file,docs,bump,False,docs
16521,16519,refactor(BaseCommitizen): construct Style object directly to get rid of potential type error,refactor,BaseCommitizen,False,tech_debt
16577,16575,refactor(ConventionalCommitsCz): rewrite message method to make the pattern more clear,refactor,ConventionalCommitsCz,False,tech_debt
16617,16615,refactor(utils): make get_backup_file_path to return a path for semantic correctness,refactor,utils,False,tech_debt
16721,16719,"fix(test): set terminal width for cli tests

Force consistent terminal width for tests to avoid wrapping differences
between single and multi-worker pytest modes

Signed-off-by: Sebastien Fusilier <sebastien.fusilier@gmail.com>",fix,test,False,bug_fixes
18290,18288,style(UvProvider): fix typo in comment,style,UvProvider,False,tech_debt
19159,19157,refactor(Init): make project_info a module and remove self.project_info,refactor,Init,False,tech_debt
19272,19270,"fix(Init): raise InitFailedError on keyboard interrupt on pre-commit hook question, simplify logic, remove unreachable code path",fix,Init,False,bug_fixes
19824,19822,"test(SemVer): refine tests and remove unnecessary tests which test the behavior of library, improve readability with NamedTuple",test,SemVer,False,tech_debt
20548,20546,"refactor(changelog): add get_next_tag_name_after_version and test, mark unused for get_smart_tag_range",refactor,changelog,False,tech_debt
21208,21206,"build(deps): exclude prompt_toolkit 3.0.52 due to questionary compatibility issue

Issue: https://github.com/tmbo/questionary/issues/454",build,deps,False,tech_debt
22040,22038,build: remove not needed importlib-metadata dependency for python >= 3.10,build,,False,tech_debt
22072,22070,ci(github-actions): set organization to true for JamesIves/github-sponsors-readme-action@v1,ci,github-actions,False,tech_debt
25081,25079,feat(check): add check against default branch,feat,check,False,feature_work
25412,25410,refactor(EOLType): add eol enum back and reorganize methods,refactor,EOLType,False,tech_debt
25773,25771,style(bump): rename class for consistency,style,bump,False,tech_debt
25877,25875,refactor(bump): use any to replace 'or' chain,refactor,bump,False,tech_debt
25893,25891,ci: regenerate poetry lock,ci,,False,tech_debt
26024,26022,refactor(BaseConfig): use setter,refactor,BaseConfig,False,tech_debt
26176,26174,style(tags): improve types,style,tags,False,tech_debt
26437,26435,ci(mypy): fix linter error,ci,mypy,False,tech_debt
26613,26611,docs(bump): comment on a stupid looking pattern,docs,bump,False,docs
27616,27614,ci(pyproject.toml): strict check for invalid commit messages,ci,pyproject.toml,False,tech_debt
27624,27622,docs(pyproject.toml): move check-commit before cover,docs,pyproject.toml,False,docs
28486,28484,test(bump): improve test coverage,test,bump,False,tech_debt
28824,28822,refactor(mypy): remove `unused-ignore`,refactor,mypy,False,tech_debt
29880,29878,refactor(check): compile once and rename variable,refactor,check,False,tech_debt
30187,30185,test(bump): improve test coverage,test,bump,False,tech_debt
30649,30647,refactor(bump): TypedDict for bump argument,refactor,bump,False,tech_debt
31732,31730,build(termcolor): remove termcolor <3 restriction,build,termcolor,False,tech_debt
31820,31818,build(ruff): add RUF022 & RUF100 rules,build,ruff,False,tech_debt
31932,31930,build(mypy): remove disallow_untyped_defs because it's already done by ruff rules,build,mypy,False,tech_debt
32044,32042,style(changelog): add TODO to fixable type ignores,style,changelog,False,tech_debt
32052,32050,style(cli): more specific type ignore,style,cli,False,tech_debt
32153,32151,refactor(questions): type questions with TypedDict,refactor,questions,False,tech_debt
33628,33626,docs(label_issues): add comment,docs,label_issues,False,docs
33957,33955,fix(bump_rule): support flexible bump map,fix,bump_rule,False,bug_fixes
33965,33963,refactor(bump): remove unused var,refactor,bump,False,tech_debt
34410,34408,refactor(check): simplify code,refactor,check,False,tech_debt
35214,35212,refactor(git): code cleanup and better test coverage,refactor,git,False,tech_debt
36302,36300,docs(README): update get project version section,docs,README,False,docs
37601,37599,Update init.py,other,,False,other
38391,38389,ci(pre-commit): update `pre-commit` hooks to latest version and fix detected errors,ci,pre-commit,False,tech_debt
38447,38445,fix(tags): import `Self` from `typing` for Python 3.11+,fix,tags,False,bug_fixes
38671,38669,"fix(bump): manual version bump if prerelease offset is configured

If you use the prerelase offset in the .cz.toml, as in the following
example, no bump with a manual version number is possible.

The error occurs when bumping with manual version number:
cz  bump 9.8.7
--prerelease-offset cannot be combined with MANUAL_VERSION

```toml
[tool.commitizen]
changelog_incremental = true
tag_format = ""v$version""
update_changelog_on_bump = true
version = ""1.2.0b13""
prerelease_offset = 1
```",fix,bump,False,bug_fixes
39601,39599,style(hooks): improve type annotation,style,hooks,False,tech_debt
39847,39845,"build(deps): bump importlib-metadata from 8.5.0 to 8.6.1

Bumps [importlib-metadata](https://github.com/python/importlib_metadata) from 8.5.0 to 8.6.1.
- [Release notes](https://github.com/python/importlib_metadata/releases)
- [Changelog](https://github.com/python/importlib_metadata/blob/main/NEWS.rst)
- [Commits](https://github.com/python/importlib_metadata/compare/v8.5.0...v8.6.1)

---
updated-dependencies:
- dependency-name: importlib-metadata
  dependency-type: direct:production
  update-type: version-update:semver-minor
...

Signed-off-by: dependabot[bot] <support@github.com>",build,deps,False,tech_debt
39949,39947,"build(deps-dev): bump mkdocs-material from 9.5.49 to 9.5.50

Bumps [mkdocs-material](https://github.com/squidfunk/mkdocs-material) from 9.5.49 to 9.5.50.
- [Release notes](https://github.com/squidfunk/mkdocs-material/releases)
- [Changelog](https://github.com/squidfunk/mkdocs-material/blob/master/CHANGELOG)
- [Commits](https://github.com/squidfunk/mkdocs-material/compare/9.5.49...9.5.50)

---
updated-dependencies:
- dependency-name: mkdocs-material
  dependency-type: direct:development
  update-type: version-update:semver-patch
...

Signed-off-by: dependabot[bot] <support@github.com>",build,deps-dev,False,tech_debt
40610,40608,"fix: passing tests

corrcet the part of code that do not matched",fix,,False,bug_fixes
41139,41137,"build(deps-dev): bump ruff from 0.8.3 to 0.8.4

Bumps [ruff](https://github.com/astral-sh/ruff) from 0.8.3 to 0.8.4.
- [Release notes](https://github.com/astral-sh/ruff/releases)
- [Changelog](https://github.com/astral-sh/ruff/blob/main/CHANGELOG.md)
- [Commits](https://github.com/astral-sh/ruff/compare/0.8.3...0.8.4)

---
updated-dependencies:
- dependency-name: ruff
  dependency-type: direct:development
  update-type: version-update:semver-patch
...

Signed-off-by: dependabot[bot] <support@github.com>",build,deps-dev,False,tech_debt
41547,41545,"build(deps-dev): bump ruff from 0.8.1 to 0.8.2

Bumps [ruff](https://github.com/astral-sh/ruff) from 0.8.1 to 0.8.2.
- [Release notes](https://github.com/astral-sh/ruff/releases)
- [Changelog](https://github.com/astral-sh/ruff/blob/main/CHANGELOG.md)
- [Commits](https://github.com/astral-sh/ruff/compare/0.8.1...0.8.2)

---
updated-dependencies:
- dependency-name: ruff
  dependency-type: direct:development
  update-type: version-update:semver-patch
...

Signed-off-by: dependabot[bot] <support@github.com>",build,deps-dev,False,tech_debt
42035,42033,build(python)!: Drop support for Python 3.8 (EOL) and expose support for 3.13,build,python,True,tech_debt
42357,42355,"build(deps-dev): bump ruff from 0.7.4 to 0.8.0

Bumps [ruff](https://github.com/astral-sh/ruff) from 0.7.4 to 0.8.0.
- [Release notes](https://github.com/astral-sh/ruff/releases)
- [Changelog](https://github.com/astral-sh/ruff/blob/main/CHANGELOG.md)
- [Commits](https://github.com/astral-sh/ruff/compare/0.7.4...0.8.0)

---
updated-dependencies:
- dependency-name: ruff
  dependency-type: direct:development
  update-type: version-update:semver-minor
...

Signed-off-by: dependabot[bot] <support@github.com>",build,deps-dev,False,tech_debt
42574,42572,"build(deps-dev): bump deprecated from 1.2.14 to 1.2.15

Bumps [deprecated](https://github.com/laurent-laporte-pro/deprecated) from 1.2.14 to 1.2.15.
- [Release notes](https://github.com/laurent-laporte-pro/deprecated/releases)
- [Changelog](https://github.com/laurent-laporte-pro/deprecated/blob/master/CHANGELOG.rst)
- [Commits](https://github.com/laurent-laporte-pro/deprecated/compare/v1.2.14...v1.2.15)

---
updated-dependencies:
- dependency-name: deprecated
  dependency-type: direct:development
  update-type: version-update:semver-patch
...

Signed-off-by: dependabot[bot] <support@github.com>",build,deps-dev,False,tech_debt
43365,43363,"build(deps-dev): bump types-pyyaml

Bumps [types-pyyaml](https://github.com/python/typeshed) from 6.0.12.20240808 to 6.0.12.20240917.
- [Commits](https://github.com/python/typeshed/commits)

---
updated-dependencies:
- dependency-name: types-pyyaml
  dependency-type: direct:development
  update-type: version-update:semver-patch
...

Signed-off-by: dependabot[bot] <support@github.com>",build,deps-dev,False,tech_debt
43397,43395,"build(deps-dev): bump mkdocs-material from 9.5.35 to 9.5.36

Bumps [mkdocs-material](https://github.com/squidfunk/mkdocs-material) from 9.5.35 to 9.5.36.
- [Release notes](https://github.com/squidfunk/mkdocs-material/releases)
- [Changelog](https://github.com/squidfunk/mkdocs-material/blob/master/CHANGELOG)
- [Commits](https://github.com/squidfunk/mkdocs-material/compare/9.5.35...9.5.36)

---
updated-dependencies:
- dependency-name: mkdocs-material
  dependency-type: direct:development
  update-type: version-update:semver-patch
...

Signed-off-by: dependabot[bot] <support@github.com>",build,deps-dev,False,tech_debt
43630,43628,"docs(third-party-commitizen): uniformize the third party page

- Create a top level heading for provider to mirror the template heading
- Uniformize the installation/usage sub-heading for each template/provider
- Uniformize the code-block syntax highlighting",docs,third-party-commitizen,False,docs
43638,43636,"build(deps-dev): bump ruff from 0.6.9 to 0.7.0

Bumps [ruff](https://github.com/astral-sh/ruff) from 0.6.9 to 0.7.0.
- [Release notes](https://github.com/astral-sh/ruff/releases)
- [Changelog](https://github.com/astral-sh/ruff/blob/main/CHANGELOG.md)
- [Commits](https://github.com/astral-sh/ruff/compare/0.6.9...0.7.0)

---
updated-dependencies:
- dependency-name: ruff
  dependency-type: direct:development
  update-type: version-update:semver-minor
...

Signed-off-by: dependabot[bot] <support@github.com>",build,deps-dev,False,tech_debt
45249,45247,Merge branch 'master' into fix/mkdocs-links,other,,False,other
45994,45992,"build(deps-dev): bump rich from 13.8.0 to 13.8.1

Bumps [rich](https://github.com/Textualize/rich) from 13.8.0 to 13.8.1.
- [Release notes](https://github.com/Textualize/rich/releases)
- [Changelog](https://github.com/Textualize/rich/blob/master/CHANGELOG.md)
- [Commits](https://github.com/Textualize/rich/compare/v13.8.0...v13.8.1)

---
updated-dependencies:
- dependency-name: rich
  dependency-type: direct:development
  update-type: version-update:semver-patch
...

Signed-off-by: dependabot[bot] <support@github.com>",build,deps-dev,False,tech_debt
46088,46086,"build(deps-dev): bump types-python-dateutil

Bumps [types-python-dateutil](https://github.com/python/typeshed) from 2.9.0.20240821 to 2.9.0.20240906.
- [Commits](https://github.com/python/typeshed/commits)

---
updated-dependencies:
- dependency-name: types-python-dateutil
  dependency-type: direct:development
  update-type: version-update:semver-patch
...

Signed-off-by: dependabot[bot] <support@github.com>",build,deps-dev,False,tech_debt
46292,46290,"build(deps-dev): bump ruff from 0.6.2 to 0.6.3

Bumps [ruff](https://github.com/astral-sh/ruff) from 0.6.2 to 0.6.3.
- [Release notes](https://github.com/astral-sh/ruff/releases)
- [Changelog](https://github.com/astral-sh/ruff/blob/main/CHANGELOG.md)
- [Commits](https://github.com/astral-sh/ruff/compare/0.6.2...0.6.3)

---
updated-dependencies:
- dependency-name: ruff
  dependency-type: direct:development
  update-type: version-update:semver-patch
...

Signed-off-by: dependabot[bot] <support@github.com>",build,deps-dev,False,tech_debt
46343,46341,"build(deps-dev): bump rich from 13.7.1 to 13.8.0

Bumps [rich](https://github.com/Textualize/rich) from 13.7.1 to 13.8.0.
- [Release notes](https://github.com/Textualize/rich/releases)
- [Changelog](https://github.com/Textualize/rich/blob/master/CHANGELOG.md)
- [Commits](https://github.com/Textualize/rich/compare/v13.7.1...v13.8.0)

---
updated-dependencies:
- dependency-name: rich
  dependency-type: direct:development
  update-type: version-update:semver-minor
...

Signed-off-by: dependabot[bot] <support@github.com>",build,deps-dev,False,tech_debt
48153,48151,"feat(bump): add functionality to write the next version to stdout

Adds a --get-next flag which determines the next version and writes it to stdout.",feat,bump,False,feature_work
49970,49968,feat: enable --prerelease none for CI/CD,feat,,False,feature_work
50337,50335,"feat(scm_provider): add branch-based version retrieval

The get_version function in the ScmProvider class has been enhanced to
support branch-based version retrieval while maintaining backward
compatibility.

A new optional configuration setting branch_prerelease_map has been
introduced. It allows users to specify a mapping of branch names to release
types (e.g., ""b"" for beta, ""rc"" for release candidate) in their project
configuration file.

If the branch_prerelease_map is defined, the get_version function will use
the current branch and the specified release type to retrieve the highest
version matching that criteria. This enables users to obtain the latest
version specific to their release workflow.

When the branch_prerelease_map is not defined, the get_version function
falls back to its previous behavior of returning the highest semver tag,
ensuring backward compatibility for existing users.

This change provides more flexibility in version retrieval based on branch
names while maintaining a seamless experience for users who have not yet
adopted the new configuration.

pyproject.toml example:
[project]
name = ""semver-demo""

[tool.commitizen]
name = ""cz_conventional_commits""
tag_format = ""$version""
version_scheme = ""pep440""
version_provider = ""scm""
major_version_zero = false

[tool.commitizen.branch_prerelease_map]
develop = ""b""
staging = ""rc""
master = """"",feat,scm_provider,False,feature_work
50431,50429,"build(deps-dev): bump pytest from 8.2.1 to 8.2.2

Bumps [pytest](https://github.com/pytest-dev/pytest) from 8.2.1 to 8.2.2.
- [Release notes](https://github.com/pytest-dev/pytest/releases)
- [Changelog](https://github.com/pytest-dev/pytest/blob/main/CHANGELOG.rst)
- [Commits](https://github.com/pytest-dev/pytest/compare/8.2.1...8.2.2)

---
updated-dependencies:
- dependency-name: pytest
  dependency-type: direct:development
  update-type: version-update:semver-patch
...

Signed-off-by: dependabot[bot] <support@github.com>",build,deps-dev,False,tech_debt
51854,51852,style: add py.typed file,style,,False,tech_debt
52207,52205,Merge branch 'master' into issue-1112,other,,False,other
52692,52690,"build(deps-dev): bump mkdocs-material from 9.5.22 to 9.5.23

Bumps [mkdocs-material](https://github.com/squidfunk/mkdocs-material) from 9.5.22 to 9.5.23.
- [Release notes](https://github.com/squidfunk/mkdocs-material/releases)
- [Changelog](https://github.com/squidfunk/mkdocs-material/blob/master/CHANGELOG)
- [Commits](https://github.com/squidfunk/mkdocs-material/compare/9.5.22...9.5.23)

---
updated-dependencies:
- dependency-name: mkdocs-material
  dependency-type: direct:development
  update-type: version-update:semver-patch
...

Signed-off-by: dependabot[bot] <support@github.com>",build,deps-dev,False,tech_debt
53667,53665,"build(deps-dev): bump ruff from 0.4.2 to 0.4.3

Bumps [ruff](https://github.com/astral-sh/ruff) from 0.4.2 to 0.4.3.
- [Release notes](https://github.com/astral-sh/ruff/releases)
- [Changelog](https://github.com/astral-sh/ruff/blob/main/CHANGELOG.md)
- [Commits](https://github.com/astral-sh/ruff/compare/v0.4.2...v0.4.3)

---
updated-dependencies:
- dependency-name: ruff
  dependency-type: direct:development
  update-type: version-update:semver-patch
...

Signed-off-by: dependabot[bot] <support@github.com>",build,deps-dev,False,tech_debt
54957,54955,"build(deps-dev): bump ruff from 0.3.7 to 0.4.0

Bumps [ruff](https://github.com/astral-sh/ruff) from 0.3.7 to 0.4.0.
- [Release notes](https://github.com/astral-sh/ruff/releases)
- [Changelog](https://github.com/astral-sh/ruff/blob/main/CHANGELOG.md)
- [Commits](https://github.com/astral-sh/ruff/compare/v0.3.7...v0.4.0)

---
updated-dependencies:
- dependency-name: ruff
  dependency-type: direct:development
  update-type: version-update:semver-minor
...

Signed-off-by: dependabot[bot] <support@github.com>",build,deps-dev,False,tech_debt
55804,55802,Merge branch 'master' into fix-doc-publish-aciton,other,,False,other
55905,55903,"build(deps): bump typing-extensions from 4.10.0 to 4.11.0

Bumps [typing-extensions](https://github.com/python/typing_extensions) from 4.10.0 to 4.11.0.
- [Release notes](https://github.com/python/typing_extensions/releases)
- [Changelog](https://github.com/python/typing_extensions/blob/main/CHANGELOG.md)
- [Commits](https://github.com/python/typing_extensions/compare/4.10.0...4.11.0)

---
updated-dependencies:
- dependency-name: typing-extensions
  dependency-type: direct:production
  update-type: version-update:semver-minor
...

Signed-off-by: dependabot[bot] <support@github.com>",build,deps,False,tech_debt
56043,56041,"refactor(cz_customize): return empty string for info, example, schema and schema_pattern if not provided",refactor,cz_customize,False,tech_debt
57807,57805,feat(commit): add retry_after_failure config option and --no-retry flag,feat,commit,False,feature_work
57848,57846,test(commit): add test for --no-retry flag,test,commit,False,tech_debt
57882,57880,refactor(commit): use Optional[str] instead of str | None,refactor,commit,False,tech_debt
57936,57934,style: refine coding style based on reviews,style,,False,tech_debt
60004,60002,fix(changelog): Handle tag format without version pattern,fix,changelog,False,bug_fixes
60028,60026,"refactor: Use format strings

Co-authored-by: Wei Lee <weilee.rx@gmail.com>",refactor,,False,tech_debt
61226,61224,test(version_schemes): add tests for version sortability,test,version_schemes,False,tech_debt
61654,61652,"build(deps): bump argcomplete from 3.2.1 to 3.2.2

Bumps [argcomplete](https://github.com/kislyuk/argcomplete) from 3.2.1 to 3.2.2.
- [Release notes](https://github.com/kislyuk/argcomplete/releases)
- [Changelog](https://github.com/kislyuk/argcomplete/blob/develop/Changes.rst)
- [Commits](https://github.com/kislyuk/argcomplete/compare/v3.2.1...v3.2.2)

---
updated-dependencies:
- dependency-name: argcomplete
  dependency-type: direct:production
  update-type: version-update:semver-patch
...

Signed-off-by: dependabot[bot] <support@github.com>",build,deps,False,tech_debt
62705,62703,feat(bump): functionality to add build-metadata to version string,feat,bump,False,feature_work
65009,65007,"build(deps-dev): bump ruff from 0.0.292 to 0.1.1

Bumps [ruff](https://github.com/astral-sh/ruff) from 0.0.292 to 0.1.1.
- [Release notes](https://github.com/astral-sh/ruff/releases)
- [Changelog](https://github.com/astral-sh/ruff/blob/main/CHANGELOG.md)
- [Commits](https://github.com/astral-sh/ruff/compare/v0.0.292...v0.1.1)

---
updated-dependencies:
- dependency-name: ruff
  dependency-type: direct:development
  update-type: version-update:semver-minor
...

Signed-off-by: dependabot[bot] <support@github.com>",build,deps-dev,False,tech_debt
65202,65200,"build(deps-dev): bump urllib3 from 2.0.6 to 2.0.7

Bumps [urllib3](https://github.com/urllib3/urllib3) from 2.0.6 to 2.0.7.
- [Release notes](https://github.com/urllib3/urllib3/releases)
- [Changelog](https://github.com/urllib3/urllib3/blob/main/CHANGES.rst)
- [Commits](https://github.com/urllib3/urllib3/compare/2.0.6...2.0.7)

---
updated-dependencies:
- dependency-name: urllib3
  dependency-type: indirect
...

Signed-off-by: dependabot[bot] <support@github.com>",build,deps-dev,False,tech_debt
65845,65843,docs: add developmental releases tutorial,docs,,False,docs
66259,66257,"build(deps): bump importlib-metadata from 6.7.0 to 6.8.0

Bumps [importlib-metadata](https://github.com/python/importlib_metadata) from 6.7.0 to 6.8.0.
- [Release notes](https://github.com/python/importlib_metadata/releases)
- [Changelog](https://github.com/python/importlib_metadata/blob/main/NEWS.rst)
- [Commits](https://github.com/python/importlib_metadata/compare/v6.7.0...v6.8.0)

---
updated-dependencies:
- dependency-name: importlib-metadata
  dependency-type: direct:production
  update-type: version-update:semver-minor
...

Signed-off-by: dependabot[bot] <support@github.com>",build,deps,False,tech_debt
66456,66454,Merge branch 'master' into feat/drop-py37,other,,False,other
67861,67859,"refactor(provider): split providers into separate files for maintainability

closes #812",refactor,provider,False,tech_debt
67933,67931,refactor: use __all__ to name exports,refactor,,False,tech_debt
68436,68434,refactor(commitizen): add return type hint of git add function,refactor,commitizen,False,tech_debt
69146,69144,"feat(formats): expose some new commitizen plugins for extra file formats (Textile, AsciiDoc and RestructuredText)",feat,formats,False,feature_work
69207,69205,Merge branch 'master' into feature/template-override,other,,False,other
71266,71264,"fix: Treat $version the same as unset tag_format in ScmProvider

This should be non-breaking unless users rely on the looser version
validation of TAG_FORMAT_REGEXS compared to their `version_scheme`.",fix,,False,bug_fixes
71274,71272,"refactor: Make tag_format properly default to $version

We've been using this default already in `normalize_tag`,
but setting this value in the settings dict is cleaner.",refactor,,False,tech_debt
71758,71756,"build(deps-dev): bump pytest-freezer from 0.4.6 to 0.4.8

Bumps [pytest-freezer](https://github.com/pytest-dev/pytest-freezer) from 0.4.6 to 0.4.8.
- [Release notes](https://github.com/pytest-dev/pytest-freezer/releases)
- [Commits](https://github.com/pytest-dev/pytest-freezer/compare/0.4.6...0.4.8)

---
updated-dependencies:
- dependency-name: pytest-freezer
  dependency-type: direct:development
  update-type: version-update:semver-patch
...

Signed-off-by: dependabot[bot] <support@github.com>",build,deps-dev,False,tech_debt
72108,72106,build(poetry): update dependencies,build,poetry,False,tech_debt
72472,72470,"build(poetry)(deps-dev): bump mypy from 0.931 to 1.3.0

Bumps [mypy](https://github.com/python/mypy) from 0.931 to 1.3.0.
- [Commits](https://github.com/python/mypy/compare/v0.931...v1.3.0)

---
updated-dependencies:
- dependency-name: mypy
  dependency-type: direct:development
  update-type: version-update:semver-major
...

Signed-off-by: dependabot[bot] <support@github.com>",other,,False,other
73031,73029,test(commit): add test for --write-message-to-file option,test,commit,False,tech_debt
73315,73313,fix(changelog): breaking change on additional types for conventional commits,fix,changelog,False,bug_fixes
73480,73478,chore: add chore to types list,chore,,False,tech_debt
74356,74354,docs(deps): upgrade mkdocs-material and tidy some snippets,docs,deps,False,docs
74556,74554,fix: major version zero message,fix,,False,bug_fixes
74815,74813,docs: improve third party section,docs,,False,docs
74831,74829,feat(init): add new settings,feat,init,False,feature_work
75367,75365,ci: update codecov to newest version,ci,,False,tech_debt
75650,75648,"build(poetry): commit the lock file

See: https://python-poetry.org/docs/libraries/#lock-file",build,poetry,False,tech_debt
75674,75672,fix(excepthook): ensure traceback can only be a `TracebackType` or `None`,fix,excepthook,False,bug_fixes
75819,75817,feat: draft of the --empty parameter,feat,,False,feature_work
75851,75849,"Merge pull request #703 from MoritzBoehme/merge-prerelease

feat(changelog): add merge-prerelease flag",other,,False,other
76048,76046,"fix message for InitFailedError exception in _install_pre_commit_hook function

Signed-off-by: ChauhanKrunal <chauhan.krunal.r@gmail.com>",other,,False,other
76324,76322,build(poetry): bump `pytest` dev dependency,build,poetry,False,tech_debt
76372,76370,build(poetry): bump `types-termcolor` dev dependency,build,poetry,False,tech_debt
76677,76675,"feat(bump): version_provider=semver optional option to make version compatible with semver

Signed-off-by: apkawa <apkawa@gmail.com>",feat,bump,False,feature_work
76693,76691,"docs(bump): add `version_type` info to config.md

Signed-off-by: apkawa <apkawa@gmail.com>",docs,bump,False,docs
76836,76834,"build(poetry): relax `charset-normalizer` dependency specification

`charset-normalizer` [claims to follow semver convention](https://github.com/Ousret/charset_normalizer/blob/master/CHANGELOG.md).",build,poetry,False,tech_debt
78067,78065,"tidy of python 3 stuff

 - converted format string to f-string
 - replaced super calls with python 3 versions
 - formatted some asserts
 - made an import consistent",other,,False,other
79494,79492,feat(template): add `changelog --export-template` command,feat,template,False,feature_work
79502,79500,style(CHANGELOG.md): rename the default template as `CHANGELOG.md.j2`,style,CHANGELOG.md,False,tech_debt
79552,79550,"feat(formats): expose some new customizable changelog formats on the `commitizen.changelog_format` endpoint (Textile, AsciiDoc and RestructuredText)",feat,formats,False,feature_work
79571,79569,test(pre-commit): update the pre-commit prettier hook version,test,pre-commit,False,tech_debt
81020,81018,feat: add tag message argument to cli,feat,,False,feature_work
81529,81527,"feat(unicode): add unicode support

This will allow commiting, e.g., emoji's and parsing commit messages for
unicode characters when creating change logs.",feat,unicode,False,feature_work
82305,82303,"chore(squash): merge `fix/ci` branch

This commit can be removed once `fix/ci` is merged into `master`.",chore,squash,False,tech_debt
82321,82319,test(unicode): add tests,test,unicode,False,tech_debt
83250,83248,"fix(scripts): use cross-platform POSIX

- Change shebang from `#!/bin/sh` to `#!/usr/bin/env sh`
- Set `$PREFIX` depending on OS",fix,scripts,False,bug_fixes
84221,84219,test(allow_empty): Added parameters for asserting the command arguments,test,allow_empty,False,tech_debt
84499,84497,build(poetry): relax termcolor dependency to allow 2.x under supported Python versions,build,poetry,False,tech_debt
85004,85002,test: fix some incompatible types of function calls,test,,False,tech_debt
87203,87201,test(changelog): code coverage improvements,test,changelog,False,tech_debt
87337,87335,"feat(changelog): adds a tag parser to filter tags (--tag-parser; tag_parser)

The git tag parser is used to filter out undesired git tags from changelog. regex default is .* (all).",feat,changelog,False,feature_work
87766,87764,test: tests for signed tag and assert for annotated tags,test,,False,tech_debt
87902,87900,remove debug parts,other,,False,other
88020,88018,install stubs for chardet,other,,False,other
88571,88569,"ci(pre-commit): Upgrade commitizen hook

Upgrade self-test hook from v1.23.0 to v2.24.0. The former version
crashes with the following error:

ImportError: cannot import name 'soft_unicode' from 'markupsafe'

Configure Commitizen to automatically bump the version of its own hook
that it uses.

Use the new location of the repository in the commitizen-tools org.",ci,pre-commit,False,tech_debt
88587,88585,"docs(pull_request_template): Correct typos

Replace ""script"" with the current name of the directory, ""scripts.""",docs,pull_request_template,False,docs
89473,89471,refactor(Check): remove the extra preprocessing of commit message file,refactor,Check,False,tech_debt
90475,90473,"fix: Ignore packages that are not plugins

When a package starting with a plugin name is found, but it is not a plugin, it becomes safely ignored.",fix,,False,bug_fixes
90610,90608,"Revert ""fix: Ignore packages that are not plugins""",other,,False,other
91702,91700,docs(customization): update question type to Questions (from commitizen.defaults),docs,customization,False,docs
92372,92370,ci(github-actions): set force to true for Homebrew bump formula,ci,github-actions,False,tech_debt
94166,94164,test(git): extend test for is_staging_clean,test,git,False,tech_debt
95320,95318,refactor: speed up testing and wait for tags,refactor,,False,tech_debt
96668,96666,fix docs typo,other,,False,other
97055,97053,fix(bump): replace all occurances that match regex,fix,bump,False,bug_fixes
98092,98090,fix(config): change read mode from `r` to `rb`,fix,config,False,bug_fixes
99233,99231,refactor: move expected COMMITS_TREE to global,refactor,,False,tech_debt
99749,99747,"docs(customization): add a json config file as a example for the new implementation

120",docs,customization,False,docs
99787,99785,"feat(Init): add the json config support as an option at Init

120",feat,Init,False,feature_work
1615,1613,"build(scripts): update mypy configuration and ignore errors in screenshot script

Add scripts directory to mypy config and add type ignore for cli data parsing.",build,scripts,False,tech_debt
1693,1691,ci(workflow): add VHS support to documentation workflow,ci,workflow,False,tech_debt
1788,1786,ci: modify file path,ci,,False,tech_debt
1804,1802,build: configure parallel screenshot generation with VHS,build,,False,tech_debt
2712,2710,"refactor: Inline condition and rely on comments to explain the logic

Signed-off-by: Edgar Ramírez Mondragón <edgarrm358@gmail.com>",refactor,,False,tech_debt
3058,3056,"refactor(config): replace is_empty_config with contains_commitizen_section, improve multi config resolution algorithm",refactor,config,False,tech_debt
3174,3172,fix(pre-commit-hooks): add stages constraint to commitizen-branch hook,fix,pre-commit-hooks,False,bug_fixes
3446,3444,test: nit,test,,False,tech_debt
4027,4025,"feat(tags): enable version schemes with less than 3 components (#1705)

Co-authored-by: Wei Lee <weilee.rx@gmail.com>
Co-authored-by: Benedikt Ziegler <benediktziegler@gmail.com>",feat,tags,False,feature_work
4093,4091,"refactor: replace hard-coded string ""cz_conventional_commits"" with DEFAULT_SETTINGS (#1830)",refactor,,False,tech_debt
4419,4417,refactor(bump): fix unbounded variable type issue,refactor,bump,False,tech_debt
7260,7258,docs: update incorrect comment,docs,,False,docs
7511,7509,fix(config): streamline multiple config files warning logic,fix,config,False,bug_fixes
8106,8104,build(commitizen): use `uv` version provider (fix #1759),build,commitizen,False,tech_debt
8427,8425,Merge branch 'master' into docs/custom-commitizen-package-install,other,,False,other
8951,8949,feat: Drop support for Python 3.9 as EOL reached and add Python 3.14 support,feat,,False,feature_work
10685,10683,docs: add missing site_url,docs,,False,docs
10845,10843,"fix(bump): remove NotAllowed related to --get-next option, other related refactoring",fix,bump,False,bug_fixes
10869,10867,"docs(exit-codes): general update

docs(exception): add comment for updating exit code doc",docs,exit-codes,False,docs
10885,10883,"fix(git): replace lstrip with strip for compatibility issue

#1032",fix,git,False,bug_fixes
11039,11037,fix: worskpace member with fixed version,fix,,False,bug_fixes
11830,11828,Merge branch 'master' into feature/single-number-version,other,,False,other
12261,12259,refactor(changelog): raise NotAllow when file_name not passed instead of using assert,refactor,changelog,False,tech_debt
12726,12724,test: replace try with pytest.raises (#1654),test,,False,tech_debt
12966,12964,perf(ruff): enable ruff rules TC001~TC006,perf,ruff,False,tech_debt
13219,13217,style(ruff): enable S101 check to avoid assert usage in production code,style,ruff,False,tech_debt
13916,13914,docs: make Customization a subtopic under Configuration (Fixes #1663),docs,,False,docs
14516,14514,docs(external_links): fix outdated link and add links to another commitizen talk,docs,external_links,False,docs
15645,15643,refactor(bump): rename parameter and variables,refactor,bump,False,tech_debt
16452,16450,style(ruff): enable S101 check to avoid assert usage in production code,style,ruff,False,tech_debt
17961,17959,refactor(ConventionalCommitsCz): rewrite message method to make the pattern more clear,refactor,ConventionalCommitsCz,False,tech_debt
18062,18060,"fix: add missing comma after newly added incremental-parameter 

fix of previous change/commit regarding same topic",fix,,False,bug_fixes
18391,18389,refactor(BaseCommitizen): construct Style object directly to get rid of potential type error,refactor,BaseCommitizen,False,tech_debt
18698,18696,refactor(BaseCommitizen): remove NotImplementedError and make them abstract method,refactor,BaseCommitizen,False,tech_debt
18997,18995,refactor(BaseCommitizen): construct Style object directly to get rid of potential type error,refactor,BaseCommitizen,False,tech_debt
19857,19855,test(changelog): cover incremental_build,test,changelog,False,tech_debt
20195,20193,feat: implement message length limit for commit messages,feat,,False,feature_work
20396,20394,refactor(Init): extract _get_config_data for readability,refactor,Init,False,tech_debt
20404,20402,refactor(process_commit_message): better type and early return,refactor,process_commit_message,False,tech_debt
20500,20498,test(Init): improve test coverage on config initialization,test,Init,False,tech_debt
21333,21331,"ci(deps): bump actions/checkout from 4 to 5

Bumps [actions/checkout](https://github.com/actions/checkout) from 4 to 5.
- [Release notes](https://github.com/actions/checkout/releases)
- [Changelog](https://github.com/actions/checkout/blob/main/CHANGELOG.md)
- [Commits](https://github.com/actions/checkout/compare/v4...v5)

---
updated-dependencies:
- dependency-name: actions/checkout
  dependency-version: '5'
  dependency-type: direct:production
  update-type: version-update:semver-major
...

Signed-off-by: dependabot[bot] <support@github.com>",ci,deps,False,tech_debt
22088,22086,"docs(config.md): Document glob pattern support in `version_files`

It was added in https://github.com/commitizen-tools/commitizen/pull/1070
but never documented AFAICT.",docs,config.md,False,docs
22832,22830,fix(Bump): rewrite --get-next NotAllowed error message for consistency,fix,Bump,False,bug_fixes
24334,24332,test(Init): improve coverage for _ask_tag_format,test,Init,False,tech_debt
25372,25370,refactor(commit): simplify call,refactor,commit,False,tech_debt
25516,25514,build(termcolor): remove termcolor <3 restriction,build,termcolor,False,tech_debt
25597,25595,"refactor: remove `TypeError` handling since `Python >=3.9` is required

Since the project requires Python >=3.9, argparse only raises SystemExit
when non-existent commands are provided, making TypeError handling unnecessary.",refactor,,False,tech_debt
25976,25974,refactor(git): code cleanup and better test coverage,refactor,git,False,tech_debt
26032,26030,"refactor(bump): add type for out, replace function with re escape",refactor,bump,False,tech_debt
26296,26294,style(bump): rename class for consistency,style,bump,False,tech_debt
26541,26539,build(mypy): remove disallow_untyped_defs because it's already done by ruff rules,build,mypy,False,tech_debt
27405,27403,docs(feature_request): eliminate duplicated label,docs,feature_request,False,docs
28606,28604,build(.gitignore): ignore `pyrightconfig.json` and `poetry.toml`,build,.gitignore,False,tech_debt
29318,29316,"refactor: make methods protected, better type",refactor,,False,tech_debt
29963,29961,refactor(conventional_commits): make schema_pattern more readable,refactor,conventional_commits,False,tech_debt
30083,30081,refactor(version_scheme): cleanup,refactor,version_scheme,False,tech_debt
30147,30145,refactor(changelog): minor cleanup,refactor,changelog,False,tech_debt
30684,30682,refactor(check): type CheckArgs arguments,refactor,check,False,tech_debt
30703,30701,"refactor(commands): remove unused args, type version command args",refactor,commands,False,tech_debt
31660,31658,build(poetry): upgrade mypy version to ^1.15.0,build,poetry,False,tech_debt
31868,31866,refactor(conventional_commits): remove unnecessary checks,refactor,conventional_commits,False,tech_debt
31892,31890,style: remove Union,style,,False,tech_debt
31964,31962,style(bump): rename class for consistency,style,bump,False,tech_debt
33321,33319,refactor(changelog): minor cleanup,refactor,changelog,False,tech_debt
34336,34334,refactor: misc cleanup,refactor,,False,tech_debt
35949,35947,refactor(test): fix typos,refactor,test,False,tech_debt
36462,36460,"docs(bug_report.yml): update bug_report.yml

Closes #1134",docs,bug_report.yml,False,docs
37164,37162,fix(changelog.py): modify the CHANGELOG.md generated by cz bump --changelog to the right place,fix,changelog.py,False,bug_fixes
37254,37252,fix(changelog.py): cross-platform path handling using os.path.join and modify the path linter and test parameter,fix,changelog.py,False,bug_fixes
37540,37538,docs(customization.md): add select type and search filter documentation,docs,customization.md,False,docs
38588,38586,docs(config): add uv provider description,docs,config,False,docs
38878,38876,"ci(poe): use `poethepoet` as script runner for dev and ci and use poetry dependencies groups in ci

Fix #724",ci,poe,False,tech_debt
40586,40584,fix: giving the opportunity to choose on wich language you want to see informations,fix,,False,bug_fixes
40618,40616,fix: correciton de la lecture de la ligne d argument,fix,,False,bug_fixes
40986,40984,"build(deps-dev): bump types-pyyaml

Bumps [types-pyyaml](https://github.com/python/typeshed) from 6.0.12.20240917 to 6.0.12.20241221.
- [Commits](https://github.com/python/typeshed/commits)

---
updated-dependencies:
- dependency-name: types-pyyaml
  dependency-type: direct:development
  update-type: version-update:semver-patch
...

Signed-off-by: dependabot[bot] <support@github.com>",build,deps-dev,False,tech_debt
41783,41781,fix(get-next-bump): add a test case,fix,get-next-bump,False,bug_fixes
43381,43379,"build(deps-dev): bump mkdocs-material from 9.5.34 to 9.5.35

Bumps [mkdocs-material](https://github.com/squidfunk/mkdocs-material) from 9.5.34 to 9.5.35.
- [Release notes](https://github.com/squidfunk/mkdocs-material/releases)
- [Changelog](https://github.com/squidfunk/mkdocs-material/blob/master/CHANGELOG)
- [Commits](https://github.com/squidfunk/mkdocs-material/compare/9.5.34...9.5.35)

---
updated-dependencies:
- dependency-name: mkdocs-material
  dependency-type: direct:development
  update-type: version-update:semver-patch
...

Signed-off-by: dependabot[bot] <support@github.com>",build,deps-dev,False,tech_debt
43429,43427,fix(changelog): Handle tag format without version pattern,fix,changelog,False,bug_fixes
43566,43564,"build(deps-dev): bump mkdocs-material from 9.5.39 to 9.5.40

Bumps [mkdocs-material](https://github.com/squidfunk/mkdocs-material) from 9.5.39 to 9.5.40.
- [Release notes](https://github.com/squidfunk/mkdocs-material/releases)
- [Changelog](https://github.com/squidfunk/mkdocs-material/blob/master/CHANGELOG)
- [Commits](https://github.com/squidfunk/mkdocs-material/compare/9.5.39...9.5.40)

---
updated-dependencies:
- dependency-name: mkdocs-material
  dependency-type: direct:development
  update-type: version-update:semver-patch
...

Signed-off-by: dependabot[bot] <support@github.com>",build,deps-dev,False,tech_debt
43590,43588,"build(deps-dev): bump mypy from 1.11.2 to 1.12.0

Bumps [mypy](https://github.com/python/mypy) from 1.11.2 to 1.12.0.
- [Changelog](https://github.com/python/mypy/blob/master/CHANGELOG.md)
- [Commits](https://github.com/python/mypy/compare/v1.11.2...v1.12.0)

---
updated-dependencies:
- dependency-name: mypy
  dependency-type: direct:development
  update-type: version-update:semver-minor
...

Signed-off-by: dependabot[bot] <support@github.com>",build,deps-dev,False,tech_debt
43622,43620,docs(third-party-commitizen): update deno-provider code block syntax highlighting,docs,third-party-commitizen,False,docs
43776,43774,docs(customization.md): add feature notes,docs,customization.md,False,docs
43962,43960,"build(deps-dev): bump mypy from 1.12.1 to 1.13.0

Bumps [mypy](https://github.com/python/mypy) from 1.12.1 to 1.13.0.
- [Changelog](https://github.com/python/mypy/blob/master/CHANGELOG.md)
- [Commits](https://github.com/python/mypy/compare/v1.12.1...v1.13.0)

---
updated-dependencies:
- dependency-name: mypy
  dependency-type: direct:development
  update-type: version-update:semver-minor
...

Signed-off-by: dependabot[bot] <support@github.com>",build,deps-dev,False,tech_debt
47105,47103,"build(deps-dev): bump ruff from 0.6.0 to 0.6.1

Bumps [ruff](https://github.com/astral-sh/ruff) from 0.6.0 to 0.6.1.
- [Release notes](https://github.com/astral-sh/ruff/releases)
- [Changelog](https://github.com/astral-sh/ruff/blob/main/CHANGELOG.md)
- [Commits](https://github.com/astral-sh/ruff/compare/0.6.0...0.6.1)

---
updated-dependencies:
- dependency-name: ruff
  dependency-type: direct:development
  update-type: version-update:semver-patch
...

Signed-off-by: dependabot[bot] <support@github.com>",build,deps-dev,False,tech_debt
48179,48177,Merge branch 'master' into feature/add-get-next-flag,other,,False,other
48367,48365,"build(deps-dev): bump types-pyyaml

Bumps [types-pyyaml](https://github.com/python/typeshed) from 6.0.12.20240311 to 6.0.12.20240724.
- [Commits](https://github.com/python/typeshed/commits)

---
updated-dependencies:
- dependency-name: types-pyyaml
  dependency-type: direct:development
  update-type: version-update:semver-patch
...

Signed-off-by: dependabot[bot] <support@github.com>",build,deps-dev,False,tech_debt
49175,49173,"build(deps-dev): bump mkdocs-material from 9.5.27 to 9.5.28

Bumps [mkdocs-material](https://github.com/squidfunk/mkdocs-material) from 9.5.27 to 9.5.28.
- [Release notes](https://github.com/squidfunk/mkdocs-material/releases)
- [Changelog](https://github.com/squidfunk/mkdocs-material/blob/master/CHANGELOG)
- [Commits](https://github.com/squidfunk/mkdocs-material/compare/9.5.27...9.5.28)

---
updated-dependencies:
- dependency-name: mkdocs-material
  dependency-type: direct:development
  update-type: version-update:semver-patch
...

Signed-off-by: dependabot[bot] <support@github.com>",build,deps-dev,False,tech_debt
49240,49238,feat: add post release,feat,,False,feature_work
49290,49288,Merge pull request #4 from engineai-dev/fix-monorepo,other,,False,other
49707,49705,"build(deps-dev): bump mypy from 1.10.0 to 1.10.1

Bumps [mypy](https://github.com/python/mypy) from 1.10.0 to 1.10.1.
- [Changelog](https://github.com/python/mypy/blob/master/CHANGELOG.md)
- [Commits](https://github.com/python/mypy/compare/v1.10.0...v1.10.1)

---
updated-dependencies:
- dependency-name: mypy
  dependency-type: direct:development
  update-type: version-update:semver-patch
...

Signed-off-by: dependabot[bot] <support@github.com>",build,deps-dev,False,tech_debt
50877,50875,"build(deps-dev): bump ruff from 0.4.4 to 0.4.5

Bumps [ruff](https://github.com/astral-sh/ruff) from 0.4.4 to 0.4.5.
- [Release notes](https://github.com/astral-sh/ruff/releases)
- [Changelog](https://github.com/astral-sh/ruff/blob/main/CHANGELOG.md)
- [Commits](https://github.com/astral-sh/ruff/compare/v0.4.4...v0.4.5)

---
updated-dependencies:
- dependency-name: ruff
  dependency-type: direct:development
  update-type: version-update:semver-patch
...

Signed-off-by: dependabot[bot] <support@github.com>",build,deps-dev,False,tech_debt
52426,52424,fix(cli/commands): add description for subcommands,fix,cli/commands,False,bug_fixes
53895,53893,"build(deps-dev): bump pytest-xdist from 3.5.0 to 3.6.1

Bumps [pytest-xdist](https://github.com/pytest-dev/pytest-xdist) from 3.5.0 to 3.6.1.
- [Release notes](https://github.com/pytest-dev/pytest-xdist/releases)
- [Changelog](https://github.com/pytest-dev/pytest-xdist/blob/master/CHANGELOG.rst)
- [Commits](https://github.com/pytest-dev/pytest-xdist/compare/v3.5.0...v3.6.1)

---
updated-dependencies:
- dependency-name: pytest-xdist
  dependency-type: direct:development
  update-type: version-update:semver-minor
...

Signed-off-by: dependabot[bot] <support@github.com>",build,deps-dev,False,tech_debt
54289,54287,"build(deps-dev): bump black from 24.4.0 to 24.4.1

Bumps [black](https://github.com/psf/black) from 24.4.0 to 24.4.1.
- [Release notes](https://github.com/psf/black/releases)
- [Changelog](https://github.com/psf/black/blob/main/CHANGES.md)
- [Commits](https://github.com/psf/black/compare/24.4.0...24.4.1)

---
updated-dependencies:
- dependency-name: black
  dependency-type: direct:development
  update-type: version-update:semver-patch
...

Signed-off-by: dependabot[bot] <support@github.com>",build,deps-dev,False,tech_debt
54689,54687,"build(deps-dev): bump ruff from 0.4.0 to 0.4.1

Bumps [ruff](https://github.com/astral-sh/ruff) from 0.4.0 to 0.4.1.
- [Release notes](https://github.com/astral-sh/ruff/releases)
- [Changelog](https://github.com/astral-sh/ruff/blob/main/CHANGELOG.md)
- [Commits](https://github.com/astral-sh/ruff/compare/v0.4.0...v0.4.1)

---
updated-dependencies:
- dependency-name: ruff
  dependency-type: direct:development
  update-type: version-update:semver-patch
...

Signed-off-by: dependabot[bot] <support@github.com>",build,deps-dev,False,tech_debt
54745,54743,feat: add an argument to limit the length of commit message,feat,,False,feature_work
55783,55781,"ci(github-actions): update env var used in doc publish actions

it has been changed since peaceiris/actions-gh-pages@3",ci,github-actions,False,tech_debt
58466,58464,fix(warnings): all warnings should go to `stdout`,fix,warnings,False,bug_fixes
58572,58570,"build(deps-dev): bump ruff from 0.2.2 to 0.3.2

Bumps [ruff](https://github.com/astral-sh/ruff) from 0.2.2 to 0.3.2.
- [Release notes](https://github.com/astral-sh/ruff/releases)
- [Changelog](https://github.com/astral-sh/ruff/blob/main/CHANGELOG.md)
- [Commits](https://github.com/astral-sh/ruff/compare/v0.2.2...v0.3.2)

---
updated-dependencies:
- dependency-name: ruff
  dependency-type: direct:development
  update-type: version-update:semver-minor
...

Signed-off-by: dependabot[bot] <support@github.com>",build,deps-dev,False,tech_debt
59708,59706,"build(deps-dev): bump ruff from 0.2.2 to 0.3.0

Bumps [ruff](https://github.com/astral-sh/ruff) from 0.2.2 to 0.3.0.
- [Release notes](https://github.com/astral-sh/ruff/releases)
- [Changelog](https://github.com/astral-sh/ruff/blob/main/CHANGELOG.md)
- [Commits](https://github.com/astral-sh/ruff/compare/v0.2.2...v0.3.0)

---
updated-dependencies:
- dependency-name: ruff
  dependency-type: direct:development
  update-type: version-update:semver-minor
...

Signed-off-by: dependabot[bot] <support@github.com>",build,deps-dev,False,tech_debt
59996,59994,test(changelog): handle custom tag_format in changelog generation,test,changelog,False,tech_debt
60076,60074,"build(deps): bump tomlkit from 0.12.3 to 0.12.4

Bumps [tomlkit](https://github.com/sdispater/tomlkit) from 0.12.3 to 0.12.4.
- [Release notes](https://github.com/sdispater/tomlkit/releases)
- [Changelog](https://github.com/sdispater/tomlkit/blob/master/CHANGELOG.md)
- [Commits](https://github.com/sdispater/tomlkit/compare/0.12.3...0.12.4)

---
updated-dependencies:
- dependency-name: tomlkit
  dependency-type: direct:production
  update-type: version-update:semver-patch
...

Signed-off-by: dependabot[bot] <support@github.com>",build,deps,False,tech_debt
62812,62810,"build(deps-dev): bump black from 23.12.0 to 23.12.1

Bumps [black](https://github.com/psf/black) from 23.12.0 to 23.12.1.
- [Release notes](https://github.com/psf/black/releases)
- [Changelog](https://github.com/psf/black/blob/main/CHANGES.md)
- [Commits](https://github.com/psf/black/compare/23.12.0...23.12.1)

---
updated-dependencies:
- dependency-name: black
  dependency-type: direct:development
  update-type: version-update:semver-patch
...

Signed-off-by: dependabot[bot] <support@github.com>",build,deps-dev,False,tech_debt
63239,63237,"build(deps-dev): bump ruff from 0.0.292 to 0.1.8

Bumps [ruff](https://github.com/astral-sh/ruff) from 0.0.292 to 0.1.8.
- [Release notes](https://github.com/astral-sh/ruff/releases)
- [Changelog](https://github.com/astral-sh/ruff/blob/main/CHANGELOG.md)
- [Commits](https://github.com/astral-sh/ruff/compare/v0.0.292...v0.1.8)

---
updated-dependencies:
- dependency-name: ruff
  dependency-type: direct:development
  update-type: version-update:semver-minor
...

Signed-off-by: dependabot[bot] <support@github.com>",build,deps-dev,False,tech_debt
63389,63387,"build(deps-dev): bump ruff from 0.0.292 to 0.1.7

Bumps [ruff](https://github.com/astral-sh/ruff) from 0.0.292 to 0.1.7.
- [Release notes](https://github.com/astral-sh/ruff/releases)
- [Changelog](https://github.com/astral-sh/ruff/blob/main/CHANGELOG.md)
- [Commits](https://github.com/astral-sh/ruff/compare/v0.0.292...v0.1.7)

---
updated-dependencies:
- dependency-name: ruff
  dependency-type: direct:development
  update-type: version-update:semver-minor
...

Signed-off-by: dependabot[bot] <support@github.com>",build,deps-dev,False,tech_debt
64510,64508,"build(deps): bump tomlkit from 0.12.1 to 0.12.2

Bumps [tomlkit](https://github.com/sdispater/tomlkit) from 0.12.1 to 0.12.2.
- [Release notes](https://github.com/sdispater/tomlkit/releases)
- [Changelog](https://github.com/sdispater/tomlkit/blob/master/CHANGELOG.md)
- [Commits](https://github.com/sdispater/tomlkit/compare/0.12.1...0.12.2)

---
updated-dependencies:
- dependency-name: tomlkit
  dependency-type: direct:production
  update-type: version-update:semver-patch
...

Signed-off-by: dependabot[bot] <support@github.com>",build,deps,False,tech_debt
64692,64690,ci(github-actions): checkout only .github/labeler.yml when running labeler,ci,github-actions,False,tech_debt
64828,64826,docs: fix Markdown link on Contributing page,docs,,False,docs
65592,65590,"build(deps-dev): bump mkdocs-material from 9.4.4 to 9.4.5

Bumps [mkdocs-material](https://github.com/squidfunk/mkdocs-material) from 9.4.4 to 9.4.5.
- [Release notes](https://github.com/squidfunk/mkdocs-material/releases)
- [Changelog](https://github.com/squidfunk/mkdocs-material/blob/master/CHANGELOG)
- [Commits](https://github.com/squidfunk/mkdocs-material/compare/9.4.4...9.4.5)

---
updated-dependencies:
- dependency-name: mkdocs-material
  dependency-type: direct:development
  update-type: version-update:semver-patch
...

Signed-off-by: dependabot[bot] <support@github.com>",build,deps-dev,False,tech_debt
65921,65919,"build(deps-dev): bump ipython from 8.12.2 to 8.12.3

Bumps [ipython](https://github.com/ipython/ipython) from 8.12.2 to 8.12.3.
- [Release notes](https://github.com/ipython/ipython/releases)
- [Commits](https://github.com/ipython/ipython/compare/8.12.2...8.12.3)

---
updated-dependencies:
- dependency-name: ipython
  dependency-type: direct:development
  update-type: version-update:semver-patch
...

Signed-off-by: dependabot[bot] <support@github.com>",build,deps-dev,False,tech_debt
66347,66345,"build(deps-dev): bump types-pyyaml from 6.0.12.11 to 6.0.12.12

Bumps [types-pyyaml](https://github.com/python/typeshed) from 6.0.12.11 to 6.0.12.12.
- [Commits](https://github.com/python/typeshed/commits)

---
updated-dependencies:
- dependency-name: types-pyyaml
  dependency-type: direct:development
  update-type: version-update:semver-patch
...

Signed-off-by: dependabot[bot] <support@github.com>",build,deps-dev,False,tech_debt
67885,67883,refactor(provider): move chdir to providers/conftest.py,refactor,provider,False,tech_debt
68050,68048,"build(deps-dev): bump mkdocs-material from 9.2.4 to 9.2.5

Bumps [mkdocs-material](https://github.com/squidfunk/mkdocs-material) from 9.2.4 to 9.2.5.
- [Release notes](https://github.com/squidfunk/mkdocs-material/releases)
- [Changelog](https://github.com/squidfunk/mkdocs-material/blob/master/CHANGELOG)
- [Commits](https://github.com/squidfunk/mkdocs-material/compare/9.2.4...9.2.5)

---
updated-dependencies:
- dependency-name: mkdocs-material
  dependency-type: direct:development
  update-type: version-update:semver-patch
...

Signed-off-by: dependabot[bot] <support@github.com>",build,deps-dev,False,tech_debt
68579,68577,"build(deps-dev): bump certifi from 2023.5.7 to 2023.7.22

Bumps [certifi](https://github.com/certifi/python-certifi) from 2023.5.7 to 2023.7.22.
- [Commits](https://github.com/certifi/python-certifi/compare/2023.05.07...2023.07.22)

---
updated-dependencies:
- dependency-name: certifi
  dependency-type: indirect
...

Signed-off-by: dependabot[bot] <support@github.com>",build,deps-dev,False,tech_debt
69127,69125,style(CHANGELOG.md): rename the default template as `CHANGELOG.md.j2`,style,CHANGELOG.md,False,tech_debt
71082,71080,"build(deps-dev): bump ruff from 0.0.276 to 0.0.277

Bumps [ruff](https://github.com/astral-sh/ruff) from 0.0.276 to 0.0.277.
- [Release notes](https://github.com/astral-sh/ruff/releases)
- [Changelog](https://github.com/astral-sh/ruff/blob/main/BREAKING_CHANGES.md)
- [Commits](https://github.com/astral-sh/ruff/compare/v0.0.276...v0.0.277)

---
updated-dependencies:
- dependency-name: ruff
  dependency-type: direct:development
  update-type: version-update:semver-patch
...

Signed-off-by: dependabot[bot] <support@github.com>",build,deps-dev,False,tech_debt
71116,71114,"build(deps-dev): bump ruff from 0.0.275 to 0.0.276

Bumps [ruff](https://github.com/astral-sh/ruff) from 0.0.275 to 0.0.276.
- [Release notes](https://github.com/astral-sh/ruff/releases)
- [Changelog](https://github.com/astral-sh/ruff/blob/main/BREAKING_CHANGES.md)
- [Commits](https://github.com/astral-sh/ruff/compare/v0.0.275...v0.0.276)

---
updated-dependencies:
- dependency-name: ruff
  dependency-type: direct:development
  update-type: version-update:semver-patch
...

Signed-off-by: dependabot[bot] <support@github.com>",build,deps-dev,False,tech_debt
71826,71824,"build(deps-dev): bump mkdocs-material from 9.1.15 to 9.1.16

Bumps [mkdocs-material](https://github.com/squidfunk/mkdocs-material) from 9.1.15 to 9.1.16.
- [Release notes](https://github.com/squidfunk/mkdocs-material/releases)
- [Changelog](https://github.com/squidfunk/mkdocs-material/blob/master/CHANGELOG)
- [Commits](https://github.com/squidfunk/mkdocs-material/compare/9.1.15...9.1.16)

---
updated-dependencies:
- dependency-name: mkdocs-material
  dependency-type: direct:development
  update-type: version-update:semver-patch
...

Signed-off-by: dependabot[bot] <support@github.com>",build,deps-dev,False,tech_debt
72611,72609,test(commands/changelog): enhance test_changelog_uses_version_tags_for_header check,test,commands/changelog,False,tech_debt
72791,72789,fix: add support for importlib_metadata 6,fix,,False,bug_fixes
73131,73129,feat(hooks): add prepare-commit-msg and post-commit hooks,feat,hooks,False,feature_work
73537,73535,fix: remove the format file,fix,,False,bug_fixes
74150,74148,"build(poetry)(deps): bump importlib-metadata from 4.13.0 to 5.2.0

Bumps [importlib-metadata](https://github.com/python/importlib_metadata) from 4.13.0 to 5.2.0.
- [Release notes](https://github.com/python/importlib_metadata/releases)
- [Changelog](https://github.com/python/importlib_metadata/blob/main/CHANGES.rst)
- [Commits](https://github.com/python/importlib_metadata/compare/v4.13.0...v5.2.0)

---
updated-dependencies:
- dependency-name: importlib-metadata
  dependency-type: direct:production
  update-type: version-update:semver-major
...

Signed-off-by: dependabot[bot] <support@github.com>",other,,False,other
74532,74530,fix: update dependencies,fix,,False,bug_fixes
74604,74602, docs: add poetry version and minor style changes,docs,,False,docs
74783,74781,docs: prepare readme for v3,docs,,False,docs
74791,74789,docs(bump): improve description of bumping,docs,bump,False,docs
75432,75430,build(poetry): relax argcomplete dependency to allow 3.0.x,build,poetry,False,tech_debt
75722,75720,style: fix formatting changes with black update,style,,False,tech_debt
76308,76306,build(poetry): bump `black` dev dependency,build,poetry,False,tech_debt
76332,76330,build(poetry): bump `pytest-cov` dev dependency,build,poetry,False,tech_debt
76356,76354,build(poetry): bump `codecov` dev dependency,build,poetry,False,tech_debt
76709,76707,"test(bump): `VersionProtocol` workaround mypy for py==3.7

Signed-off-by: apkawa <apkawa@gmail.com>",test,bump,False,tech_debt
80222,80220,style: fix formatting changes with black update,style,,False,tech_debt
80423,80421,"build(poetry): commit the lock file

See: https://python-poetry.org/docs/libraries/#lock-file",build,poetry,False,tech_debt
81546,81544,"fix: use base config for encoding

Also, use `utf-8` by default on Windows in `out.py`.",fix,,False,bug_fixes
81680,81678,test(bump_command): replace \ as / for windows test cases,test,bump_command,False,tech_debt
81991,81989,test(cli.py): Added tests for -- argument notation raises,test,cli.py,False,tech_debt
82015,82013,refactor(extra_args): Fixed broken code due to rebase and finalized tests,refactor,extra_args,False,tech_debt
82177,82175,docs(README.md): include older version of poetry,docs,README.md,False,docs
82329,82327,fix(json_config.py): remove unused import,fix,json_config.py,False,bug_fixes
82562,82560,test: fix test case changes due to tomlkit upgrade,test,,False,tech_debt
82570,82568,"feat(unicode): add unicode support

This will allow commiting, e.g., emoji's and parsing commit messages for
unicode characters when creating change logs.",feat,unicode,False,feature_work
82594,82592,Merge branch 'master' into feat/unicode,other,,False,other
82602,82600,"feat(unicode): add unicode support

This will allow commiting, e.g., emoji's and parsing commit messages for
unicode characters when creating change logs.",feat,unicode,False,feature_work
82634,82632,feat: add major-version-zero option to support initial package development,feat,,False,feature_work
82650,82648,feat: add major-version-zero option to support initial package development,feat,,False,feature_work
83314,83312,"test(bump_command): use `/` path separator

The Windows path separator is the backslash (i.e. `\\`). This causes
problems when python reads files from the `Users` folder since `\\U` is
the prefix for a Unicode string in python.

Since `os.path` can properly parse forward slashes on all OS's, we
substitute `\\` for `/` wherever `os.path` methods return backslashes.",test,bump_command,False,tech_debt
84592,84590,ci(scripts): add commitizen check to CI,ci,scripts,False,tech_debt
87155,87153,"fix(git): improves git error checking in get_commits

older version of git did not have the --author-date-order argument so it is best to report that kind of error.",fix,git,False,bug_fixes
87345,87343,"test(changelog): test a user defined tag (independent of bump)

This new tag was added to a ""feat:"" rather than ""bump:"" commit.",test,changelog,False,tech_debt
87822,87820,avoid DecodeError on non-english execution,other,,False,other
87846,87844,more macos debug to be removed once solved,other,,False,other
88349,88347,"fix(pre-commit): Use new --allow-abort option

Prevent pre-commit hook from complaining when a commit is aborted by
default, but allow users to override this option in their pre-commit
config by specifying it in args, not entry. Move --commit-msg-file
option from entry to args since it has to be the last option.",fix,pre-commit,False,bug_fixes
88771,88769,to delete,other,,False,other
90059,90057,fix: change error code for NoneIncrementExit,fix,,False,bug_fixes
90676,90674,"docs(config.md,customization.md): Fix indentation (replace tabs (\t) with four spaces)",docs,"config.md,customization.md",False,docs
90725,90723,docs: fix links to Github,docs,,False,docs
91077,91075,test(conftest.py): remove 'type: ignore' that is unneeded with updated pytest,test,conftest.py,False,tech_debt
95043,95041,fix: capitalize types in default change_type_order,fix,,False,bug_fixes
95075,95073,feat: new file,feat,,False,feature_work
95099,95097,fix(pyproject.toml): remove test added configurations,fix,pyproject.toml,False,bug_fixes
95427,95425,"test(git.py): Test get_commits() with a gpg-signed commit

#397",test,git.py,False,tech_debt
96007,96005,test(bump_update_verison_in_files): refactor test cases through pytest-regression,test,bump_update_verison_in_files,False,tech_debt
97042,97040,fix(wip): add test for current breaking change,fix,wip,False,bug_fixes
97830,97828,fix: add utf-8 encode when write toml file,fix,,False,bug_fixes
98418,98416,docs(faq): add new questions to faq,docs,faq,False,docs
98681,98679,fix: remove yaml warnings when using `.cz.yaml`,fix,,False,bug_fixes
99301,99299,refactor: raise an InvalidConfigurationError,refactor,,False,tech_debt
99337,99335,docs: add cz_legacy to 3rd party section,docs,,False,docs
99886,99884,style: remove unused mypy comment,style,,False,tech_debt
100156,100154,"docs(docs/README): add the instructions to activate the auto-completion for cz in README.md

137

test(tests/test_cli): add a missing dependency

137",docs,docs/README,False,docs
100248,100246,docs(bump): update bump documentation,docs,bump,False,docs
101251,101249,"fix(commands/bump): Add NoneIncrementExit to fix git fatal error when creating existing tag

raises NoneIncrementExit if `increment is None and new_tag_version == current_tag_version`

#280",fix,commands/bump,False,bug_fixes
101511,101509,style(commands/undo): rename variables and update package import order,style,commands/undo,False,tech_debt
101593,101591,fix: fix mypy incompatible type error,fix,,False,bug_fixes
101605,101603,feat: add description of undo --bump,feat,,False,feature_work
101723,101721,docs: correct markdown on github actions tutorial page,docs,,False,docs
102053,102051,docs: update gitlab and github ci tutorials,docs,,False,docs
103179,103177,ci(github-action): use commitizen github action,ci,github-action,False,tech_debt
103499,103497,feat(commands/commit): apply prepare-commit-msg hook for Windows,feat,commands/commit,False,feature_work
104162,104160,style(cz_check): Add quote to displaying rev and msg,style,cz_check,False,tech_debt
104476,104474,"refactor(cli): remove ""--version"" argument

BREAKING CHANGE: Use ""cz verion"" instead",refactor,cli,False,tech_debt
104659,104657,"feat: add author and author_email to git commit

Extra useful information for hooks

Closes #188",feat,,False,feature_work
105603,105601,ci(pre-commit): add pre-commit-config,ci,pre-commit,False,tech_debt
107918,107916,feat(changelog): changelog tree generation from markdown,feat,changelog,False,feature_work
108030,108028,"fix(commitizen/cz): set changelog_map, changelog_pattern to none as default

without this default, getting these attributes will be an error",fix,commitizen/cz,False,bug_fixes
108038,108036,fix(changelog_template): fix list format,fix,changelog_template,False,bug_fixes
108094,108092,"refactor(templates): rename as ""keep_a_changelog_template.j2""",refactor,templates,False,tech_debt
108150,108148,feat(changelog): add incremental flag,feat,changelog,False,feature_work
108888,108886,refactor(changelog): rename category to change_type to fit 'keep a changelog',refactor,changelog,False,tech_debt
109167,109165,"fix(config): display ini config deprecation warning only when commitizen config is inside

#159",fix,config,False,bug_fixes
109400,109398,"style(mypy): unify config path input as Union[str, Path] and output as Path",style,mypy,False,tech_debt
109528,109526,test(cz/customize): add test case initialize_cz_customize_failed,test,cz/customize,False,tech_debt
110275,110273,ci(scripts/lint): move isort config to pyproject.toml,ci,scripts/lint,False,tech_debt
110556,110554,"fix(commands/init): fix clean up file when initialize commitizen config

#138",fix,commands/init,False,bug_fixes
110681,110679,"refactor(docs): remove README.rst and use docs/README.md

By removing README.rst, we no longer need to maintain two document with almost the same content
Github can read docs/README.md as README for the project.",refactor,docs,False,tech_debt
110818,110816,docs(check): set default pre-commit rev to master,docs,check,False,docs
111233,111231,style(all): blackify,style,all,False,tech_debt
111818,111816,"fix(github_workflow/pythonpublish): use peaceiris/actions-gh-pages@v2 to publish docs

119",fix,github_workflow/pythonpublish,False,bug_fixes
112387,112385,"fix(github_action/pythonpackage): separate run test into 3 steps

without separating, the pipeline will continue when the third step succeeded even if the first two steps failed

#106",fix,github_action/pythonpackage,False,bug_fixes
112683,112681,"fix(commands/init): fix logic error

#57",fix,commands/init,False,bug_fixes
112699,112697,style(commands): blackify,style,commands,False,tech_debt
112731,112729,fix(commands/init): fix test_init_when_config_already_exists,fix,commands/init,False,bug_fixes
113314,113312,style(all): run ./script/lint,style,all,False,tech_debt
113888,113886,refactor(cz/customize): make jinja2 a custom requirement. if not installed use string.Tempalte instead,refactor,cz/customize,False,tech_debt
113896,113894,docs(cz/customize): update document for using string.Template as message_template when jinja not installed,docs,cz/customize,False,docs
114129,114127,tidy error report,other,,False,other
115108,115106,fix(cli): handle the exception that command is not given,fix,cli,False,bug_fixes
115394,115392,ci(travis): black and flake8 checks during test,ci,travis,False,tech_debt
115518,115516,"fix(cz): fix bug in BaseCommitizen.style

#37",fix,cz,False,bug_fixes
116799,116797,Merge branch 'master' into master,other,,False,other
