issue_id,cm_total,cm_breaking_count,cm_feat_count,cm_fix_count,cm_chore_count,cm_docs_count,cm_style_count,cm_refactor_count,cm_test_count,cm_build_count,cm_ci_count,cm_perf_count,cm_revert_count,cm_bump_count,cm_wip_count,cm_other_count,cat_feature_work_count,cat_bug_fixes_count,cat_tech_debt_count,cat_docs_count,cat_other_count,cat_feature_work_ratio,cat_bug_fixes_ratio,cat_tech_debt_ratio,cat_docs_ratio,cat_other_ratio,dominant_category,dominant_type,top_scopes
96894,1,0,0,1,0,0,0,0,0,0,0,0,0,0,0,0,0,1,0,0,0,0.0,1.0,0.0,0.0,0.0,bug_fixes,fix,[]
96991,1,0,0,0,0,0,0,0,0,0,1,0,0,0,0,0,0,0,1,0,0,0.0,0.0,1.0,0.0,0.0,tech_debt,ci,[]
97141,1,0,0,0,0,0,0,0,0,0,1,0,0,0,0,0,0,0,1,0,0,0.0,0.0,1.0,0.0,0.0,tech_debt,ci,['version']
98025,8,0,0,7,0,0,0,0,0,0,0,0,0,0,0,1,0,7,0,0,1,0.0,0.875,0.0,0.0,0.125,bug_fixes,fix,"['config', 'commitizen/config/__init__.py', 'commitizen/config/yaml_config.py']"
99212,5,0,1,0,0,0,1,3,0,0,0,0,0,0,0,0,1,0,4,0,0,0.2,0.0,0.8,0.0,0.0,tech_debt,refactor,"['#319', '#323']"
99573,1,0,0,1,0,0,0,0,0,0,0,0,0,0,0,0,0,1,0,0,0,0.0,1.0,0.0,0.0,0.0,bug_fixes,fix,['commands/commit']
100401,3,0,1,0,0,1,0,0,1,0,0,0,0,0,0,0,1,0,1,1,0,0.3333333333333333,0.0,0.3333333333333333,0.3333333333333333,0.0,feature_work,test,"['bump_command', 'bump']"
100659,2,0,1,0,0,1,0,0,0,0,0,0,0,0,0,0,1,0,0,1,0,0.5,0.0,0.0,0.5,0.0,feature_work,docs,"['changelog', 'commands/changelog']"
100702,3,0,1,0,0,1,0,0,1,0,0,0,0,0,0,0,1,0,1,1,0,0.3333333333333333,0.0,0.3333333333333333,0.3333333333333333,0.0,feature_work,feat,"['commands/bump', 'bump']"
101240,6,0,0,2,0,0,1,1,2,0,0,0,0,0,0,0,0,2,4,0,0,0.0,0.3333333333333333,0.6666666666666666,0.0,0.0,tech_debt,fix,"['commands/bump', 'init.py', 'test_git.py']"
101486,9,0,4,3,0,0,1,0,1,0,0,0,0,0,0,0,4,3,2,0,0,0.4444444444444444,0.3333333333333333,0.2222222222222222,0.0,0.0,feature_work,feat,"['commands/', 'commands/undo']"
102706,3,0,1,2,0,0,0,0,0,0,0,0,0,0,0,0,1,2,0,0,0,0.3333333333333333,0.6666666666666666,0.0,0.0,0.0,bug_fixes,fix,['cli']
104076,6,0,2,0,0,0,2,1,1,0,0,0,0,0,0,0,2,0,4,0,0,0.3333333333333333,0.0,0.6666666666666666,0.0,0.0,tech_debt,feat,['cz_check']
104269,2,0,0,2,0,0,0,0,0,0,0,0,0,0,0,0,0,2,0,0,0,0.0,1.0,0.0,0.0,0.0,bug_fixes,fix,"['commands/bump', 'commands/changelog']"
104457,9,0,1,1,0,1,0,3,1,1,0,0,0,0,0,1,1,1,5,1,1,0.1111111111111111,0.1111111111111111,0.5555555555555556,0.1111111111111111,0.1111111111111111,tech_debt,refactor,"['cli', 'init', 'config']"
104790,5,0,0,1,0,0,0,3,0,1,0,0,0,0,0,0,0,1,4,0,0,0.0,0.2,0.8,0.0,0.0,tech_debt,refactor,"['cli', 'config', 'poetry']"
105395,1,0,0,1,0,0,0,0,0,0,0,0,0,0,0,0,0,1,0,0,0,0.0,1.0,0.0,0.0,0.0,bug_fixes,fix,[]
105441,5,0,0,0,0,1,0,0,0,1,3,0,0,0,0,0,0,0,4,1,0,0.0,0.0,0.8,0.2,0.0,tech_debt,ci,"['github-action', 'readme', 'poetry']"
105923,4,0,0,0,0,3,0,0,0,1,0,0,0,0,0,0,0,0,1,3,0,0.0,0.0,0.25,0.75,0.0,docs,docs,"['readme.md', 'contributing.md', '.gitignore']"
106355,22,0,1,0,0,1,2,9,9,0,0,0,0,0,0,0,1,0,20,1,0,0.045454545454545456,0.0,0.9090909090909091,0.045454545454545456,0.0,tech_debt,refactor,"['exception', 'cli', 'commands/changelog']"
107196,8,0,0,1,0,1,2,0,0,1,3,0,0,0,0,0,0,1,6,1,0,0.0,0.125,0.75,0.125,0.0,tech_debt,ci,"['scripts/test', 'templates', 'docstring']"
107301,2,0,0,0,0,2,0,0,0,0,0,0,0,0,0,0,0,0,0,2,0,0.0,0.0,0.0,1.0,0.0,docs,docs,['github']
107907,36,0,10,6,0,4,4,9,1,0,1,0,0,0,0,1,10,6,15,4,1,0.2777777777777778,0.16666666666666666,0.4166666666666667,0.1111111111111111,0.027777777777777776,tech_debt,feat,"['changelog', 'commands/changelog', 'cli']"
108617,3,0,0,0,0,0,0,0,0,0,0,0,0,0,0,3,0,0,0,0,3,0.0,0.0,0.0,0.0,1.0,other,other,[]
108757,3,0,0,1,0,0,0,1,1,0,0,0,0,0,0,0,0,1,2,0,0,0.0,0.3333333333333333,0.6666666666666666,0.0,0.0,tech_debt,test,['git']
108864,8,0,2,1,0,2,0,2,0,0,1,0,0,0,0,0,2,1,3,2,0,0.25,0.125,0.375,0.25,0.0,tech_debt,refactor,"['changelog', 'bump', 'bumpversion']"
110654,4,0,0,1,0,2,0,1,0,0,0,0,0,0,0,0,0,1,1,2,0,0.0,0.25,0.25,0.5,0.0,docs,docs,"['check', 'docs']"
110710,2,0,0,0,0,1,0,0,0,0,0,0,0,0,0,1,0,0,0,1,1,0.0,0.0,0.0,0.5,0.5,docs,docs,['check']
111182,25,0,8,4,0,2,3,7,1,0,0,0,0,0,0,0,8,4,11,2,0,0.32,0.16,0.44,0.08,0.0,tech_debt,feat,"['commands/changelog', 'templates', 'cli']"
111649,12,0,2,1,0,2,1,4,2,0,0,0,0,0,0,0,2,1,7,2,0,0.16666666666666666,0.08333333333333333,0.5833333333333334,0.16666666666666666,0.0,tech_debt,refactor,"['config', 'git', 'config/base_config']"
112064,1,0,0,0,0,0,0,0,0,1,0,0,0,0,0,0,0,0,1,0,0,0.0,0.0,1.0,0.0,0.0,tech_debt,build,['deps']
112353,2,0,0,2,0,0,0,0,0,0,0,0,0,0,0,0,0,2,0,0,0,0.0,1.0,0.0,0.0,0.0,bug_fixes,fix,['github_action/pythonpackage']
112476,8,0,2,1,0,1,1,1,2,0,0,0,0,0,0,0,2,1,4,1,0,0.25,0.125,0.5,0.125,0.0,tech_debt,test,"['commands/version', 'command/version', 'cli']"
113363,2,0,0,0,0,1,0,0,0,0,1,0,0,0,0,0,0,0,1,1,0,0.0,0.0,0.5,0.5,0.0,tech_debt,ci,[]
113455,1,0,0,0,0,1,0,0,0,0,0,0,0,0,0,0,0,0,0,1,0,0.0,0.0,0.0,1.0,0.0,docs,docs,['tutorial']
113659,8,0,0,0,0,0,1,0,0,0,0,0,0,0,0,7,0,0,1,0,7,0.0,0.0,0.125,0.0,0.875,other,other,[]
113959,6,0,3,1,0,1,0,0,1,0,0,0,0,0,0,0,3,1,1,1,0,0.5,0.16666666666666666,0.16666666666666666,0.16666666666666666,0.0,feature_work,feat,"['cz/cz_customize', 'scripts']"
115413,12,0,3,3,0,3,1,1,1,0,0,0,0,0,0,0,3,3,3,3,0,0.25,0.25,0.25,0.25,0.0,feature_work,feat,"['config', 'cz', 'commit']"
116140,2,0,1,0,0,1,0,0,0,0,0,0,0,0,0,0,1,0,0,1,0,0.5,0.0,0.0,0.5,0.0,feature_work,feat,['bump']
116583,10,0,6,1,0,2,0,0,1,0,0,0,0,0,0,0,6,1,1,2,0,0.6,0.1,0.1,0.2,0.0,feature_work,feat,"['config', 'readme']"
116685,1,0,0,1,0,0,0,0,0,0,0,0,0,0,0,0,0,1,0,0,0,0.0,1.0,0.0,0.0,0.0,bug_fixes,fix,[]
116812,3,0,0,0,0,0,1,1,0,0,1,0,0,0,0,0,0,0,3,0,0,0.0,0.0,1.0,0.0,0.0,tech_debt,ci,[]
116854,2,0,1,0,0,0,0,0,0,0,0,0,0,0,0,1,1,0,0,0,1,0.5,0.0,0.0,0.0,0.5,feature_work,other,[]
203,1,0,0,0,0,0,0,0,0,0,1,0,0,0,0,0,0,0,1,0,0,0.0,0.0,1.0,0.0,0.0,tech_debt,ci,['lychee']
327,7,0,0,0,0,7,0,0,0,0,0,0,0,0,0,0,0,0,0,7,0,0.0,0.0,0.0,1.0,0.0,docs,docs,"['customization/config_file', 'config/option', 'customize']"
2938,1,0,0,0,0,0,0,0,1,0,0,0,0,0,0,0,0,0,1,0,0,0.0,0.0,1.0,0.0,0.0,tech_debt,test,[]
3950,13,0,4,4,0,0,0,2,2,0,0,0,0,0,0,1,4,4,4,0,1,0.3076923076923077,0.3076923076923077,0.3076923076923077,0.0,0.07692307692307693,feature_work,feat,"['cli', 'bump', 'config']"
4220,8,0,1,4,2,0,0,0,1,0,0,0,0,0,0,0,1,4,3,0,0,0.125,0.5,0.375,0.0,0.0,bug_fixes,fix,['cli']
5861,11,0,1,0,0,7,0,1,1,1,0,0,0,0,0,0,1,0,3,7,0,0.09090909090909091,0.0,0.2727272727272727,0.6363636363636364,0.0,docs,docs,"['auto_check', 'prek', 'project_info']"
7173,1,0,0,1,0,0,0,0,0,0,0,0,0,0,0,0,0,1,0,0,0,0.0,1.0,0.0,0.0,0.0,bug_fixes,fix,['cli']
7304,3,0,0,1,0,0,0,0,0,0,2,0,0,0,0,0,0,1,2,0,0,0.0,0.3333333333333333,0.6666666666666666,0.0,0.0,tech_debt,ci,[]
7356,8,0,1,3,0,0,0,3,0,0,0,0,0,0,0,1,1,3,3,0,1,0.125,0.375,0.375,0.0,0.125,bug_fixes,refactor,['config']
8042,1,0,0,0,0,0,0,0,0,1,0,0,0,0,0,0,0,0,1,0,0,0.0,0.0,1.0,0.0,0.0,tech_debt,build,['dev']
8291,3,0,0,0,0,2,0,0,0,0,0,0,0,0,0,1,0,0,0,2,1,0.0,0.0,0.0,0.6666666666666666,0.3333333333333333,docs,docs,['commands/bump.md']
8924,12,0,3,3,0,0,1,2,0,2,0,0,0,0,0,1,3,3,5,0,1,0.25,0.25,0.4166666666666667,0.0,0.08333333333333333,tech_debt,fix,[]
9123,3,0,0,0,0,0,0,0,2,1,0,0,0,0,0,0,0,0,3,0,0,0.0,0.0,1.0,0.0,0.0,tech_debt,test,"['snapshots', 'tox']"
9514,8,0,2,0,0,0,1,0,3,2,0,0,0,0,0,0,2,0,6,0,0,0.25,0.0,0.75,0.0,0.0,tech_debt,test,"['tox', 'commands']"
10053,7,0,2,0,0,0,1,0,2,2,0,0,0,0,0,0,2,0,5,0,0,0.2857142857142857,0.0,0.7142857142857143,0.0,0.0,tech_debt,test,"['tox', 'commands']"
10216,1,0,0,0,0,1,0,0,0,0,0,0,0,0,0,0,0,0,0,1,0,0.0,0.0,0.0,1.0,0.0,docs,docs,[]
10794,16,0,0,4,0,1,1,5,1,1,1,2,0,0,0,0,0,4,11,1,0,0.0,0.25,0.6875,0.0625,0.0,tech_debt,refactor,"['bump', 'version', 'ruff']"
11158,1,0,0,0,0,1,0,0,0,0,0,0,0,0,0,0,0,0,0,1,0,0.0,0.0,0.0,1.0,0.0,docs,docs,['exit_codes.md']
11518,11,0,4,2,0,1,1,0,0,1,0,0,0,0,0,2,4,2,2,1,2,0.36363636363636365,0.18181818181818182,0.18181818181818182,0.09090909090909091,0.18181818181818182,feature_work,feat,"['tags', 'bump']"
12014,1,0,0,1,0,0,0,0,0,0,0,0,0,0,0,0,0,1,0,0,0,0.0,1.0,0.0,0.0,0.0,bug_fixes,fix,['changelog_merge_prerelease']
12226,17,0,0,4,0,1,1,6,1,1,1,2,0,0,0,0,0,4,12,1,0,0.0,0.23529411764705882,0.7058823529411765,0.058823529411764705,0.0,tech_debt,refactor,"['bump', 'ruff', 'version']"
13176,11,0,0,1,0,1,1,5,1,1,1,0,0,0,0,0,0,1,9,1,0,0.0,0.09090909090909091,0.8181818181818182,0.09090909090909091,0.0,tech_debt,refactor,"['bump', 'cargo_provider', 'exit-codes']"
13529,1,0,0,1,0,0,0,0,0,0,0,0,0,0,0,0,0,1,0,0,0,0.0,1.0,0.0,0.0,0.0,bug_fixes,fix,['git']
15626,2,0,0,0,0,0,0,1,0,0,1,0,0,0,0,0,0,0,2,0,0,0.0,0.0,1.0,0.0,0.0,tech_debt,ci,"['github-actions', 'bump']"
16510,33,0,4,3,0,3,3,15,4,0,0,0,0,0,0,1,4,3,22,3,1,0.12121212121212122,0.09090909090909091,0.6666666666666666,0.09090909090909091,0.030303030303030304,tech_debt,refactor,"['baseconfig', 'init', 'basecommitizen']"
17516,10,0,5,1,0,0,0,3,1,0,0,0,0,0,0,0,5,1,4,0,0,0.5,0.1,0.4,0.0,0.0,feature_work,feat,"['commit-input', 'commit', 'tests']"
17847,1,0,0,0,0,1,0,0,0,0,0,0,0,0,0,0,0,0,0,1,0,0.0,0.0,0.0,1.0,0.0,docs,docs,[]
18006,3,0,1,1,0,0,0,0,0,0,0,0,0,0,0,1,1,1,0,0,1,0.3333333333333333,0.3333333333333333,0.0,0.0,0.3333333333333333,feature_work,feat,[]
19584,6,0,0,0,0,0,1,3,0,1,1,0,0,0,0,0,0,0,6,0,0,0.0,0.0,1.0,0.0,0.0,tech_debt,refactor,"['cargo_provider', 'changelog', 'github-actions']"
20263,35,0,1,8,0,2,1,18,5,0,0,0,0,0,0,0,1,8,24,2,0,0.02857142857142857,0.22857142857142856,0.6857142857142857,0.05714285714285714,0.0,tech_debt,refactor,"['init', 'changelog', 'bump']"
20923,3,0,0,2,0,0,0,1,0,0,0,0,0,0,0,0,0,2,1,0,0,0.0,0.6666666666666666,0.3333333333333333,0.0,0.0,bug_fixes,fix,[]
21235,1,0,0,1,0,0,0,0,0,0,0,0,0,0,0,0,0,1,0,0,0,0.0,1.0,0.0,0.0,0.0,bug_fixes,fix,['dependencies']
21578,2,0,1,0,0,1,0,0,0,0,0,0,0,0,0,0,1,0,0,1,0,0.5,0.0,0.0,0.5,0.0,feature_work,docs,['config']
22029,12,0,0,0,0,7,0,1,0,1,3,0,0,0,0,0,0,0,5,7,0,0.0,0.0,0.4166666666666667,0.5833333333333334,0.0,docs,docs,"['readme', 'github-actions', 'customization.md']"
24171,1,0,0,0,0,1,0,0,0,0,0,0,0,0,0,0,0,0,0,1,0,0.0,0.0,0.0,1.0,0.0,docs,docs,['defaults']
25345,65,0,0,4,0,2,13,31,4,8,1,2,0,0,0,0,0,4,59,2,0,0.0,0.06153846153846154,0.9076923076923077,0.03076923076923077,0.0,tech_debt,refactor,"['bump', 'changelog', 'git']"
25915,59,0,0,4,0,2,13,31,4,3,0,2,0,0,0,0,0,4,53,2,0,0.0,0.06779661016949153,0.8983050847457628,0.03389830508474576,0.0,tech_debt,refactor,"['bump', 'changelog', 'git']"
27452,5,0,1,0,0,1,0,0,0,1,1,0,0,0,0,1,1,0,2,1,1,0.2,0.0,0.4,0.2,0.2,tech_debt,docs,['pyproject.toml']
28278,2,0,0,0,0,2,0,0,0,0,0,0,0,0,0,0,0,0,0,2,0,0.0,0.0,0.0,1.0,0.0,docs,docs,"['contributing', 'contributing-tldr']"
28363,30,0,0,1,0,1,0,18,4,6,0,0,0,0,0,0,0,1,28,1,0,0.0,0.03333333333333333,0.9333333333333333,0.03333333333333333,0.0,tech_debt,refactor,"['git', 'bump', 'changelog']"
28955,25,0,0,1,0,1,0,15,4,4,0,0,0,0,0,0,0,1,23,1,0,0.0,0.04,0.92,0.04,0.0,tech_debt,refactor,"['git', 'bump', 'changelog']"
30385,30,0,0,2,0,1,12,12,0,2,0,1,0,0,0,0,0,2,27,1,0,0.0,0.06666666666666667,0.9,0.03333333333333333,0.0,tech_debt,style,"['bump', 'check', 'cli']"
30919,1,0,0,0,0,1,0,0,0,0,0,0,0,0,0,0,0,0,0,1,0,0.0,0.0,0.0,1.0,0.0,docs,docs,[]
31178,3,0,0,0,0,0,0,2,1,0,0,0,0,0,0,0,0,0,3,0,0,0.0,0.0,1.0,0.0,0.0,tech_debt,refactor,['changelog']
31422,80,0,0,6,0,3,14,41,4,9,1,2,0,0,0,0,0,6,71,3,0,0.0,0.075,0.8875,0.0375,0.0,tech_debt,refactor,"['bump', 'git', 'cli']"
33343,2,0,0,0,0,0,0,1,1,0,0,0,0,0,0,0,0,0,2,0,0,0.0,0.0,1.0,0.0,0.0,tech_debt,refactor,"['git', 'test_git']"
33882,11,0,0,1,0,2,0,7,1,0,0,0,0,0,0,0,0,1,8,2,0,0.0,0.09090909090909091,0.7272727272727273,0.18181818181818182,0.0,tech_debt,refactor,"['bump_rule', 'command_bump', 'bump']"
34513,2,0,0,0,0,0,0,0,1,0,0,1,0,0,0,0,0,0,2,0,0,0.0,0.0,1.0,0.0,0.0,tech_debt,test,['changelog']
34627,4,0,0,0,0,0,0,1,3,0,0,0,0,0,0,0,0,0,4,0,0,0.0,0.0,1.0,0.0,0.0,tech_debt,test,['init']
34738,1,0,0,0,0,0,0,0,1,0,0,0,0,0,0,0,0,0,1,0,0,0.0,0.0,1.0,0.0,0.0,tech_debt,test,['changelog']
35078,5,0,0,0,0,1,0,3,1,0,0,0,0,0,0,0,0,0,4,1,0,0.0,0.0,0.8,0.2,0.0,tech_debt,refactor,"['git', 'eoltype']"
35468,1,0,1,0,0,0,0,0,0,0,0,0,0,0,0,0,1,0,0,0,0,1.0,0.0,0.0,0.0,0.0,feature_work,feat,['cli']
36038,20,0,0,0,0,20,0,0,0,0,0,0,0,0,0,0,0,0,0,20,0,0.0,0.0,0.0,1.0,0.0,docs,docs,"['readme', 'readme.md', 'contributing']"
37900,1,0,0,1,0,0,0,0,0,0,0,0,0,0,0,0,0,1,0,0,0,0.0,1.0,0.0,0.0,0.0,bug_fixes,fix,[]
38720,1,0,0,0,0,0,0,0,0,0,1,0,0,0,0,0,0,0,1,0,0,0.0,0.0,1.0,0.0,0.0,tech_debt,ci,['github-actions']
39989,1,0,0,0,0,0,0,0,0,1,0,0,0,0,0,0,0,0,1,0,0,0.0,0.0,1.0,0.0,0.0,tech_debt,build,['deps-dev']
40148,1,0,0,0,0,0,0,0,0,1,0,0,0,0,0,0,0,0,1,0,0,0.0,0.0,1.0,0.0,0.0,tech_debt,build,['deps-dev']
40247,1,0,0,0,0,0,0,0,0,1,0,0,0,0,0,0,0,0,1,0,0,0.0,0.0,1.0,0.0,0.0,tech_debt,build,['deps-dev']
40298,9,0,4,5,0,0,0,0,0,0,0,0,0,0,0,0,4,5,0,0,0,0.4444444444444444,0.5555555555555556,0.0,0.0,0.0,bug_fixes,fix,"['fichier', 'file']"
40567,9,0,4,5,0,0,0,0,0,0,0,0,0,0,0,0,4,5,0,0,0,0.4444444444444444,0.5555555555555556,0.0,0.0,0.0,bug_fixes,fix,"['file', 'fichier']"
40822,1,0,0,0,0,0,0,0,0,1,0,0,0,0,0,0,0,0,1,0,0,0.0,0.0,1.0,0.0,0.0,tech_debt,build,['deps-dev']
41026,1,0,0,0,0,0,0,0,0,1,0,0,0,0,0,0,0,0,1,0,0,0.0,0.0,1.0,0.0,0.0,tech_debt,build,['deps-dev']
41230,1,0,0,0,0,0,0,0,0,1,0,0,0,0,0,0,0,0,1,0,0,0.0,0.0,1.0,0.0,0.0,tech_debt,build,['deps-dev']
41638,1,0,0,0,0,0,0,0,0,1,0,0,0,0,0,0,0,0,1,0,0,0.0,0.0,1.0,0.0,0.0,tech_debt,build,['deps-dev']
42311,2,0,0,0,0,0,1,0,0,1,0,0,0,0,0,0,0,0,2,0,0,0.0,0.0,1.0,0.0,0.0,tech_debt,style,['deps-dev']
42685,1,0,0,0,0,0,0,0,0,0,1,0,0,0,0,0,0,0,1,0,0,0.0,0.0,1.0,0.0,0.0,tech_debt,ci,['deps']
43245,61,0,2,4,0,11,1,1,4,35,1,0,0,2,0,0,2,4,44,11,0,0.03278688524590164,0.06557377049180328,0.7213114754098361,0.18032786885245902,0.0,tech_debt,build,"['deps-dev', 'changelog', 'deps']"
44104,1,0,0,0,0,0,0,0,0,1,0,0,0,0,0,0,0,0,1,0,0,0.0,0.0,1.0,0.0,0.0,tech_debt,build,['deps-dev']
44775,1,0,0,0,0,0,0,0,0,1,0,0,0,0,0,0,0,0,1,0,0,0.0,0.0,1.0,0.0,0.0,tech_debt,build,['deps-dev']
45183,3,0,0,0,0,2,0,0,0,0,0,0,0,0,0,1,0,0,0,2,1,0.0,0.0,0.0,0.6666666666666666,0.3333333333333333,docs,docs,[]
46016,1,0,0,0,0,0,0,0,0,1,0,0,0,0,0,0,0,0,1,0,0,0.0,0.0,1.0,0.0,0.0,tech_debt,build,['deps-dev']
48064,1,0,0,0,0,0,0,0,0,1,0,0,0,0,0,0,0,0,1,0,0,0.0,0.0,1.0,0.0,0.0,tech_debt,build,['deps-dev']
49798,1,0,0,0,0,0,0,0,0,1,0,0,0,0,0,0,0,0,1,0,0,0.0,0.0,1.0,0.0,0.0,tech_debt,build,['deps']
55717,1,0,0,0,0,0,0,0,0,0,1,0,0,0,0,0,0,0,1,0,0,0.0,0.0,1.0,0.0,0.0,tech_debt,ci,['github-actions']
57064,1,0,0,1,0,0,0,0,0,0,0,0,0,0,0,0,0,1,0,0,0,0.0,1.0,0.0,0.0,0.0,bug_fixes,fix,['command-init']
57629,1,0,0,0,0,0,0,0,0,1,0,0,0,0,0,0,0,0,1,0,0,0.0,0.0,1.0,0.0,0.0,tech_debt,build,['deps-dev']
57684,1,0,0,0,0,0,0,0,0,1,0,0,0,0,0,0,0,0,1,0,0,0.0,0.0,1.0,0.0,0.0,tech_debt,build,['deps-dev']
57791,12,0,1,0,0,1,1,5,4,0,0,0,0,0,0,0,1,0,10,1,0,0.08333333333333333,0.0,0.8333333333333334,0.08333333333333333,0.0,tech_debt,refactor,"['commit', 'utils', 'git-hooks']"
57983,1,0,0,1,0,0,0,0,0,0,0,0,0,0,0,0,0,1,0,0,0,0.0,1.0,0.0,0.0,0.0,bug_fixes,fix,['changelog']
58290,1,0,0,0,0,0,0,0,0,1,0,0,0,0,0,0,0,0,1,0,0,0.0,0.0,1.0,0.0,0.0,tech_debt,build,['deps-dev']
59270,1,0,0,0,0,0,0,0,0,1,0,0,0,0,0,0,0,0,1,0,0,0.0,0.0,1.0,0.0,0.0,tech_debt,build,['deps-dev']
61149,3,0,0,2,0,0,0,0,1,0,0,0,0,0,0,0,0,2,1,0,0,0.0,0.6666666666666666,0.3333333333333333,0.0,0.0,bug_fixes,fix,"['bump', 'scm', 'version_schemes']"
61309,3,0,0,0,0,0,2,0,0,1,0,0,0,0,0,0,0,0,3,0,0,0.0,0.0,1.0,0.0,0.0,tech_debt,style,['deps-dev']
61699,1,0,0,0,0,0,0,0,0,1,0,0,0,0,0,0,0,0,1,0,0,0.0,0.0,1.0,0.0,0.0,tech_debt,build,['deps-dev']
61975,1,0,0,0,0,0,0,0,0,1,0,0,0,0,0,0,0,0,1,0,0,0.0,0.0,1.0,0.0,0.0,tech_debt,build,['deps-dev']
62087,1,0,0,0,0,1,0,0,0,0,0,0,0,0,0,0,0,0,0,1,0,0.0,0.0,0.0,1.0,0.0,docs,docs,['version_scheme']
62361,1,0,0,0,0,0,0,0,0,1,0,0,0,0,0,0,0,0,1,0,0,0.0,0.0,1.0,0.0,0.0,tech_debt,build,['deps-dev']
62745,1,0,0,0,0,0,0,0,0,1,0,0,0,0,0,0,0,0,1,0,0,0.0,0.0,1.0,0.0,0.0,tech_debt,build,['deps']
63115,1,0,0,0,0,0,0,0,0,0,1,0,0,0,0,0,0,0,1,0,0,0.0,0.0,1.0,0.0,0.0,tech_debt,ci,['github']
63720,1,0,0,0,0,1,0,0,0,0,0,0,0,0,0,0,0,0,0,1,0,0.0,0.0,0.0,1.0,0.0,docs,docs,['changelog']
63916,1,0,0,0,0,1,0,0,0,0,0,0,0,0,0,0,0,0,0,1,0,0.0,0.0,0.0,1.0,0.0,docs,docs,['github']
64243,1,0,0,0,0,0,0,0,0,1,0,0,0,0,0,0,0,0,1,0,0,0.0,0.0,1.0,0.0,0.0,tech_debt,build,['deps-dev']
66819,1,0,0,0,0,0,0,0,0,0,0,0,0,0,0,1,0,0,0,0,1,0.0,0.0,0.0,0.0,1.0,other,other,[]
67555,12,0,0,0,1,0,0,9,0,0,0,0,0,0,0,2,0,0,10,0,2,0.0,0.0,0.8333333333333334,0.0,0.16666666666666666,tech_debt,refactor,"['provider', 'tests']"
68481,1,0,0,0,0,1,0,0,0,0,0,0,0,0,0,0,0,0,0,1,0,0.0,0.0,0.0,1.0,0.0,docs,docs,['docs']
71557,3,0,0,0,0,0,1,0,0,0,2,0,0,0,0,0,0,0,3,0,0,0.0,0.0,1.0,0.0,0.0,tech_debt,ci,['github-actions']
72044,7,0,0,0,0,2,1,0,0,1,3,0,0,0,0,0,0,0,5,2,0,0.0,0.0,0.7142857142857143,0.2857142857142857,0.0,tech_debt,ci,"['pre-commit', 'github-action', 'poetry']"
74217,50,0,8,6,1,14,3,0,8,8,2,0,0,0,0,0,8,6,22,14,0,0.16,0.12,0.44,0.28,0.0,tech_debt,docs,"['providers', 'changelog', 'init']"
74729,21,0,1,4,0,13,0,0,1,2,0,0,0,0,0,0,1,4,3,13,0,0.047619047619047616,0.19047619047619047,0.14285714285714285,0.6190476190476191,0.0,docs,docs,"['init', 'changelog', 'config']"
75639,28,0,8,2,0,1,2,0,6,5,1,0,0,0,0,3,8,2,14,1,3,0.2857142857142857,0.07142857142857142,0.5,0.03571428571428571,0.10714285714285714,tech_debt,feat,"['providers', 'poetry', 'deps']"
76281,18,0,0,0,0,0,0,0,0,18,0,0,0,0,0,0,0,0,18,0,0,0.0,0.0,1.0,0.0,0.0,tech_debt,build,['poetry']
79593,3,0,1,0,0,0,0,0,2,0,0,0,0,0,0,0,1,0,2,0,0,0.3333333333333333,0.0,0.6666666666666666,0.0,0.0,tech_debt,test,"['bump', 'commands/bump', 'hooks']"
81155,4,0,1,0,0,0,0,0,0,0,3,0,0,0,0,0,1,0,3,0,0,0.25,0.0,0.75,0.0,0.0,tech_debt,ci,"['pre-commit', 'scripts', 'github-actions']"
82148,2,0,0,0,0,2,0,0,0,0,0,0,0,0,0,0,0,0,0,2,0,0.0,0.0,0.0,1.0,0.0,docs,docs,['readme.md']
82294,22,0,2,6,2,3,0,0,5,0,0,0,0,3,0,1,2,6,10,3,1,0.09090909090909091,0.2727272727272727,0.45454545454545453,0.13636363636363635,0.045454545454545456,tech_debt,fix,"['pythonpackage.yml', 'unicode', 'readme.md']"
83151,20,0,2,8,0,0,0,0,8,0,2,0,0,0,0,0,2,8,10,0,0,0.1,0.4,0.5,0.0,0.0,tech_debt,test,"['scripts', 'conf.py', 'pythonpackage.yml']"
84135,5,0,1,1,0,0,1,0,2,0,0,0,0,0,0,0,1,1,3,0,0,0.2,0.2,0.6,0.0,0.0,tech_debt,test,"['commit', 'allow_empty']"
85466,2,0,0,1,0,0,0,0,0,0,1,0,0,0,0,0,0,1,1,0,0,0.0,0.5,0.5,0.0,0.0,bug_fixes,fix,"['bump', 'pre-commit']"
87092,8,0,0,2,0,0,0,2,4,0,0,0,0,0,0,0,0,2,6,0,0,0.0,0.25,0.75,0.0,0.0,tech_debt,test,"['git', 'changelog', 'bump']"
87738,27,0,2,2,0,1,0,0,1,0,0,0,0,0,0,21,2,2,1,1,21,0.07407407407407407,0.07407407407407407,0.037037037037037035,0.037037037037037035,0.7777777777777778,other,other,"['bump', 'test']"
88868,3,0,1,0,0,1,0,0,1,0,0,0,0,0,0,0,1,0,1,1,0,0.3333333333333333,0.0,0.3333333333333333,0.3333333333333333,0.0,feature_work,feat,['bump']
90459,6,0,0,1,0,0,1,1,1,1,0,0,0,0,0,1,0,1,4,0,1,0.0,0.16666666666666666,0.6666666666666666,0.0,0.16666666666666666,tech_debt,style,[]
109563,3,0,2,0,0,0,0,0,1,0,0,0,0,0,0,0,2,0,1,0,0,0.6666666666666666,0.0,0.3333333333333333,0.0,0.0,feature_work,feat,"['find_increment', 'defaults']"
110313,26,0,8,5,0,2,3,7,1,0,0,0,0,0,0,0,8,5,11,2,0,0.3076923076923077,0.19230769230769232,0.4230769230769231,0.07692307692307693,0.0,tech_debt,feat,"['commands/changelog', 'cli', 'templates']"
110537,3,0,0,1,0,0,0,1,0,0,1,0,0,0,0,0,0,1,2,0,0,0.0,0.3333333333333333,0.6666666666666666,0.0,0.0,tech_debt,ci,"['pyproject.toml', 'defaults', 'commands/init']"
111538,11,0,0,1,0,0,0,6,4,0,0,0,0,0,0,0,0,1,10,0,0,0.0,0.09090909090909091,0.9090909090909091,0.0,0.0,tech_debt,refactor,"['cli', 'tests/commands', 'test/commands/other']"
112167,3,0,1,0,0,1,0,1,0,0,0,0,0,0,0,0,1,0,1,1,0,0.3333333333333333,0.0,0.3333333333333333,0.3333333333333333,0.0,feature_work,refactor,"['pre-commit-hooks', 'check']"
112605,16,0,5,5,0,1,3,1,1,0,0,0,0,0,0,0,5,5,5,1,0,0.3125,0.3125,0.3125,0.0625,0.0,feature_work,feat,"['commands/init', 'all', 'git']"
113800,1,0,0,1,0,0,0,0,0,0,0,0,0,0,0,0,0,1,0,0,0,0.0,1.0,0.0,0.0,0.0,bug_fixes,fix,[]
114902,6,0,1,1,0,1,0,1,1,0,0,0,0,0,0,1,1,1,2,1,1,0.16666666666666666,0.16666666666666666,0.3333333333333333,0.16666666666666666,0.16666666666666666,tech_debt,test,"['commands/commit', 'customization', 'cz/conventional_commit']"
115003,4,0,2,0,0,0,0,0,2,0,0,0,0,0,0,0,2,0,2,0,0,0.5,0.0,0.5,0.0,0.0,feature_work,feat,"['commands/commit', 'git']"
115081,7,0,0,2,0,0,0,3,1,0,0,0,0,0,0,1,0,2,4,0,1,0.0,0.2857142857142857,0.5714285714285714,0.0,0.14285714285714285,tech_debt,refactor,"['cli', 'command/version', 'command']"
115965,1,0,0,0,1,0,0,0,0,0,0,0,0,0,0,0,0,0,1,0,0,0.0,0.0,1.0,0.0,0.0,tech_debt,chore,['deps-dev']
116396,3,0,1,0,0,1,0,0,0,0,0,0,0,1,0,0,1,0,1,1,0,0.3333333333333333,0.0,0.3333333333333333,0.3333333333333333,0.0,feature_work,feat,[]
65741,1,0,0,0,0,0,0,0,0,1,0,0,0,0,0,0,0,0,1,0,0,0.0,0.0,1.0,0.0,0.0,tech_debt,build,['deps-dev']
66413,2,0,1,0,0,0,0,0,0,0,0,0,0,0,0,1,1,0,0,0,1,0.5,0.0,0.0,0.0,0.5,feature_work,feat,[]
67355,1,0,0,0,0,0,0,0,0,1,0,0,0,0,0,0,0,0,1,0,0,0.0,0.0,1.0,0.0,0.0,tech_debt,build,['deps-dev']
69701,5,0,1,1,0,1,0,2,0,0,0,0,0,0,0,0,1,1,2,1,0,0.2,0.2,0.4,0.2,0.0,tech_debt,refactor,[]
70345,1,0,0,0,0,0,0,0,0,1,0,0,0,0,0,0,0,0,1,0,0,0.0,0.0,1.0,0.0,0.0,tech_debt,build,['deps-dev']
70530,1,0,0,0,0,0,0,0,0,1,0,0,0,0,0,0,0,0,1,0,0,0.0,0.0,1.0,0.0,0.0,tech_debt,build,['deps-dev']
71707,1,0,0,0,0,0,0,0,0,1,0,0,0,0,0,0,0,0,1,0,0,0.0,0.0,1.0,0.0,0.0,tech_debt,build,['deps-dev']
72138,1,0,1,0,0,0,0,0,0,0,0,0,0,0,0,0,1,0,0,0,0,1.0,0.0,0.0,0.0,0.0,feature_work,feat,[]
72525,3,0,0,1,0,0,1,0,1,0,0,0,0,0,0,0,0,1,2,0,0,0.0,0.3333333333333333,0.6666666666666666,0.0,0.0,tech_debt,style,['commands/changelog']
73165,8,0,0,3,0,4,0,0,0,0,1,0,0,0,0,0,0,3,1,4,0,0.0,0.375,0.125,0.5,0.0,docs,docs,"['config', 'init']"
73933,1,0,0,0,0,0,0,0,0,0,1,0,0,0,0,0,0,0,1,0,0,0.0,0.0,1.0,0.0,0.0,tech_debt,ci,['dependabot']
74169,1,0,0,0,0,0,0,0,0,0,0,0,0,0,0,1,0,0,0,0,1,0.0,0.0,0.0,0.0,1.0,other,other,[]
75085,1,0,0,0,0,0,0,0,0,0,0,0,0,0,0,1,0,0,0,0,1,0.0,0.0,0.0,0.0,1.0,other,other,[]
75240,3,0,1,0,0,0,0,0,1,0,1,0,0,0,0,0,1,0,2,0,0,0.3333333333333333,0.0,0.6666666666666666,0.0,0.0,tech_debt,feat,"['changelog', 'scripts']"
76783,4,0,0,0,0,0,0,0,0,4,0,0,0,0,0,0,0,0,4,0,0,0.0,0.0,1.0,0.0,0.0,tech_debt,build,['poetry']
78738,6,0,4,0,0,1,0,0,1,0,0,0,0,0,0,0,4,0,1,1,0,0.6666666666666666,0.0,0.16666666666666666,0.16666666666666666,0.0,feature_work,feat,"['providers', 'deps']"
80450,5,0,0,1,0,0,0,0,0,4,0,0,0,0,0,0,0,1,4,0,0,0.0,0.2,0.8,0.0,0.0,tech_debt,build,"['dev', 'dependabot', 'poetry']"
80764,15,0,4,2,0,3,0,2,4,0,0,0,0,0,0,0,4,2,6,3,0,0.26666666666666666,0.13333333333333333,0.4,0.2,0.0,tech_debt,feat,"['git', 'commands-bump', 'utils']"
81240,10,0,2,4,0,1,1,1,1,0,0,0,0,0,0,0,2,4,3,1,0,0.2,0.4,0.3,0.1,0.0,bug_fixes,fix,"['unicode', 'defaults.py', 'changelog.py']"
84581,2,0,0,0,0,0,0,0,0,1,1,0,0,0,0,0,0,0,2,0,0,0.0,0.0,1.0,0.0,0.0,tech_debt,build,"['poetry', 'scripts']"
86184,1,0,0,0,1,0,0,0,0,0,0,0,0,0,0,0,0,0,1,0,0,0.0,0.0,1.0,0.0,0.0,tech_debt,chore,[]
86298,2,0,1,0,0,0,0,0,1,0,0,0,0,0,0,0,1,0,1,0,0,0.5,0.0,0.5,0.0,0.0,feature_work,feat,[]
86393,1,0,0,0,0,0,0,1,0,0,0,0,0,0,0,0,0,0,1,0,0,0.0,0.0,1.0,0.0,0.0,tech_debt,refactor,['tool']
87307,4,0,1,0,0,0,0,2,1,0,0,0,0,0,0,0,1,0,3,0,0,0.25,0.0,0.75,0.0,0.0,tech_debt,refactor,['changelog']
89982,5,0,1,1,0,2,0,0,1,0,0,0,0,0,0,0,1,1,1,2,0,0.2,0.2,0.2,0.4,0.0,docs,docs,[]
91052,3,0,0,0,0,0,0,0,2,0,1,0,0,0,0,0,0,0,3,0,0,0.0,0.0,1.0,0.0,0.0,tech_debt,test,['conftest.py']
91574,13,0,0,1,0,3,4,4,1,0,0,0,0,0,0,0,0,1,9,3,0,0.0,0.07692307692307693,0.6923076923076923,0.23076923076923078,0.0,tech_debt,style,"['mypy', 'customization', 'defaults']"
91764,4,0,0,0,0,0,1,0,0,1,2,0,0,0,0,0,0,0,4,0,0,0.0,0.0,1.0,0.0,0.0,tech_debt,ci,"['github-actions', 'poetry']"
92684,1,0,0,0,0,0,0,0,0,1,0,0,0,0,0,0,0,0,1,0,0,0.0,0.0,1.0,0.0,0.0,tech_debt,build,[]
94198,1,0,0,0,0,0,0,0,0,0,0,0,0,0,0,1,0,0,0,0,1,0.0,0.0,0.0,0.0,1.0,other,other,[]
94620,3,0,0,1,0,0,1,0,0,0,0,0,0,0,0,1,0,1,1,0,1,0.0,0.3333333333333333,0.3333333333333333,0.0,0.3333333333333333,bug_fixes,fix,['commands.init.py']
98448,1,0,0,0,0,1,0,0,0,0,0,0,0,0,0,0,0,0,0,1,0,0.0,0.0,0.0,1.0,0.0,docs,docs,['readme']
99702,8,0,2,1,0,2,0,0,3,0,0,0,0,0,0,0,2,1,3,2,0,0.25,0.125,0.375,0.25,0.0,tech_debt,test,"['json_config', 'commitizen/config/json_config', 'test_cs_customize']"
99989,1,0,0,1,0,0,0,0,0,0,0,0,0,0,0,0,0,1,0,0,0,0.0,1.0,0.0,0.0,0.0,bug_fixes,fix,[]
100129,3,0,1,0,0,1,0,0,1,0,0,0,0,0,0,0,1,0,1,1,0,0.3333333333333333,0.0,0.3333333333333333,0.3333333333333333,0.0,feature_work,test,"['tests/test_cli', 'commitizen/cli', 'docs/readme']"
102817,3,0,0,0,0,0,0,0,3,0,0,0,0,0,0,0,0,0,3,0,0,0.0,0.0,1.0,0.0,0.0,tech_debt,test,['bump']
105584,5,0,0,0,0,1,1,0,0,0,3,0,0,0,0,0,0,0,4,1,0,0.0,0.0,0.8,0.2,0.0,tech_debt,ci,"['pre-commit', 'contributing']"
107642,1,0,0,1,0,0,0,0,0,0,0,0,0,0,0,0,0,1,0,0,0,0.0,1.0,0.0,0.0,0.0,bug_fixes,fix,['docs']
109156,2,0,0,1,0,0,0,0,1,0,0,0,0,0,0,0,0,1,1,0,0,0.0,0.5,0.5,0.0,0.0,bug_fixes,test,"['conf', 'config']"
109358,17,0,0,1,0,0,4,8,1,0,3,0,0,0,0,0,0,1,16,0,0,0.0,0.058823529411764705,0.9411764705882353,0.0,0.0,tech_debt,refactor,"['cz/customize', 'scripts/test', 'mypy']"
110240,6,0,1,0,0,0,1,2,0,0,2,0,0,0,0,0,1,0,5,0,0,0.16666666666666666,0.0,0.8333333333333334,0.0,0.0,tech_debt,refactor,"['cz/connventional_commit', 'commands/check', 'scripts/test']"
112209,1,0,0,0,0,0,0,0,0,1,0,0,0,0,0,0,0,0,1,0,0,0.0,0.0,1.0,0.0,0.0,tech_debt,build,['deps-dev']
112242,2,0,0,2,0,0,0,0,0,0,0,0,0,0,0,0,0,2,0,0,0,0.0,1.0,0.0,0.0,0.0,bug_fixes,fix,['cli']
113397,1,0,0,0,0,1,0,0,0,0,0,0,0,0,0,0,0,0,0,1,0,0.0,0.0,0.0,1.0,0.0,docs,docs,[]
114086,6,0,0,0,0,0,0,0,0,0,0,0,0,0,0,6,0,0,0,0,6,0.0,0.0,0.0,0.0,1.0,other,other,[]
115874,1,0,0,0,1,0,0,0,0,0,0,0,0,0,0,0,0,0,1,0,0,0.0,0.0,1.0,0.0,0.0,tech_debt,chore,['deps-dev']
116298,1,0,1,0,0,0,0,0,0,0,0,0,0,0,0,0,1,0,0,0,0,1.0,0.0,0.0,0.0,0.0,feature_work,feat,['bump']
814,1,0,0,0,0,0,0,0,0,1,0,0,0,0,0,0,0,0,1,0,0,0.0,0.0,1.0,0.0,0.0,tech_debt,build,['deps']
1987,2,0,0,2,0,0,0,0,0,0,0,0,0,0,0,0,0,2,0,0,0,0.0,1.0,0.0,0.0,0.0,bug_fixes,fix,['provider']
2346,5,0,2,2,1,0,0,0,0,0,0,0,0,0,0,0,2,2,1,0,0,0.4,0.4,0.2,0.0,0.0,feature_work,feat,['config']
2595,8,0,0,2,0,0,0,1,4,0,0,0,0,0,0,1,0,2,5,0,1,0.0,0.25,0.625,0.0,0.125,tech_debt,test,['bump']
5232,1,0,0,1,0,0,0,0,0,0,0,0,0,0,0,0,0,1,0,0,0,0.0,1.0,0.0,0.0,0.0,bug_fixes,fix,['changelog']
6261,1,0,0,0,0,1,0,0,0,0,0,0,0,0,0,0,0,0,0,1,0,0.0,0.0,0.0,1.0,0.0,docs,docs,['changelog']
7621,4,0,0,0,0,3,0,0,0,0,0,0,0,0,0,1,0,0,0,3,1,0.0,0.0,0.0,0.75,0.25,docs,docs,['config/configuration_file.md']
8734,2,0,0,0,0,0,0,0,0,1,1,0,0,0,0,0,0,0,2,0,0,0.0,0.0,1.0,0.0,0.0,tech_debt,ci,"['uv', 'poe']"
9308,1,0,0,0,0,1,0,0,0,0,0,0,0,0,0,0,0,0,0,1,0,0.0,0.0,0.0,1.0,0.0,docs,docs,['contributing']
12643,15,0,2,2,0,1,2,4,2,1,1,0,0,0,0,0,2,2,10,1,0,0.13333333333333333,0.13333333333333333,0.6666666666666666,0.06666666666666667,0.0,tech_debt,refactor,"['bump', 'git', 'changelog']"
14189,10,0,0,1,0,1,1,5,0,1,1,0,0,0,0,0,0,1,8,1,0,0.0,0.1,0.8,0.1,0.0,tech_debt,refactor,"['bump', 'cli', 'changelog']"
16141,1,0,0,1,0,0,0,0,0,0,0,0,0,0,0,0,0,1,0,0,0,0.0,1.0,0.0,0.0,0.0,bug_fixes,fix,['bump']
16281,1,0,0,0,0,0,0,1,0,0,0,0,0,0,0,0,0,0,1,0,0,0.0,0.0,1.0,0.0,0.0,tech_debt,refactor,['bump']
17147,1,0,0,0,0,1,0,0,0,0,0,0,0,0,0,0,0,0,0,1,0,0.0,0.0,0.0,1.0,0.0,docs,docs,[]
18131,1,0,0,0,0,0,0,0,1,0,0,0,0,0,0,0,0,0,1,0,0,0.0,0.0,1.0,0.0,0.0,tech_debt,test,['changelog']
18263,6,0,1,1,0,0,1,2,1,0,0,0,0,0,0,0,1,1,4,0,0,0.16666666666666666,0.16666666666666666,0.6666666666666666,0.0,0.0,tech_debt,refactor,"['basecommitizen', 'init', 'utils']"
20071,1,0,0,0,0,0,0,0,0,1,0,0,0,0,0,0,0,0,1,0,0,0.0,0.0,1.0,0.0,0.0,tech_debt,build,[]
23136,1,0,0,0,0,0,0,1,0,0,0,0,0,0,0,0,0,0,1,0,0,0.0,0.0,1.0,0.0,0.0,tech_debt,refactor,['git']
23470,1,0,0,0,0,0,0,1,0,0,0,0,0,0,0,0,0,0,1,0,0,0.0,0.0,1.0,0.0,0.0,tech_debt,refactor,['process_commit_message']
23652,5,0,0,2,0,0,1,2,0,0,0,0,0,0,0,0,0,2,3,0,0,0.0,0.4,0.6,0.0,0.0,tech_debt,fix,"['changelog', 'pyproject.toml', 'init']"
23848,2,0,0,0,0,0,0,1,1,0,0,0,0,0,0,0,0,0,2,0,0,0.0,0.0,1.0,0.0,0.0,tech_debt,refactor,['init']
24816,5,0,0,0,0,0,0,2,3,0,0,0,0,0,0,0,0,0,5,0,0,0.0,0.0,1.0,0.0,0.0,tech_debt,test,"['init', 'projectinfo']"
28660,4,0,0,0,0,0,2,0,0,2,0,0,0,0,0,0,0,0,4,0,0,0.0,0.0,1.0,0.0,0.0,tech_debt,style,"['ruff', 'deps-dev']"
29256,14,0,0,1,0,0,6,4,0,2,0,1,0,0,0,0,0,1,13,0,0,0.0,0.07142857142857142,0.9285714285714286,0.0,0.0,tech_debt,style,"['tags', 'ruff,mypy', 'baseconfig']"
30064,26,0,0,2,0,1,0,14,4,5,0,0,0,0,0,0,0,2,23,1,0,0.0,0.07692307692307693,0.8846153846153846,0.038461538461538464,0.0,tech_debt,refactor,"['git', 'bump', 'commit']"
33988,1,0,1,0,0,0,0,0,0,0,0,0,0,0,0,0,1,0,0,0,0,1.0,0.0,0.0,0.0,0.0,feature_work,feat,['bump_rule']
13965,2,0,0,1,0,0,0,1,0,0,0,0,0,0,0,0,0,1,1,0,0,0.0,0.5,0.5,0.0,0.0,bug_fixes,fix,['version']
14986,2,0,1,0,0,0,0,0,0,0,0,0,0,0,0,1,1,0,0,0,1,0.5,0.0,0.0,0.0,0.5,feature_work,feat,['bump']
15564,1,0,0,0,0,1,0,0,0,0,0,0,0,0,0,0,0,0,0,1,0,0.0,0.0,0.0,1.0,0.0,docs,docs,['bump']
17393,2,0,0,0,0,0,0,1,0,0,0,0,0,0,0,1,0,0,1,0,1,0.0,0.0,0.5,0.0,0.5,tech_debt,refactor,['commit']
18566,1,0,0,0,0,0,0,1,0,0,0,0,0,0,0,0,0,0,1,0,0,0.0,0.0,1.0,0.0,0.0,tech_debt,refactor,[]
18679,3,0,0,0,0,0,0,3,0,0,0,0,0,0,0,0,0,0,3,0,0,0.0,0.0,1.0,0.0,0.0,tech_debt,refactor,"['basecommitizen', 'baseformat']"
20184,5,0,1,1,0,1,1,1,0,0,0,0,0,0,0,0,1,1,2,1,0,0.2,0.2,0.4,0.2,0.0,tech_debt,docs,"['config', 'dependencies']"
22956,1,0,0,0,0,0,0,1,0,0,0,0,0,0,0,0,0,0,1,0,0,0.0,0.0,1.0,0.0,0.0,tech_debt,refactor,['changelog']
23014,1,0,0,1,0,0,0,0,0,0,0,0,0,0,0,0,0,1,0,0,0,0.0,1.0,0.0,0.0,0.0,bug_fixes,fix,['changelog']
26426,31,0,0,2,0,1,12,12,0,2,1,1,0,0,0,0,0,2,28,1,0,0.0,0.06451612903225806,0.9032258064516129,0.03225806451612903,0.0,tech_debt,style,"['bump', 'check', 'changelog']"
29484,3,0,0,0,0,0,1,2,0,0,0,0,0,0,0,0,0,0,3,0,0,0.0,0.0,1.0,0.0,0.0,tech_debt,refactor,"['jira', 'conventional_commits']"
29643,1,0,0,0,0,0,0,1,0,0,0,0,0,0,0,0,0,0,1,0,0,0.0,0.0,1.0,0.0,0.0,tech_debt,refactor,[]
30981,1,0,0,0,0,1,0,0,0,0,0,0,0,0,0,0,0,0,0,1,0,0.0,0.0,0.0,1.0,0.0,docs,docs,['commit']
31227,2,0,0,0,0,0,0,1,1,0,0,0,0,0,0,0,0,0,2,0,0,0.0,0.0,1.0,0.0,0.0,tech_debt,refactor,['changelog']
33092,1,0,0,1,0,0,0,0,0,0,0,0,0,0,0,0,0,1,0,0,0,0.0,1.0,0.0,0.0,0.0,bug_fixes,fix,['defaults']
34222,1,0,0,0,0,0,0,1,0,0,0,0,0,0,0,0,0,0,1,0,0,0.0,0.0,1.0,0.0,0.0,tech_debt,refactor,['bump']
36515,4,0,1,0,0,1,0,1,1,0,0,0,0,0,0,0,1,0,2,1,0,0.25,0.0,0.5,0.25,0.0,tech_debt,refactor,"['providers', 'tests']"
36950,1,0,0,0,0,0,0,0,0,0,1,0,0,0,0,0,0,0,1,0,0,0.0,0.0,1.0,0.0,0.0,tech_debt,ci,['github-actions']
37219,4,0,0,2,0,0,0,0,1,0,0,0,0,0,0,1,0,2,1,0,1,0.0,0.5,0.25,0.0,0.25,bug_fixes,fix,"['changelog.py', 'test_changelog_command.py']"
37360,4,0,0,2,0,0,0,0,1,0,0,0,0,0,0,1,0,2,1,0,1,0.0,0.5,0.25,0.0,0.25,bug_fixes,fix,"['test_changelog_command.py', 'test_changelog.py', 'changelog.py']"
37805,3,0,2,0,0,1,0,0,0,0,0,0,0,0,0,0,2,0,0,1,0,0.6666666666666666,0.0,0.0,0.3333333333333333,0.0,feature_work,feat,"['customization', 'git', 'changelog']"
40451,2,0,1,0,0,0,0,0,0,0,0,0,0,0,0,1,1,0,0,0,1,0.5,0.0,0.0,0.0,0.5,feature_work,other,[]
40924,1,0,0,0,0,0,0,0,0,1,0,0,0,0,0,0,0,0,1,0,0,0.0,0.0,1.0,0.0,0.0,tech_debt,build,['deps']
41332,1,0,0,0,0,0,0,0,0,1,0,0,0,0,0,0,0,0,1,0,0,0.0,0.0,1.0,0.0,0.0,tech_debt,build,['deps-dev']
42858,2,0,0,0,0,0,0,0,0,0,1,0,0,0,0,1,0,0,1,0,1,0.0,0.0,0.5,0.0,0.5,tech_debt,ci,['github-actions']
43143,1,0,0,0,0,0,0,0,0,1,0,0,0,0,0,0,0,0,1,0,0,0.0,0.0,1.0,0.0,0.0,tech_debt,build,['deps-dev']
43194,1,0,0,0,0,0,0,0,0,1,0,0,0,0,0,0,0,0,1,0,0,0.0,0.0,1.0,0.0,0.0,tech_debt,build,['deps-dev']
44979,1,0,0,0,0,0,0,0,0,1,0,0,0,0,0,0,0,0,1,0,0,0.0,0.0,1.0,0.0,0.0,tech_debt,build,['deps-dev']
45519,1,0,0,0,0,0,0,0,0,1,0,0,0,0,0,0,0,0,1,0,0,0.0,0.0,1.0,0.0,0.0,tech_debt,build,['deps-dev']
45844,1,0,0,0,0,0,0,0,1,0,0,0,0,0,0,0,0,0,1,0,0,0.0,0.0,1.0,0.0,0.0,tech_debt,test,['check']
47356,5,0,1,2,0,1,0,0,1,0,0,0,0,0,0,0,1,2,1,1,0,0.2,0.4,0.2,0.2,0.0,bug_fixes,fix,"['commit', 'conftest', 'gettings_started']"
49509,4,0,0,0,0,0,0,0,3,0,1,0,0,0,0,0,0,0,4,0,0,0.0,0.0,1.0,0.0,0.0,tech_debt,test,['github-actions']
49747,1,0,0,0,0,0,0,0,0,1,0,0,0,0,0,0,0,0,1,0,0,0.0,0.0,1.0,0.0,0.0,tech_debt,build,['deps']
50117,1,0,0,0,0,0,0,0,0,1,0,0,0,0,0,0,0,0,1,0,0,0.0,0.0,1.0,0.0,0.0,tech_debt,build,['deps-dev']
51890,3,0,0,0,0,0,0,0,0,0,3,0,0,0,0,0,0,0,3,0,0,0.0,0.0,1.0,0.0,0.0,tech_debt,ci,"['docpublish', 'workflow']"
54627,1,0,0,0,0,0,0,0,0,1,0,0,0,0,0,0,0,0,1,0,0,0.0,0.0,1.0,0.0,0.0,tech_debt,build,['deps-dev']
54729,6,0,1,2,0,1,0,2,0,0,0,0,0,0,0,0,1,2,2,1,0,0.16666666666666666,0.3333333333333333,0.3333333333333333,0.16666666666666666,0.0,bug_fixes,fix,['commands/commit']
55615,1,0,0,0,0,0,0,0,0,1,0,0,0,0,0,0,0,0,1,0,0,0.0,0.0,1.0,0.0,0.0,tech_debt,build,['deps-dev']
55993,5,0,0,0,0,0,2,3,0,0,0,0,0,0,0,0,0,0,5,0,0,0.0,0.0,1.0,0.0,0.0,tech_debt,refactor,"['defaults', 'mypy', 'check']"
56142,5,0,0,0,0,0,0,0,0,0,5,0,0,0,0,0,0,0,5,0,0,0.0,0.0,1.0,0.0,0.0,tech_debt,ci,"['github-actions', 'scripts']"
56556,5,0,1,0,0,1,0,0,3,0,0,0,0,0,0,0,1,0,3,1,0,0.2,0.0,0.6,0.2,0.0,tech_debt,test,"['test_conf.py', 'readme', 'cli']"
57739,1,0,0,0,0,0,0,0,0,1,0,0,0,0,0,0,0,0,1,0,0,0.0,0.0,1.0,0.0,0.0,tech_debt,build,['deps-dev']
58816,1,0,1,0,0,0,0,0,0,0,0,0,0,0,0,0,1,0,0,0,0,1.0,0.0,0.0,0.0,0.0,feature_work,feat,['changelog']
59008,1,0,0,0,0,0,0,0,0,1,0,0,0,0,0,0,0,0,1,0,0,0.0,0.0,1.0,0.0,0.0,tech_debt,build,['deps']
59375,1,0,1,0,0,0,0,0,0,0,0,0,0,0,0,0,1,0,0,0,0,1.0,0.0,0.0,0.0,0.0,feature_work,feat,['changelog']
60179,1,0,0,0,0,0,0,0,0,1,0,0,0,0,0,0,0,0,1,0,0,0.0,0.0,1.0,0.0,0.0,tech_debt,build,['deps-dev']
61453,1,0,0,0,0,0,0,0,0,1,0,0,0,0,0,0,0,0,1,0,0,0.0,0.0,1.0,0.0,0.0,tech_debt,build,['deps-dev']
63049,1,0,0,0,0,1,0,0,0,0,0,0,0,0,0,0,0,0,0,1,0,0.0,0.0,0.0,1.0,0.0,docs,docs,['bump']
63812,5,0,0,0,0,0,0,0,0,5,0,0,0,0,0,0,0,0,5,0,0,0.0,0.0,1.0,0.0,0.0,tech_debt,build,"['poetry', 'script']"
65869,1,0,0,0,0,0,0,0,0,1,0,0,0,0,0,0,0,0,1,0,0,0.0,0.0,1.0,0.0,0.0,tech_debt,build,['deps']
66982,1,0,0,0,0,0,0,0,0,1,0,0,0,0,0,0,0,0,1,0,0,0.0,0.0,1.0,0.0,0.0,tech_debt,build,['deps-dev']
68356,5,0,1,2,0,0,0,1,1,0,0,0,0,0,0,0,1,2,2,0,0,0.2,0.4,0.4,0.0,0.0,bug_fixes,fix,"['commands', 'commitizen', 'tests']"
69049,8,0,4,1,1,0,1,0,0,0,0,0,0,0,0,1,4,1,2,0,1,0.5,0.125,0.25,0.0,0.125,feature_work,feat,"['template', 'formats', 'filename']"
71241,3,0,0,1,0,1,0,1,0,0,0,0,0,0,0,0,0,1,1,1,0,0.0,0.3333333333333333,0.3333333333333333,0.3333333333333333,0.0,bug_fixes,docs,[]
71974,1,0,0,0,0,0,0,0,0,1,0,0,0,0,0,0,0,0,1,0,0,0.0,0.0,1.0,0.0,0.0,tech_debt,build,['deps']
73268,7,0,0,3,0,0,0,0,4,0,0,0,0,0,0,0,0,3,4,0,0,0.0,0.42857142857142855,0.5714285714285714,0.0,0.0,tech_debt,test,"['bump', 'changelog']"
74642,4,0,0,0,0,0,1,0,0,2,1,0,0,0,0,0,0,0,4,0,0,0.0,0.0,1.0,0.0,0.0,tech_debt,build,"['pre-commit', 'docspublish']"
75052,1,0,0,0,0,0,0,0,0,0,0,0,0,0,0,1,0,0,0,0,1,0.0,0.0,0.0,0.0,1.0,other,other,[]
75118,1,0,0,0,0,0,0,0,0,0,0,0,0,0,0,1,0,0,0,0,1,0.0,0.0,0.0,0.0,1.0,other,other,[]
75516,4,0,0,1,0,0,1,1,0,1,0,0,0,0,0,0,0,1,3,0,0,0.0,0.25,0.75,0.0,0.0,tech_debt,fix,['poetry']
76533,8,0,1,1,0,1,0,3,2,0,0,0,0,0,0,0,1,1,5,1,0,0.125,0.125,0.625,0.125,0.0,tech_debt,refactor,"['bump', 'changelog']"
77510,2,0,0,0,1,0,1,0,0,0,0,0,0,0,0,0,0,0,2,0,0,0.0,0.0,1.0,0.0,0.0,tech_debt,style,[]
77641,1,0,0,0,0,0,0,0,0,1,0,0,0,0,0,0,0,0,1,0,0,0.0,0.0,1.0,0.0,0.0,tech_debt,build,['poetry']
77840,2,0,0,0,0,1,0,0,0,0,0,0,0,0,0,1,0,0,0,1,1,0.0,0.0,0.0,0.5,0.5,docs,docs,[]
78454,1,0,0,0,0,0,0,0,0,0,1,0,0,0,0,0,0,0,1,0,0,0.0,0.0,1.0,0.0,0.0,tech_debt,ci,['github-actions']
80244,1,0,0,0,0,0,0,0,1,0,0,0,0,0,0,0,0,0,1,0,0,0.0,0.0,1.0,0.0,0.0,tech_debt,test,['git']
80412,2,0,0,0,0,0,0,0,0,2,0,0,0,0,0,0,0,0,2,0,0,0.0,0.0,1.0,0.0,0.0,tech_debt,build,"['dependabot', 'poetry']"
81723,1,0,0,0,0,1,0,0,0,0,0,0,0,0,0,0,0,0,0,1,0,0.0,0.0,0.0,1.0,0.0,docs,docs,['config.md']
81873,8,0,1,0,0,1,1,4,1,0,0,0,0,0,0,0,1,0,6,1,0,0.125,0.0,0.75,0.125,0.0,tech_debt,refactor,"['cli.py', 'extra_args', 'docs/commit.md']"
82678,1,0,1,0,0,0,0,0,0,0,0,0,0,0,0,0,1,0,0,0,0,1.0,0.0,0.0,0.0,0.0,feature_work,feat,['bump']
83822,1,0,1,0,0,0,0,0,0,0,0,0,0,0,0,0,1,0,0,0,0,1.0,0.0,0.0,0.0,0.0,feature_work,feat,[]
84891,7,0,1,2,0,0,1,1,2,0,0,0,0,0,0,0,1,2,4,0,0,0.14285714285714285,0.2857142857142857,0.5714285714285714,0.0,0.0,tech_debt,fix,"['init', 'test']"
85508,1,0,0,1,0,0,0,0,0,0,0,0,0,0,0,0,0,1,0,0,0,0.0,1.0,0.0,0.0,0.0,bug_fixes,fix,['command_changelog']
88314,4,0,0,4,0,0,0,0,0,0,0,0,0,0,0,0,0,4,0,0,0,0.0,1.0,0.0,0.0,0.0,bug_fixes,fix,['pre-commit']
89006,8,0,0,1,0,0,0,0,0,0,0,0,0,0,0,7,0,1,0,0,7,0.0,0.125,0.0,0.0,0.875,other,other,['rr']
90990,1,0,0,0,0,1,0,0,0,0,0,0,0,0,0,0,0,0,0,1,0,0.0,0.0,0.0,1.0,0.0,docs,docs,[]
91448,1,0,0,0,0,0,0,0,0,1,0,0,0,0,0,0,0,0,1,0,0,0.0,0.0,1.0,0.0,0.0,tech_debt,build,[]
93412,9,0,0,0,0,8,1,0,0,0,0,0,0,0,0,0,0,0,1,8,0,0.0,0.0,0.1111111111111111,0.8888888888888888,0.0,docs,docs,"['faq', 'readme', 'config']"
96074,3,0,1,1,0,0,0,0,0,1,0,0,0,0,0,0,1,1,1,0,0,0.3333333333333333,0.3333333333333333,0.3333333333333333,0.0,0.0,feature_work,build,['#173']
97636,3,0,1,0,0,1,0,0,1,0,0,0,0,0,0,0,1,0,1,1,0,0.3333333333333333,0.0,0.3333333333333333,0.3333333333333333,0.0,feature_work,feat,['bump']
97918,1,0,0,1,0,0,0,0,0,0,0,0,0,0,0,0,0,1,0,0,0,0.0,1.0,0.0,0.0,0.0,bug_fixes,fix,['config']
105005,6,0,0,0,0,6,0,0,0,0,0,0,0,0,0,0,0,0,0,6,0,0.0,0.0,0.0,1.0,0.0,docs,docs,['readme.md']
106755,2,0,0,0,0,2,0,0,0,0,0,0,0,0,0,0,0,0,0,2,0,0.0,0.0,0.0,1.0,0.0,docs,docs,[]
106933,1,0,0,0,0,0,1,0,0,0,0,0,0,0,0,0,0,0,1,0,0,0.0,0.0,1.0,0.0,0.0,tech_debt,style,['init']
106970,1,0,0,1,0,0,0,0,0,0,0,0,0,0,0,0,0,1,0,0,0,0.0,1.0,0.0,0.0,0.0,bug_fixes,fix,['changelog']
110089,4,0,0,1,0,0,0,1,2,0,0,0,0,0,0,0,0,1,3,0,0,0.0,0.25,0.75,0.0,0.0,tech_debt,test,"['bump', 'bump_find_increment', 'config']"
111419,11,0,1,0,0,0,0,6,4,0,0,0,0,0,0,0,1,0,10,0,0,0.09090909090909091,0.0,0.9090909090909091,0.0,0.0,tech_debt,refactor,"['git', 'all', 'tests/conftest']"
112818,12,0,0,3,0,0,0,8,1,0,0,0,0,0,0,0,0,3,9,0,0,0.0,0.25,0.75,0.0,0.0,tech_debt,refactor,"['config', 'config/ini_config', 'all']"
113149,1,0,0,0,0,1,0,0,0,0,0,0,0,0,0,0,0,0,0,1,0,0.0,0.0,0.0,1.0,0.0,docs,docs,['check']
934,1,0,0,0,0,0,0,0,0,1,0,0,0,0,0,0,0,0,1,0,0,0.0,0.0,1.0,0.0,0.0,tech_debt,build,['deps']
1322,1,0,0,1,0,0,0,0,0,0,0,0,0,0,0,0,0,1,0,0,0,0.0,1.0,0.0,0.0,0.0,bug_fixes,fix,['config']
1658,10,0,0,0,0,4,1,1,0,1,3,0,0,0,0,0,0,0,6,4,0,0.0,0.0,0.6,0.4,0.0,tech_debt,docs,"['gen_cli_help_screenshots', 'workflow']"
3728,1,0,0,0,0,0,0,1,0,0,0,0,0,0,0,0,0,0,1,0,0,0.0,0.0,1.0,0.0,0.0,tech_debt,refactor,[]
5367,1,0,0,0,0,0,0,0,1,0,0,0,0,0,0,0,0,0,1,0,0,0.0,0.0,1.0,0.0,0.0,tech_debt,test,['commit']
7717,1,0,0,0,0,0,0,0,1,0,0,0,0,0,0,0,0,0,1,0,0,0.0,0.0,1.0,0.0,0.0,tech_debt,test,[]
8674,1,0,0,0,0,1,0,0,0,0,0,0,0,0,0,0,0,0,0,1,0,0.0,0.0,0.0,1.0,0.0,docs,docs,[]
8798,1,0,0,0,0,0,0,0,0,0,1,0,0,0,0,0,0,0,1,0,0,0.0,0.0,1.0,0.0,0.0,tech_debt,ci,[]
9628,2,0,0,0,0,0,0,0,1,1,0,0,0,0,0,0,0,0,2,0,0,0.0,0.0,1.0,0.0,0.0,tech_debt,build,['tox']
9905,1,0,0,0,0,0,0,0,0,0,1,0,0,0,0,0,0,0,1,0,0,0.0,0.0,1.0,0.0,0.0,tech_debt,ci,[]
10400,1,0,0,0,0,0,0,0,1,0,0,0,0,0,0,0,0,0,1,0,0,0.0,0.0,1.0,0.0,0.0,tech_debt,test,[]
14391,2,0,0,0,0,1,0,0,0,0,0,0,0,0,0,1,0,0,0,1,1,0.0,0.0,0.0,0.5,0.5,docs,docs,['faq']
15412,1,0,0,0,0,1,0,0,0,0,0,0,0,0,0,0,0,0,0,1,0,0.0,0.0,0.0,1.0,0.0,docs,docs,['bump']
15882,2,0,1,0,0,0,1,0,0,0,0,0,0,0,0,0,1,0,1,0,0,0.5,0.0,0.5,0.0,0.0,feature_work,style,[]
16425,4,0,0,0,0,0,1,1,0,2,0,0,0,0,0,0,0,0,4,0,0,0.0,0.0,1.0,0.0,0.0,tech_debt,build,"['tox', 'changelog', 'ruff']"
17323,1,0,0,0,0,0,0,1,0,0,0,0,0,0,0,0,0,0,1,0,0,0.0,0.0,1.0,0.0,0.0,tech_debt,refactor,['hooks']
18864,1,0,0,0,0,0,0,1,0,0,0,0,0,0,0,0,0,0,1,0,0,0.0,0.0,1.0,0.0,0.0,tech_debt,refactor,['restructuredtest']
19391,1,0,0,0,0,0,0,1,0,0,0,0,0,0,0,0,0,0,1,0,0,0.0,0.0,1.0,0.0,0.0,tech_debt,refactor,['baseconfig']
19921,3,0,0,0,0,0,0,1,2,0,0,0,0,0,0,0,0,0,3,0,0,0.0,0.0,1.0,0.0,0.0,tech_debt,test,['bump']
20761,1,0,0,0,0,0,0,0,0,0,1,0,0,0,0,0,0,0,1,0,0,0.0,0.0,1.0,0.0,0.0,tech_debt,ci,['deps']
21376,2,0,1,1,0,0,0,0,0,0,0,0,0,0,0,0,1,1,0,0,0,0.5,0.5,0.0,0.0,0.0,feature_work,feat,"['conventional_commits', 'test']"
21935,2,0,0,1,0,0,0,0,1,0,0,0,0,0,0,0,0,1,1,0,0,0.0,0.5,0.5,0.0,0.0,bug_fixes,test,['init']
22389,1,0,0,0,0,0,0,0,0,0,1,0,0,0,0,0,0,0,1,0,0,0.0,0.0,1.0,0.0,0.0,tech_debt,ci,['github-actions']
22652,1,0,0,1,0,0,0,0,0,0,0,0,0,0,0,0,0,1,0,0,0,0.0,1.0,0.0,0.0,0.0,bug_fixes,fix,['changelog']
22876,1,0,0,1,0,0,0,0,0,0,0,0,0,0,0,0,0,1,0,0,0,0.0,1.0,0.0,0.0,0.0,bug_fixes,fix,[]
23195,1,0,0,0,0,0,0,1,0,0,0,0,0,0,0,0,0,0,1,0,0,0.0,0.0,1.0,0.0,0.0,tech_debt,refactor,['expectedexit']
23250,1,0,0,1,0,0,0,0,0,0,0,0,0,0,0,0,0,1,0,0,0,0.0,1.0,0.0,0.0,0.0,bug_fixes,fix,['exitcode']
24023,1,0,0,0,0,1,0,0,0,0,0,0,0,0,0,0,0,0,0,1,0,0.0,0.0,0.0,1.0,0.0,docs,docs,['customization.md']
24504,2,0,0,0,0,0,0,1,1,0,0,0,0,0,0,0,0,0,2,0,0,0.0,0.0,1.0,0.0,0.0,tech_debt,test,['init']
27051,1,0,0,0,0,0,0,1,0,0,0,0,0,0,0,0,0,0,1,0,0,0.0,0.0,1.0,0.0,0.0,tech_debt,refactor,['bump']
28748,2,0,0,0,0,0,0,1,0,1,0,0,0,0,0,0,0,0,2,0,0,0.0,0.0,1.0,0.0,0.0,tech_debt,build,"['deps-dev', 'mypy']"
32255,2,0,0,0,0,2,0,0,0,0,0,0,0,0,0,0,0,0,0,2,0,0.0,0.0,0.0,1.0,0.0,docs,docs,"['pre-commit', 'taplo']"
32465,1,0,0,0,0,0,0,1,0,0,0,0,0,0,0,0,0,0,1,0,0,0.0,0.0,1.0,0.0,0.0,tech_debt,refactor,['changelog']
35692,1,0,0,1,0,0,0,0,0,0,0,0,0,0,0,0,0,1,0,0,0,0.0,1.0,0.0,0.0,0.0,bug_fixes,fix,[]
37063,3,0,0,2,0,0,0,0,1,0,0,0,0,0,0,0,0,2,1,0,0,0.0,0.6666666666666666,0.3333333333333333,0.0,0.0,bug_fixes,fix,"['changelog.py', 'test_changelog_command.py']"
37153,4,0,0,2,0,0,0,0,1,0,0,0,0,0,0,1,0,2,1,0,1,0.0,0.5,0.25,0.0,0.25,bug_fixes,fix,"['changelog.py', 'test_changelog_command.py']"
37284,4,0,0,2,0,0,0,0,1,0,0,0,0,0,0,1,0,2,1,0,1,0.0,0.5,0.25,0.0,0.25,bug_fixes,fix,"['test_changelog_command.py', 'changelog.py', 'test_changelog.py']"
39484,7,0,0,0,0,1,0,0,0,4,1,0,0,0,0,1,0,0,5,1,1,0.0,0.0,0.7142857142857143,0.14285714285714285,0.14285714285714285,tech_debt,build,"['poetry', 'pyproject.toml', 'contributing']"
39590,2,0,0,0,0,1,1,0,0,0,0,0,0,0,0,0,0,0,1,1,0,0.0,0.0,0.5,0.5,0.0,tech_debt,docs,['hooks']
39887,1,0,0,0,0,0,0,0,0,1,0,0,0,0,0,0,0,0,1,0,0,0.0,0.0,1.0,0.0,0.0,tech_debt,build,['deps-dev']
40097,1,0,0,0,0,0,0,0,0,1,0,0,0,0,0,0,0,0,1,0,0,0.0,0.0,1.0,0.0,0.0,tech_debt,build,['deps-dev']
41077,1,0,0,0,0,0,0,0,0,1,0,0,0,0,0,0,0,0,1,0,0,0.0,0.0,1.0,0.0,0.0,tech_debt,build,['deps']
41281,1,0,0,0,0,0,0,0,0,1,0,0,0,0,0,0,0,0,1,0,0,0.0,0.0,1.0,0.0,0.0,tech_debt,build,['deps-dev']
41859,1,0,0,0,0,0,0,0,0,1,0,0,0,0,0,0,0,0,1,0,0,0.0,0.0,1.0,0.0,0.0,tech_debt,build,['deps-dev']
41940,1,0,0,0,0,0,0,0,0,1,0,0,0,0,0,0,0,0,1,0,0,0.0,0.0,1.0,0.0,0.0,tech_debt,build,['deps-dev']
44155,1,0,0,0,0,0,0,0,0,1,0,0,0,0,0,0,0,0,1,0,0,0.0,0.0,1.0,0.0,0.0,tech_debt,build,['deps-dev']
45366,1,0,0,0,0,0,0,0,0,1,0,0,0,0,0,0,0,0,1,0,0,0.0,0.0,1.0,0.0,0.0,tech_debt,build,['deps-dev']
45570,1,0,0,0,0,0,0,0,0,1,0,0,0,0,0,0,0,0,1,0,0,0.0,0.0,1.0,0.0,0.0,tech_debt,build,['deps-dev']
46874,2,0,0,0,0,2,0,0,0,0,0,0,0,0,0,0,0,0,0,2,0,0.0,0.0,0.0,1.0,0.0,docs,docs,['readme']
47145,1,0,0,0,0,0,0,0,0,1,0,0,0,0,0,0,0,0,1,0,0,0.0,0.0,1.0,0.0,0.0,tech_debt,build,['deps-dev']
47668,1,0,0,0,0,0,0,0,0,1,0,0,0,0,0,0,0,0,1,0,0,0.0,0.0,1.0,0.0,0.0,tech_debt,build,['deps-dev']
47911,1,0,0,0,0,0,0,0,0,1,0,0,0,0,0,0,0,0,1,0,0,0.0,0.0,1.0,0.0,0.0,tech_debt,build,['deps']
48305,1,0,0,0,0,0,0,0,0,1,0,0,0,0,0,0,0,0,1,0,0,0.0,0.0,1.0,0.0,0.0,tech_debt,build,['deps-dev']
48611,1,0,0,0,0,0,0,0,0,1,0,0,0,0,0,0,0,0,1,0,0,0.0,0.0,1.0,0.0,0.0,tech_debt,build,['deps-dev']
51496,1,0,0,0,0,0,0,0,0,0,0,0,0,0,0,1,0,0,0,0,1,0.0,0.0,0.0,0.0,1.0,other,other,[]
51548,2,0,1,0,0,0,0,0,1,0,0,0,0,0,0,0,1,0,1,0,0,0.5,0.0,0.5,0.0,0.0,feature_work,feat,['config_files']
51688,4,0,0,0,0,1,1,0,0,2,0,0,0,0,0,0,0,0,3,1,0,0.0,0.0,0.75,0.25,0.0,tech_debt,build,['changelog']
54525,1,0,0,0,0,0,0,0,0,1,0,0,0,0,0,0,0,0,1,0,0,0.0,0.0,1.0,0.0,0.0,tech_debt,build,['deps-dev']
56892,2,0,0,0,0,0,0,0,1,0,0,0,0,0,0,1,0,0,1,0,1,0.0,0.0,0.5,0.0,0.5,tech_debt,other,['add-a-test-for-handling-blank-with-path-in-git-commit']
58746,2,0,0,0,0,0,0,0,0,1,0,0,0,0,0,1,0,0,1,0,1,0.0,0.0,0.5,0.0,0.5,tech_debt,build,['deps-dev']
59159,1,0,0,1,0,0,0,0,0,0,0,0,0,0,0,0,0,1,0,0,0,0.0,1.0,0.0,0.0,0.0,bug_fixes,fix,['bump']
59644,1,0,0,0,0,0,0,0,0,1,0,0,0,0,0,0,0,0,1,0,0,0.0,0.0,1.0,0.0,0.0,tech_debt,build,['deps-dev']
60649,1,0,0,0,0,0,0,0,0,1,0,0,0,0,0,0,0,0,1,0,0,0.0,0.0,1.0,0.0,0.0,tech_debt,build,['deps-dev']
60701,4,0,1,3,0,0,0,0,0,0,0,0,0,0,0,0,1,3,0,0,0,0.25,0.75,0.0,0.0,0.0,bug_fixes,fix,"['bump', 'commands']"
64458,1,0,0,0,0,0,0,0,0,1,0,0,0,0,0,0,0,0,1,0,0,0.0,0.0,1.0,0.0,0.0,tech_debt,build,['deps-dev']
64761,1,0,0,0,0,0,0,0,0,1,0,0,0,0,0,0,0,0,1,0,0,0.0,0.0,1.0,0.0,0.0,tech_debt,build,['deps-dev']
65095,1,0,0,0,0,0,0,0,0,1,0,0,0,0,0,0,0,0,1,0,0,0.0,0.0,1.0,0.0,0.0,tech_debt,build,['deps-dev']
65240,1,0,0,0,0,0,0,0,0,1,0,0,0,0,0,0,0,0,1,0,0,0.0,0.0,1.0,0.0,0.0,tech_debt,build,['deps-dev']
66281,1,0,0,0,0,0,0,0,0,1,0,0,0,0,0,0,0,0,1,0,0,0.0,0.0,1.0,0.0,0.0,tech_debt,build,['deps-dev']
66860,1,0,0,0,0,1,0,0,0,0,0,0,0,0,0,0,0,0,0,1,0,0.0,0.0,0.0,1.0,0.0,docs,docs,[]
67211,1,0,0,0,0,0,0,0,0,0,1,0,0,0,0,0,0,0,1,0,0,0.0,0.0,1.0,0.0,0.0,tech_debt,ci,['deps']
67293,1,0,0,0,0,0,0,0,0,1,0,0,0,0,0,0,0,0,1,0,0,0.0,0.0,1.0,0.0,0.0,tech_debt,build,['deps-dev']
68077,1,0,0,0,0,0,0,0,0,1,0,0,0,0,0,0,0,0,1,0,0,0.0,0.0,1.0,0.0,0.0,tech_debt,build,['deps-dev']
68736,7,0,1,4,0,0,0,0,0,1,1,0,0,0,0,0,1,4,2,0,0,0.14285714285714285,0.5714285714285714,0.2857142857142857,0.0,0.0,bug_fixes,fix,"['provider', 'tests', 'github-acitons']"
70849,1,0,0,0,0,0,0,0,0,1,0,0,0,0,0,0,0,0,1,0,0,0.0,0.0,1.0,0.0,0.0,tech_debt,build,['deps-dev']
71649,4,0,0,1,0,0,1,0,0,2,0,0,0,0,0,0,0,1,3,0,0,0.0,0.25,0.75,0.0,0.0,tech_debt,build,"['poetry', 'veresion_schemes', 'mypy']"
71781,1,0,0,0,0,0,0,0,0,1,0,0,0,0,0,0,0,0,1,0,0,0.0,0.0,1.0,0.0,0.0,tech_debt,build,['deps-dev']
71889,1,0,0,0,0,0,0,0,0,1,0,0,0,0,0,0,0,0,1,0,0,0.0,0.0,1.0,0.0,0.0,tech_debt,build,['deps-dev']
72706,1,0,0,0,0,0,0,0,0,0,0,0,0,0,0,1,0,0,0,0,1,0.0,0.0,0.0,0.0,1.0,other,other,[]
72997,11,0,2,0,0,5,0,1,3,0,0,0,0,0,0,0,2,0,4,5,0,0.18181818181818182,0.0,0.36363636363636365,0.45454545454545453,0.0,docs,docs,"['commit', 'tutorials', 'prepare-commit-msg']"
73978,1,0,0,0,0,0,0,0,0,0,0,0,0,0,0,1,0,0,0,0,1,0.0,0.0,0.0,0.0,1.0,other,other,[]
76066,6,0,1,0,0,0,0,2,2,0,0,0,0,0,0,1,1,0,4,0,1,0.16666666666666666,0.0,0.6666666666666666,0.0,0.16666666666666666,tech_debt,test,[]
77039,1,0,0,0,0,0,0,0,0,1,0,0,0,0,0,0,0,0,1,0,0,0.0,0.0,1.0,0.0,0.0,tech_debt,build,['poetry']
252,1,0,0,0,0,0,0,0,0,0,1,0,0,0,0,0,0,0,1,0,0,0.0,0.0,1.0,0.0,0.0,tech_debt,ci,['deps']
874,1,0,0,0,0,0,0,0,0,1,0,0,0,0,0,0,0,0,1,0,0,0.0,0.0,1.0,0.0,0.0,tech_debt,build,['deps']
3376,4,0,0,0,0,0,0,0,4,0,0,0,0,0,0,0,0,0,4,0,0,0.0,0.0,1.0,0.0,0.0,tech_debt,test,[]
5315,1,0,0,0,0,0,0,0,1,0,0,0,0,0,0,0,0,0,1,0,0,0.0,0.0,1.0,0.0,0.0,tech_debt,test,['check']
6318,1,0,0,1,0,0,0,0,0,0,0,0,0,0,0,0,0,1,0,0,0,0.0,1.0,0.0,0.0,0.0,bug_fixes,fix,['cli']
6740,1,0,0,0,0,1,0,0,0,0,0,0,0,0,0,0,0,0,0,1,0,0.0,0.0,0.0,1.0,0.0,docs,docs,['github_actions']
6882,4,0,0,1,0,0,1,0,1,0,0,0,0,0,0,1,0,1,2,0,1,0.0,0.25,0.5,0.0,0.25,tech_debt,fix,['git']
8379,5,0,0,0,0,4,0,0,0,0,0,0,0,0,0,1,0,0,0,4,1,0.0,0.0,0.0,0.8,0.2,docs,docs,"['config/version_provider.md', 'docs/config/version_provider.md']"
8850,1,0,0,0,0,0,0,0,0,0,1,0,0,0,0,0,0,0,1,0,0,0.0,0.0,1.0,0.0,0.0,tech_debt,ci,['coverage']
3321,1,0,0,0,0,0,0,1,0,0,0,0,0,0,0,0,0,0,1,0,0,0.0,0.0,1.0,0.0,0.0,tech_debt,refactor,['version_schemes']
3615,1,0,0,0,0,0,0,0,1,0,0,0,0,0,0,0,0,0,1,0,0,0.0,0.0,1.0,0.0,0.0,tech_debt,test,['changelog']
6165,1,0,0,0,0,0,0,0,0,1,0,0,0,0,0,0,0,0,1,0,0,0.0,0.0,1.0,0.0,0.0,tech_debt,build,[]
8195,1,0,0,0,0,0,0,0,0,1,0,0,0,0,0,0,0,0,1,0,0,0.0,0.0,1.0,0.0,0.0,tech_debt,build,[]
9443,1,0,0,0,0,1,0,0,0,0,0,0,0,0,0,0,0,0,0,1,0,0.0,0.0,0.0,1.0,0.0,docs,docs,[]
13316,11,0,0,1,0,1,1,5,1,1,1,0,0,0,0,0,0,1,9,1,0,0.0,0.09090909090909091,0.8181818181818182,0.09090909090909091,0.0,tech_debt,refactor,"['bump', 'github-actions', 'exit-codes']"
13456,1,0,0,1,0,0,0,0,0,0,0,0,0,0,0,0,0,1,0,0,0,0.0,1.0,0.0,0.0,0.0,bug_fixes,fix,['cli']
19300,1,0,0,0,0,0,0,0,1,0,0,0,0,0,0,0,0,0,1,0,0,0.0,0.0,1.0,0.0,0.0,tech_debt,test,['init']
20869,1,0,0,0,0,0,0,0,0,0,1,0,0,0,0,0,0,0,1,0,0,0.0,0.0,1.0,0.0,0.0,tech_debt,ci,['deps']
22770,1,0,0,0,0,0,0,0,0,0,1,0,0,0,0,0,0,0,1,0,0,0.0,0.0,1.0,0.0,0.0,tech_debt,ci,['github-actions']
24915,3,0,0,0,0,0,0,0,1,0,0,1,0,0,0,1,0,0,2,0,1,0.0,0.0,0.6666666666666666,0.0,0.3333333333333333,tech_debt,test,['changelog']
25168,1,0,0,0,0,0,1,0,0,0,0,0,0,0,0,0,0,0,1,0,0,0.0,0.0,1.0,0.0,0.0,tech_debt,style,[]
26978,1,0,0,0,0,0,0,1,0,0,0,0,0,0,0,0,0,0,1,0,0,0.0,0.0,1.0,0.0,0.0,tech_debt,refactor,['git']
29991,1,0,0,0,0,0,0,1,0,0,0,0,0,0,0,0,0,0,1,0,0,0.0,0.0,1.0,0.0,0.0,tech_debt,refactor,['basecommitizen']
31113,1,0,0,0,0,1,0,0,0,0,0,0,0,0,0,0,0,0,0,1,0,0.0,0.0,0.0,1.0,0.0,docs,docs,['init']
34161,1,0,0,0,0,0,0,1,0,0,0,0,0,0,0,0,0,0,1,0,0,0.0,0.0,1.0,0.0,0.0,tech_debt,refactor,['version_scheme']
34432,2,0,0,0,0,0,0,1,1,0,0,0,0,0,0,0,0,0,2,0,0,0.0,0.0,1.0,0.0,0.0,tech_debt,test,['commit']
36672,4,0,1,0,0,1,1,1,0,0,0,0,0,0,0,0,1,0,2,1,0,0.25,0.0,0.5,0.25,0.0,tech_debt,style,"['commands/check', 'git', 'pre-commit']"
38486,1,0,0,1,0,0,0,0,0,0,0,0,0,0,0,0,0,1,0,0,0,0.0,1.0,0.0,0.0,0.0,bug_fixes,fix,['tags']
38842,2,0,0,0,0,0,0,0,0,0,2,0,0,0,0,0,0,0,2,0,0,0.0,0.0,1.0,0.0,0.0,tech_debt,ci,"['tox', 'poe']"
39433,1,0,0,0,0,0,0,0,0,1,0,0,0,0,0,0,0,0,1,0,0,0.0,0.0,1.0,0.0,0.0,tech_debt,build,['deps-dev']
41383,1,0,0,0,0,0,0,0,0,1,0,0,0,0,0,0,0,0,1,0,0,0.0,0.0,1.0,0.0,0.0,tech_debt,build,['deps-dev']
41485,1,0,0,0,0,0,0,0,0,1,0,0,0,0,0,0,0,0,1,0,0,0.0,0.0,1.0,0.0,0.0,tech_debt,build,['deps-dev']
42756,1,0,0,0,0,0,0,0,0,1,0,0,0,0,0,0,0,0,1,0,0,0.0,0.0,1.0,0.0,0.0,tech_debt,build,['deps']
44335,1,0,0,0,0,0,0,0,0,0,1,0,0,0,0,0,0,0,1,0,0,0.0,0.0,1.0,0.0,0.0,tech_debt,ci,['deps']
44670,1,0,0,0,0,1,0,0,0,0,0,0,0,0,0,0,0,0,0,1,0,0.0,0.0,0.0,1.0,0.0,docs,docs,[]
45417,1,0,0,0,0,0,0,0,0,1,0,0,0,0,0,0,0,0,1,0,0,0.0,0.0,1.0,0.0,0.0,tech_debt,build,['deps-dev']
46485,7,1,2,2,0,1,0,0,1,1,0,0,0,0,0,0,2,2,2,1,0,0.2857142857142857,0.2857142857142857,0.2857142857142857,0.14285714285714285,0.0,feature_work,feat,"['commit', 'commitizen', 'conftest']"
47196,3,2,0,2,0,0,0,0,0,1,0,0,0,0,0,0,0,2,1,0,0,0.0,0.6666666666666666,0.3333333333333333,0.0,0.0,bug_fixes,fix,"['pre-commit-hooks', 'deps-dev']"
48458,1,0,0,0,0,0,0,0,0,1,0,0,0,0,0,0,0,0,1,0,0,0.0,0.0,1.0,0.0,0.0,tech_debt,build,['deps']
48509,1,0,0,0,0,0,0,0,0,1,0,0,0,0,0,0,0,0,1,0,0,0.0,0.0,1.0,0.0,0.0,tech_debt,build,['deps-dev']
49215,9,0,4,2,0,0,0,0,0,0,0,0,0,0,0,3,4,2,0,0,3,0.4444444444444444,0.2222222222222222,0.0,0.0,0.3333333333333333,feature_work,feat,['epfr-66']
49403,1,0,0,0,0,0,0,0,0,1,0,0,0,0,0,0,0,0,1,0,0,0.0,0.0,1.0,0.0,0.0,tech_debt,build,['deps']
50069,1,0,0,0,0,0,0,0,0,1,0,0,0,0,0,0,0,0,1,0,0,0.0,0.0,1.0,0.0,0.0,tech_debt,build,['deps-dev']
51090,2,0,0,0,0,0,1,0,0,0,1,0,0,0,0,0,0,0,2,0,0,0.0,0.0,1.0,0.0,0.0,tech_debt,ci,[]
51366,1,0,0,1,0,0,0,0,0,0,0,0,0,0,0,0,0,1,0,0,0,0.0,1.0,0.0,0.0,0.0,bug_fixes,fix,['base.py']
52338,4,0,0,1,0,0,0,2,1,0,0,0,0,0,0,0,0,1,3,0,0,0.0,0.25,0.75,0.0,0.0,tech_debt,refactor,"['tests/commands', 'known_schemes', 'commands']"
53346,2,0,1,0,0,0,0,0,0,0,0,0,0,0,0,1,1,0,0,0,1,0.5,0.0,0.0,0.0,0.5,feature_work,feat,['providers']
53509,1,0,0,0,0,0,0,0,0,1,0,0,0,0,0,0,0,0,1,0,0,0.0,0.0,1.0,0.0,0.0,tech_debt,build,['deps']
54887,1,0,0,0,0,1,0,0,0,0,0,0,0,0,0,0,0,0,0,1,0,0.0,0.0,0.0,1.0,0.0,docs,docs,['getting_started']
55833,1,0,0,0,0,0,0,0,0,0,1,0,0,0,0,0,0,0,1,0,0,0.0,0.0,1.0,0.0,0.0,tech_debt,ci,['deps']
57260,1,0,0,0,0,0,0,0,0,1,0,0,0,0,0,0,0,0,1,0,0,0.0,0.0,1.0,0.0,0.0,tech_debt,build,['deps-dev']
58875,2,0,0,1,0,0,0,0,0,0,0,0,0,0,0,1,0,1,0,0,1,0.0,0.5,0.0,0.0,0.5,bug_fixes,other,['git']
58947,2,0,0,1,0,0,0,0,0,0,0,0,0,0,0,1,0,1,0,0,1,0.0,0.5,0.0,0.0,0.5,bug_fixes,fix,['changelog']
59750,7,0,0,3,0,1,0,1,1,0,0,0,0,0,0,1,0,3,2,1,1,0.0,0.42857142857142855,0.2857142857142857,0.14285714285714285,0.14285714285714285,bug_fixes,fix,"['changelog', 'bump']"
60345,1,0,0,0,0,0,0,0,0,1,0,0,0,0,0,0,0,0,1,0,0,0.0,0.0,1.0,0.0,0.0,tech_debt,build,['deps-dev']
64010,1,0,0,0,0,0,0,0,0,1,0,0,0,0,0,0,0,0,1,0,0,0.0,0.0,1.0,0.0,0.0,tech_debt,build,['deps-dev']
64284,1,0,0,0,0,0,0,0,0,1,0,0,0,0,0,0,0,0,1,0,0,0.0,0.0,1.0,0.0,0.0,tech_debt,build,['deps']
65044,1,0,0,0,0,0,0,0,0,1,0,0,0,0,0,0,0,0,1,0,0,0.0,0.0,1.0,0.0,0.0,tech_debt,build,['deps-dev']
102957,2,0,1,0,0,1,0,0,0,0,0,0,0,0,0,0,1,0,0,1,0,0.5,0.0,0.0,0.5,0.0,feature_work,feat,['cz_check']
104196,1,0,0,0,0,1,0,0,0,0,0,0,0,0,0,0,0,0,0,1,0,0.0,0.0,0.0,1.0,0.0,docs,docs,[]
108683,1,0,0,1,0,0,0,0,0,0,0,0,0,0,0,0,0,1,0,0,0,0.0,1.0,0.0,0.0,0.0,bug_fixes,fix,['parsing']
109063,1,0,0,0,0,1,0,0,0,0,0,0,0,0,0,0,0,0,0,1,0,0.0,0.0,0.0,1.0,0.0,docs,docs,['tutorial/github_actions']
109912,2,0,0,1,0,0,0,1,0,0,0,0,0,0,0,0,0,1,1,0,0,0.0,0.5,0.5,0.0,0.0,bug_fixes,fix,"['commands/check', 'cli']"
110009,1,0,0,0,0,1,0,0,0,0,0,0,0,0,0,0,0,0,0,1,0,0.0,0.0,0.0,1.0,0.0,docs,docs,[]
112327,1,0,0,0,0,1,0,0,0,0,0,0,0,0,0,0,0,0,0,1,0,0.0,0.0,0.0,1.0,0.0,docs,docs,['customization']
112568,2,0,0,0,0,0,0,2,0,0,0,0,0,0,0,0,0,0,2,0,0,0.0,0.0,1.0,0.0,0.0,tech_debt,refactor,"['config', 'commands/bump']"
113292,2,0,0,1,0,0,1,0,0,0,0,0,0,0,0,0,0,1,1,0,0,0.0,0.5,0.5,0.0,0.0,bug_fixes,fix,"['commands/check.py', 'all']"
115838,1,0,0,0,1,0,0,0,0,0,0,0,0,0,0,0,0,0,1,0,0,0.0,0.0,1.0,0.0,0.0,tech_debt,chore,['deps-dev']
115933,1,0,0,0,1,0,0,0,0,0,0,0,0,0,0,0,0,0,1,0,0,0.0,0.0,1.0,0.0,0.0,tech_debt,chore,['deps-dev']
116442,6,0,0,2,0,0,0,4,0,0,0,0,0,0,0,0,0,2,4,0,0,0.0,0.3333333333333333,0.6666666666666666,0.0,0.0,tech_debt,refactor,"['info', 'commit', 'bump']"
35591,1,0,0,0,0,0,0,1,0,0,0,0,0,0,0,0,0,0,1,0,0,0.0,0.0,1.0,0.0,0.0,tech_debt,refactor,['customize']
37438,3,0,0,0,0,1,0,0,1,0,0,0,0,0,0,1,0,0,1,1,1,0.0,0.0,0.3333333333333333,0.3333333333333333,0.3333333333333333,tech_debt,test,"['test_cz_search_filter.py', 'customization.md']"
38785,1,0,0,0,0,1,0,0,0,0,0,0,0,0,0,0,0,0,0,1,0,0.0,0.0,0.0,1.0,0.0,docs,docs,['tutorials']
39760,2,0,0,0,0,0,1,0,0,1,0,0,0,0,0,0,0,0,2,0,0,0.0,0.0,1.0,0.0,0.0,tech_debt,style,['deps-dev']
40771,1,0,0,0,0,0,0,0,0,1,0,0,0,0,0,0,0,0,1,0,0,0.0,0.0,1.0,0.0,0.0,tech_debt,build,['deps-dev']
40873,1,0,0,0,0,0,0,0,0,1,0,0,0,0,0,0,0,0,1,0,0,0.0,0.0,1.0,0.0,0.0,tech_debt,build,['deps']
42807,1,0,0,0,0,0,0,0,0,1,0,0,0,0,0,0,0,0,1,0,0,0.0,0.0,1.0,0.0,0.0,tech_debt,build,['deps-dev']
43885,3,0,1,1,0,0,0,0,1,0,0,0,0,0,0,0,1,1,1,0,0,0.3333333333333333,0.3333333333333333,0.3333333333333333,0.0,0.0,feature_work,fix,"['customize.py', 'customize.py/test_cz_customize.py', 'test_cz_customize.py']"
44877,1,0,0,0,0,0,0,0,0,1,0,0,0,0,0,0,0,0,1,0,0,0.0,0.0,1.0,0.0,0.0,tech_debt,build,['deps']
46383,1,0,0,0,0,0,0,0,0,1,0,0,0,0,0,0,0,0,1,0,0,0.0,0.0,1.0,0.0,0.0,tech_debt,build,['deps-dev']
48839,1,0,0,0,0,0,0,0,0,1,0,0,0,0,0,0,0,0,1,0,0,0.0,0.0,1.0,0.0,0.0,tech_debt,build,['deps-dev']
49849,1,0,0,0,0,0,0,0,0,1,0,0,0,0,0,0,0,0,1,0,0,0.0,0.0,1.0,0.0,0.0,tech_debt,build,['deps-dev']
50648,2,0,0,2,0,0,0,0,0,0,0,0,0,0,0,0,0,2,0,0,0,0.0,1.0,0.0,0.0,0.0,bug_fixes,fix,['cli']
54374,1,0,0,0,0,0,0,0,0,1,0,0,0,0,0,0,0,0,1,0,0,0.0,0.0,1.0,0.0,0.0,tech_debt,build,['deps-dev']
54435,1,0,0,0,0,0,0,0,1,0,0,0,0,0,0,0,0,0,1,0,0,0.0,0.0,1.0,0.0,0.0,tech_debt,test,['version_scheme']
54576,1,0,0,0,0,0,0,0,0,1,0,0,0,0,0,0,0,0,1,0,0,0.0,0.0,1.0,0.0,0.0,tech_debt,build,['deps-dev']
55105,1,0,1,0,0,0,0,0,0,0,0,0,0,0,0,0,1,0,0,0,0,1.0,0.0,0.0,0.0,0.0,feature_work,feat,['schemes']
55946,1,0,0,0,0,1,0,0,0,0,0,0,0,0,0,0,0,0,0,1,0,0.0,0.0,0.0,1.0,0.0,docs,docs,['images']
59567,1,0,0,0,0,0,0,0,0,1,0,0,0,0,0,0,0,0,1,0,0,0.0,0.0,1.0,0.0,0.0,tech_debt,build,['deps-dev']
60293,1,0,0,0,0,0,0,0,0,1,0,0,0,0,0,0,0,0,1,0,0,0.0,0.0,1.0,0.0,0.0,tech_debt,build,['deps-dev']
65325,1,0,0,0,0,0,1,0,0,0,0,0,0,0,0,0,0,0,1,0,0,0.0,0.0,1.0,0.0,0.0,tech_debt,style,['ruff']
65778,1,0,0,0,0,0,0,0,0,1,0,0,0,0,0,0,0,0,1,0,0,0.0,0.0,1.0,0.0,0.0,tech_debt,build,['deps-dev']
67409,1,0,0,0,0,0,0,0,0,1,0,0,0,0,0,0,0,0,1,0,0,0.0,0.0,1.0,0.0,0.0,tech_debt,build,['deps-dev']
68171,5,0,1,0,0,1,1,0,2,0,0,0,0,0,0,0,1,0,3,1,0,0.2,0.0,0.6,0.2,0.0,tech_debt,test,"['defaults.py', 'test_conf.py', 'commit.py']"
69546,1,0,0,0,0,0,0,0,0,1,0,0,0,0,0,0,0,0,1,0,0,0.0,0.0,1.0,0.0,0.0,tech_debt,build,['deps-dev']
70382,1,0,0,0,0,0,0,0,0,1,0,0,0,0,0,0,0,0,1,0,0,0.0,0.0,1.0,0.0,0.0,tech_debt,build,['deps-dev']
74986,1,0,0,0,0,0,0,0,0,0,0,0,0,0,0,1,0,0,0,0,1,0.0,0.0,0.0,0.0,1.0,other,other,[]
76953,1,0,0,1,0,0,0,0,0,0,0,0,0,0,0,0,0,1,0,0,0,0.0,1.0,0.0,0.0,0.0,bug_fixes,fix,[]
89754,1,0,1,0,0,0,0,0,0,0,0,0,0,0,0,0,1,0,0,0,0,1.0,0.0,0.0,0.0,0.0,feature_work,feat,[]
90330,2,0,0,1,0,1,0,0,0,0,0,0,0,0,0,0,0,1,0,1,0,0.0,0.5,0.0,0.5,0.0,bug_fixes,fix,['faq.md']
90701,2,0,0,0,0,2,0,0,0,0,0,0,0,0,0,0,0,0,0,2,0,0.0,0.0,0.0,1.0,0.0,docs,docs,[]
90744,1,0,0,0,0,1,0,0,0,0,0,0,0,0,0,0,0,0,0,1,0,0.0,0.0,0.0,1.0,0.0,docs,docs,['external_links']
91360,3,0,0,1,0,1,0,0,1,0,0,0,0,0,0,0,0,1,1,1,0,0.0,0.3333333333333333,0.3333333333333333,0.3333333333333333,0.0,bug_fixes,fix,['check']
92533,5,0,1,0,0,1,1,0,2,0,0,0,0,0,0,0,1,0,3,1,0,0.2,0.0,0.6,0.2,0.0,tech_debt,test,"['customization', 'test_changelog_command', 'customize.py']"
94486,2,0,0,0,0,1,0,0,0,0,0,0,0,0,0,1,0,0,0,1,1,0.0,0.0,0.0,0.5,0.5,docs,docs,[]
94746,6,0,1,0,0,1,2,1,1,0,0,0,0,0,0,0,1,0,4,1,0,0.16666666666666666,0.0,0.6666666666666666,0.16666666666666666,0.0,tech_debt,style,"['shortcuts', 'prompt']"
94914,2,0,0,0,0,2,0,0,0,0,0,0,0,0,0,0,0,0,0,2,0,0.0,0.0,0.0,1.0,0.0,docs,docs,['readme']
94966,8,0,1,3,0,1,0,0,3,0,0,0,0,0,0,0,1,3,3,1,0,0.125,0.375,0.375,0.125,0.0,bug_fixes,test,"['changelog', 'customization', 'pyproject.toml']"
95758,2,0,0,1,0,1,0,0,0,0,0,0,0,0,0,0,0,1,0,1,0,0.0,0.5,0.0,0.5,0.0,bug_fixes,fix,"['changelog', 'readme']"
96931,1,0,0,1,0,0,0,0,0,0,0,0,0,0,0,0,0,1,0,0,0,0.0,1.0,0.0,0.0,0.0,bug_fixes,fix,[]
97951,3,0,0,1,0,0,0,0,0,0,0,0,0,0,0,2,0,1,0,0,2,0.0,0.3333333333333333,0.0,0.0,0.6666666666666666,other,other,['config']
98821,1,0,1,0,0,0,0,0,0,0,0,0,0,0,0,0,1,0,0,0,0,1.0,0.0,0.0,0.0,0.0,feature_work,feat,['#271']
100203,4,0,1,0,0,2,0,0,1,0,0,0,0,0,0,0,1,0,1,2,0,0.25,0.0,0.25,0.5,0.0,docs,docs,['bump']
101859,1,0,0,1,0,0,0,0,0,0,0,0,0,0,0,0,0,1,0,0,0,0.0,1.0,0.0,0.0,0.0,bug_fixes,fix,['#271']
103243,17,0,4,1,0,0,1,6,4,0,0,0,0,0,0,1,4,1,11,0,1,0.23529411764705882,0.058823529411764705,0.6470588235294118,0.0,0.058823529411764705,tech_debt,refactor,"['commands/commit', 'wrap_stdio', 'wrap_stdout']"
104427,1,0,0,1,0,0,0,0,0,0,0,0,0,0,0,0,0,1,0,0,0,0.0,1.0,0.0,0.0,0.0,bug_fixes,fix,[]
105790,1,0,0,0,0,1,0,0,0,0,0,0,0,0,0,0,0,0,0,1,0,0.0,0.0,0.0,1.0,0.0,docs,docs,['external_links']
107861,3,0,0,1,0,0,0,1,1,0,0,0,0,0,0,0,0,1,2,0,0,0.0,0.3333333333333333,0.6666666666666666,0.0,0.0,tech_debt,refactor,"['cli', 'commands/check']"
108224,1,0,0,0,0,0,0,0,0,0,1,0,0,0,0,0,0,0,1,0,0,0.0,0.0,1.0,0.0,0.0,tech_debt,ci,[]
113085,1,0,0,0,0,1,0,0,0,0,0,0,0,0,0,0,0,0,0,1,0,0.0,0.0,0.0,1.0,0.0,docs,docs,['bump']
113120,1,0,0,0,0,0,0,0,0,1,0,0,0,0,0,0,0,0,1,0,0,0.0,0.0,1.0,0.0,0.0,tech_debt,build,['deps-dev']
113241,1,0,1,0,0,0,0,0,0,0,0,0,0,0,0,0,1,0,0,0,0,1.0,0.0,0.0,0.0,0.0,feature_work,feat,['bump']
113420,2,0,0,0,0,1,0,0,0,0,1,0,0,0,0,0,0,0,1,1,0,0.0,0.0,0.5,0.5,0.0,tech_debt,ci,[]
113826,7,0,2,0,0,2,0,2,1,0,0,0,0,0,0,0,2,0,3,2,0,0.2857142857142857,0.0,0.42857142857142855,0.2857142857142857,0.0,tech_debt,docs,"['cz/customize', 'cz/filters', 'cz/utils']"
519,3,0,0,0,1,0,0,0,0,0,2,0,0,0,0,0,0,0,3,0,0,0.0,0.0,1.0,0.0,0.0,tech_debt,ci,['.github/workflows']
633,1,0,0,0,0,1,0,0,0,0,0,0,0,0,0,0,0,0,0,1,0,0.0,0.0,0.0,1.0,0.0,docs,docs,['docs/customization']
1396,1,0,0,0,0,0,0,0,0,0,1,0,0,0,0,0,0,0,1,0,0,0.0,0.0,1.0,0.0,0.0,tech_debt,ci,[]
2543,1,0,0,0,0,0,0,0,1,0,0,0,0,0,0,0,0,0,1,0,0,0.0,0.0,1.0,0.0,0.0,tech_debt,test,['test_deprecated']
3667,1,0,0,0,0,0,0,0,1,0,0,0,0,0,0,0,0,0,1,0,0,0.0,0.0,1.0,0.0,0.0,tech_debt,test,['test_cmd']
7976,3,0,0,0,0,0,0,0,0,1,2,0,0,0,0,0,0,0,3,0,0,0.0,0.0,1.0,0.0,0.0,tech_debt,ci,"['uv', 'deps']"
9360,1,0,0,0,0,0,0,0,0,0,1,0,0,0,0,0,0,0,1,0,0,0.0,0.0,1.0,0.0,0.0,tech_debt,ci,[]
10501,1,0,0,0,0,1,0,0,0,0,0,0,0,0,0,0,0,0,0,1,0,0.0,0.0,0.0,1.0,0.0,docs,docs,['faq']
10619,1,0,0,0,0,0,1,0,0,0,0,0,0,0,0,0,0,0,1,0,0,0.0,0.0,1.0,0.0,0.0,tech_debt,style,['mkdocs.yml']
13858,1,0,1,0,0,0,0,0,0,0,0,0,0,0,0,0,1,0,0,0,0,1.0,0.0,0.0,0.0,0.0,feature_work,feat,[]
17013,3,0,1,0,0,2,0,0,0,0,0,0,0,0,0,0,1,0,0,2,0,0.3333333333333333,0.0,0.0,0.6666666666666666,0.0,docs,docs,['version']
17747,1,0,0,0,0,0,0,1,0,0,0,0,0,0,0,0,0,0,1,0,0,0.0,0.0,1.0,0.0,0.0,tech_debt,refactor,['cmd']
24085,1,0,0,0,0,1,0,0,0,0,0,0,0,0,0,0,0,0,0,1,0,0.0,0.0,0.0,1.0,0.0,docs,docs,['config.md']
24697,1,0,0,0,0,0,0,1,0,0,0,0,0,0,0,0,0,0,1,0,0,0.0,0.0,1.0,0.0,0.0,tech_debt,refactor,['bump']
26889,1,0,0,0,0,0,0,1,0,0,0,0,0,0,0,0,0,0,1,0,0,0.0,0.0,1.0,0.0,0.0,tech_debt,refactor,['git']
28061,1,0,0,0,0,1,0,0,0,0,0,0,0,0,0,0,0,0,0,1,0,0.0,0.0,0.0,1.0,0.0,docs,docs,['pull_request_template']
32763,2,0,0,0,0,0,0,0,0,2,0,0,0,0,0,0,0,0,2,0,0,0.0,0.0,1.0,0.0,0.0,tech_debt,build,['termcolor']
33025,1,0,0,0,0,1,0,0,0,0,0,0,0,0,0,0,0,0,0,1,0,0.0,0.0,0.0,1.0,0.0,docs,docs,['label_pr.yml']
33584,2,0,0,0,0,2,0,0,0,0,0,0,0,0,0,0,0,0,0,2,0,0.0,0.0,0.0,1.0,0.0,docs,docs,['label_issues']
35419,1,0,0,0,0,1,0,0,0,0,0,0,0,0,0,0,0,0,0,1,0,0.0,0.0,0.0,1.0,0.0,docs,docs,['cli']
36753,2,0,0,0,0,0,0,0,0,0,0,0,0,0,0,2,0,0,0,0,2,0.0,0.0,0.0,0.0,1.0,other,other,[]
38941,1,0,0,1,0,0,0,0,0,0,0,0,0,0,0,0,0,1,0,0,0,0.0,1.0,0.0,0.0,0.0,bug_fixes,fix,['bump']
39047,3,0,1,0,0,0,0,0,1,0,1,0,0,0,0,0,1,0,2,0,0,0.3333333333333333,0.0,0.6666666666666666,0.0,0.0,tech_debt,test,"['providers/uv_provider', 'pre-commit', 'providers']"
39237,1,0,0,0,0,1,0,0,0,0,0,0,0,0,0,0,0,0,0,1,0,0.0,0.0,0.0,1.0,0.0,docs,docs,['customization']
39658,1,0,0,0,0,0,0,0,0,1,0,0,0,0,0,0,0,0,1,0,0,0.0,0.0,1.0,0.0,0.0,tech_debt,build,['deps-dev']
41740,2,0,0,2,0,0,0,0,0,0,0,0,0,0,0,0,0,2,0,0,0,0.0,1.0,0.0,0.0,0.0,bug_fixes,fix,['get-next-bump']
43041,1,0,0,0,0,0,0,0,0,1,0,0,0,0,0,0,0,0,1,0,0,0.0,0.0,1.0,0.0,0.0,tech_debt,build,['deps-dev']
43092,1,0,0,0,0,0,0,0,0,1,0,0,0,0,0,0,0,0,1,0,0,0.0,0.0,1.0,0.0,0.0,tech_debt,build,['deps-dev']
44551,3,0,0,0,0,3,0,0,0,0,0,0,0,0,0,0,0,0,0,3,0,0.0,0.0,0.0,1.0,0.0,docs,docs,['third-party-commitizen']
45315,1,0,0,0,0,0,0,0,0,1,0,0,0,0,0,0,0,0,1,0,0,0.0,0.0,1.0,0.0,0.0,tech_debt,build,['deps-dev']
46434,1,0,0,0,0,0,0,0,0,1,0,0,0,0,0,0,0,0,1,0,0,0.0,0.0,1.0,0.0,0.0,tech_debt,build,['deps-dev']
46941,1,0,0,0,0,0,0,0,0,1,0,0,0,0,0,0,0,0,1,0,0,0.0,0.0,1.0,0.0,0.0,tech_debt,build,['deps']
46992,1,0,0,0,0,0,0,0,0,1,0,0,0,0,0,0,0,0,1,0,0,0.0,0.0,1.0,0.0,0.0,tech_debt,build,['deps-dev']
48115,4,0,1,0,0,2,0,0,0,0,0,0,0,0,0,1,1,0,0,2,1,0.25,0.0,0.0,0.5,0.25,docs,docs,['bump']
48662,1,0,0,0,0,0,0,0,0,1,0,0,0,0,0,0,0,0,1,0,0,0.0,0.0,1.0,0.0,0.0,tech_debt,build,['deps-dev']
48890,1,0,0,0,0,0,0,0,0,1,0,0,0,0,0,0,0,0,1,0,0,0.0,0.0,1.0,0.0,0.0,tech_debt,build,['deps']
50495,1,0,0,0,0,0,0,0,0,1,0,0,0,0,0,0,0,0,1,0,0,0.0,0.0,1.0,0.0,0.0,tech_debt,build,['deps']
52112,1,0,0,0,0,0,0,0,0,1,0,0,0,0,0,0,0,0,1,0,0,0.0,0.0,1.0,0.0,0.0,tech_debt,build,['deps-dev']
53295,1,0,0,0,0,0,0,0,0,1,0,0,0,0,0,0,0,0,1,0,0,0.0,0.0,1.0,0.0,0.0,tech_debt,build,['deps-dev']
54091,1,0,0,0,0,0,0,0,0,1,0,0,0,0,0,0,0,0,1,0,0,0.0,0.0,1.0,0.0,0.0,tech_debt,build,['deps-dev']
55507,1,0,0,0,0,0,0,0,0,1,0,0,0,0,0,0,0,0,1,0,0,0.0,0.0,1.0,0.0,0.0,tech_debt,build,['deps-dev']
55568,1,0,0,0,0,0,0,0,0,0,1,0,0,0,0,0,0,0,1,0,0,0.0,0.0,1.0,0.0,0.0,tech_debt,ci,['github-actions']
56392,3,0,0,0,0,1,0,0,0,1,1,0,0,0,0,0,0,0,2,1,0,0.0,0.0,0.6666666666666666,0.3333333333333333,0.0,tech_debt,docs,"['docs/images', 'pyproject.toml', 'scripts']"
57122,2,0,0,1,0,0,0,0,1,0,0,0,0,0,0,0,0,1,1,0,0,0.0,0.5,0.5,0.0,0.0,bug_fixes,fix,"['commitizen/git.py,-tests/test_git.py', 'tests/test_git.py']"
58502,1,0,1,0,0,0,0,0,0,0,0,0,0,0,0,0,1,0,0,0,0,1.0,0.0,0.0,0.0,0.0,feature_work,feat,['changelog']
59449,1,0,0,1,0,0,0,0,0,0,0,0,0,0,0,0,0,1,0,0,0,0.0,1.0,0.0,0.0,0.0,bug_fixes,fix,['changelog']
62031,1,0,0,0,0,0,0,0,0,1,0,0,0,0,0,0,0,0,1,0,0,0.0,0.0,1.0,0.0,0.0,tech_debt,build,['deps-dev']
62967,1,0,0,0,0,0,0,0,0,1,0,0,0,0,0,0,0,0,1,0,0,0.0,0.0,1.0,0.0,0.0,tech_debt,build,['deps-dev']
63163,1,0,0,0,0,0,0,0,0,0,1,0,0,0,0,0,0,0,1,0,0,0.0,0.0,1.0,0.0,0.0,tech_debt,ci,['github-actions']
66029,1,0,0,0,0,0,0,0,0,1,0,0,0,0,0,0,0,0,1,0,0,0.0,0.0,1.0,0.0,0.0,tech_debt,build,['deps-dev']
66193,1,0,0,0,0,0,0,0,0,1,0,0,0,0,0,0,0,0,1,0,0,0.0,0.0,1.0,0.0,0.0,tech_debt,build,['deps-dev']
66369,1,0,0,0,0,0,0,0,0,1,0,0,0,0,0,0,0,0,1,0,0,0.0,0.0,1.0,0.0,0.0,tech_debt,build,['deps-dev']
66492,4,0,0,1,0,0,0,1,1,0,0,0,0,0,0,1,0,1,2,0,1,0.0,0.25,0.5,0.0,0.25,tech_debt,fix,"['conf', 'json_config']"
68278,1,0,0,0,0,0,0,0,0,1,0,0,0,0,0,0,0,0,1,0,0,0.0,0.0,1.0,0.0,0.0,tech_debt,build,['deps-dev']
69233,1,0,0,0,0,0,0,0,0,1,0,0,0,0,0,0,0,0,1,0,0,0.0,0.0,1.0,0.0,0.0,tech_debt,build,['deps-dev']
69586,1,0,1,0,0,0,0,0,0,0,0,0,0,0,0,0,1,0,0,0,0,1.0,0.0,0.0,0.0,0.0,feature_work,feat,[]
70783,2,0,0,0,0,1,0,0,0,0,1,0,0,0,0,0,0,0,1,1,0,0.0,0.0,0.5,0.5,0.0,tech_debt,docs,['github-actions']
71139,1,0,0,0,0,0,0,0,0,1,0,0,0,0,0,0,0,0,1,0,0,0.0,0.0,1.0,0.0,0.0,tech_debt,build,['deps-dev']
72740,1,0,1,0,0,0,0,0,0,0,0,0,0,0,0,0,1,0,0,0,0,1.0,0.0,0.0,0.0,0.0,feature_work,feat,[]
73667,4,0,1,0,0,1,0,1,1,0,0,0,0,0,0,0,1,0,2,1,0,0.25,0.0,0.5,0.25,0.0,tech_debt,feat,['bump']
77105,2,0,0,1,1,0,0,0,0,0,0,0,0,0,0,0,0,1,1,0,0,0.0,0.5,0.5,0.0,0.0,bug_fixes,fix,"['typing', 'check']"
78216,3,0,0,0,0,2,0,0,0,1,0,0,0,0,0,0,0,0,1,2,0,0.0,0.0,0.3333333333333333,0.6666666666666666,0.0,docs,docs,[]
80633,1,0,1,0,0,0,0,0,0,0,0,0,0,0,0,0,1,0,0,0,0,1.0,0.0,0.0,0.0,0.0,feature_work,feat,['plugins']
85389,3,0,0,1,0,0,1,0,0,0,1,0,0,0,0,0,0,1,2,0,0,0.0,0.3333333333333333,0.6666666666666666,0.0,0.0,tech_debt,ci,"['bump', 'pre-commit']"
85564,2,0,0,0,0,0,0,0,0,0,2,0,0,0,0,0,0,0,2,0,0,0.0,0.0,1.0,0.0,0.0,tech_debt,ci,['pre-commit']
90819,1,0,0,1,0,0,0,0,0,0,0,0,0,0,0,0,0,1,0,0,0,0.0,1.0,0.0,0.0,0.0,bug_fixes,fix,['bump']
93737,1,0,1,0,0,0,0,0,0,0,0,0,0,0,0,0,1,0,0,0,0,1.0,0.0,0.0,0.0,0.0,feature_work,feat,[]
95929,10,0,0,2,0,0,1,0,6,1,0,0,0,0,0,0,0,2,8,0,0,0.0,0.2,0.8,0.0,0.0,tech_debt,test,"['bump', 'poetry', 'git']"
96424,3,0,0,1,0,0,1,0,1,0,0,0,0,0,0,0,0,1,2,0,0,0.0,0.3333333333333333,0.6666666666666666,0.0,0.0,tech_debt,fix,"['cz/conventional_commits', 'tests']"
27,1,0,0,0,0,1,0,0,0,0,0,0,0,0,0,0,0,0,0,1,0,0.0,0.0,0.0,1.0,0.0,docs,docs,[]
3082,2,0,0,2,0,0,0,0,0,0,0,0,0,0,0,0,0,2,0,0,0,0.0,1.0,0.0,0.0,0.0,bug_fixes,fix,['pre-commit-hooks']
4869,2,0,0,2,0,0,0,0,0,0,0,0,0,0,0,0,0,2,0,0,0,0.0,1.0,0.0,0.0,0.0,bug_fixes,fix,['pre-commit-hooks']
7771,1,0,0,0,0,0,0,0,0,0,1,0,0,0,0,0,0,0,1,0,0,0.0,0.0,1.0,0.0,0.0,tech_debt,ci,['release']
9834,1,0,0,0,0,0,0,0,0,0,1,0,0,0,0,0,0,0,1,0,0,0.0,0.0,1.0,0.0,0.0,tech_debt,ci,[]
14111,1,0,0,0,0,1,0,0,0,0,0,0,0,0,0,0,0,0,0,1,0,0.0,0.0,0.0,1.0,0.0,docs,docs,[]
15987,2,0,0,0,0,0,0,0,0,2,0,0,0,0,0,0,0,0,2,0,0,0.0,0.0,1.0,0.0,0.0,tech_debt,build,"['pyproject.toml', 'dev-dependencies']"
18823,1,0,0,0,0,0,0,1,0,0,0,0,0,0,0,0,0,0,1,0,0,0.0,0.0,1.0,0.0,0.0,tech_debt,refactor,['fileprovider']
23078,1,0,0,0,0,0,0,1,0,0,0,0,0,0,0,0,0,0,1,0,0,0.0,0.0,1.0,0.0,0.0,tech_debt,refactor,['tagrules']
24226,1,0,0,0,0,0,0,0,0,1,0,0,0,0,0,0,0,0,1,0,0,0.0,0.0,1.0,0.0,0.0,tech_debt,build,[]
24278,2,0,0,0,0,0,0,1,1,0,0,0,0,0,0,0,0,0,2,0,0,0.0,0.0,1.0,0.0,0.0,tech_debt,refactor,['init']
27924,1,0,0,0,0,1,0,0,0,0,0,0,0,0,0,0,0,0,0,1,0,0.0,0.0,0.0,1.0,0.0,docs,docs,['faq']
28855,3,0,0,0,0,0,0,3,0,0,0,0,0,0,0,0,0,0,3,0,0,0.0,0.0,1.0,0.0,0.0,tech_debt,refactor,['cli.py']
30858,1,0,0,0,0,1,0,0,0,0,0,0,0,0,0,0,0,0,0,1,0,0.0,0.0,0.0,1.0,0.0,docs,docs,['external_links']
31297,1,0,0,0,0,1,0,0,0,0,0,0,0,0,0,0,0,0,0,1,0,0.0,0.0,0.0,1.0,0.0,docs,docs,[]
37007,1,0,0,0,0,0,0,0,0,1,0,0,0,0,0,0,0,0,1,0,0,0.0,0.0,1.0,0.0,0.0,tech_debt,build,['deps']
38144,1,0,0,0,0,0,0,0,0,0,0,0,0,0,0,1,0,0,0,0,1,0.0,0.0,0.0,0.0,1.0,other,other,[]
41434,1,0,0,0,0,0,0,0,0,1,0,0,0,0,0,0,0,0,1,0,0,0.0,0.0,1.0,0.0,0.0,tech_debt,build,['deps']
44002,1,0,0,0,0,0,0,0,0,1,0,0,0,0,0,0,0,0,1,0,0,0.0,0.0,1.0,0.0,0.0,tech_debt,build,['deps-dev']
44206,2,0,0,0,0,2,0,0,0,0,0,0,0,0,0,0,0,0,0,2,0,0.0,0.0,0.0,1.0,0.0,docs,docs,"['commit', 'customization']"
44386,1,0,1,0,0,0,0,0,0,0,0,0,0,0,0,0,1,0,0,0,0,1.0,0.0,0.0,0.0,0.0,feature_work,feat,['commands/commit']
45081,1,0,0,0,0,0,0,0,0,1,0,0,0,0,0,0,0,0,1,0,0,0.0,0.0,1.0,0.0,0.0,tech_debt,build,['deps-dev']
45672,1,0,1,0,0,0,0,0,0,0,0,0,0,0,0,0,1,0,0,0,0,1.0,0.0,0.0,0.0,0.0,feature_work,feat,[]
46128,1,0,0,0,0,0,0,0,0,1,0,0,0,0,0,0,0,0,1,0,0,0.0,0.0,1.0,0.0,0.0,tech_debt,build,['deps-dev']
50219,1,0,0,0,0,0,0,0,0,1,0,0,0,0,0,0,0,0,1,0,0,0.0,0.0,1.0,0.0,0.0,tech_debt,build,['deps']
50546,1,0,0,0,0,0,0,0,0,1,0,0,0,0,0,0,0,0,1,0,0,0.0,0.0,1.0,0.0,0.0,tech_debt,build,['deps-dev']
50917,1,0,0,0,0,0,0,0,0,0,1,0,0,0,0,0,0,0,1,0,0,0.0,0.0,1.0,0.0,0.0,tech_debt,ci,[]
51035,1,0,0,0,0,1,0,0,0,0,0,0,0,0,0,0,0,0,0,1,0,0.0,0.0,0.0,1.0,0.0,docs,docs,[]
52289,1,0,0,1,0,0,0,0,0,0,0,0,0,0,0,0,0,1,0,0,0,0.0,1.0,0.0,0.0,0.0,bug_fixes,fix,[]
54206,2,0,0,0,0,2,0,0,0,0,0,0,0,0,0,0,0,0,0,2,0,0.0,0.0,0.0,1.0,0.0,docs,docs,[]
56285,1,0,0,0,0,0,0,0,0,1,0,0,0,0,0,0,0,0,1,0,0,0.0,0.0,1.0,0.0,0.0,tech_debt,build,['deps-dev']
60597,1,0,0,0,0,0,0,0,0,1,0,0,0,0,0,0,0,0,1,0,0,0.0,0.0,1.0,0.0,0.0,tech_debt,build,['deps-dev']
60984,1,0,0,0,0,0,0,0,0,1,0,0,0,0,0,0,0,0,1,0,0,0.0,0.0,1.0,0.0,0.0,tech_debt,build,['deps-dev']
61253,1,0,0,0,0,0,0,0,0,1,0,0,0,0,0,0,0,0,1,0,0,0.0,0.0,1.0,0.0,0.0,tech_debt,build,['deps-dev']
62473,1,0,0,0,0,0,0,0,0,1,0,0,0,0,0,0,0,0,1,0,0,0.0,0.0,1.0,0.0,0.0,tech_debt,build,['deps-dev']
63522,1,0,0,0,0,0,0,0,0,1,0,0,0,0,0,0,0,0,1,0,0,0.0,0.0,1.0,0.0,0.0,tech_debt,build,['deps-dev']
64591,1,0,0,0,0,0,0,0,0,1,0,0,0,0,0,0,0,0,1,0,0,0.0,0.0,1.0,0.0,0.0,tech_debt,build,['deps-dev']
64852,1,0,0,0,0,0,0,0,0,1,0,0,0,0,0,0,0,0,1,0,0,0.0,0.0,1.0,0.0,0.0,tech_debt,build,['deps-dev']
66111,1,0,0,0,0,0,0,0,0,1,0,0,0,0,0,0,0,0,1,0,0,0.0,0.0,1.0,0.0,0.0,tech_debt,build,['deps-dev']
66901,1,0,0,0,0,0,0,0,0,0,1,0,0,0,0,0,0,0,1,0,0,0.0,0.0,1.0,0.0,0.0,tech_debt,ci,['deps']
67446,1,0,0,1,0,0,0,0,0,0,0,0,0,0,0,0,0,1,0,0,0,0.0,1.0,0.0,0.0,0.0,bug_fixes,fix,[]
69509,1,0,0,0,0,0,0,0,0,1,0,0,0,0,0,0,0,0,1,0,0,0.0,0.0,1.0,0.0,0.0,tech_debt,build,['deps-dev']
70886,1,0,0,0,0,0,0,0,0,1,0,0,0,0,0,0,0,0,1,0,0,0.0,0.0,1.0,0.0,0.0,tech_debt,build,['deps']
73512,3,0,0,2,0,0,0,1,0,0,0,0,0,0,0,0,0,2,1,0,0,0.0,0.6666666666666666,0.3333333333333333,0.0,0.0,bug_fixes,fix,[]
80129,2,0,0,0,0,0,1,0,1,0,0,0,0,0,0,0,0,0,2,0,0,0.0,0.0,1.0,0.0,0.0,tech_debt,test,['warnings']
80328,2,0,1,0,0,0,0,0,0,0,1,0,0,0,0,0,1,0,1,0,0,0.5,0.0,0.5,0.0,0.0,feature_work,feat,"['poetry', 'github-actions']"
81765,1,0,0,1,0,0,0,0,0,0,0,0,0,0,0,0,0,1,0,0,0,0.0,1.0,0.0,0.0,0.0,bug_fixes,fix,['changelog']
85627,1,0,0,0,0,1,0,0,0,0,0,0,0,0,0,0,0,0,0,1,0,0.0,0.0,0.0,1.0,0.0,docs,docs,[]
86519,1,0,0,0,0,0,0,0,1,0,0,0,0,0,0,0,0,0,1,0,0,0.0,0.0,1.0,0.0,0.0,tech_debt,test,['commands']
86703,1,0,0,1,0,0,0,0,0,0,0,0,0,0,0,0,0,1,0,0,0,0.0,1.0,0.0,0.0,0.0,bug_fixes,fix,['cmd']
87241,1,0,0,1,0,0,0,0,0,0,0,0,0,0,0,0,0,1,0,0,0,0.0,1.0,0.0,0.0,0.0,bug_fixes,fix,['bump']
87403,1,0,0,1,0,0,0,0,0,0,0,0,0,0,0,0,0,1,0,0,0,0.0,1.0,0.0,0.0,0.0,bug_fixes,fix,['changelog']
88233,2,0,1,0,0,0,0,0,0,0,1,0,0,0,0,0,1,0,1,0,0,0.5,0.0,0.5,0.0,0.0,feature_work,ci,['pre-commit']
88560,6,0,1,0,0,2,0,1,0,0,2,0,0,0,0,0,1,0,3,2,0,0.16666666666666666,0.0,0.5,0.3333333333333333,0.0,tech_debt,ci,"['changelog', 'pre-commit', 'pull_request_template']"
88730,4,0,1,0,0,0,0,0,0,0,0,0,0,0,0,3,1,0,0,0,3,0.25,0.0,0.0,0.0,0.75,other,other,['config.toml']
89411,5,0,0,2,0,0,0,1,2,0,0,0,0,0,0,0,0,2,3,0,0,0.0,0.4,0.6,0.0,0.0,tech_debt,test,"['test_check_command', 'check', 'conventionalcommitscz']"
90567,5,0,0,1,0,0,1,0,1,0,0,0,0,0,0,2,0,1,2,0,2,0.0,0.2,0.4,0.0,0.4,tech_debt,other,[]
90891,1,0,0,0,0,1,0,0,0,0,0,0,0,0,0,0,0,0,0,1,0,0.0,0.0,0.0,1.0,0.0,docs,docs,[]
97214,1,0,0,1,0,0,0,0,0,0,0,0,0,0,0,0,0,1,0,0,0,0.0,1.0,0.0,0.0,0.0,bug_fixes,fix,['commands/init']
97879,1,0,0,1,0,0,0,0,0,0,0,0,0,0,0,0,0,1,0,0,0,0.0,1.0,0.0,0.0,0.0,bug_fixes,fix,['git']
98377,1,0,0,0,0,1,0,0,0,0,0,0,0,0,0,0,0,0,0,1,0,0.0,0.0,0.0,1.0,0.0,docs,docs,[]
98407,2,0,0,0,0,2,0,0,0,0,0,0,0,0,0,0,0,0,0,2,0,0.0,0.0,0.0,1.0,0.0,docs,docs,['faq']
99104,1,0,0,0,0,0,0,0,0,1,0,0,0,0,0,0,0,0,1,0,0,0.0,0.0,1.0,0.0,0.0,tech_debt,build,['#325']
99393,1,0,1,0,0,0,0,0,0,0,0,0,0,0,0,0,1,0,0,0,0,1.0,0.0,0.0,0.0,0.0,feature_work,feat,['deps']
99601,1,0,1,0,0,0,0,0,0,0,0,0,0,0,0,0,1,0,0,0,0,1.0,0.0,0.0,0.0,0.0,feature_work,feat,[]
50365,1,0,0,0,0,0,0,0,0,1,0,0,0,0,0,0,0,0,1,0,0,0.0,0.0,1.0,0.0,0.0,tech_debt,build,['deps-dev']
53707,1,0,0,0,0,0,0,0,0,1,0,0,0,0,0,0,0,0,1,0,0,0.0,0.0,1.0,0.0,0.0,tech_debt,build,['deps-dev']
53833,1,0,0,0,0,0,0,0,0,1,0,0,0,0,0,0,0,0,1,0,0,0.0,0.0,1.0,0.0,0.0,tech_debt,build,['deps-dev']
54152,1,0,0,0,0,0,0,0,0,1,0,0,0,0,0,0,0,0,1,0,0,0.0,0.0,1.0,0.0,0.0,tech_debt,build,['deps-dev']
56779,1,0,0,0,0,0,0,0,0,1,0,0,0,0,0,0,0,0,1,0,0,0.0,0.0,1.0,0.0,0.0,tech_debt,build,['deps-dev']
57312,1,0,0,0,0,0,0,0,0,1,0,0,0,0,0,0,0,0,1,0,0,0.0,0.0,1.0,0.0,0.0,tech_debt,build,['deps-dev']
57364,1,0,0,0,0,0,0,0,0,1,0,0,0,0,0,0,0,0,1,0,0,0.0,0.0,1.0,0.0,0.0,tech_debt,build,['deps-dev']
61397,1,0,0,0,0,0,0,0,0,1,0,0,0,0,0,0,0,0,1,0,0,0.0,0.0,1.0,0.0,0.0,tech_debt,build,['deps-dev']
61810,1,0,1,0,0,0,0,0,0,0,0,0,0,0,0,0,1,0,0,0,0,1.0,0.0,0.0,0.0,0.0,feature_work,feat,['provider']
62417,1,0,0,0,0,0,0,0,0,1,0,0,0,0,0,0,0,0,1,0,0,0.0,0.0,1.0,0.0,0.0,tech_debt,build,['deps-dev']
64194,1,0,0,0,0,0,0,0,0,1,0,0,0,0,0,0,0,0,1,0,0,0.0,0.0,1.0,0.0,0.0,tech_debt,build,['deps-dev']
65191,2,0,0,0,0,0,0,0,0,1,0,0,0,0,0,1,0,0,1,0,1,0.0,0.0,0.5,0.0,0.5,tech_debt,other,['deps-dev']
65374,1,0,0,0,0,0,0,0,0,0,1,0,0,0,0,0,0,0,1,0,0,0.0,0.0,1.0,0.0,0.0,tech_debt,ci,[]
66727,1,0,0,0,0,0,0,0,0,1,0,0,0,0,0,0,0,0,1,0,0,0.0,0.0,1.0,0.0,0.0,tech_debt,build,['deps']
66778,1,0,0,0,0,0,0,0,0,1,0,0,0,0,0,0,0,0,1,0,0,0.0,0.0,1.0,0.0,0.0,tech_debt,build,['deps-dev']
67020,1,0,0,0,0,0,0,0,0,0,1,0,0,0,0,0,0,0,1,0,0,0.0,0.0,1.0,0.0,0.0,tech_debt,ci,['github-actions']
73377,1,0,0,0,0,0,0,0,0,0,0,0,0,0,0,1,0,0,0,0,1,0.0,0.0,0.0,0.0,1.0,other,other,[]
73417,2,0,1,0,0,0,0,0,1,0,0,0,0,0,0,0,1,0,1,0,0,0.5,0.0,0.5,0.0,0.0,feature_work,test,[]
74089,1,0,0,0,0,0,0,0,0,0,0,0,0,0,0,1,0,0,0,0,1,0.0,0.0,0.0,0.0,1.0,other,other,[]
77715,1,0,0,0,0,1,0,0,0,0,0,0,0,0,0,0,0,0,0,1,0,0.0,0.0,0.0,1.0,0.0,docs,docs,['docs/contributing.md']
81649,2,0,0,0,0,0,0,0,2,0,0,0,0,0,0,0,0,0,2,0,0,0.0,0.0,1.0,0.0,0.0,tech_debt,test,['bump_command']
84260,4,0,1,2,0,1,0,0,0,0,0,0,0,0,0,0,1,2,0,1,0,0.25,0.5,0.0,0.25,0.0,bug_fixes,fix,['bump']
84671,1,0,0,1,0,0,0,0,0,0,0,0,0,0,0,0,0,1,0,0,0,0.0,1.0,0.0,0.0,0.0,bug_fixes,fix,['readme.md']
86613,1,0,1,0,0,0,0,0,0,0,0,0,0,0,0,0,1,0,0,0,0,1.0,0.0,0.0,0.0,0.0,feature_work,feat,['conventionalcommitscz']
90117,1,0,0,0,0,0,0,1,0,0,0,0,0,0,0,0,0,0,1,0,0,0.0,0.0,1.0,0.0,0.0,tech_debt,refactor,[]
92763,2,0,2,0,0,0,0,0,0,0,0,0,0,0,0,0,2,0,0,0,0,1.0,0.0,0.0,0.0,0.0,feature_work,feat,['cli.py']
93579,1,0,0,1,0,0,0,0,0,0,0,0,0,0,0,0,0,1,0,0,0,0.0,1.0,0.0,0.0,0.0,bug_fixes,fix,['cli']
98552,1,0,0,0,0,0,0,0,0,0,1,0,0,0,0,0,0,0,1,0,0,0.0,0.0,1.0,0.0,0.0,tech_debt,ci,[]
99177,1,0,0,1,0,0,0,0,0,0,0,0,0,0,0,0,0,1,0,0,0,0.0,1.0,0.0,0.0,0.0,bug_fixes,fix,[]
104551,3,0,1,0,0,1,0,0,1,0,0,0,0,0,0,0,1,0,1,1,0,0.3333333333333333,0.0,0.3333333333333333,0.3333333333333333,0.0,feature_work,feat,"['init', 'conf']"
104878,3,0,0,2,0,0,0,1,0,0,0,0,0,0,0,0,0,2,1,0,0,0.0,0.6666666666666666,0.3333333333333333,0.0,0.0,bug_fixes,fix,"['commands/commit', 'commands/bump', 'cmd']"
107389,8,0,3,1,0,3,1,0,0,0,0,0,0,0,0,0,3,1,1,3,0,0.375,0.125,0.125,0.375,0.0,feature_work,docs,['changelog']
107512,4,0,1,0,0,3,0,0,0,0,0,0,0,0,0,0,1,0,0,3,0,0.25,0.0,0.0,0.75,0.0,docs,docs,"['bump', 'commands/bump', 'github']"
109244,2,0,1,0,0,0,0,0,0,0,0,0,0,1,0,0,1,0,1,0,0,0.5,0.0,0.5,0.0,0.0,feature_work,bump,['cz/conventional_jira']
110143,1,0,0,0,0,0,0,0,0,1,0,0,0,0,0,0,0,0,1,0,0,0.0,0.0,1.0,0.0,0.0,tech_debt,build,['deps-dev']
110765,2,0,0,1,0,0,0,0,1,0,0,0,0,0,0,0,0,1,1,0,0,0.0,0.5,0.5,0.0,0.0,bug_fixes,fix,['commands/check']
112286,2,0,0,2,0,0,0,0,0,0,0,0,0,0,0,0,0,2,0,0,0,0.0,1.0,0.0,0.0,0.0,bug_fixes,fix,"['github_workflow/pythonpackage', 'scripts/test']"
113176,3,0,0,0,0,0,0,0,0,0,0,0,0,0,0,3,0,0,0,0,3,0.0,0.0,0.0,0.0,1.0,other,other,[]
114372,1,0,0,1,0,0,0,0,0,0,0,0,0,0,0,0,0,1,0,0,0,0.0,1.0,0.0,0.0,0.0,bug_fixes,fix,['test_cli']
115349,1,0,0,0,0,0,0,0,0,1,0,0,0,0,0,0,0,0,1,0,0,0.0,0.0,1.0,0.0,0.0,tech_debt,build,[]
115563,1,0,1,0,0,0,0,0,0,0,0,0,0,0,0,0,1,0,0,0,0,1.0,0.0,0.0,0.0,0.0,feature_work,feat,['commit']
56948,1,0,0,0,0,0,0,1,0,0,0,0,0,0,0,0,0,0,1,0,0,0.0,0.0,1.0,0.0,0.0,tech_debt,refactor,['defaults']
63424,1,0,0,0,0,0,0,0,0,1,0,0,0,0,0,0,0,0,1,0,0,0.0,0.0,1.0,0.0,0.0,tech_debt,build,['deps']
65157,1,0,0,0,0,0,0,0,0,1,0,0,0,0,0,0,0,0,1,0,0,0.0,0.0,1.0,0.0,0.0,tech_debt,build,['deps-dev']
65622,1,0,0,0,0,0,0,0,0,1,0,0,0,0,0,0,0,0,1,0,0,0.0,0.0,1.0,0.0,0.0,tech_debt,build,['deps-dev']
68647,1,0,0,0,0,0,0,0,0,1,0,0,0,0,0,0,0,0,1,0,0,0.0,0.0,1.0,0.0,0.0,tech_debt,build,['deps-dev']
68684,1,0,0,0,0,1,0,0,0,0,0,0,0,0,0,0,0,0,0,1,0,0.0,0.0,0.0,1.0,0.0,docs,docs,['auto_prepare_commit_message.md']
69011,1,0,0,0,0,0,0,0,0,1,0,0,0,0,0,0,0,0,1,0,0,0.0,0.0,1.0,0.0,0.0,tech_debt,build,['deps-dev']
69270,1,0,0,0,0,0,0,0,0,1,0,0,0,0,0,0,0,0,1,0,0,0.0,0.0,1.0,0.0,0.0,tech_debt,build,['deps-dev']
69472,1,0,0,0,0,0,0,0,0,1,0,0,0,0,0,0,0,0,1,0,0,0.0,0.0,1.0,0.0,0.0,tech_debt,build,['deps']
71173,1,0,0,0,0,0,0,0,0,1,0,0,0,0,0,0,0,0,1,0,0,0.0,0.0,1.0,0.0,0.0,tech_debt,build,['deps']
71852,1,0,0,0,0,0,0,0,0,1,0,0,0,0,0,0,0,0,1,0,0,0.0,0.0,1.0,0.0,0.0,tech_debt,build,['deps-dev']
78522,1,0,1,0,0,0,0,0,0,0,0,0,0,0,0,0,1,0,0,0,0,1.0,0.0,0.0,0.0,0.0,feature_work,feat,[]
83586,2,0,0,1,0,0,0,0,1,0,0,0,0,0,0,0,0,1,1,0,0,0.0,0.5,0.5,0.0,0.0,bug_fixes,fix,[]
84818,2,0,0,0,0,0,0,1,0,0,1,0,0,0,0,0,0,0,2,0,0,0.0,0.0,1.0,0.0,0.0,tech_debt,ci,"['pre-commit', 'bump']"
86215,1,0,0,1,0,0,0,0,0,0,0,0,0,0,0,0,0,1,0,0,0,0.0,1.0,0.0,0.0,0.0,bug_fixes,fix,['cmd']
87438,1,0,1,0,0,0,0,0,0,0,0,0,0,0,0,0,1,0,0,0,0,1.0,0.0,0.0,0.0,0.0,feature_work,feat,['bump']
91858,1,0,1,0,0,0,0,0,0,0,0,0,0,0,0,0,1,0,0,0,0,1.0,0.0,0.0,0.0,0.0,feature_work,feat,[]
92492,1,0,0,1,0,0,0,0,0,0,0,0,0,0,0,0,0,1,0,0,0,0.0,1.0,0.0,0.0,0.0,bug_fixes,fix,['scripts/test']
95178,4,0,1,0,0,1,0,2,0,0,0,0,0,0,0,0,1,0,2,1,0,0.25,0.0,0.5,0.25,0.0,tech_debt,refactor,"['git', 'changelog']"
101742,1,0,0,1,0,0,0,0,0,0,0,0,0,0,0,0,0,1,0,0,0,0.0,1.0,0.0,0.0,0.0,bug_fixes,fix,['cz_customize']
106152,2,0,0,0,0,0,0,0,0,0,0,0,0,0,0,2,0,0,0,0,2,0.0,0.0,0.0,0.0,1.0,other,other,[]
106897,1,0,0,0,0,0,0,0,0,1,0,0,0,0,0,0,0,0,1,0,0,0.0,0.0,1.0,0.0,0.0,tech_debt,build,['dependencies']
107589,2,0,0,0,0,1,0,0,0,0,1,0,0,0,0,0,0,0,1,1,0,0.0,0.0,0.5,0.5,0.0,tech_debt,docs,"['tutorials/github_actions', 'github/bumpversion']"
107795,1,0,0,1,0,0,0,0,0,0,0,0,0,0,0,0,0,1,0,0,0,0.0,1.0,0.0,0.0,0.0,bug_fixes,fix,['changelog']
108727,1,0,0,0,0,0,0,1,0,0,0,0,0,0,0,0,0,0,1,0,0,0.0,0.0,1.0,0.0,0.0,tech_debt,refactor,['commands/init']
112456,1,0,0,0,0,0,0,0,1,0,0,0,0,0,0,0,0,0,1,0,0,0.0,0.0,1.0,0.0,0.0,tech_debt,test,['github_action']
113521,2,0,1,0,0,0,0,1,0,0,0,0,0,0,0,0,1,0,1,0,0,0.5,0.0,0.5,0.0,0.0,feature_work,feat,['config']
113612,1,0,0,0,0,0,0,0,0,0,0,0,0,0,0,1,0,0,0,0,1,0.0,0.0,0.0,0.0,1.0,other,other,[]
114253,1,0,1,0,0,0,0,0,0,0,0,0,0,0,0,0,1,0,0,0,0,1.0,0.0,0.0,0.0,0.0,feature_work,feat,[]
116260,2,0,1,0,0,0,0,0,1,0,0,0,0,0,0,0,1,0,1,0,0,0.5,0.0,0.5,0.0,0.0,feature_work,feat,['commands']
101630,2,0,0,0,0,0,0,0,0,0,0,0,0,0,0,2,0,0,0,0,2,0.0,0.0,0.0,0.0,1.0,other,other,[]
102215,1,0,1,0,0,0,0,0,0,0,0,0,0,0,0,0,1,0,0,0,0,1.0,0.0,0.0,0.0,0.0,feature_work,feat,['cz_check']
104001,1,0,0,0,0,1,0,0,0,0,0,0,0,0,0,0,0,0,0,1,0,0.0,0.0,0.0,1.0,0.0,docs,docs,['readme']
104230,1,0,0,1,0,0,0,0,0,0,0,0,0,0,0,0,0,1,0,0,0,0.0,1.0,0.0,0.0,0.0,bug_fixes,fix,['git']
104609,1,0,1,0,0,0,0,0,0,0,0,0,0,0,0,0,1,0,0,0,0,1.0,0.0,0.0,0.0,0.0,feature_work,feat,['conventional_commits']
111781,1,0,0,0,0,0,0,0,0,0,1,0,0,0,0,0,0,0,1,0,0,0.0,0.0,1.0,0.0,0.0,tech_debt,ci,['scripts/publish']
112785,1,0,0,0,0,0,0,0,0,1,0,0,0,0,0,0,0,0,1,0,0,0.0,0.0,1.0,0.0,0.0,tech_debt,build,['deps-dev']
113011,2,0,0,2,0,0,0,0,0,0,0,0,0,0,0,0,0,2,0,0,0,0.0,1.0,0.0,0.0,0.0,bug_fixes,fix,"['cli', 'config']"
116370,1,0,0,1,0,0,0,0,0,0,0,0,0,0,0,0,0,1,0,0,0,0.0,1.0,0.0,0.0,0.0,bug_fixes,fix,['bump']
116547,1,0,0,0,0,1,0,0,0,0,0,0,0,0,0,0,0,0,0,1,0,0.0,0.0,0.0,1.0,0.0,docs,docs,[]
116752,3,0,0,0,0,0,0,1,0,0,0,0,0,0,0,2,0,0,1,0,2,0.0,0.0,0.3333333333333333,0.0,0.6666666666666666,other,other,[]
440,2,0,0,0,0,0,0,0,2,0,0,0,0,0,0,0,0,0,2,0,0,0.0,0.0,1.0,0.0,0.0,tech_debt,test,['git']
3256,1,0,0,0,0,0,0,1,0,0,0,0,0,0,0,0,0,0,1,0,0,0.0,0.0,1.0,0.0,0.0,tech_debt,refactor,['tags']
3563,1,0,0,0,0,0,0,0,1,0,0,0,0,0,0,0,0,0,1,0,0,0.0,0.0,1.0,0.0,0.0,tech_debt,test,[]
4357,1,0,0,0,0,1,0,0,0,0,0,0,0,0,0,0,0,0,0,1,0,0.0,0.0,0.0,1.0,0.0,docs,docs,['readmd.md']
5429,1,0,0,0,0,0,0,0,1,0,0,0,0,0,0,0,0,0,1,0,0,0.0,0.0,1.0,0.0,0.0,tech_debt,test,['version_schemes']
5537,1,0,0,1,0,0,0,0,0,0,0,0,0,0,0,0,0,1,0,0,0,0.0,1.0,0.0,0.0,0.0,bug_fixes,fix,['config']
6557,1,0,0,0,0,1,0,0,0,0,0,0,0,0,0,0,0,0,0,1,0,0.0,0.0,0.0,1.0,0.0,docs,docs,[]
9225,2,0,0,0,0,0,0,0,2,0,0,0,0,0,0,0,0,0,2,0,0,0.0,0.0,1.0,0.0,0.0,tech_debt,test,"['warnings', 'warning']"
15351,1,0,0,0,0,1,0,0,0,0,0,0,0,0,0,0,0,0,0,1,0,0.0,0.0,0.0,1.0,0.0,docs,docs,['bump']
18380,6,0,1,1,0,0,1,2,1,0,0,0,0,0,0,0,1,1,4,0,0,0.16666666666666666,0.16666666666666666,0.6666666666666666,0.0,0.0,tech_debt,refactor,"['basecommitizen', 'uvprovider', 'init']"
19500,2,0,0,0,0,0,1,1,0,0,0,0,0,0,0,0,0,0,2,0,0,0.0,0.0,1.0,0.0,0.0,tech_debt,style,"['baseconfig', 'tomlconfig']"
22585,1,0,0,0,0,0,0,0,1,0,0,0,0,0,0,0,0,0,1,0,0,0.0,0.0,1.0,0.0,0.0,tech_debt,test,['changelog']
23360,1,0,0,0,0,0,0,1,0,0,0,0,0,0,0,0,0,0,1,0,0,0.0,0.0,1.0,0.0,0.0,tech_debt,refactor,['parseargs']
23415,1,0,0,0,0,0,0,1,0,0,0,0,0,0,0,0,0,0,1,0,0,0.0,0.0,1.0,0.0,0.0,tech_debt,refactor,['scmprovider']
23784,1,0,0,0,0,0,0,1,0,0,0,0,0,0,0,0,0,0,1,0,0,0.0,0.0,1.0,0.0,0.0,tech_debt,refactor,['init']
23958,1,0,0,0,0,1,0,0,0,0,0,0,0,0,0,0,0,0,0,1,0,0.0,0.0,0.0,1.0,0.0,docs,docs,['bump.md']
25106,1,0,0,0,0,0,0,0,0,1,0,0,0,0,0,0,0,0,1,0,0,0.0,0.0,1.0,0.0,0.0,tech_debt,build,[]
27294,1,0,1,0,0,0,0,0,0,0,0,0,0,0,0,0,1,0,0,0,0,1.0,0.0,0.0,0.0,0.0,feature_work,feat,['check']
27872,1,0,0,0,0,0,0,0,0,1,0,0,0,0,0,0,0,0,1,0,0,0.0,0.0,1.0,0.0,0.0,tech_debt,build,['poetry']
31052,1,0,0,0,0,1,0,0,0,0,0,0,0,0,0,0,0,0,0,1,0,0.0,0.0,0.0,1.0,0.0,docs,docs,['readme']
32415,2,0,0,0,0,0,0,2,0,0,0,0,0,0,0,0,0,0,2,0,0,0.0,0.0,1.0,0.0,0.0,tech_debt,refactor,"['changelog', 'containers']"
34805,2,0,0,0,0,0,0,1,1,0,0,0,0,0,0,0,0,0,2,0,0,0.0,0.0,1.0,0.0,0.0,tech_debt,refactor,['bump']
35817,1,0,0,0,0,1,0,0,0,0,0,0,0,0,0,0,0,0,0,1,0,0.0,0.0,0.0,1.0,0.0,docs,docs,['pull_request_template']
35889,4,0,0,0,0,0,0,4,0,0,0,0,0,0,0,0,0,0,4,0,0,0.0,0.0,1.0,0.0,0.0,tech_debt,refactor,"['version_schemes', 'check', 'factory']"
44928,1,0,0,0,0,0,0,0,0,1,0,0,0,0,0,0,0,0,1,0,0,0.0,0.0,1.0,0.0,0.0,tech_debt,build,['deps-dev']
45468,1,0,0,0,0,0,0,0,0,1,0,0,0,0,0,0,0,0,1,0,0,0.0,0.0,1.0,0.0,0.0,tech_debt,build,['deps-dev']
46600,1,0,0,0,0,0,0,0,0,1,0,0,0,0,0,0,0,0,1,0,0,0.0,0.0,1.0,0.0,0.0,tech_debt,build,['deps-dev']
49113,1,0,0,0,0,0,0,0,0,1,0,0,0,0,0,0,0,0,1,0,0,0.0,0.0,1.0,0.0,0.0,tech_debt,build,['deps-dev']
52049,1,0,0,1,0,0,0,0,0,0,0,0,0,0,0,0,0,1,0,0,0,0.0,1.0,0.0,0.0,0.0,bug_fixes,fix,[]
55395,1,0,0,0,0,0,0,0,0,1,0,0,0,0,0,0,0,0,1,0,0,0.0,0.0,1.0,0.0,0.0,tech_debt,build,['deps']
55666,1,0,0,0,0,0,0,0,0,1,0,0,0,0,0,0,0,0,1,0,0,0.0,0.0,1.0,0.0,0.0,tech_debt,build,['deps-dev']
60117,1,0,0,0,0,0,0,0,0,1,0,0,0,0,0,0,0,0,1,0,0,0.0,0.0,1.0,0.0,0.0,tech_debt,build,['deps-dev']
60493,1,0,0,0,0,0,0,0,0,1,0,0,0,0,0,0,0,0,1,0,0,0.0,0.0,1.0,0.0,0.0,tech_debt,build,['deps-dev']
60545,1,0,0,0,0,0,0,0,0,1,0,0,0,0,0,0,0,0,1,0,0,0.0,0.0,1.0,0.0,0.0,tech_debt,build,['deps-dev']
61519,1,0,0,0,0,0,0,0,0,1,0,0,0,0,0,0,0,0,1,0,0,0.0,0.0,1.0,0.0,0.0,tech_debt,build,['deps-dev']
62181,1,0,0,0,0,0,0,0,0,1,0,0,0,0,0,0,0,0,1,0,0,0.0,0.0,1.0,0.0,0.0,tech_debt,build,['deps-dev']
62529,1,0,0,0,0,0,0,0,0,1,0,0,0,0,0,0,0,0,1,0,0,0.0,0.0,1.0,0.0,0.0,tech_debt,build,['deps-dev']
64386,1,0,0,0,0,0,0,0,0,1,0,0,0,0,0,0,0,0,1,0,0,0.0,0.0,1.0,0.0,0.0,tech_debt,build,['deps-dev']
71455,1,0,0,0,0,0,0,0,0,1,0,0,0,0,0,0,0,0,1,0,0,0.0,0.0,1.0,0.0,0.0,tech_debt,build,['deps-dev']
72369,1,0,0,0,0,0,0,0,0,0,0,0,0,0,0,1,0,0,0,0,1,0.0,0.0,0.0,0.0,1.0,other,other,[]
74037,1,0,0,0,0,0,0,0,0,0,0,0,0,0,0,1,0,0,0,0,1,0.0,0.0,0.0,0.0,1.0,other,other,[]
75019,1,0,0,0,0,0,0,0,0,0,0,0,0,0,0,1,0,0,0,0,1,0.0,0.0,0.0,0.0,1.0,other,other,[]
77898,1,0,0,0,0,0,0,0,0,0,0,0,0,0,0,1,0,0,0,0,1,0.0,0.0,0.0,0.0,1.0,other,other,[]
84389,1,0,0,0,0,0,0,0,0,1,0,0,0,0,0,0,0,0,1,0,0,0.0,0.0,1.0,0.0,0.0,tech_debt,build,['poetry']
84764,2,0,0,1,0,0,0,0,1,0,0,0,0,0,0,0,0,1,1,0,0,0.0,0.5,0.5,0.0,0.0,bug_fixes,fix,"['bump.py', 'test_bump_command.py']"
86929,1,0,0,1,0,0,0,0,0,0,0,0,0,0,0,0,0,1,0,0,0,0.0,1.0,0.0,0.0,0.0,bug_fixes,fix,['git']
88440,3,0,1,0,0,0,2,0,0,0,0,0,0,0,0,0,1,0,2,0,0,0.3333333333333333,0.0,0.6666666666666666,0.0,0.0,tech_debt,style,"['commitizen/cz/__init__.py', 'test_check_command', 'check']"
88836,1,0,0,0,0,1,0,0,0,0,0,0,0,0,0,0,0,0,0,1,0,0.0,0.0,0.0,1.0,0.0,docs,docs,['docs/config.md']
96691,3,0,1,1,0,0,0,0,1,0,0,0,0,0,0,0,1,1,1,0,0,0.3333333333333333,0.3333333333333333,0.3333333333333333,0.0,0.0,feature_work,test,"['changelog', 'bump']"
97433,1,0,0,0,0,1,0,0,0,0,0,0,0,0,0,0,0,0,0,1,0,0.0,0.0,0.0,1.0,0.0,docs,docs,[]
99951,2,0,0,0,0,2,0,0,0,0,0,0,0,0,0,0,0,0,0,2,0,0.0,0.0,0.0,1.0,0.0,docs,docs,[]
102034,3,0,0,0,0,2,0,0,0,0,1,0,0,0,0,0,0,0,1,2,0,0.0,0.0,0.3333333333333333,0.6666666666666666,0.0,docs,docs,[]
104743,2,0,0,0,0,0,0,1,1,0,0,0,0,0,0,0,0,0,2,0,0,0.0,0.0,1.0,0.0,0.0,tech_debt,test,"['bump_command', 'changelog']"
104933,1,0,0,1,0,0,0,0,0,0,0,0,0,0,0,0,0,1,0,0,0,0.0,1.0,0.0,0.0,0.0,bug_fixes,fix,['bump']
105674,1,0,0,0,0,0,0,0,0,0,0,0,0,0,0,1,0,0,0,0,1,0.0,0.0,0.0,0.0,1.0,other,other,[]
106067,1,0,0,0,0,1,0,0,0,0,0,0,0,0,0,0,0,0,0,1,0,0.0,0.0,0.0,1.0,0.0,docs,docs,['customization']
107669,3,0,1,0,0,1,0,0,1,0,0,0,0,0,0,0,1,0,1,1,0,0.3333333333333333,0.0,0.3333333333333333,0.3333333333333333,0.0,feature_work,test,['bump']
107825,1,0,0,1,0,0,0,0,0,0,0,0,0,0,0,0,0,1,0,0,0,0.0,1.0,0.0,0.0,0.0,bug_fixes,fix,['changelog']
113490,1,0,1,0,0,0,0,0,0,0,0,0,0,0,0,0,1,0,0,0,0,1.0,0.0,0.0,0.0,0.0,feature_work,feat,['commands/check']
114293,1,0,0,0,0,0,0,0,0,0,1,0,0,0,0,0,0,0,1,0,0,0.0,0.0,1.0,0.0,0.0,tech_debt,ci,[]
114968,1,0,0,0,0,0,0,0,0,1,0,0,0,0,0,0,0,0,1,0,0,0.0,0.0,1.0,0.0,0.0,tech_debt,build,['poetry']
116001,1,0,0,1,0,0,0,0,0,0,0,0,0,0,0,0,0,1,0,0,0,0.0,1.0,0.0,0.0,0.0,bug_fixes,fix,[]
34363,2,0,0,0,0,0,0,2,0,0,0,0,0,0,0,0,0,0,2,0,0,0.0,0.0,1.0,0.0,0.0,tech_debt,refactor,['check']
35311,1,0,0,0,0,0,0,1,0,0,0,0,0,0,0,0,0,0,1,0,0,0.0,0.0,1.0,0.0,0.0,tech_debt,refactor,[]
44500,1,0,0,0,0,0,0,0,0,1,0,0,0,0,0,0,0,0,1,0,0,0.0,0.0,1.0,0.0,0.0,tech_debt,build,['deps-dev']
44723,1,0,0,0,0,1,0,0,0,0,0,0,0,0,0,0,0,0,0,1,0,0.0,0.0,0.0,1.0,0.0,docs,docs,[]
45621,1,0,0,0,0,0,0,0,0,1,0,0,0,0,0,0,0,0,1,0,0,0.0,0.0,1.0,0.0,0.0,tech_debt,build,['deps-dev']
47305,1,0,0,0,0,0,0,0,0,1,0,0,0,0,0,0,0,0,1,0,0,0.0,0.0,1.0,0.0,0.0,tech_debt,build,['deps']
49334,2,0,0,0,0,0,0,0,1,1,0,0,0,0,0,0,0,0,2,0,0,0.0,0.0,1.0,0.0,0.0,tech_debt,build,"['deps-dev', 'cli']"
50018,1,0,0,0,0,0,0,0,0,1,0,0,0,0,0,0,0,0,1,0,0,0.0,0.0,1.0,0.0,0.0,tech_debt,build,['deps']
50270,1,0,0,0,0,0,0,0,0,1,0,0,0,0,0,0,0,0,1,0,0,0.0,0.0,1.0,0.0,0.0,tech_debt,build,['deps-dev']
52163,2,0,1,0,0,0,0,0,0,0,0,0,0,0,0,1,1,0,0,0,1,0.5,0.0,0.0,0.0,0.5,feature_work,feat,['ci/cd']
53935,1,0,0,0,0,0,0,0,0,1,0,0,0,0,0,0,0,0,1,0,0,0.0,0.0,1.0,0.0,0.0,tech_debt,build,['deps']
58681,1,0,0,0,0,0,0,0,0,1,0,0,0,0,0,0,0,0,1,0,0,0.0,0.0,1.0,0.0,0.0,tech_debt,build,['deps']
59508,1,0,1,0,0,0,0,0,0,0,0,0,0,0,0,0,1,0,0,0,0,1.0,0.0,0.0,0.0,0.0,feature_work,feat,['changelog']
60231,1,0,0,0,0,0,0,0,0,1,0,0,0,0,0,0,0,0,1,0,0,0.0,0.0,1.0,0.0,0.0,tech_debt,build,['deps']
62237,1,0,0,0,0,0,0,0,0,1,0,0,0,0,0,0,0,0,1,0,0,0.0,0.0,1.0,0.0,0.0,tech_debt,build,['deps']
62857,1,0,0,0,0,0,0,0,0,1,0,0,0,0,0,0,0,0,1,0,0,0.0,0.0,1.0,0.0,0.0,tech_debt,build,['deps-dev']
63306,1,0,0,0,0,0,0,0,0,0,1,0,0,0,0,0,0,0,1,0,0,0.0,0.0,1.0,0.0,0.0,tech_debt,ci,['deps']
63963,1,0,1,0,0,0,0,0,0,0,0,0,0,0,0,0,1,0,0,0,0,1.0,0.0,0.0,0.0,0.0,feature_work,feat,['cz']
64054,1,0,0,0,0,0,0,0,0,1,0,0,0,0,0,0,0,0,1,0,0,0.0,0.0,1.0,0.0,0.0,tech_debt,build,['deps-dev']
65499,1,0,0,0,0,0,0,0,0,1,0,0,0,0,0,0,0,0,1,0,0,0.0,0.0,1.0,0.0,0.0,tech_debt,build,['deps-dev']
65540,1,0,0,0,0,0,0,0,0,1,0,0,0,0,0,0,0,0,1,0,0,0.0,0.0,1.0,0.0,0.0,tech_debt,build,['deps-dev']
66938,1,0,0,0,0,0,0,0,0,1,0,0,0,0,0,0,0,0,1,0,0,0.0,0.0,1.0,0.0,0.0,tech_debt,build,['deps-dev']
70246,1,0,0,0,0,0,0,1,0,0,0,0,0,0,0,0,0,0,1,0,0,0.0,0.0,1.0,0.0,0.0,tech_debt,refactor,[]
70604,1,0,0,0,0,0,0,0,0,1,0,0,0,0,0,0,0,0,1,0,0,0.0,0.0,1.0,0.0,0.0,tech_debt,build,['deps']
72403,1,0,0,1,0,0,0,0,0,0,0,0,0,0,0,0,0,1,0,0,0,0.0,1.0,0.0,0.0,0.0,bug_fixes,fix,['init']
84712,1,0,1,0,0,0,0,0,0,0,0,0,0,0,0,0,1,0,0,0,0,1.0,0.0,0.0,0.0,0.0,feature_work,feat,[]
94110,2,0,0,1,0,0,0,0,1,0,0,0,0,0,0,0,0,1,1,0,0,0.0,0.5,0.5,0.0,0.0,bug_fixes,fix,"['commit', 'git']"
94587,1,0,0,0,0,1,0,0,0,0,0,0,0,0,0,0,0,0,0,1,0,0.0,0.0,0.0,1.0,0.0,docs,docs,['contributing']
95407,2,0,0,1,0,0,0,0,1,0,0,0,0,0,0,0,0,1,1,0,0,0.0,0.5,0.5,0.0,0.0,bug_fixes,fix,['git.py']
97463,2,0,1,0,1,0,0,0,0,0,0,0,0,0,0,0,1,0,1,0,0,0.5,0.0,0.5,0.0,0.0,feature_work,chore,[]
98222,1,0,1,0,0,0,0,0,0,0,0,0,0,0,0,0,1,0,0,0,0,1.0,0.0,0.0,0.0,0.0,feature_work,feat,['changelog']
99357,1,0,1,0,0,0,0,0,0,0,0,0,0,0,0,0,1,0,0,0,0,1.0,0.0,0.0,0.0,0.0,feature_work,feat,['deps']
112978,1,0,0,0,0,0,0,0,0,1,0,0,0,0,0,0,0,0,1,0,0,0.0,0.0,1.0,0.0,0.0,tech_debt,build,['deps-dev']
113329,2,0,0,1,0,0,1,0,0,0,0,0,0,0,0,0,0,1,1,0,0,0.0,0.5,0.5,0.0,0.0,bug_fixes,style,"['all', 'cz/exceptions']"
114036,1,0,0,0,0,0,0,0,0,0,0,0,0,0,0,1,0,0,0,0,1,0.0,0.0,0.0,0.0,1.0,other,other,[]
114322,1,0,0,0,0,0,0,0,0,0,1,0,0,0,0,0,0,0,1,0,0,0.0,0.0,1.0,0.0,0.0,tech_debt,ci,[]
115627,1,0,0,0,1,0,0,0,0,0,0,0,0,0,0,0,0,0,1,0,0,0.0,0.0,1.0,0.0,0.0,tech_debt,chore,['deps-dev']
994,1,0,0,1,0,0,0,0,0,0,0,0,0,0,0,0,0,1,0,0,0,0.0,1.0,0.0,0.0,0.0,bug_fixes,fix,[]
1137,1,0,0,0,0,1,0,0,0,0,0,0,0,0,0,0,0,0,0,1,0,0.0,0.0,0.0,1.0,0.0,docs,docs,[]
1889,5,0,0,2,0,0,2,0,0,0,0,0,0,0,0,1,0,2,2,0,1,0.0,0.4,0.4,0.0,0.2,bug_fixes,fix,['provider']
3887,1,0,0,1,0,0,0,0,0,0,0,0,0,0,0,0,0,1,0,0,0,0.0,1.0,0.0,0.0,0.0,bug_fixes,fix,[]
4611,1,0,1,0,0,0,0,0,0,0,0,0,0,0,0,0,1,0,0,0,0,1.0,0.0,0.0,0.0,0.0,feature_work,feat,['version']
5788,1,0,0,0,0,0,0,0,1,0,0,0,0,0,0,0,0,0,1,0,0,0.0,0.0,1.0,0.0,0.0,tech_debt,test,[]
6210,1,0,0,0,0,1,0,0,0,0,0,0,0,0,0,0,0,0,0,1,0,0.0,0.0,0.0,1.0,0.0,docs,docs,['readme']
6823,1,0,0,0,0,1,0,0,0,0,0,0,0,0,0,0,0,0,0,1,0,0.0,0.0,0.0,1.0,0.0,docs,docs,[]
7828,1,0,0,0,0,0,1,0,0,0,0,0,0,0,0,0,0,0,1,0,0,0.0,0.0,1.0,0.0,0.0,tech_debt,style,['ruff']
11213,1,0,0,0,0,1,0,0,0,0,0,0,0,0,0,0,0,0,0,1,0,0.0,0.0,0.0,1.0,0.0,docs,docs,['bump']
12883,1,0,0,0,0,1,0,0,0,0,0,0,0,0,0,0,0,0,0,1,0,0.0,0.0,0.0,1.0,0.0,docs,docs,['check']
13581,1,0,0,0,0,1,0,0,0,0,0,0,0,0,0,0,0,0,0,1,0,0.0,0.0,0.0,1.0,0.0,docs,docs,['contributing']
17265,1,0,0,0,0,0,0,1,0,0,0,0,0,0,0,0,0,0,1,0,0,0.0,0.0,1.0,0.0,0.0,tech_debt,refactor,['utils']
20105,1,0,0,1,0,0,0,0,0,0,0,0,0,0,0,0,0,1,0,0,0,0.0,1.0,0.0,0.0,0.0,bug_fixes,fix,['dependency']
22530,1,0,0,0,0,1,0,0,0,0,0,0,0,0,0,0,0,0,0,1,0,0.0,0.0,0.0,1.0,0.0,docs,docs,['config.md']
24440,1,0,0,0,0,0,0,1,0,0,0,0,0,0,0,0,0,0,1,0,0,0.0,0.0,1.0,0.0,0.0,tech_debt,refactor,['init']
26723,1,0,0,0,0,0,0,0,0,0,1,0,0,0,0,0,0,0,1,0,0,0.0,0.0,1.0,0.0,0.0,tech_debt,ci,['mypy']
27711,1,0,0,1,0,0,0,0,0,0,0,0,0,0,0,0,0,1,0,0,0,0.0,1.0,0.0,0.0,0.0,bug_fixes,fix,['deprecated']
28180,1,0,0,0,0,0,0,1,0,0,0,0,0,0,0,0,0,0,1,0,0,0.0,0.0,1.0,0.0,0.0,tech_debt,refactor,['questions']
33173,2,0,0,0,0,0,0,1,0,1,0,0,0,0,0,0,0,0,2,0,0,0.0,0.0,1.0,0.0,0.0,tech_debt,build,"['poetry', 'baseconfig']"
37734,2,0,1,1,0,0,0,0,0,0,0,0,0,0,0,0,1,1,0,0,0,0.5,0.5,0.0,0.0,0.0,feature_work,feat,"['init', 'commands/init']"
40720,1,0,0,0,0,0,0,0,0,1,0,0,0,0,0,0,0,0,1,0,0,0.0,0.0,1.0,0.0,0.0,tech_debt,build,['deps-dev']
41179,1,0,0,0,0,0,0,0,0,1,0,0,0,0,0,0,0,0,1,0,0,0.0,0.0,1.0,0.0,0.0,tech_debt,build,['deps-dev']
41587,1,0,0,0,0,0,0,0,0,1,0,0,0,0,0,0,0,0,1,0,0,0.0,0.0,1.0,0.0,0.0,tech_debt,build,['deps-dev']
42096,2,0,1,0,0,0,0,1,0,0,0,0,0,0,0,0,1,0,1,0,0,0.5,0.0,0.5,0.0,0.0,feature_work,feat,"['tags', 'get_tag_regexes']"
42391,1,0,0,0,0,0,0,0,0,1,0,0,0,0,0,0,0,0,1,0,0,0.0,0.0,1.0,0.0,0.0,tech_debt,build,['deps-dev']
42990,1,0,0,0,0,0,0,0,0,1,0,0,0,0,0,0,0,0,1,0,0,0.0,0.0,1.0,0.0,0.0,tech_debt,build,['deps-dev']
45264,1,0,0,0,0,0,0,0,0,1,0,0,0,0,0,0,0,0,1,0,0,0.0,0.0,1.0,0.0,0.0,tech_debt,build,['deps-dev']
45894,1,0,0,0,0,0,0,0,0,1,0,0,0,0,0,0,0,0,1,0,0,0.0,0.0,1.0,0.0,0.0,tech_debt,build,['deps']
46823,1,0,0,0,0,0,0,0,0,1,0,0,0,0,0,0,0,0,1,0,0,0.0,0.0,1.0,0.0,0.0,tech_debt,build,['deps-dev']
47962,1,0,0,0,0,0,0,0,0,1,0,0,0,0,0,0,0,0,1,0,0,0.0,0.0,1.0,0.0,0.0,tech_debt,build,['deps-dev']
48254,1,0,0,0,0,0,0,0,0,1,0,0,0,0,0,0,0,0,1,0,0,0.0,0.0,1.0,0.0,0.0,tech_debt,build,['deps-dev']
49062,1,0,0,0,0,0,0,0,0,1,0,0,0,0,0,0,0,0,1,0,0,0.0,0.0,1.0,0.0,0.0,tech_debt,build,['deps-dev']
50168,1,0,0,0,0,0,0,0,0,1,0,0,0,0,0,0,0,0,1,0,0,0.0,0.0,1.0,0.0,0.0,tech_debt,build,['deps']
50597,1,0,0,0,0,0,0,0,0,1,0,0,0,0,0,0,0,0,1,0,0,0.0,0.0,1.0,0.0,0.0,tech_debt,build,['deps-dev']
50764,1,0,0,0,0,0,0,0,0,1,0,0,0,0,0,0,0,0,1,0,0,0.0,0.0,1.0,0.0,0.0,tech_debt,build,['deps-dev']
53190,1,0,0,0,0,0,0,1,0,0,0,0,0,0,0,0,0,0,1,0,0,0.0,0.0,1.0,0.0,0.0,tech_debt,refactor,[]
53986,1,0,0,0,0,0,0,0,0,1,0,0,0,0,0,0,0,0,1,0,0,0.0,0.0,1.0,0.0,0.0,tech_debt,build,['deps-dev']
54037,1,0,0,0,0,0,0,0,0,1,0,0,0,0,0,0,0,0,1,0,0,0.0,0.0,1.0,0.0,0.0,tech_debt,build,['deps-dev']
2025,1,0,0,1,0,0,0,0,0,0,0,0,0,0,0,0,0,1,0,0,0,0.0,1.0,0.0,0.0,0.0,bug_fixes,fix,['provider']
10291,1,0,0,0,0,0,0,0,1,0,0,0,0,0,0,0,0,0,1,0,0,0.0,0.0,1.0,0.0,0.0,tech_debt,test,['commands']
14941,1,0,0,0,0,1,0,0,0,0,0,0,0,0,0,0,0,0,0,1,0,0.0,0.0,0.0,1.0,0.0,docs,docs,['exception']
18505,1,0,0,0,0,0,0,1,0,0,0,0,0,0,0,0,0,0,1,0,0,0.0,0.0,1.0,0.0,0.0,tech_debt,refactor,[]
18768,1,0,0,0,0,0,1,0,0,0,0,0,0,0,0,0,0,0,1,0,0,0.0,0.0,1.0,0.0,0.0,tech_debt,style,['uvprovider']
22243,1,0,1,0,0,0,0,0,0,0,0,0,0,0,0,0,1,0,0,0,0,1.0,0.0,0.0,0.0,0.0,feature_work,feat,['providers']
22469,1,0,0,0,0,1,0,0,0,0,0,0,0,0,0,0,0,0,0,1,0,0.0,0.0,0.0,1.0,0.0,docs,docs,['third-party-commitizen.md']
22719,1,0,0,0,0,0,0,0,0,0,1,0,0,0,0,0,0,0,1,0,0,0.0,0.0,1.0,0.0,0.0,tech_debt,ci,['deps']
24758,1,0,0,0,0,1,0,0,0,0,0,0,0,0,0,0,0,0,0,1,0,0.0,0.0,0.0,1.0,0.0,docs,docs,['changelog']
26797,1,0,0,0,0,0,0,1,0,0,0,0,0,0,0,0,0,0,1,0,0,0.0,0.0,1.0,0.0,0.0,tech_debt,refactor,['bump']
28122,1,0,0,0,0,1,0,0,0,0,0,0,0,0,0,0,0,0,0,1,0,0.0,0.0,0.0,1.0,0.0,docs,docs,['contributing']
32685,1,0,0,0,0,1,0,0,0,0,0,0,0,0,0,0,0,0,0,1,0,0.0,0.0,0.0,1.0,0.0,docs,docs,['faq']
35013,1,0,0,1,0,0,0,0,0,0,0,0,0,0,0,0,0,1,0,0,0,0.0,1.0,0.0,0.0,0.0,bug_fixes,fix,['bump']
42614,1,0,0,0,0,0,0,0,0,1,0,0,0,0,0,0,0,0,1,0,0,0.0,0.0,1.0,0.0,0.0,tech_debt,build,['deps-dev']
47043,1,0,0,0,0,0,0,0,0,1,0,0,0,0,0,0,0,0,1,0,0,0.0,0.0,1.0,0.0,0.0,tech_debt,build,['deps']
49011,1,0,0,0,0,0,0,0,0,1,0,0,0,0,0,0,0,0,1,0,0,0.0,0.0,1.0,0.0,0.0,tech_debt,build,['deps-dev']
51444,1,0,0,0,0,0,0,0,0,0,0,0,0,0,0,1,0,0,0,0,1,0.0,0.0,0.0,0.0,1.0,other,other,[]
53605,1,0,0,0,0,0,0,0,0,1,0,0,0,0,0,0,0,0,1,0,0,0.0,0.0,1.0,0.0,0.0,tech_debt,build,['deps']
54326,1,0,0,0,0,0,0,0,0,1,0,0,0,0,0,0,0,0,1,0,0,0.0,0.0,1.0,0.0,0.0,tech_debt,build,['deps-dev']
55266,1,0,0,0,0,0,0,0,0,1,0,0,0,0,0,0,0,0,1,0,0,0.0,0.0,1.0,0.0,0.0,tech_debt,build,['deps-dev']
55446,1,0,0,0,0,0,0,0,0,1,0,0,0,0,0,0,0,0,1,0,0,0.0,0.0,1.0,0.0,0.0,tech_debt,build,['deps-dev']
56233,1,0,0,0,0,0,0,0,0,1,0,0,0,0,0,0,0,0,1,0,0,0.0,0.0,1.0,0.0,0.0,tech_debt,build,['deps-dev']
56831,1,0,0,0,0,0,0,0,1,0,0,0,0,0,0,0,0,0,1,0,0,0.0,0.0,1.0,0.0,0.0,tech_debt,test,['git']
57015,1,0,0,0,0,0,0,0,1,0,0,0,0,0,0,0,0,0,1,0,0,0.0,0.0,1.0,0.0,0.0,tech_debt,test,['add-a-test-for-handling-blank-with-path-in-git-commit']
57208,1,0,0,0,0,0,0,0,0,1,0,0,0,0,0,0,0,0,1,0,0,0.0,0.0,1.0,0.0,0.0,tech_debt,build,['deps-dev']
58616,1,0,0,0,0,0,0,0,0,1,0,0,0,0,0,0,0,0,1,0,0,0.0,0.0,1.0,0.0,0.0,tech_debt,build,['deps-dev']
59212,1,0,0,0,0,0,0,0,0,1,0,0,0,0,0,0,0,0,1,0,0,0.0,0.0,1.0,0.0,0.0,tech_debt,build,['deps-dev']
60397,1,0,0,0,0,0,0,0,0,1,0,0,0,0,0,0,0,0,1,0,0,0.0,0.0,1.0,0.0,0.0,tech_debt,build,['deps-dev']
61575,1,0,0,0,0,1,0,0,0,0,0,0,0,0,0,0,0,0,0,1,0,0.0,0.0,0.0,1.0,0.0,docs,docs,[]
61755,1,0,0,0,0,1,0,0,0,0,0,0,0,0,0,0,0,0,0,1,0,0.0,0.0,0.0,1.0,0.0,docs,docs,['github_actions.md']
63089,1,0,0,0,0,0,0,0,0,0,1,0,0,0,0,0,0,0,1,0,0,0.0,0.0,1.0,0.0,0.0,tech_debt,ci,['github-actions']
63563,1,0,0,0,0,0,0,0,0,1,0,0,0,0,0,0,0,0,1,0,0,0.0,0.0,1.0,0.0,0.0,tech_debt,build,['deps-dev']
63604,1,0,0,0,0,0,0,0,0,0,1,0,0,0,0,0,0,0,1,0,0,0.0,0.0,1.0,0.0,0.0,tech_debt,ci,['github-actions']
63667,1,0,0,0,0,0,0,0,0,0,1,0,0,0,0,0,0,0,1,0,0,0.0,0.0,1.0,0.0,0.0,tech_debt,ci,['github-actions']
64540,1,0,0,0,0,0,0,0,0,1,0,0,0,0,0,0,0,0,1,0,0,0.0,0.0,1.0,0.0,0.0,tech_debt,build,['deps']
64629,3,0,0,0,0,0,0,0,0,0,3,0,0,0,0,0,0,0,3,0,0,0.0,0.0,1.0,0.0,0.0,tech_debt,ci,['github-actions']
65951,1,0,0,0,0,0,0,0,0,1,0,0,0,0,0,0,0,0,1,0,0,0.0,0.0,1.0,0.0,0.0,tech_debt,build,['deps']
66559,1,0,0,0,0,0,0,0,0,1,0,0,0,0,0,0,0,0,1,0,0,0.0,0.0,1.0,0.0,0.0,tech_debt,build,['deps-dev']
67130,1,0,0,1,0,0,0,0,0,0,0,0,0,0,0,0,0,1,0,0,0,0.0,1.0,0.0,0.0,0.0,bug_fixes,fix,[]
67170,1,0,0,0,0,0,0,0,0,1,0,0,0,0,0,0,0,0,1,0,0,0.0,0.0,1.0,0.0,0.0,tech_debt,build,['deps-dev']
68971,1,0,0,0,0,0,0,0,0,1,0,0,0,0,0,0,0,0,1,0,0,0.0,0.0,1.0,0.0,0.0,tech_debt,build,['deps-dev']
70208,1,0,0,0,0,0,0,0,0,1,0,0,0,0,0,0,0,0,1,0,0,0.0,0.0,1.0,0.0,0.0,tech_debt,build,['deps-dev']
71210,1,0,0,0,0,0,0,0,0,1,0,0,0,0,0,0,0,0,1,0,0,0.0,0.0,1.0,0.0,0.0,tech_debt,build,['deps']
71489,1,0,0,0,0,0,0,0,0,1,0,0,0,0,0,0,0,0,1,0,0,0.0,0.0,1.0,0.0,0.0,tech_debt,build,['deps-dev']
71523,1,0,0,0,0,0,0,0,0,1,0,0,0,0,0,0,0,0,1,0,0,0.0,0.0,1.0,0.0,0.0,tech_debt,build,['deps-dev']
74696,1,0,0,0,0,0,0,0,1,0,0,0,0,0,0,0,0,0,1,0,0,0.0,0.0,1.0,0.0,0.0,tech_debt,test,[]
75148,1,0,0,0,0,0,0,0,0,0,0,0,0,0,0,1,0,0,0,0,1,0.0,0.0,0.0,0.0,1.0,other,other,[]
77297,1,0,0,1,0,0,0,0,0,0,0,0,0,0,0,0,0,1,0,0,0,0.0,1.0,0.0,0.0,0.0,bug_fixes,fix,['bump']
78989,6,0,3,1,0,0,1,0,1,0,0,0,0,0,0,0,3,1,2,0,0,0.5,0.16666666666666666,0.3333333333333333,0.0,0.0,feature_work,feat,"['template', 'filename', 'changelog.md']"
84087,1,0,0,1,0,0,0,0,0,0,0,0,0,0,0,0,0,1,0,0,0,0.0,1.0,0.0,0.0,0.0,bug_fixes,fix,['config']
95588,1,0,0,1,0,0,0,0,0,0,0,0,0,0,0,0,0,1,0,0,0,0.0,1.0,0.0,0.0,0.0,bug_fixes,fix,[]
95805,1,0,0,0,0,0,0,0,0,0,1,0,0,0,0,0,0,0,1,0,0,0.0,0.0,1.0,0.0,0.0,tech_debt,ci,['homebrewpublish']
97602,1,0,0,0,0,1,0,0,0,0,0,0,0,0,0,0,0,0,0,1,0,0.0,0.0,0.0,1.0,0.0,docs,docs,['tutorial/github_action']
98483,3,0,0,1,0,0,1,0,1,0,0,0,0,0,0,0,0,1,2,0,0,0.0,0.3333333333333333,0.6666666666666666,0.0,0.0,tech_debt,test,"['git', 'init']"
100062,1,0,0,1,0,0,0,0,0,0,0,0,0,0,0,0,0,1,0,0,0,0.0,1.0,0.0,0.0,0.0,bug_fixes,fix,[]
104648,2,0,1,0,0,1,0,0,0,0,0,0,0,0,0,0,1,0,0,1,0,0.5,0.0,0.0,0.5,0.0,feature_work,docs,[]
108500,3,0,0,0,0,3,0,0,0,0,0,0,0,0,0,0,0,0,0,3,0,0.0,0.0,0.0,1.0,0.0,docs,docs,"['readme', 'mkdocs']"
78687,1,0,0,0,0,0,0,0,1,0,0,0,0,0,0,0,0,0,1,0,0,0.0,0.0,1.0,0.0,0.0,tech_debt,test,[]
85228,1,0,0,1,0,0,0,0,0,0,0,0,0,0,0,0,0,1,0,0,0,0.0,1.0,0.0,0.0,0.0,bug_fixes,fix,['bump']
90238,1,0,0,0,0,0,0,0,0,0,0,0,0,0,0,1,0,0,0,0,1,0.0,0.0,0.0,0.0,1.0,other,other,[]
91484,2,0,0,1,0,0,0,0,0,1,0,0,0,0,0,0,0,1,1,0,0,0.0,0.5,0.5,0.0,0.0,bug_fixes,fix,['poetry']
95656,1,0,0,1,0,0,0,0,0,0,0,0,0,0,0,0,0,1,0,0,0,0.0,1.0,0.0,0.0,0.0,bug_fixes,fix,[]
102563,1,0,0,0,0,0,0,0,0,0,1,0,0,0,0,0,0,0,1,0,0,0.0,0.0,1.0,0.0,0.0,tech_debt,ci,['github-action']
103081,1,0,1,0,0,0,0,0,0,0,0,0,0,0,0,0,1,0,0,0,0,1.0,0.0,0.0,0.0,0.0,feature_work,feat,['cz_check']
105541,1,0,0,0,0,1,0,0,0,0,0,0,0,0,0,0,0,0,0,1,0,0.0,0.0,0.0,1.0,0.0,docs,docs,['3rd-party']
108584,1,0,0,0,0,1,0,0,0,0,0,0,0,0,0,0,0,0,0,1,0,0.0,0.0,0.0,1.0,0.0,docs,docs,['third-party']
109723,1,0,0,0,0,1,0,0,0,0,0,0,0,0,0,0,0,0,0,1,0,0.0,0.0,0.0,1.0,0.0,docs,docs,[]
116067,1,0,0,0,1,0,0,0,0,0,0,0,0,0,0,0,0,0,1,0,0,0.0,0.0,1.0,0.0,0.0,tech_debt,chore,['deps-dev']
116722,1,0,0,0,0,0,0,1,0,0,0,0,0,0,0,0,0,0,1,0,0,0.0,0.0,1.0,0.0,0.0,tech_debt,refactor,[]
106226,2,0,0,0,0,0,0,1,1,0,0,0,0,0,0,0,0,0,2,0,0,0.0,0.0,1.0,0.0,0.0,tech_debt,refactor,['defaults']
109946,1,0,0,0,0,1,0,0,0,0,0,0,0,0,0,0,0,0,0,1,0,0.0,0.0,0.0,1.0,0.0,docs,docs,['customization']
115660,1,0,0,0,1,0,0,0,0,0,0,0,0,0,0,0,0,0,1,0,0,0.0,0.0,1.0,0.0,0.0,tech_debt,chore,['deps-dev']
116104,1,0,0,0,1,0,0,0,0,0,0,0,0,0,0,0,0,0,1,0,0,0.0,0.0,1.0,0.0,0.0,tech_debt,chore,['deps-dev']
116230,1,0,0,1,0,0,0,0,0,0,0,0,0,0,0,0,0,1,0,0,0,0.0,1.0,0.0,0.0,0.0,bug_fixes,fix,['bump']
60932,1,0,0,0,0,0,0,0,0,1,0,0,0,0,0,0,0,0,1,0,0,0.0,0.0,1.0,0.0,0.0,tech_debt,build,['deps-dev']
61036,1,0,0,0,0,0,0,0,0,0,1,0,0,0,0,0,0,0,1,0,0,0.0,0.0,1.0,0.0,0.0,tech_debt,ci,['deps']
63008,1,0,0,0,0,0,0,0,0,1,0,0,0,0,0,0,0,0,1,0,0,0.0,0.0,1.0,0.0,0.0,tech_debt,build,['deps-dev']
63484,1,0,0,0,0,0,0,0,0,1,0,0,0,0,0,0,0,0,1,0,0,0.0,0.0,1.0,0.0,0.0,tech_debt,build,['deps']
64944,1,0,0,0,0,0,0,0,0,1,0,0,0,0,0,0,0,0,1,0,0,0.0,0.0,1.0,0.0,0.0,tech_debt,build,['deps-dev']
65704,1,0,0,0,0,0,0,0,0,1,0,0,0,0,0,0,0,0,1,0,0,0.0,0.0,1.0,0.0,0.0,tech_debt,build,['deps-dev']
70289,1,0,0,0,0,0,0,0,0,1,0,0,0,0,0,0,0,0,1,0,0,0.0,0.0,1.0,0.0,0.0,tech_debt,build,['deps-dev']
71315,2,0,0,2,0,0,0,0,0,0,0,0,0,0,0,0,0,2,0,0,0,0.0,1.0,0.0,0.0,0.0,bug_fixes,fix,['bump']
73887,1,0,0,0,0,0,0,0,0,0,0,0,0,0,0,1,0,0,0,0,1,0.0,0.0,0.0,0.0,1.0,other,other,[]
77685,1,0,0,0,1,0,0,0,0,0,0,0,0,0,0,0,0,0,1,0,0,0.0,0.0,1.0,0.0,0.0,tech_debt,chore,[]
78605,1,0,1,0,0,0,0,0,0,0,0,0,0,0,0,0,1,0,0,0,0,1.0,0.0,0.0,0.0,0.0,feature_work,feat,[]
79830,1,0,0,0,0,0,0,0,1,0,0,0,0,0,0,0,0,0,1,0,0,0.0,0.0,1.0,0.0,0.0,tech_debt,test,['warnings']
85678,1,0,0,0,0,0,0,0,1,0,0,0,0,0,0,0,0,0,1,0,0,0.0,0.0,1.0,0.0,0.0,tech_debt,test,['changelog']
87056,1,0,0,0,0,0,0,1,0,0,0,0,0,0,0,0,0,0,1,0,0,0.0,0.0,1.0,0.0,0.0,tech_debt,refactor,['changelog']
90177,1,0,1,0,0,0,0,0,0,0,0,0,0,0,0,0,1,0,0,0,0,1.0,0.0,0.0,0.0,0.0,feature_work,feat,[]
95839,1,0,0,1,0,0,0,0,0,0,0,0,0,0,0,0,0,1,0,0,0,0.0,1.0,0.0,0.0,0.0,bug_fixes,fix,['changelog']
98595,1,0,0,1,0,0,0,0,0,0,0,0,0,0,0,0,0,1,0,0,0,0.0,1.0,0.0,0.0,0.0,bug_fixes,fix,[]
98654,3,0,0,1,0,0,0,0,0,0,0,0,0,0,0,2,0,1,0,0,2,0.0,0.3333333333333333,0.0,0.0,0.6666666666666666,other,other,[]
99835,3,0,0,0,0,0,1,0,0,0,2,0,0,0,0,0,0,0,3,0,0,0.0,0.0,1.0,0.0,0.0,tech_debt,ci,[]
114407,1,0,0,1,0,0,0,0,0,0,0,0,0,0,0,0,0,1,0,0,0,0.0,1.0,0.0,0.0,0.0,bug_fixes,fix,['test_cli']
729,1,0,0,0,0,0,0,0,1,0,0,0,0,0,0,0,0,0,1,0,0,0.0,0.0,1.0,0.0,0.0,tech_debt,test,[]
1077,2,0,0,0,0,2,0,0,0,0,0,0,0,0,0,0,0,0,0,2,0,0.0,0.0,0.0,1.0,0.0,docs,docs,[]
1263,1,0,0,0,0,1,0,0,0,0,0,0,0,0,0,0,0,0,0,1,0,0.0,0.0,0.0,1.0,0.0,docs,docs,[]
2275,2,0,0,1,0,0,0,0,1,0,0,0,0,0,0,0,0,1,1,0,0,0.0,0.5,0.5,0.0,0.0,bug_fixes,test,[]
4544,1,0,1,0,0,0,0,0,0,0,0,0,0,0,0,0,1,0,0,0,0,1.0,0.0,0.0,0.0,0.0,feature_work,feat,['docker']
5110,1,0,0,0,0,0,0,0,1,0,0,0,0,0,0,0,0,0,1,0,0,0.0,0.0,1.0,0.0,0.0,tech_debt,test,['conftest']
5162,1,0,0,0,0,0,0,0,1,0,0,0,0,0,0,0,0,0,1,0,0,0.0,0.0,1.0,0.0,0.0,tech_debt,test,[]
5640,1,0,1,0,0,0,0,0,0,0,0,0,0,0,0,0,1,0,0,0,0,1.0,0.0,0.0,0.0,0.0,feature_work,feat,['bump']
7097,1,0,0,0,0,1,0,0,0,0,0,0,0,0,0,0,0,0,0,1,0,0.0,0.0,0.0,1.0,0.0,docs,docs,['contributing']
7881,1,0,0,0,0,0,0,0,1,0,0,0,0,0,0,0,0,0,1,0,0,0.0,0.0,1.0,0.0,0.0,tech_debt,test,['utils']
9708,1,0,0,0,0,0,0,0,0,0,1,0,0,0,0,0,0,0,1,0,0,0.0,0.0,1.0,0.0,0.0,tech_debt,ci,[]
10165,1,1,1,0,0,0,0,0,0,0,0,0,0,0,0,0,1,0,0,0,0,1.0,0.0,0.0,0.0,0.0,feature_work,feat,['python']
11271,1,0,0,0,0,1,0,0,0,0,0,0,0,0,0,0,0,0,0,1,0,0.0,0.0,0.0,1.0,0.0,docs,docs,['writing_commits']
13719,1,0,0,0,0,0,0,0,0,0,0,1,0,0,0,0,0,0,1,0,0,0.0,0.0,1.0,0.0,0.0,tech_debt,perf,[]
14848,1,0,0,0,0,1,0,0,0,0,0,0,0,0,0,0,0,0,0,1,0,0.0,0.0,0.0,1.0,0.0,docs,docs,['exit-codes']
15173,1,0,0,0,0,1,0,0,0,0,0,0,0,0,0,0,0,0,0,1,0,0.0,0.0,0.0,1.0,0.0,docs,docs,['config']
15464,1,0,0,0,0,0,0,0,1,0,0,0,0,0,0,0,0,0,1,0,0,0.0,0.0,1.0,0.0,0.0,tech_debt,test,[]
22179,2,0,0,0,0,2,0,0,0,0,0,0,0,0,0,0,0,0,0,2,0,0.0,0.0,0.0,1.0,0.0,docs,docs,['readme']
27772,2,0,0,2,0,0,0,0,0,0,0,0,0,0,0,0,0,2,0,0,0,0.0,1.0,0.0,0.0,0.0,bug_fixes,fix,"['commit', 'cli']"
32950,1,0,0,0,0,0,0,1,0,0,0,0,0,0,0,0,0,0,1,0,0,0.0,0.0,1.0,0.0,0.0,tech_debt,refactor,['cli']
33658,1,0,0,0,0,1,0,0,0,0,0,0,0,0,0,0,0,0,0,1,0,0.0,0.0,0.0,1.0,0.0,docs,docs,['issue_template']
34901,1,0,0,0,0,0,0,1,0,0,0,0,0,0,0,0,0,0,1,0,0,0.0,0.0,1.0,0.0,0.0,tech_debt,refactor,['default']
36887,1,0,0,1,0,0,0,0,0,0,0,0,0,0,0,0,0,1,0,0,0,0.0,1.0,0.0,0.0,0.0,bug_fixes,fix,['commit']
40046,1,0,0,0,0,0,0,0,0,1,0,0,0,0,0,0,0,0,1,0,0,0.0,0.0,1.0,0.0,0.0,tech_debt,build,['deps-dev']
41689,1,0,0,0,0,0,0,0,0,1,0,0,0,0,0,0,0,0,1,0,0,0.0,0.0,1.0,0.0,0.0,tech_debt,build,['deps-dev']
44826,1,0,0,0,0,0,0,0,0,1,0,0,0,0,0,0,0,0,1,0,0,0.0,0.0,1.0,0.0,0.0,tech_debt,build,['deps']
45030,1,0,0,0,0,0,0,0,0,1,0,0,0,0,0,0,0,0,1,0,0,0.0,0.0,1.0,0.0,0.0,tech_debt,build,['deps-dev']
47860,1,0,0,0,0,0,0,0,0,1,0,0,0,0,0,0,0,0,1,0,0,0.0,0.0,1.0,0.0,0.0,tech_debt,build,['deps']
48941,1,0,1,0,0,0,0,0,0,0,0,0,0,0,0,0,1,0,0,0,0,1.0,0.0,0.0,0.0,0.0,feature_work,feat,[]
49903,1,0,0,0,0,0,0,0,0,1,0,0,0,0,0,0,0,0,1,0,0,0.0,0.0,1.0,0.0,0.0,tech_debt,build,['deps-dev']
50815,1,0,0,0,0,0,0,0,0,1,0,0,0,0,0,0,0,0,1,0,0,0.0,0.0,1.0,0.0,0.0,tech_debt,build,['deps']
53458,1,0,0,0,0,0,0,0,0,1,0,0,0,0,0,0,0,0,1,0,0,0.0,0.0,1.0,0.0,0.0,tech_debt,build,['deps-dev']
57416,1,0,0,0,0,0,0,0,0,1,0,0,0,0,0,0,0,0,1,0,0,0.0,0.0,1.0,0.0,0.0,tech_debt,build,['deps']
57574,1,0,0,0,0,0,0,0,0,1,0,0,0,0,0,0,0,0,1,0,0,0.0,0.0,1.0,0.0,0.0,tech_debt,build,['deps-dev']
58345,1,0,0,0,0,0,0,0,0,1,0,0,0,0,0,0,0,0,1,0,0,0.0,0.0,1.0,0.0,0.0,tech_debt,build,['deps-dev']
94084,1,0,0,0,0,0,0,0,0,0,0,0,0,0,0,1,0,0,0,0,1,0.0,0.0,0.0,0.0,1.0,other,other,[]
99918,1,0,0,0,0,0,0,0,0,0,1,0,0,0,0,0,0,0,1,0,0,0.0,0.0,1.0,0.0,0.0,tech_debt,ci,[]
100019,1,0,0,0,0,1,0,0,0,0,0,0,0,0,0,0,0,0,0,1,0,0.0,0.0,0.0,1.0,0.0,docs,docs,['readme.md']
102288,1,0,0,1,0,0,0,0,0,0,0,0,0,0,0,0,0,1,0,0,0,0.0,1.0,0.0,0.0,0.0,bug_fixes,fix,[]
104690,1,0,0,0,0,0,0,0,0,0,0,0,0,0,0,1,0,0,0,0,1,0.0,0.0,0.0,0.0,1.0,other,other,[]
109749,1,0,0,0,0,1,0,0,0,0,0,0,0,0,0,0,0,0,0,1,0,0.0,0.0,0.0,1.0,0.0,docs,docs,['faq']
109976,1,0,0,0,0,0,0,0,0,0,1,0,0,0,0,0,0,0,1,0,0,0.0,0.0,1.0,0.0,0.0,tech_debt,ci,['travis']
110799,2,0,0,1,0,1,0,0,0,0,0,0,0,0,0,0,0,1,0,1,0,0.0,0.5,0.0,0.5,0.0,bug_fixes,fix,"['pre-commit', 'check']"
114149,1,0,1,0,0,0,0,0,0,0,0,0,0,0,0,0,1,0,0,0,0,1.0,0.0,0.0,0.0,0.0,feature_work,feat,['commands/commit']
114220,1,0,0,0,0,0,0,0,0,0,1,0,0,0,0,0,0,0,1,0,0,0.0,0.0,1.0,0.0,0.0,tech_debt,ci,[]
115375,2,0,0,0,0,0,1,0,0,0,1,0,0,0,0,0,0,0,2,0,0,0.0,0.0,1.0,0.0,0.0,tech_debt,style,['travis']
138,1,0,0,0,0,0,0,0,0,0,1,0,0,0,0,0,0,0,1,0,0,0.0,0.0,1.0,0.0,0.0,tech_debt,ci,['docspublish']
2172,1,0,0,0,0,0,0,0,1,0,0,0,0,0,0,0,0,0,1,0,0,0.0,0.0,1.0,0.0,0.0,tech_debt,test,[]
2483,1,0,0,0,0,0,0,0,1,0,0,0,0,0,0,0,0,0,1,0,0,0.0,0.0,1.0,0.0,0.0,tech_debt,test,[]
2817,1,0,0,0,0,0,0,0,0,0,1,0,0,0,0,0,0,0,1,0,0,0.0,0.0,1.0,0.0,0.0,tech_debt,ci,['gen_cli_help_screenshots']
3197,1,0,0,0,0,0,0,1,0,0,0,0,0,0,0,0,0,0,1,0,0,0.0,0.0,1.0,0.0,0.0,tech_debt,refactor,[]
3481,1,0,0,0,0,0,0,0,1,0,0,0,0,0,0,0,0,0,1,0,0,0.0,0.0,1.0,0.0,0.0,tech_debt,test,[]
3798,1,0,0,0,0,0,0,0,1,0,0,0,0,0,0,0,0,0,1,0,0,0.0,0.0,1.0,0.0,0.0,tech_debt,test,['init']
4135,1,0,0,1,0,0,0,0,0,0,0,0,0,0,0,0,0,1,0,0,0,0.0,1.0,0.0,0.0,0.0,bug_fixes,fix,[]
5025,1,0,0,1,0,0,0,0,0,0,0,0,0,0,0,0,0,1,0,0,0,0.0,1.0,0.0,0.0,0.0,bug_fixes,fix,['message_length_limit']
6608,1,0,0,1,0,0,0,0,0,0,0,0,0,0,0,0,0,1,0,0,0,0.0,1.0,0.0,0.0,0.0,bug_fixes,fix,['config']
8585,1,0,0,1,0,0,0,0,0,0,0,0,0,0,0,0,0,1,0,0,0,0.0,1.0,0.0,0.0,0.0,bug_fixes,fix,['providers']
10729,1,0,0,0,0,0,0,0,0,1,0,0,0,0,0,0,0,0,1,0,0,0.0,0.0,1.0,0.0,0.0,tech_debt,build,[]
11332,1,0,0,0,0,1,0,0,0,0,0,0,0,0,0,0,0,0,0,1,0,0.0,0.0,0.0,1.0,0.0,docs,docs,['auto_check.md']
15829,1,0,0,0,0,0,0,0,0,0,1,0,0,0,0,0,0,0,1,0,0,0.0,0.0,1.0,0.0,0.0,tech_debt,ci,['github-actions']
16054,1,0,0,0,0,0,0,1,0,0,0,0,0,0,0,0,0,0,1,0,0,0.0,0.0,1.0,0.0,0.0,tech_debt,refactor,['bump']
18204,1,0,0,0,0,0,0,1,0,0,0,0,0,0,0,0,0,0,1,0,0,0.0,0.0,1.0,0.0,0.0,tech_debt,refactor,['bump']
18931,1,0,0,0,0,0,0,1,0,0,0,0,0,0,0,0,0,0,1,0,0,0.0,0.0,1.0,0.0,0.0,tech_debt,refactor,['basecommitizen']
20619,1,0,1,0,0,0,0,0,0,0,0,0,0,0,0,0,1,0,0,0,0,1.0,0.0,0.0,0.0,0.0,feature_work,feat,[]
21628,2,0,1,0,0,1,0,0,0,0,0,0,0,0,0,0,1,0,0,1,0,0.5,0.0,0.0,0.5,0.0,feature_work,docs,['config']
10446,1,0,0,0,0,1,0,0,0,0,0,0,0,0,0,0,0,0,0,1,0,0.0,0.0,0.0,1.0,0.0,docs,docs,[]
13796,1,0,0,0,0,1,0,0,0,0,0,0,0,0,0,0,0,0,0,1,0,0.0,0.0,0.0,1.0,0.0,docs,docs,['pyproject']
15777,1,0,0,0,0,1,0,0,0,0,0,0,0,0,0,0,0,0,0,1,0,0.0,0.0,0.0,1.0,0.0,docs,docs,['bump']
23528,1,0,0,0,0,0,0,1,0,0,0,0,0,0,0,0,0,0,1,0,0,0.0,0.0,1.0,0.0,0.0,tech_debt,refactor,['changelog']
23589,1,0,0,0,0,0,0,1,0,0,0,0,0,0,0,0,0,0,1,0,0,0.0,0.0,1.0,0.0,0.0,tech_debt,refactor,['changelog']
24356,1,0,0,1,0,0,0,0,0,0,0,0,0,0,0,0,0,1,0,0,0,0.0,1.0,0.0,0.0,0.0,bug_fixes,fix,['init']
27127,1,0,0,0,0,0,0,0,0,0,0,1,0,0,0,0,0,0,1,0,0,0.0,0.0,1.0,0.0,0.0,tech_debt,perf,['bump']
32582,1,0,0,0,0,1,0,0,0,0,0,0,0,0,0,0,0,0,0,1,0,0.0,0.0,0.0,1.0,0.0,docs,docs,['bump']
36451,2,0,0,0,0,2,0,0,0,0,0,0,0,0,0,0,0,0,0,2,0,0.0,0.0,0.0,1.0,0.0,docs,docs,['bug_report.yml']
36610,1,0,0,0,0,0,0,0,0,0,0,0,0,0,0,1,0,0,0,0,1,0.0,0.0,0.0,0.0,1.0,other,other,[]
39709,1,0,0,0,0,0,0,0,0,1,0,0,0,0,0,0,0,0,1,0,0,0.0,0.0,1.0,0.0,0.0,tech_debt,build,['deps-dev']
40199,1,0,0,0,0,0,0,0,0,1,0,0,0,0,0,0,0,0,1,0,0,0.0,0.0,1.0,0.0,0.0,tech_debt,build,['deps-dev']
40669,1,0,0,0,0,0,0,0,0,1,0,0,0,0,0,0,0,0,1,0,0,0.0,0.0,1.0,0.0,0.0,tech_debt,build,['deps']
42512,1,0,0,0,0,0,0,0,0,1,0,0,0,0,0,0,0,0,1,0,0,0.0,0.0,1.0,0.0,0.0,tech_debt,build,['deps-dev']
44053,1,0,0,0,0,0,0,0,0,1,0,0,0,0,0,0,0,0,1,0,0,0.0,0.0,1.0,0.0,0.0,tech_debt,build,['deps-dev']
44284,1,0,0,0,0,0,0,0,0,1,0,0,0,0,0,0,0,0,1,0,0,0.0,0.0,1.0,0.0,0.0,tech_debt,build,['deps-dev']
45132,1,0,0,0,0,0,0,0,0,1,0,0,0,0,0,0,0,0,1,0,0,0.0,0.0,1.0,0.0,0.0,tech_debt,build,['deps-dev']
46179,1,0,0,0,0,0,0,0,0,1,0,0,0,0,0,0,0,0,1,0,0,0.0,0.0,1.0,0.0,0.0,tech_debt,build,['deps-dev']
46230,1,0,0,0,0,0,0,0,0,1,0,0,0,0,0,0,0,0,1,0,0,0.0,0.0,1.0,0.0,0.0,tech_debt,build,['deps-dev']
46679,1,0,1,0,0,0,0,0,0,0,0,0,0,0,0,0,1,0,0,0,0,1.0,0.0,0.0,0.0,0.0,feature_work,feat,['commit']
48013,1,0,0,0,0,0,0,0,0,1,0,0,0,0,0,0,0,0,1,0,0,0.0,0.0,1.0,0.0,0.0,tech_debt,build,['deps-dev']
48737,1,0,0,0,0,0,0,0,0,1,0,0,0,0,0,0,0,0,1,0,0,0.0,0.0,1.0,0.0,0.0,tech_debt,build,['deps-dev']
55198,1,0,1,0,0,0,0,0,0,0,0,0,0,0,0,0,1,0,0,0,0,1.0,0.0,0.0,0.0,0.0,feature_work,feat,['bump']
56337,1,0,0,0,0,1,0,0,0,0,0,0,0,0,0,0,0,0,0,1,0,0.0,0.0,0.0,1.0,0.0,docs,docs,['changelog']
58400,1,0,0,0,0,0,0,0,0,1,0,0,0,0,0,0,0,0,1,0,0,0.0,0.0,1.0,0.0,0.0,tech_debt,build,['deps-dev']
59063,1,0,0,0,0,0,0,0,0,1,0,0,0,0,0,0,0,0,1,0,0,0.0,0.0,1.0,0.0,0.0,tech_debt,build,['deps']
61088,1,0,0,0,1,0,0,0,0,0,0,0,0,0,0,0,0,0,1,0,0,0.0,0.0,1.0,0.0,0.0,tech_debt,chore,[]
63262,1,0,0,0,0,0,0,0,0,1,0,0,0,0,0,0,0,0,1,0,0,0.0,0.0,1.0,0.0,0.0,tech_debt,build,['deps']
63340,1,0,0,0,0,0,0,0,0,0,1,0,0,0,0,0,0,0,1,0,0,0.0,0.0,1.0,0.0,0.0,tech_debt,ci,['deps']
64338,1,0,0,0,0,0,0,0,0,0,1,0,0,0,0,0,0,0,1,0,0,0.0,0.0,1.0,0.0,0.0,tech_debt,ci,['deps']
64710,1,0,0,0,0,0,0,0,0,1,0,0,0,0,0,0,0,0,1,0,0,0.0,0.0,1.0,0.0,0.0,tech_debt,build,['deps']
64898,1,0,0,0,0,0,0,0,0,1,0,0,0,0,0,0,0,0,1,0,0,0.0,0.0,1.0,0.0,0.0,tech_debt,build,['deps-dev']
65663,1,0,0,0,0,0,0,0,0,1,0,0,0,0,0,0,0,0,1,0,0,0.0,0.0,1.0,0.0,0.0,tech_debt,build,['deps-dev']
66070,1,0,0,0,0,0,0,0,0,1,0,0,0,0,0,0,0,0,1,0,0,0.0,0.0,1.0,0.0,0.0,tech_debt,build,['deps']
66152,1,0,0,0,0,0,0,0,0,1,0,0,0,0,0,0,0,0,1,0,0,0.0,0.0,1.0,0.0,0.0,tech_debt,build,['deps-dev']
67249,1,0,0,0,0,0,0,0,0,1,0,0,0,0,0,0,0,0,1,0,0,0.0,0.0,1.0,0.0,0.0,tech_debt,build,['deps-dev']
67493,1,0,0,0,0,0,0,0,0,1,0,0,0,0,0,0,0,0,1,0,0,0.0,0.0,1.0,0.0,0.0,tech_debt,build,['deps-dev']
68322,1,0,0,0,0,0,0,0,0,1,0,0,0,0,0,0,0,0,1,0,0,0.0,0.0,1.0,0.0,0.0,tech_debt,build,['deps-dev']
69310,1,0,0,0,0,0,0,0,0,1,0,0,0,0,0,0,0,0,1,0,0,0.0,0.0,1.0,0.0,0.0,tech_debt,build,['deps-dev']
70419,1,0,0,0,0,0,0,0,0,1,0,0,0,0,0,0,0,0,1,0,0,0.0,0.0,1.0,0.0,0.0,tech_debt,build,['deps-dev']
72251,1,0,0,0,0,0,0,0,0,0,0,0,0,0,0,1,0,0,0,0,1,0.0,0.0,0.0,0.0,1.0,other,other,[]
72285,1,0,0,0,0,0,0,0,0,0,0,0,0,0,0,1,0,0,0,0,1,0.0,0.0,0.0,0.0,1.0,other,other,[]
72810,2,0,1,0,0,0,1,0,0,0,0,0,0,0,0,0,1,0,1,0,0,0.5,0.0,0.5,0.0,0.0,feature_work,feat,"['version-schemes', 'mypy']"
74953,1,0,0,0,0,0,0,0,0,0,0,0,0,0,0,1,0,0,0,0,1,0.0,0.0,0.0,0.0,1.0,other,other,[]
77205,1,0,0,1,0,0,0,0,0,0,0,0,0,0,0,0,0,1,0,0,0,0.0,1.0,0.0,0.0,0.0,bug_fixes,fix,['commands/changelog']
99533,1,0,0,1,0,0,0,0,0,0,0,0,0,0,0,0,0,1,0,0,0,0.0,1.0,0.0,0.0,0.0,bug_fixes,fix,['commit']
2122,1,0,0,0,0,0,0,0,0,0,0,0,0,0,0,1,0,0,0,0,1,0.0,0.0,0.0,0.0,1.0,other,other,[]
5734,1,0,0,0,0,0,0,0,0,1,0,0,0,0,0,0,0,0,1,0,0,0.0,0.0,1.0,0.0,0.0,tech_debt,build,[]
8145,1,0,0,0,0,0,0,0,0,0,1,0,0,0,0,0,0,0,1,0,0,0.0,0.0,1.0,0.0,0.0,tech_debt,ci,['bump']
8510,1,0,0,0,0,1,0,0,0,0,0,0,0,0,0,0,0,0,0,1,0,0.0,0.0,0.0,1.0,0.0,docs,docs,[]
14545,1,0,0,0,0,0,0,0,0,0,1,0,0,0,0,0,0,0,1,0,0,0.0,0.0,1.0,0.0,0.0,tech_debt,ci,['deps']
18621,1,0,0,0,0,1,0,0,0,0,0,0,0,0,0,0,0,0,0,1,0,0.0,0.0,0.0,1.0,0.0,docs,docs,['check']
20815,1,0,0,0,0,0,0,0,0,0,1,0,0,0,0,0,0,0,1,0,0,0.0,0.0,1.0,0.0,0.0,tech_debt,ci,['deps']
24639,1,0,0,1,0,0,0,0,0,0,0,0,0,0,0,0,0,1,0,0,0,0.0,1.0,0.0,0.0,0.0,bug_fixes,fix,['init']
32353,1,0,0,0,0,0,0,1,0,0,0,0,0,0,0,0,0,0,1,0,0,0.0,0.0,1.0,0.0,0.0,tech_debt,refactor,['check']
33529,1,0,0,0,0,1,0,0,0,0,0,0,0,0,0,0,0,0,0,1,0,0.0,0.0,0.0,1.0,0.0,docs,docs,['bug_report']
36817,1,0,0,0,0,1,0,0,0,0,0,0,0,0,0,0,0,0,0,1,0,0.0,0.0,0.0,1.0,0.0,docs,docs,[]
38071,1,0,0,0,0,0,0,0,0,1,0,0,0,0,0,0,0,0,1,0,0,0.0,0.0,1.0,0.0,0.0,tech_debt,build,['pyproject.toml']
42913,1,0,0,0,0,0,0,0,0,1,0,0,0,0,0,0,0,0,1,0,0,0.0,0.0,1.0,0.0,0.0,tech_debt,build,['pre-commit']
47617,1,0,0,0,0,0,0,0,0,1,0,0,0,0,0,0,0,0,1,0,0,0.0,0.0,1.0,0.0,0.0,tech_debt,build,['deps-dev']
48407,1,0,0,0,0,0,0,0,0,1,0,0,0,0,0,0,0,0,1,0,0,0.0,0.0,1.0,0.0,0.0,tech_debt,build,['deps']
48560,1,0,0,0,0,0,0,0,0,1,0,0,0,0,0,0,0,0,1,0,0,0.0,0.0,1.0,0.0,0.0,tech_debt,build,['deps-dev']
48788,1,0,0,0,0,0,0,0,0,1,0,0,0,0,0,0,0,0,1,0,0,0.0,0.0,1.0,0.0,0.0,tech_debt,build,['deps-dev']
49635,1,0,0,0,0,0,0,0,0,1,0,0,0,0,0,0,0,0,1,0,0,0.0,0.0,1.0,0.0,0.0,tech_debt,build,['deps']
1528,1,0,0,0,0,0,0,0,1,0,0,0,0,0,0,0,0,0,1,0,0,0.0,0.0,1.0,0.0,0.0,tech_debt,test,[]
1599,2,0,0,0,0,0,0,0,0,1,0,0,0,0,0,1,0,0,1,0,1,0.0,0.0,0.5,0.0,0.5,tech_debt,other,['scripts']
2880,1,0,0,0,0,0,0,0,1,0,0,0,0,0,0,0,0,0,1,0,0,0.0,0.0,1.0,0.0,0.0,tech_debt,test,[]
4974,1,0,0,0,0,1,0,0,0,0,0,0,0,0,0,0,0,0,0,1,0,0.0,0.0,0.0,1.0,0.0,docs,docs,[]
5485,1,0,0,0,0,0,0,0,1,0,0,0,0,0,0,0,0,0,1,0,0,0.0,0.0,1.0,0.0,0.0,tech_debt,test,['config']
6107,1,0,0,0,0,0,0,0,1,0,0,0,0,0,0,0,0,0,1,0,0,0.0,0.0,1.0,0.0,0.0,tech_debt,test,['cli']
9960,1,0,0,0,0,0,0,0,0,0,1,0,0,0,0,0,0,0,1,0,0,0.0,0.0,1.0,0.0,0.0,tech_debt,ci,['deps']
12477,1,0,0,0,0,0,0,0,0,0,1,0,0,0,0,0,0,0,1,0,0,0.0,0.0,1.0,0.0,0.0,tech_debt,ci,[]
13125,1,0,0,0,0,0,0,0,0,0,1,0,0,0,0,0,0,0,1,0,0,0.0,0.0,1.0,0.0,0.0,tech_debt,ci,['deps']
13657,1,0,0,0,0,1,0,0,0,0,0,0,0,0,0,0,0,0,0,1,0,0.0,0.0,0.0,1.0,0.0,docs,docs,['monorepo_guidance']
14599,1,0,0,0,0,0,0,0,0,0,1,0,0,0,0,0,0,0,1,0,0,0.0,0.0,1.0,0.0,0.0,tech_debt,ci,['deps']
14653,1,0,0,0,0,1,0,0,0,0,0,0,0,0,0,0,0,0,0,1,0,0.0,0.0,0.0,1.0,0.0,docs,docs,['third-party']
15689,1,0,0,0,0,1,0,0,0,0,0,0,0,0,0,0,0,0,0,1,0,0.0,0.0,0.0,1.0,0.0,docs,docs,['bump']
19075,1,0,0,0,0,0,0,1,0,0,0,0,0,0,0,0,0,0,1,0,0,0.0,0.0,1.0,0.0,0.0,tech_debt,refactor,['init']
19186,1,0,0,1,0,0,0,0,0,0,0,0,0,0,0,0,0,1,0,0,0,0.0,1.0,0.0,0.0,0.0,bug_fixes,fix,['init']
19749,1,0,0,0,0,0,0,0,1,0,0,0,0,0,0,0,0,0,1,0,0,0.0,0.0,1.0,0.0,0.0,tech_debt,test,['semver']
21165,1,0,0,0,0,0,0,0,0,1,0,0,0,0,0,0,0,0,1,0,0,0.0,0.0,1.0,0.0,0.0,tech_debt,build,['deps']
24989,1,0,1,0,0,0,0,0,0,0,0,0,0,0,0,0,1,0,0,0,0,1.0,0.0,0.0,0.0,0.0,feature_work,feat,['check']
27547,2,0,0,0,0,1,0,0,0,0,1,0,0,0,0,0,0,0,1,1,0,0.0,0.0,0.5,0.5,0.0,tech_debt,ci,['pyproject.toml']
29765,1,0,0,0,0,0,0,1,0,0,0,0,0,0,0,0,0,0,1,0,0,0.0,0.0,1.0,0.0,0.0,tech_debt,refactor,['check']
37585,1,0,0,0,0,0,0,0,0,0,0,0,0,0,0,1,0,0,0,0,1,0.0,0.0,0.0,0.0,1.0,other,other,[]
38380,1,0,0,0,0,0,0,0,0,0,1,0,0,0,0,0,0,0,1,0,0,0.0,0.0,1.0,0.0,0.0,tech_debt,ci,['pre-commit']
38436,1,0,0,1,0,0,0,0,0,0,0,0,0,0,0,0,0,1,0,0,0,0.0,1.0,0.0,0.0,0.0,bug_fixes,fix,['tags']
38627,1,0,0,1,0,0,0,0,0,0,0,0,0,0,0,0,0,1,0,0,0,0.0,1.0,0.0,0.0,0.0,bug_fixes,fix,['bump']
39836,1,0,0,0,0,0,0,0,0,1,0,0,0,0,0,0,0,0,1,0,0,0.0,0.0,1.0,0.0,0.0,tech_debt,build,['deps']
39938,1,0,0,0,0,0,0,0,0,1,0,0,0,0,0,0,0,0,1,0,0,0.0,0.0,1.0,0.0,0.0,tech_debt,build,['deps-dev']
41128,1,0,0,0,0,0,0,0,0,1,0,0,0,0,0,0,0,0,1,0,0,0.0,0.0,1.0,0.0,0.0,tech_debt,build,['deps-dev']
41536,1,0,0,0,0,0,0,0,0,1,0,0,0,0,0,0,0,0,1,0,0,0.0,0.0,1.0,0.0,0.0,tech_debt,build,['deps-dev']
42002,1,1,0,0,0,0,0,0,0,1,0,0,0,0,0,0,0,0,1,0,0,0.0,0.0,1.0,0.0,0.0,tech_debt,build,['python']
42563,1,0,0,0,0,0,0,0,0,1,0,0,0,0,0,0,0,0,1,0,0,0.0,0.0,1.0,0.0,0.0,tech_debt,build,['deps-dev']
45955,1,0,0,0,0,0,0,0,0,1,0,0,0,0,0,0,0,0,1,0,0,0.0,0.0,1.0,0.0,0.0,tech_debt,build,['deps-dev']
46077,1,0,0,0,0,0,0,0,0,1,0,0,0,0,0,0,0,0,1,0,0,0.0,0.0,1.0,0.0,0.0,tech_debt,build,['deps-dev']
46281,1,0,0,0,0,0,0,0,0,1,0,0,0,0,0,0,0,0,1,0,0,0.0,0.0,1.0,0.0,0.0,tech_debt,build,['deps-dev']
46332,1,0,0,0,0,0,0,0,0,1,0,0,0,0,0,0,0,0,1,0,0,0.0,0.0,1.0,0.0,0.0,tech_debt,build,['deps-dev']
49954,1,0,1,0,0,0,0,0,0,0,0,0,0,0,0,0,1,0,0,0,0,1.0,0.0,0.0,0.0,0.0,feature_work,feat,[]
50321,1,0,1,0,0,0,0,0,0,0,0,0,0,0,0,0,1,0,0,0,0,1.0,0.0,0.0,0.0,0.0,feature_work,feat,['scm_provider']
50420,1,0,0,0,0,0,0,0,0,1,0,0,0,0,0,0,0,0,1,0,0,0.0,0.0,1.0,0.0,0.0,tech_debt,build,['deps-dev']
51772,1,0,0,0,0,0,1,0,0,0,0,0,0,0,0,0,0,0,1,0,0,0.0,0.0,1.0,0.0,0.0,tech_debt,style,[]
52681,1,0,0,0,0,0,0,0,0,1,0,0,0,0,0,0,0,0,1,0,0,0.0,0.0,1.0,0.0,0.0,tech_debt,build,['deps-dev']
53656,1,0,0,0,0,0,0,0,0,1,0,0,0,0,0,0,0,0,1,0,0,0.0,0.0,1.0,0.0,0.0,tech_debt,build,['deps-dev']
54946,1,0,0,0,0,0,0,0,0,1,0,0,0,0,0,0,0,0,1,0,0,0.0,0.0,1.0,0.0,0.0,tech_debt,build,['deps-dev']
55772,2,0,0,0,0,0,0,0,0,0,1,0,0,0,0,1,0,0,1,0,1,0.0,0.0,0.5,0.0,0.5,tech_debt,other,['github-actions']
55894,1,0,0,0,0,0,0,0,0,1,0,0,0,0,0,0,0,0,1,0,0,0.0,0.0,1.0,0.0,0.0,tech_debt,build,['deps']
61643,1,0,0,0,0,0,0,0,0,1,0,0,0,0,0,0,0,0,1,0,0,0.0,0.0,1.0,0.0,0.0,tech_debt,build,['deps']
62585,1,0,1,0,0,0,0,0,0,0,0,0,0,0,0,0,1,0,0,0,0,1.0,0.0,0.0,0.0,0.0,feature_work,feat,['bump']
64998,1,0,0,0,0,0,0,0,0,1,0,0,0,0,0,0,0,0,1,0,0,0.0,0.0,1.0,0.0,0.0,tech_debt,build,['deps-dev']
65819,1,0,0,0,0,1,0,0,0,0,0,0,0,0,0,0,0,0,0,1,0,0.0,0.0,0.0,1.0,0.0,docs,docs,[]
66237,1,0,0,0,0,0,0,0,0,1,0,0,0,0,0,0,0,0,1,0,0,0.0,0.0,1.0,0.0,0.0,tech_debt,build,['deps']
71747,1,0,0,0,0,0,0,0,0,1,0,0,0,0,0,0,0,0,1,0,0,0.0,0.0,1.0,0.0,0.0,tech_debt,build,['deps-dev']
72461,1,0,0,0,0,0,0,0,0,0,0,0,0,0,0,1,0,0,0,0,1,0.0,0.0,0.0,0.0,1.0,other,other,[]
73464,1,0,0,0,1,0,0,0,0,0,0,0,0,0,0,0,0,0,1,0,0,0.0,0.0,1.0,0.0,0.0,tech_debt,chore,[]
76037,1,0,0,0,0,0,0,0,0,0,0,0,0,0,0,1,0,0,0,0,1,0.0,0.0,0.0,0.0,1.0,other,other,[]
78051,1,0,0,0,0,0,0,0,0,0,0,0,0,0,0,1,0,0,0,0,1,0.0,0.0,0.0,0.0,1.0,other,other,[]
84480,1,0,0,0,0,0,0,0,0,1,0,0,0,0,0,0,0,0,1,0,0,0.0,0.0,1.0,0.0,0.0,tech_debt,build,['poetry']
92361,1,0,0,0,0,0,0,0,0,0,1,0,0,0,0,0,0,0,1,0,0,0.0,0.0,1.0,0.0,0.0,tech_debt,ci,['github-actions']
96657,1,0,0,0,0,0,0,0,0,0,0,0,0,0,0,1,0,0,0,0,1,0.0,0.0,0.0,0.0,1.0,other,other,[]
97031,2,0,0,2,0,0,0,0,0,0,0,0,0,0,0,0,0,2,0,0,0,0.0,1.0,0.0,0.0,0.0,bug_fixes,fix,"['bump', 'wip']"
3008,1,0,0,0,0,0,0,1,0,0,0,0,0,0,0,0,0,0,1,0,0,0.0,0.0,1.0,0.0,0.0,tech_debt,refactor,['config']
4408,1,0,0,0,0,0,0,1,0,0,0,0,0,0,0,0,0,0,1,0,0,0.0,0.0,1.0,0.0,0.0,tech_debt,refactor,['bump']
7249,1,0,0,0,0,1,0,0,0,0,0,0,0,0,0,0,0,0,0,1,0,0.0,0.0,0.0,1.0,0.0,docs,docs,[]
8095,1,0,0,0,0,0,0,0,0,1,0,0,0,0,0,0,0,0,1,0,0,0.0,0.0,1.0,0.0,0.0,tech_debt,build,['commitizen']
10674,1,0,0,0,0,1,0,0,0,0,0,0,0,0,0,0,0,0,0,1,0,0.0,0.0,0.0,1.0,0.0,docs,docs,[]
11023,1,0,0,1,0,0,0,0,0,0,0,0,0,0,0,0,0,1,0,0,0,0.0,1.0,0.0,0.0,0.0,bug_fixes,fix,[]
12955,1,0,0,0,0,0,0,0,0,0,0,1,0,0,0,0,0,0,1,0,0,0.0,0.0,1.0,0.0,0.0,tech_debt,perf,['ruff']
13900,1,0,0,0,0,1,0,0,0,0,0,0,0,0,0,0,0,0,0,1,0,0.0,0.0,0.0,1.0,0.0,docs,docs,[]
14466,1,0,0,0,0,1,0,0,0,0,0,0,0,0,0,0,0,0,0,1,0,0.0,0.0,0.0,1.0,0.0,docs,docs,['external_links']
17950,1,0,0,0,0,0,0,1,0,0,0,0,0,0,0,0,0,0,1,0,0,0.0,0.0,1.0,0.0,0.0,tech_debt,refactor,['conventionalcommitscz']
18986,1,0,0,0,0,0,0,1,0,0,0,0,0,0,0,0,0,0,1,0,0,0.0,0.0,1.0,0.0,0.0,tech_debt,refactor,['basecommitizen']
19846,1,0,0,0,0,0,0,0,1,0,0,0,0,0,0,0,0,0,1,0,0,0.0,0.0,1.0,0.0,0.0,tech_debt,test,['changelog']
21322,1,0,0,0,0,0,0,0,0,0,1,0,0,0,0,0,0,0,1,0,0,0.0,0.0,1.0,0.0,0.0,tech_debt,ci,['deps']
22821,1,0,0,1,0,0,0,0,0,0,0,0,0,0,0,0,0,1,0,0,0,0.0,1.0,0.0,0.0,0.0,bug_fixes,fix,['bump']
27394,1,0,0,0,0,1,0,0,0,0,0,0,0,0,0,0,0,0,0,1,0,0.0,0.0,0.0,1.0,0.0,docs,docs,['feature_request']
29905,1,0,0,0,0,0,0,1,0,0,0,0,0,0,0,0,0,0,1,0,0,0.0,0.0,1.0,0.0,0.0,tech_debt,refactor,['conventional_commits']
33274,1,0,0,0,0,0,0,1,0,0,0,0,0,0,0,0,0,0,1,0,0,0.0,0.0,1.0,0.0,0.0,tech_debt,refactor,['changelog']
34287,1,0,0,0,0,0,0,1,0,0,0,0,0,0,0,0,0,0,1,0,0,0.0,0.0,1.0,0.0,0.0,tech_debt,refactor,[]
38577,1,0,0,0,0,1,0,0,0,0,0,0,0,0,0,0,0,0,0,1,0,0.0,0.0,0.0,1.0,0.0,docs,docs,['config']
40975,1,0,0,0,0,0,0,0,0,1,0,0,0,0,0,0,0,0,1,0,0,0.0,0.0,1.0,0.0,0.0,tech_debt,build,['deps-dev']
43951,1,0,0,0,0,0,0,0,0,1,0,0,0,0,0,0,0,0,1,0,0,0.0,0.0,1.0,0.0,0.0,tech_debt,build,['deps-dev']
47094,1,0,0,0,0,0,0,0,0,1,0,0,0,0,0,0,0,0,1,0,0,0.0,0.0,1.0,0.0,0.0,tech_debt,build,['deps-dev']
48356,1,0,0,0,0,0,0,0,0,1,0,0,0,0,0,0,0,0,1,0,0,0.0,0.0,1.0,0.0,0.0,tech_debt,build,['deps-dev']
49164,1,0,0,0,0,0,0,0,0,1,0,0,0,0,0,0,0,0,1,0,0,0.0,0.0,1.0,0.0,0.0,tech_debt,build,['deps-dev']
49696,1,0,0,0,0,0,0,0,0,1,0,0,0,0,0,0,0,0,1,0,0,0.0,0.0,1.0,0.0,0.0,tech_debt,build,['deps-dev']
50866,1,0,0,0,0,0,0,0,0,1,0,0,0,0,0,0,0,0,1,0,0,0.0,0.0,1.0,0.0,0.0,tech_debt,build,['deps-dev']
53884,1,0,0,0,0,0,0,0,0,1,0,0,0,0,0,0,0,0,1,0,0,0.0,0.0,1.0,0.0,0.0,tech_debt,build,['deps-dev']
54278,1,0,0,0,0,0,0,0,0,1,0,0,0,0,0,0,0,0,1,0,0,0.0,0.0,1.0,0.0,0.0,tech_debt,build,['deps-dev']
54678,1,0,0,0,0,0,0,0,0,1,0,0,0,0,0,0,0,0,1,0,0,0.0,0.0,1.0,0.0,0.0,tech_debt,build,['deps-dev']
58455,1,0,0,1,0,0,0,0,0,0,0,0,0,0,0,0,0,1,0,0,0,0.0,1.0,0.0,0.0,0.0,bug_fixes,fix,['warnings']
58561,1,0,0,0,0,0,0,0,0,1,0,0,0,0,0,0,0,0,1,0,0,0.0,0.0,1.0,0.0,0.0,tech_debt,build,['deps-dev']
59697,1,0,0,0,0,0,0,0,0,1,0,0,0,0,0,0,0,0,1,0,0,0.0,0.0,1.0,0.0,0.0,tech_debt,build,['deps-dev']
60065,1,0,0,0,0,0,0,0,0,1,0,0,0,0,0,0,0,0,1,0,0,0.0,0.0,1.0,0.0,0.0,tech_debt,build,['deps']
62801,1,0,0,0,0,0,0,0,0,1,0,0,0,0,0,0,0,0,1,0,0,0.0,0.0,1.0,0.0,0.0,tech_debt,build,['deps-dev']
63206,1,0,0,0,0,0,0,0,0,1,0,0,0,0,0,0,0,0,1,0,0,0.0,0.0,1.0,0.0,0.0,tech_debt,build,['deps-dev']
63378,1,0,0,0,0,0,0,0,0,1,0,0,0,0,0,0,0,0,1,0,0,0.0,0.0,1.0,0.0,0.0,tech_debt,build,['deps-dev']
64499,1,0,0,0,0,0,0,0,0,1,0,0,0,0,0,0,0,0,1,0,0,0.0,0.0,1.0,0.0,0.0,tech_debt,build,['deps']
64817,1,0,0,0,0,1,0,0,0,0,0,0,0,0,0,0,0,0,0,1,0,0.0,0.0,0.0,1.0,0.0,docs,docs,[]
65581,1,0,0,0,0,0,0,0,0,1,0,0,0,0,0,0,0,0,1,0,0,0.0,0.0,1.0,0.0,0.0,tech_debt,build,['deps-dev']
65910,1,0,0,0,0,0,0,0,0,1,0,0,0,0,0,0,0,0,1,0,0,0.0,0.0,1.0,0.0,0.0,tech_debt,build,['deps-dev']
66325,1,0,0,0,0,0,0,0,0,1,0,0,0,0,0,0,0,0,1,0,0,0.0,0.0,1.0,0.0,0.0,tech_debt,build,['deps-dev']
68039,1,0,0,0,0,0,0,0,0,1,0,0,0,0,0,0,0,0,1,0,0,0.0,0.0,1.0,0.0,0.0,tech_debt,build,['deps-dev']
68568,1,0,0,0,0,0,0,0,0,1,0,0,0,0,0,0,0,0,1,0,0,0.0,0.0,1.0,0.0,0.0,tech_debt,build,['deps-dev']
71071,1,0,0,0,0,0,0,0,0,1,0,0,0,0,0,0,0,0,1,0,0,0.0,0.0,1.0,0.0,0.0,tech_debt,build,['deps-dev']
71105,1,0,0,0,0,0,0,0,0,1,0,0,0,0,0,0,0,0,1,0,0,0.0,0.0,1.0,0.0,0.0,tech_debt,build,['deps-dev']
71815,1,0,0,0,0,0,0,0,0,1,0,0,0,0,0,0,0,0,1,0,0,0.0,0.0,1.0,0.0,0.0,tech_debt,build,['deps-dev']
72780,1,0,0,1,0,0,0,0,0,0,0,0,0,0,0,0,0,1,0,0,0,0.0,1.0,0.0,0.0,0.0,bug_fixes,fix,[]
74129,1,0,0,0,0,0,0,0,0,0,0,0,0,0,0,1,0,0,0,0,1,0.0,0.0,0.0,0.0,1.0,other,other,[]
75404,1,0,0,0,0,0,0,0,0,1,0,0,0,0,0,0,0,0,1,0,0,0.0,0.0,1.0,0.0,0.0,tech_debt,build,['poetry']
90660,1,0,0,0,0,1,0,0,0,0,0,0,0,0,0,0,0,0,0,1,0,0.0,0.0,0.0,1.0,0.0,docs,docs,"['config.md,customization.md']"
97814,1,0,0,1,0,0,0,0,0,0,0,0,0,0,0,0,0,1,0,0,0,0.0,1.0,0.0,0.0,0.0,bug_fixes,fix,[]
99326,1,0,0,0,0,1,0,0,0,0,0,0,0,0,0,0,0,0,0,1,0,0.0,0.0,0.0,1.0,0.0,docs,docs,[]
101712,1,0,0,0,0,1,0,0,0,0,0,0,0,0,0,0,0,0,0,1,0,0.0,0.0,0.0,1.0,0.0,docs,docs,[]
103155,1,0,0,0,0,0,0,0,0,0,1,0,0,0,0,0,0,0,1,0,0,0.0,0.0,1.0,0.0,0.0,tech_debt,ci,['github-action']
111807,1,0,0,1,0,0,0,0,0,0,0,0,0,0,0,0,0,1,0,0,0,0.0,1.0,0.0,0.0,0.0,bug_fixes,fix,['github_workflow/pythonpublish']
