commit_object_id,event_id,message_text,cm_type,cm_scope,cm_breaking,category
81835,81833,fix: Add `dirname` sanity check on `findUp`,fix,,False,bug_fixes
82436,82434,chore: explicitly update dependencies,chore,,False,tech_debt
85429,85427,chore: remove extra space added to docs,chore,,False,tech_debt
86215,86213,chore: added a bunch of tests,chore,,False,tech_debt
86829,86827,"fix: show options without descrption in help, hide options with ""hidden"" flag",fix,,False,bug_fixes
90274,90272,Move fix from yargs.js to validation.js,other,,False,other
90838,90836,docs: continuing to noodle,docs,,False,docs
93183,93181,docs: switch to conventional commits badge [ci skip],docs,,False,docs
94436,94434,"Number commands don't work #824

casting argv._ elements back to string when evaluating for commands to
allow non-string commands to be correctly found and matched",other,,False,other
95089,95087,fix: --help with default command should print top-level help,fix,,False,bug_fixes
95387,95385,fix: add test broken strict check,fix,,False,bug_fixes
95416,95414,"chore: add tests, get coverage back up to 100%",chore,,False,tech_debt
95424,95422,fix: switching invalid arguments to warn rather than throw,fix,,False,bug_fixes
97845,97843,fix: Array with camelCase option and hyphenated flag,fix,,False,bug_fixes
98196,98194,"fix: cleanup a few more tests, start working on docs",fix,,False,bug_fixes
100147,100145,fix typo in option example,other,,False,other
100163,100161,feat: split demand() into demandCommand()/demandOption(),feat,,False,feature_work
101738,101736,Use https for image URL at README.md,other,,False,other
104393,104391,add note about temporarily disabling exitProcess,other,,False,other
104930,104928,"Add ""aliases"" and ""did you mean %s?""

Add Spanish translation for ""aliases"" and ""did you mean %s?""",other,,False,other
105682,105680,docs: document command aliases and command execution,docs,,False,docs
105980,105978,fix: added concept of context object based on @scriptdaemon's review,fix,,False,bug_fixes
106006,106004,"fix: nuke the resetForNextParse function, now that we have freeze and unfreeze",fix,,False,bug_fixes
108690,108688,"test: skip tests which require the window size when run without TTY

Skip two tests that would throw an exception when the test output
is redirected to a non-TTY (e.g. `npm test | cat`).",test,,False,tech_debt
108939,108937,docs: added gitter badge,docs,,False,docs
109127,109125,feat: add coerce api,feat,,False,feature_work
111360,111358,test: remove antiquated `populates argv with placeholder keys when passed into command handler` test,test,,False,tech_debt
111469,111467,fix: ignore invalid package.json during read-pkg-up,fix,,False,bug_fixes
113053,113051,"Moved new text about context, add more details",other,,False,other
113184,113182,fix: keep both zh and zh_CN until yargs@5.x,fix,,False,bug_fixes
115349,115347,allow command module to only define command and desc,other,,False,other
115365,115363,docs: document the .commandDir() method,docs,,False,docs
115474,115472,"chore(package): update standard to version 7.0.0

https://greenkeeper.io/",chore,package,False,tech_debt
115936,115934,Use relative reference to Node@5 instead of absolute,other,,False,other
117490,117488,implemented variadic positional arguments,other,,False,other
118355,118353,I'm the worst,other,,False,other
119036,119034,fix usage command tests to use 4.x command api,other,,False,other
119226,119224,make it possible to run a non-sigleton version of yargs,other,,False,other
119491,119489,introduce concept of context for command execution,other,,False,other
120966,120964,bug fixes for commands,other,,False,other
121301,121299,do not reset wrap for commands,other,,False,other
121337,121335,check for module command before adding to usage,other,,False,other
121826,121824,update chanagelog,other,,False,other
122003,122001,update tests to work with yargs-parser@2.1.0,other,,False,other
122541,122539,update changelog. fix merge conflict,other,,False,other
122598,122596,Made help() only assign --help option if called without args,other,,False,other
124731,124729,made some edits based on @lrlna's code review,other,,False,other
125113,125111,Provide default value for version in .version(),other,,False,other
125954,125952,add comment for splitting a string for parsing,other,,False,other
128524,128522,handle edge-cases when setting alias keys,other,,False,other
128658,128656,put JavaScript before output,other,,False,other
131797,131795,Merge branch 'master' into nuke-locale-port,other,,False,other
132975,132973,upgrade y18n to 3.1.0 so splicing lang from locale is unnecessary,other,,False,other
133127,133125,"Update README.md

I added a comment about working in environments where the argv[1] is not the script name (e.g. Electron), to the `.argv` documentation.",other,,False,other
133250,133248,test for boolean config values,other,,False,other
138458,138456,refactor usage tables to use cliui,other,,False,other
138691,138689,"updating codebase to use @feross' standard, for easier contributions. see #144",other,,False,other
138743,138741,"Fix $0 when script path contains 'node' or 'iojs'

If the script path contains 'node' or 'iojs' like '/code/node/script.js'
then argv.$0 will be the empty string because the code skips over any
elements of process.argv that contain these substrings anywhere.",other,,False,other
139828,139826,validation/demand: test standard message,other,,False,other
140941,140939,bump minor version,other,,False,other
141944,141942,finished implementing my wish-list of fetures for yargs 3.0.,other,,False,other
142087,142085,Added test and readme for boolean key default,other,,False,other
142887,142885,"Merge remote-tracking branch 'upstream/master'

* upstream/master:
  fix for #71
  better handle hints about argument type
  fix for #51
  default should be obj not array, see #51
  changes/fixes to how arguments from JSON config files are handled.
  updated tests based on @mathroc's amazing testing script, fixed bug.
  additional changes to how config.json is loaded, based on discussion in #12.
  change load order of values from config file, see #12
  flags explicitly set as strings, will now default to '' if they have no right-hand-value see #68.
  fixes https://github.com/chevex/yargs/issues/71
  revert automatic whitespace fixes in index.js
  fixed bug with boolean parsing, when bools separated by = see #66
  Mention .option in README",other,,False,other
144257,144255,"Auto-detect columns to wrap usage text

This commit adds support for `.wrap()` without the number of columns
specified using the `window-size` package to auto-detect the terminal
width:

https://github.com/jonschlinkert/window-size",other,,False,other
144391,144389,"Track aliases added by the parsing code, and don't display them in help

Fixes #41 and closes #42.",other,,False,other
145296,145294,Change optimist to yargs in examples,other,,False,other
94088,94086,test: Made unit test passing with node-chakracore,test,,False,tech_debt
98023,98021,"fix: context should override parsed argv (#786)

BREAKING CHANGE: context now takes precedence over argv and defaults",fix,,False,bug_fixes
98066,98064,fix: running parse() multiple times on the same yargs instance caused exception if help() enabled (#790),fix,,False,bug_fixes
100131,100129,provide documentation for demand separation,other,,False,other
100598,100596,refactor: use process.stdout.columns instead of dep,refactor,,False,tech_debt
102825,102823,"chore: drop support for Node.js 0.10

BREAKING CHANGE: This module no longer supports Node.js 0.10",chore,,False,tech_debt
104103,104101,"Add pt_BR translations to #649

Address brazilian portuguese translations for `aliases:` and `Did you mean %s?`",other,,False,other
104289,104287,perf: remove one call to reset(),perf,,False,tech_debt
104314,104312,fix: context object was not being reset between runs,fix,,False,bug_fixes
104553,104551,Added Hindi i18n. Locale: hi,other,,False,other
106702,106700,"chore(package): update yargs-parser to version 4.0.0

https://greenkeeper.io/",chore,package,False,tech_debt
107823,107821,respond to @nexdrew's comments,other,,False,other
108910,108908,"chore(package): update cpr to version 2.0.0

https://greenkeeper.io/",chore,package,False,tech_debt
108965,108963,"chore(package): update string-width to version 1.0.2

https://greenkeeper.io/",chore,package,False,tech_debt
109303,109301,feat: interpret demand() numbers as relative to executing command,feat,,False,feature_work
109396,109394,"chore(package): update yargs-parser to version 3.1.0

https://greenkeeper.io/",chore,package,False,tech_debt
109617,109615,fix: remove deprecated zh.json,fix,,False,bug_fixes
109748,109746,"chore(package): update mocha to version 3.0.1

https://greenkeeper.io/",chore,package,False,tech_debt
110616,110614,fix silly mistake,other,,False,other
110871,110869,fix config lookup for .implies() + test,other,,False,other
111389,111387,fix(commandDir): make dir relative to caller instead of require.main.filename,fix,commandDir,False,bug_fixes
115205,115203,"chore(package): update camelcase to version 3.0.0

https://greenkeeper.io/",chore,package,False,tech_debt
115645,115643,Update AppVeyor and Travis configuration for Node.js v6,other,,False,other
116063,116061,"feat(configuration): Add .configObject() method to pass configuration objects to yargs

Similar to .config(), but it receives an explicit configuration object instead of setting a key for a file path to a JSON configuration object.

Closes #423",feat,configuration,False,feature_work
116200,116198,"docs(environment): document nested options in environment variables

As added in yargs-parser 2.4.0",docs,environment,False,docs
116470,116468,Fix indentation,other,,False,other
116517,116515,docs(completion): document .getCompletion() method,docs,completion,False,docs
117260,117258,Avoid repeating options in completion,other,,False,other
117400,117398,add merged PRs 428 and 452 to 4.4.0; also remove 436 from 4.3.2 (merged to wrong branch),other,,False,other
118145,118143,Adding tests :),other,,False,other
118885,118883,Add support for a “max message” in `demand`,other,,False,other
120231,120229,Initial thoughts for solving falsy command execution,other,,False,other
120268,120266,Look up handler functions differently,other,,False,other
120301,120299,"Added number translatıon

Related to https://github.com/yargs/yargs/issues/404",other,,False,other
120947,120945,pass the require from the current context,other,,False,other
121746,121744,implemented the concept of global options,other,,False,other
121850,121848,update readme with examples,other,,False,other
122035,122033,"Merge pull request #385 from bcoe/update-changelog

update 4.x changelog",other,,False,other
123113,123111,implemented the concept of global options,other,,False,other
123776,123774,loop over argv._ for unknown arguments as per @maxrimue's code review,other,,False,other
124799,124797,lookup package.version as default version # (see @maxrimue's work in #337),other,,False,other
125030,125028,update the 4.x changelog,other,,False,other
128107,128105,Update tr.json,other,,False,other
128736,128734,cleanup group example in readme and minor code nit,other,,False,other
130729,130727,"document keys for option() object, with custom anchors",other,,False,other
130852,130850,don't print this,other,,False,other
131037,131035,"add node v4.x to CI builds, drop v0.11, make versions consistent b/w travis and appveyor",other,,False,other
131736,131734,add sudo:false to leverage new travis infrastructure,other,,False,other
131996,131994,override the default script for c,other,,False,other
132004,132002,terminal behaves a bit differently in Travis' OSX environment,other,,False,other
132452,132450,"upgrade camelcase, window-size, chai, mocha",other,,False,other
132518,132516,Merge branch 'master' into default-desc,other,,False,other
132995,132993,let's drop the guessLocale() method,other,,False,other
133259,133257,fix for boolean config values,other,,False,other
133275,133273,fix for overriding boolean config in cli,other,,False,other
133283,133281,a couple slight tweaks to @sgentle's config fixes,other,,False,other
134969,134967,Use shields from shields.io,other,,False,other
135166,135164,Standard coding style,other,,False,other
137703,137701,"fixed tests, switched to nyc for coverage, fixed security issue, added Lin as collaborator",other,,False,other
138565,138563,"slight tweak to usage printing, to allow for arbitrary tabular layout",other,,False,other
138654,138652,"Add tests for $0 (2 passing, 4 failing)",other,,False,other
139132,139130,nicer serialization of object and array default values see #132,other,,False,other
139177,139175,nicer serialization of object and array default values see #132,other,,False,other
139836,139834,reindent test/validation.js,other,,False,other
140684,140682,fix: count should not consume the next argument,fix,,False,bug_fixes
142050,142048,document epilog shorthand of epilogue.,other,,False,other
142254,142252,document using .string('_') for string ids. see #56,other,,False,other
143078,143076,"Add `files` field to the package.json

https://www.npmjs.org/doc/files/package.json.html#files",other,,False,other
143281,143279,Disable process.exit calls using .exitProcess(false),other,,False,other
145052,145050,Added 'require' and 'required' as synonyms for 'demand',other,,False,other
145156,145154,Added a failing test.,other,,False,other
145908,145906,"Correcting an example in the readme.

The function `demandCount` doesn't exist. It shoud be `demand`.",other,,False,other
63178,63176,docs(api): add description for coerce behavior for array type argument,docs,api,False,docs
63447,63445,fix: use suggested syntax for doc,fix,,False,bug_fixes
63594,63592,Add a separate test case for multiple epilogs,other,,False,other
63639,63637,Don't alter the user supplied script name value,other,,False,other
63798,63796,review: correct install command,other,,False,other
63999,63997,"fix: Tolerate null prototype for config objects with `extends`

Fixes #1372",fix,,False,bug_fixes
64461,64459,fix (singletonify): fix missing typeof in 152950bb,other,,False,other
64608,64606,"Do not allow extra positionals in strict mode

The test was disabled for commandless yargs,
but as the validation is done on the innermost yargs,
it was always disabled.",other,,False,other
65389,65387,Support defaultDescription for positional arguments,other,,False,other
67514,67512,fix: add zsh script to files array,fix,,False,bug_fixes
67591,67589,fix linter,other,,False,other
68119,68117,"feat: options/positionals with leading '+' and '0' no longer parse as numbers

BREAKING CHANGE: options with leading '+' or '0' now parse as strings",feat,,False,feature_work
68127,68125,chore: correct wording of test,chore,,False,tech_debt
68233,68231,fix my bash,other,,False,other
69884,69882,Revert whitespace,other,,False,other
69900,69898,"Oi vey, whitespace and newlines.",other,,False,other
70688,70686,"add an equal sign to argument

Not sure if that is required, but for consistency i think it makes sense",other,,False,other
71131,71129,Fix sublist indentation,other,,False,other
71562,71560,we don't need that newline!,other,,False,other
73185,73183,Update advanced.md,other,,False,other
74180,74178,"Merge pull request #2 from aorinevo/FEATURE/PR-AN-02_master_AN_name_scope

PR-AN-02: Add name scope for  NPM package.",other,,False,other
74188,74186,Update with master,other,,False,other
74268,74266,I-1150: Setup for Phase 2 integration of redux into usage.js,other,,False,other
74364,74362,I-1150: Phase 3 - Hoist vars and functions to top of function scope.,other,,False,other
74396,74394,I-1150: Phase 3 - Migrate usage commands to state - clean-up.,other,,False,other
74420,74418,I-1150: Phase 3 - Migrate usage descriptions to redux state.,other,,False,other
74727,74725,I-1150: Setup for Phase 2 integration of redux into usage.js,other,,False,other
74919,74917,I-1150: Phase 3 - Migrate usage descriptions to redux state.,other,,False,other
75067,75065,I-1150: Phase 3 - Resolve comments.,other,,False,other
75075,75073,I-1150: Phase 3 - Breakout changes for context into a separate branch.,other,,False,other
75243,75241,chore: cache node_modules,chore,,False,tech_debt
76731,76729,chore: Allow v4 of y18n,chore,,False,tech_debt
77144,77142,"docs: update api.md

Just noticed that nargs mistakenly appeared in a different place too.",docs,,False,docs
77583,77581,fix: .argv and .parse() now invoke identical code path,fix,,False,bug_fixes
78466,78464,PR-AN-03: Update API readme.,other,,False,other
79286,79284,Print a new line between the help and the error on fail if showHelpOnFail is enabled,other,,False,other
80535,80533,Update api.md,other,,False,other
81181,81179,fix: requiresArg should only be enforced if argument exists,fix,,False,bug_fixes
82052,82050,update tests to work with chai 4.1.2,other,,False,other
82841,82839,typo change double quote with single quote,other,,False,other
84543,84541, chore: add id translation to #976,chore,,False,tech_debt
85514,85512,chore: see $0 work over the finish line,chore,,False,tech_debt
85532,85530,feat: add description of command to help output,feat,,False,feature_work
86199,86197,have a game-plan for how we're going to handle parsing hints,other,,False,other
88905,88903,chore(package): Change engine node version to >=4,chore,package,False,tech_debt
90241,90239,make choices correctly observe demandOption setting,other,,False,other
90902,90900,chore: continuing to noodle on docs,chore,,False,tech_debt
90966,90964,chore: continuing to nit-pick about images,chore,,False,tech_debt
91039,91037,"Replace `JSON.stringify(value)` when typeof value is 'string'

Fix #884",other,,False,other
94257,94255,fix(*): fix demandOption ignores false value,fix,*,False,bug_fixes
99117,99115,Implement #751.,other,,False,other
100813,100811,"Fix [object Object] property on describe with object
fixes https://github.com/yargs/yargs/issues/735",other,,False,other
101299,101297,fix: do not use cwd when resolving package.json for yargs parsing config,fix,,False,bug_fixes
102208,102206,"chore(package): update nyc to version 9.0.1

https://greenkeeper.io/",chore,package,False,tech_debt
103616,103614,"chore(package): update nyc to version 8.3.2

https://greenkeeper.io/",chore,package,False,tech_debt
104811,104809,"feat(command): add camelcase commands to argv

Populate argv object with camelcase variants of hyphenated arguments",feat,command,False,feature_work
105196,105194,Switch key:value for one of polish translations,other,,False,other
105826,105824,"fix: the custom exit handler is now invoked in the next event loop, this makes it easier to build an async API around this new API: collect output from the logger., always return your response when exit is called",fix,,False,bug_fixes
106329,106327,fix: drop lodash.assign,fix,,False,bug_fixes
108381,108379,chore: drop node 5 (no LTS),chore,,False,tech_debt
110520,110518,fix tests for command recommendations,other,,False,other
110805,110803,WIP: add config lookup for .implies(),wip,,False,tech_debt
110835,110833,directly look up configuration via yargs object again,other,,False,other
110843,110841,tune logic in validation.js to check for configuration,other,,False,other
115333,115331,feat: add .commandDir() API using require-directory,feat,,False,feature_work
118363,118361,"boom, let's just make this a point release",other,,False,other
119805,119803,"Add ""number"" to pt.json",other,,False,other
121610,121608,edits based on code review,other,,False,other
121634,121632,get tests back up to 100%. add little known normalize() feature to docs,other,,False,other
121794,121792,a command can now simply be a module,other,,False,other
123220,123218,update chanagelog,other,,False,other
123406,123404,"chore(package): update standard to version 6.0.0

http://greenkeeper.io/",chore,package,False,tech_debt
123749,123747,skeleton test for valid command validation,other,,False,other
124071,124069,removed CHANGELOG.md from NPM publish,other,,False,other
124447,124445,update changelog,other,,False,other
124791,124789,add tests around guessing version # based on parent package.json,other,,False,other
126711,126709,address @nexdrew's code review,other,,False,other
128437,128435,Polish locale translation,other,,False,other
128556,128554,fix typo in test,other,,False,other
128714,128712,fix up tests based on #dc350f2,other,,False,other
130868,130866,no love for ;,other,,False,other
131065,131063,"update y18n, chai, mocha, standard",other,,False,other
131099,131097,Fixed spelling errors in README.md,other,,False,other
132012,132010,one more slight tweak for the benefit of the headless OSX terminal on Travis,other,,False,other
132070,132068,for the benefit of windows use an absolute path to mocha,other,,False,other
132577,132575,Added German translation,other,,False,other
133211,133209,add Portuguese to README.md,other,,False,other
134236,134234,Added ES locale,other,,False,other
134297,134295,upgraded nyc,other,,False,other
134822,134820,unit tests to cover choices api,other,,False,other
135528,135526,tweaks to how errors are reported,other,,False,other
136105,136103,Default to filename completion if no other matches are found,other,,False,other
136409,136407,"cleanup logic, based on @tschaub's code review",other,,False,other
137419,137417,more intuitive array parsing see #162,other,,False,other
138734,138732,"Add tests for $0 (2 passing, 4 failing)",other,,False,other
226,224,fix: look up show-hidden after strip-dashed camelCase rewrite,fix,,False,bug_fixes
1771,1769,fix: populate positionals from argv['--'] when halt-at-non-option is set,fix,,False,bug_fixes
3262,3260,"fix(choices): use explicit check-before-push instead of Set spread

Per review feedback from @shadowspawn: replace the Set-based dedup
with a more readable check-before-push loop. Each value is only
appended if not already present in the existing array.

Before:
  this.#options[type][key] = [...new Set(existing.concat(value))]

After:
  const existing = (this.#options[type][key] || []) as unknown[];
  for (const v of ([] as unknown[]).concat(value)) {
    if (!existing.includes(v)) existing.push(v);
  }
  this.#options[type][key] = existing as Options[T][K];",fix,choices,False,bug_fixes
4833,4831,Merge branch 'main' into main,other,,False,other
5790,5788,"fix: handle spaces in bash completion

The spaces are not handled well in bash completion, the offered result
needs to be escaped. Fix parsing the word list and add quotation around
suggestions with spaces. See [here][1] for the details.

[1]: https://stackoverflow.com/a/40944195/7080036

Signed-off-by: Oldřich Jedlička <oldium.pro@gmail.com>",fix,,False,bug_fixes
5966,5964,actually remove commandDir,other,,False,other
6022,6020,chore: add back . import,chore,,False,tech_debt
6056,6054,try spawn rather than cross-spawn,other,,False,other
6326,6324,docs: update advanced.md to show esm usage,docs,,False,docs
9095,9093,corrected example and improved wording,other,,False,other
9206,9204,build: pin rollup-plugin-ts on version that works on Node 14,build,,False,tech_debt
9575,9573,chore: pin back TypeScript to fix build,chore,,False,tech_debt
10064,10062,Update the list of supported locales,other,,False,other
11333,11331,chore: add failing test for parser configuration and completion,chore,,False,tech_debt
11727,11725,Merge branch 'main' into fix/types-condition,other,,False,other
12579,12577,Use JSON.parse,other,,False,other
12747,12745,chore: update showHelp assert,chore,,False,tech_debt
13215,13213,Merge branch 'main' into fix_deno_env_vars_depdency_missmatch,other,,False,other
13737,13735,test: mock additional hasColors method introduced in Node 16,test,,False,tech_debt
14348,14346,feat!: drop support for EOL Node 12,feat,,True,feature_work
14711,14709,chore(deps): update dependency rollup-plugin-ts to v3,chore,deps,False,tech_debt
14935,14933,"Merge pull request #1 from yargs/main

Merge from yargs/yargs",other,,False,other
18047,18045,fix: do not separate aliased options from the main option,fix,,False,bug_fixes
18316,18314,run fix,other,,False,other
20427,20425,Merge branch 'main' into use-prototype,other,,False,other
22766,22764,Merge branch 'main' into patch-1,other,,False,other
22849,22847,Update esm.mjs,other,,False,other
26806,26804,chore: release 17.2.1,chore,,False,tech_debt
27687,27685,Merge branch 'master' into update-example,other,,False,other
29774,29772,Merge branch 'master' into fix-coerce-middleware-applied-multiple-times,other,,False,other
30643,30641,lint,other,,False,other
30651,30649,refactor: replace indexOf with includes,refactor,,False,tech_debt
31795,31793,Merge branch 'master' into small-simplifications,other,,False,other
33232,33230,fix: completion script name clashing on bash,fix,,False,bug_fixes
33251,33249,Merge branch 'master' into fix/bash-completion-clash,other,,False,other
33347,33345,build(publishing): use terser to minify CJS code,build,publishing,False,tech_debt
34251,34249,Update package.json,other,,False,other
34417,34415,Merge branch 'master' into fix-1820,other,,False,other
34488,34486,fix: exclude positionals from default completion,fix,,False,bug_fixes
35093,35091,test: adds additional tests for check,test,,False,tech_debt
36038,36036,chore: address todo comments,chore,,False,tech_debt
36107,36105,Added commands function (similar to options function),other,,False,other
37714,37712,Merge branch 'master' into feature/showversion,other,,False,other
38379,38377,Merge branch 'master' into positional-numbers-update,other,,False,other
38492,38490,test: add test for 1791,test,,False,tech_debt
38770,38768,chore: release 16.2.0,chore,,False,tech_debt
39568,39566,Merge branch 'master' into update-linters,other,,False,other
40031,40029,Merge branch 'master' into master,other,,False,other
41458,41456,test: throw on warning,test,,False,tech_debt
42515,42513,chore: release 16.0.2,chore,,False,tech_debt
44110,44108,chore: starting to add some tests for other platforms,chore,,False,tech_debt
44174,44172,chore: slight tweak to example,chore,,False,tech_debt
44250,44248,"fix(yargs): add missing command(module) signature

Close #1704",fix,yargs,False,bug_fixes
44682,44680,fix(command): revert strange renaming of FrozenCommandInstance,fix,command,False,bug_fixes
45658,45656,"style(yargs): undo the autoformat my IDE did

return to this project style format",style,yargs,False,tech_debt
46209,46207,WIP: get rid of temporary lib/yargs-types,wip,,False,tech_debt
46721,46719,chore(deps): update typescript-eslint monorepo to v3,chore,deps,False,tech_debt
47419,47417,"docs: normalize code block formatting

Some Markdown code blocks were defined with three backticks (```) and others with four (````). Markdown doesn’t treat the code block any differently with four backticks, so there is no value to the inconsistency. I replaced uses of four backticks with three, as three backticks is the most commonly-used syntax.",docs,,False,docs
48298,48296,Group command type definitions and helpers,other,,False,other
48684,48682,WIP: add test to reproduce #1625,wip,,False,tech_debt
49221,49219,chore(dep): upgrade decamelize and get rid of @types/decamelize,chore,dep,False,tech_debt
49233,49231,chore(dep): downgrade decamelize to 3.2 to keep node 8 compatibility,chore,dep,False,tech_debt
82619,82617,Add version false to make spec pass,other,,False,other
82885,82883,feat(commands): add support for middleware to commands.,feat,commands,False,feature_work
85967,85965,Support for custom require function,other,,False,other
86207,86205,chore: continuing to work on .positional() feature,chore,,False,tech_debt
86247,86245,chore: make docs reflect reality,chore,,False,tech_debt
86263,86261,docs: fix link,docs,,False,docs
87419,87417,"Object is now working, but failing some random test...",other,,False,other
89161,89159,Add some basic API docs,other,,False,other
90918,90916,chore: more noodling,chore,,False,tech_debt
91624,91622,feat(yargs): Add middlewares to commands,feat,yargs,False,feature_work
92287,92285,"chore: upgrade all the things, except standard",chore,,False,tech_debt
95271,95269,fix: address positional argument strict() bug introduced in #766 (#784),fix,,False,bug_fixes
95575,95573,"fix: whoops, not quite ready to drop 0.10 yet",fix,,False,bug_fixes
101315,101313,"add tests clarifying use of ""--no-"" DSL in implies() method",other,,False,other
102496,102494,fix usage + validation tests to work with command + options demanded,other,,False,other
103037,103035,"chore(package): update cross-spawn to version 5.0.0

https://greenkeeper.io/",chore,package,False,tech_debt
104427,104425,maybe lowercase anchor would be better [skip ci],other,,False,other
104493,104491,make property order of id locale consistent with others,other,,False,other
104613,104611,"Revert ""Russian locale file""",other,,False,other
105656,105654,define the wrap value for consistency wih all terminals,other,,False,other
105802,105800,fix: continuing to pull API towards headless implementation.,fix,,False,bug_fixes
105834,105832,"feat: continuing to iterate on headless API for yargs, @nexdrew and I have settled on an extension to the parse() function.
BREAKING CHANGE: exitProcess(false) now acts as a global setting.",feat,,False,feature_work
108373,108371,ci: test with node 6 once 6.4.0 is patched,ci,,False,tech_debt
108722,108720,test: show more debugging information when integration tests fail,test,,False,tech_debt
109500,109498,feat: adds recommendCommands(),feat,,False,feature_work
110269,110267,'yargs is here to help you example' to demand both command and argument under the same demand,other,,False,other
116023,116021,feat(configuration): Allow to directly pass a configuration object to .config(),feat,configuration,False,feature_work
116861,116859,feat(conventional-changelog): add conventional dependency for generating the changelog going forward,feat,conventional-changelog,False,feature_work
118293,118291,two entries added to changelog. updated nyc dependency,other,,False,other
118317,118315,update changelog for 4.4.0 release,other,,False,other
118612,118610,Remove duplicated options keys from arrayOptions,other,,False,other
119834,119832,"Add ""number"" to pt_BR.json",other,,False,other
120019,120017,tweak the versions of node.js that we rely on,other,,False,other
120061,120059,"move number docs content to be in alphabetical order

other minor cleanup/clarification",other,,False,other
120890,120888,add integration tests for = parsing,other,,False,other
121626,121624,"whoops, had a config stanza left in from testing",other,,False,other
121658,121656,switch to using require-main-filename,other,,False,other
121786,121784,"you can now pass an object rather than a builder function, it uses a sane default for usage",other,,False,other
121818,121816,fix a couple more typos in README,other,,False,other
121979,121977,fix cherry-picked conflict in index.js,other,,False,other
121987,121985,"Merge pull request #382 from gajus/stack-trace-v4

Pass the original error as the second argument of fail() handler. (fixes #373)",other,,False,other
122295,122293,Pass the original error as the second argument of fail() handler.,other,,False,other
122504,122502,update changelog,other,,False,other
122665,122663,"chore(package): update standard to version 6.0.5

http://greenkeeper.io/",chore,package,False,tech_debt
123046,123044,Provide default value for version in .version(),other,,False,other
123062,123060,"split out parser into yargs-parser library, and make yargs configurable see #352",other,,False,other
123070,123068,switch to new approach for loading top-level configuration,other,,False,other
123078,123076,starting to refactor commands to the new API,other,,False,other
123787,123785,rm unnecessary commandKeys check,other,,False,other
124976,124974,split(' ') is no longer needed in tests,other,,False,other
125541,125539,yargs can now directly parse an argument string,other,,False,other
125853,125851,Fix .version() API inconsistency,other,,False,other
127101,127099,* Fixed: nested subcommand order,other,,False,other
128228,128226,Fix cjk width problem on usage table,other,,False,other
128706,128704,display default group last instead of first,other,,False,other
130072,130070,output failure message only once,other,,False,other
130713,130711,put detectLocale() in alphabetical order,other,,False,other
131676,131674,"Fix order of locale environment variable

During detection of the language to select translations the code is
[relying][1] on the same environment variables [libc][2]'s use, but
you are not considering them in the same order `glibc`
(and `gettext(3)`) do.

Specifically, you want to get the value of ``LC_MESSAGES`` locale
category (do not mistake here with the environemtn variable with the
same name).  To do that, the manuals says:

    If locale is an empty string, """", each part of the locale that
    should be modified is set according to the environment variables.
    The details are implementation-dependent.  For glibc, first
    (regardless of category), the environment variable LC_ALL is
    inspected, next the environment variable with the same name as the
    category (see the table above), and finally the environment
    variable LANG.  The first existing environment variable is used.

Furthermore, ``LANGUAGE`` is a GNU extension to be used as a fallback
for all those.

Following the above, this patch fix the proper order of environment
variable selection to consider `LC_MESSAGES` before `LANG`, and put
`LANGUAGE` as the last option.


 [1]: http://manpages.ubuntu.com/manpages/hardy/man3/setlocale.3posix.html
 [2]: https://github.com/bcoe/yargs/blob/master/lib/locale.js#L9",other,,False,other
131773,131771,replace lib/locale.js with reinstated non-spawning os-locale,other,,False,other
132179,132177,allow locale detection to be turned off,other,,False,other
132404,132402,pass argv as a second argument to command handlers,other,,False,other
134085,134083,revert unintentional use of var helpOpt,other,,False,other
134671,134669,markdown nit,other,,False,other
137913,137911,help/version are now boolean so that they don't eat commands. argv is now returned,other,,False,other
139475,139473,"Correct `.showHelp` docs

Corrects the `.showHelp` docs by changing the parameter from a function to a `console` function, to match what the code is doing:

https://github.com/bcoe/yargs/blob/master/lib/usage.js#L209",other,,False,other
140295,140293,@raine found parsing bugs with yargs.parse() vs. yargs([]),other,,False,other
140976,140974,how could I have missed the epilog\!,other,,False,other
141014,141012,fix for camel-case alias bug,other,,False,other
141910,141908,refactor two-column table layout so that we can use it for examples and usage,other,,False,other
141928,141926,detect console width and perform word-wrapping.,other,,False,other
142095,142093,rebased @ashi009's changes with refactored master.,other,,False,other
142754,142752,"flags explicitly set as strings, will now default to '' if they have no right-hand-value see #68.",other,,False,other
144569,144567,Corrected checkStrict(),other,,False,other
145110,145108,Added .help() and .version() methods,other,,False,other
145165,145163,Made the test green again by filtering keys that are aliased.,other,,False,other
18039,18037,fix: tests on node 12 and 14,fix,,False,bug_fixes
19391,19389,Update the Russian translation,other,,False,other
19948,19946,fix: dont clobber description for multiple option calls,fix,,False,bug_fixes
20507,20505,Merge branch 'main' into fix-async-middleware,other,,False,other
21058,21056,remove comment,other,,False,other
22084,22082,Merge branch 'main' into feat-browser-typings,other,,False,other
23849,23847,Merge branch 'main' into fix-config-and-variadic-args,other,,False,other
25592,25590,chore: release 17.3.0,chore,,False,tech_debt
26163,26161,deps: update @types/node,other,,False,other
26338,26336,Merge branch 'main' into main,other,,False,other
28234,28232,chore: release 17.1.1,chore,,False,tech_debt
28593,28591,fix: boolean option should work with strict,fix,,False,bug_fixes
28669,28667,Merge branch 'master' into fix-boolean-strict-bug,other,,False,other
28900,28898,Merge branch 'master' into fix-positional-and-option-overwriting,other,,False,other
29251,29249,Merge branch 'master' into fix-version-name-collision-bug,other,,False,other
29797,29795,fixes,other,,False,other
30205,30203,replace tabs with spaces,other,,False,other
30213,30211,fix linting,other,,False,other
32552,32550,fix(deps): update dependency string-width to v5,fix,deps,False,bug_fixes
33029,33027,Merge branch 'master' into patch-1,other,,False,other
34142,34140,test: add test for showHelp,test,,False,tech_debt
34236,34234,Update package.json,other,,False,other
34374,34372,Add test,other,,False,other
35013,35011,build: fix backport logic,build,,False,tech_debt
36046,36044,meta: nits from code review,other,,False,other
37696,37694,Add showVersion function to docs,other,,False,other
38235,38233,refactor: call unfreeze after reset,refactor,,False,tech_debt
39159,39157,"docs: add example of using middleware with choices

Fixes #756",docs,,False,docs
39214,39212,"feat: .command now accepts array of modules

.command() now accepts an array of modules, the intention being that this
makes it easier for people to build a complex hierarchical CLI in
environments that can not use requireDirectory().",feat,,False,feature_work
40979,40977,chore(deps): update dependency gts to v3,chore,deps,False,tech_debt
41278,41276,docs: document onFinishCommand option,docs,,False,docs
41855,41853,docs: adds back documentation about bundling,docs,,False,docs
42805,42803,"feat: adds strictOptions()

Adds strictOptions() as a partner to strictCommands()

Fixes #1701",feat,,False,feature_work
42884,42882,chore: do not rename import,chore,,False,tech_debt
43313,43311,chore: make sure we're on the latest yargs-parser,chore,,False,tech_debt
44037,44035,chore: retire require-main-filename,chore,,False,tech_debt
44142,44140,chore: test whether browser works,chore,,False,tech_debt
44671,44669,"fix(yargs): use R instead of T for genericity

as T clashes with some already used T generic types,
and R stands more easily for the parsing results",fix,yargs,False,bug_fixes
45427,45425,chore: actually update engines field,chore,,False,tech_debt
45940,45938,chore(deps): update dependency mocha to v8,chore,deps,False,tech_debt
46217,46215,refactor(common-types): replace assertNotXXX by assertNotStrictEqual,refactor,common-types,False,tech_debt
46455,46453,refactor(ts): Dictionary was misspelled in some function names,refactor,ts,False,tech_debt
46489,46487,Merge branch 'master' into 1586-ts-yargs,other,,False,other
48138,48136,updated CHANGELOG.md [ci skip],other,,False,other
48809,48807,Merge branch 'master' into feat/deprecateCommand2,other,,False,other
49600,49598,chore(ts): tsify test/helpers/utils,chore,ts,False,tech_debt
50966,50964,chore(ts): init typescript conf + tsify is-promise,chore,ts,False,tech_debt
51499,51497,Merge branch 'master' into add-single-digit-boolean-alias-usage,other,,False,other
52290,52288,chore: configure coveralls,chore,,False,tech_debt
52446,52444,Merge branch 'master' into i18n_de,other,,False,other
52498,52496,"refactor: only translate default option group name

Do NOT translate anymore user-supplied group names to avoid undesired translations

Fix #1562",refactor,,False,tech_debt
52567,52565,"fix(translation): remove extra space in French for 'default'

Close 1561",fix,translation,False,bug_fixes
53165,53163,updated package.json [ci skip],other,,False,other
53641,53639,chore(deps): update dependency cross-spawn to v7,chore,deps,False,tech_debt
54200,54198,"Use process.defaultApp to detect built electron app

To remove only the first element of process.argv",other,,False,other
55538,55536,Merge branch 'master' into fix/1444-positional-not-set-with-unknown-options-as-args,other,,False,other
56339,56337,Merge branch 'master' into fix/1454-1-digit-key-or-alias,other,,False,other
56366,56364,Merge branch 'master' into fix/1454-1-digit-key-or-alias,other,,False,other
57256,57254,WIP porting to TS,other,,False,other
57952,57950,build: switch to release-please for releases,build,,False,tech_debt
58047,58045,chore: update engines to note Node 6 is dropped,chore,,False,tech_debt
58283,58281,updated CHANGELOG.md [ci skip],other,,False,other
58404,58402,chore: fix linting,chore,,False,tech_debt
58495,58493,Merge branch 'master' into 1457-fix,other,,False,other
59033,59031,"test(validation): await command handlers impacts

2 broken tests, to be fixed in following commits",test,validation,False,tech_debt
59301,59299,"feature(async): standardize async callbacks

All async callbacks (command builders and handlers, middlewares and completion functions)
can now either return a promise or call a standard js (err, value) callback.

Corresponding tests reviewed and added when missing.",other,,False,other
59733,59731,chore(parse): refactor tests for sync/async API,chore,parse,False,tech_debt
59914,59912,feat(deps): introduce yargs-parser with support for unknown-options-as-args,feat,deps,False,feature_work
61794,61792,fix: populate correct type for yargs.parsed,fix,,False,bug_fixes
62805,62803,fix: lint,fix,,False,bug_fixes
63421,63419,feat: formalize existing callback arg to showHelp,feat,,False,feature_work
67616,67614,I-1295 and I-1277: Fixes issue where completion.zsh.hbs is not published to npm - p2.,other,,False,other
67712,67710,Updated tests and fixed code coverage,other,,False,other
68217,68215,chore: update npm version on Travis on Node 6,chore,,False,tech_debt
68688,68686,fix autocomplete,other,,False,other
69137,69135,use the instance-scoped logger,other,,False,other
69477,69475,#1237 async middleware,other,,False,other
70031,70029,Updated prechecks documentation,other,,False,other
70410,70408,Removes context object,other,,False,other
70615,70613,"docs(advanced): document non-singleton use, .exit() and parsed",docs,advanced,False,docs
74086,74084,"Bump engines to Node.js 6.x

This change was mentioned in the release notes for 12.0.0, so it shouldn't be a breaking change...",other,,False,other
74300,74298,I-1150: Phase 3 - Destructure dispatch and getState from store.,other,,False,other
74436,74434,I-1150: Fix key typo.,other,,False,other
74591,74589,I-1120: Add support for ES6 using Rollup.,other,,False,other
74599,74597,I-1120: Some options have been renamed in rollup.config.js,other,,False,other
74635,74633,"Corrected version specifier in help example

The name of the flag: `version` and the actual version value: `1.0.1` were switched.",other,,False,other
74679,74677,I-1150: Add Unit tests for reducers and action creators.,other,,False,other
74735,74733,I-1150: Increase coverage for reducers/usage.js,other,,False,other
75470,75468,I-1120: Drop support for node 4.,other,,False,other
75785,75783,I-1150: Resolve comments.,other,,False,other
75801,75799,I-1150: Add directories to files array.,other,,False,other
77839,77837,PR-AN-01: Global Middleware feature.,other,,False,other
84581,84579,feat(translation): Update pl-PL translations,feat,translation,False,feature_work
84667,84665,Replacing /bin/bash with file basename,other,,False,other
84778,84776,Update tr.json,other,,False,other
86271,86269,chore: remove code that is no longer touched,chore,,False,tech_debt
89121,89119,Allow implies and conflicts to accept array values,other,,False,other
90469,90467,"updated package cross-spawn from 5.0.1 to 5.1.0
 Npm link :  https://www.npmjs.com/package/cross-spawn
 Repository link : https://github.com/IndigoUnited/node-cross-spawn/releases",other,,False,other
90830,90828,docs: continuing to tweak formatting,docs,,False,docs
90926,90924,chore: continuing to refactor docs,chore,,False,tech_debt
90950,90948,chore: a bit more noodling on docs,chore,,False,tech_debt
93368,93366,chore: address @JaKXz's code review,chore,,False,tech_debt
93799,93797,Switch enabled and global arguments,other,,False,other
95279,95277,"fix: context should override parsed argv (#786)

BREAKING CHANGE: context now takes precedence over argv and defaults",fix,,False,bug_fixes
95545,95543,chore: add failing test for #794,chore,,False,tech_debt
95564,95562,fix: address merge conflict,fix,,False,bug_fixes
96120,96118,fix: pull in yargs-parser with modified env precedence,fix,,False,bug_fixes
96321,96319,feat: commands with name or alias '*' will run as default,feat,,False,feature_work
97549,97547,feat: building out argsert helper,feat,,False,feature_work
98042,98040,"feat: allow provided config object to extend other configs (#779)

BREAKING CHANGE: `extends` key in config file is now used for extending other config files",feat,,False,feature_work
98180,98178,chore: cherry-picked in @nexdrew's work on strict,chore,,False,tech_debt
98212,98210,chore: continuing to port more features over to being applied globally,chore,,False,tech_debt
98357,98355,feat: introduce custom yargs error object,feat,,False,feature_work
98401,98399,fix: our completion tests didn't fit the current command implementation,fix,,False,bug_fixes
98421,98419,fix: implement @iarna's suggestion for stack capturing,fix,,False,bug_fixes
99274,99272,fix: line wrapping for examples without desc,fix,,False,bug_fixes
99960,99958,Add documentation for conflicts,other,,False,other
100099,100097,test demandCommand context with min and max msgs,other,,False,other
100210,100208,chore: tweak deprecation notice a bit,chore,,False,tech_debt
100544,100542,Configuration parser called twice,other,,False,other
101307,101305,revert unnecessary changes from 556,other,,False,other
102241,102239,perf: normalizing package data is an expensive operation,perf,,False,tech_debt
102271,102269,"chore: add camelcase to greenkeeper ignore, until we drop 0.10 support",chore,,False,tech_debt
102592,102590,pluralize demanded Options/Commands as per @maxrimue's review,other,,False,other
102672,102670,let's put back 'demand' method as part of deprecation,other,,False,other
103197,103195,"Implements mutually exclusive args (conflicts)

Addresses #534.

Basic implementation of mutually exclusive arguments option, so if the user supplies both arguments the command fails.
The new option is implemented with the signature: `.conflicts(key1, key2)`

This adds a new message `Arguments %s and %s are mutually exclusive` and it's pt and pt-br translations.",other,,False,other
104680,104678,"Turkish translations for 'did you mean' and 'aliases'

Related to #649",other,,False,other
105105,105103,Indonesian translations for 'did you mean' and 'aliases',other,,False,other
105936,105934,no need to reset context,other,,False,other
109046,109044,"chore(package): update nyc to version 8.0.0

https://greenkeeper.io/",chore,package,False,tech_debt
109223,109221,perf: defer requiring most external libs until needed,perf,,False,tech_debt
109460,109458,update .recommendCommands() following @nexdrew's review,other,,False,other
109492,109490,fix silly mistake,other,,False,other
110512,110510,add y18n locale support for command recommendations,other,,False,other
112973,112971,feat(command): derive missing command string from module filename,feat,command,False,feature_work
117342,117340,"add ""number"" to it.json locale",other,,False,other
120365,120363,"Add ""number""",other,,False,other
121469,121467,you can now specify an option shorthand for numbers,other,,False,other
121690,121688,"split out parser into yargs-parser library, and make yargs configurable see #352",other,,False,other
121858,121856,provide a bit more documentation about command modules,other,,False,other
121890,121888,"Merge pull request #368 from bcoe/command-improvements

working on a new API for commands that creates less redundant code",other,,False,other
121946,121944,allow an alternative cwd to be specified,other,,False,other
122011,122009,"Merge pull request #384 from lrlna/add-number-type-opts

add number type opts",other,,False,other
122019,122017,update 4.x changelog,other,,False,other
122108,122106,update 4.x changelog,other,,False,other
122116,122114,yargs 4.0.0 \o/ see changelog and blog post,other,,False,other
123178,123176,document our fancy new command API,other,,False,other
127928,127926,locale(id.json): add Indonesian translation,other,,False,other
128690,128688,fix spacing,other,,False,other
130131,130129,nit: invert flag to default to false,other,,False,other
130507,130505,Add more cases to comprehensive parser test.  Mainly for -- .,other,,False,other
130836,130834,Move into function,other,,False,other
131045,131043,"update deps os-locale, mocha, standard, which",other,,False,other
132321,132319,upgraded os-locale,other,,False,other
132423,132421,update test based on @nexdrew's code review,other,,False,other
132485,132483,add defaultDescription to option(),other,,False,other
133326,133324,Merge branch 'master' into config-tweaks,other,,False,other
133757,133755,fix for boolean config values,other,,False,other
134444,134442,Update README: Add `fr` as supported language,other,,False,other
134852,134850,assert full failure msg for choices validation tests,other,,False,other
135689,135687,standard style nits,other,,False,other
135775,135773,Hide commands with false for description,other,,False,other
136165,136163,Enable completion of options for commands,other,,False,other
136360,136358,allow a min and max value to be provided for non-option arguments see #169,other,,False,other
136553,136551,Avoid validation while handling completion,other,,False,other
136580,136578,Process completion option before completion command,other,,False,other
137068,137066,tiny difference,other,,False,other
139820,139818,"validation/demand: fail without message if msg is null

test null msg for demand

test/usage: test demand with null msg",other,,False,other
141022,141020,actually make test do what I claimed it did.,other,,False,other
142693,142691,"change load order of values from config file, see #12",other,,False,other
143011,143009,"fixed bug with boolean parsing, when bools separated by = see #66",other,,False,other
144801,144799,s/pour/pore/,other,,False,other
145487,145485,"Document second argument of usage(message, opts)",other,,False,other
145939,145937,Fix dashes-to-camelCase for options with no aliases,other,,False,other
110544,110542,update .recommendCommands() following @nexdrew's review,other,,False,other
110608,110606,mention in readme no parameter is required for .recommendCommands(),other,,False,other
111057,111055,feat: apply .env() globally,feat,,False,feature_work
111546,111544,fix: lazy-load package.json and cache. get rid of pkg-conf dependency.,fix,,False,bug_fixes
112158,112156,fix: we now respect the order of _ when applying commands,fix,,False,bug_fixes
112458,112456,show error on handler fail,other,,False,other
113135,113133,fix: drop unused camelcase dependency fixes #516,fix,,False,bug_fixes
114329,114327,"chore(package): update which to version 1.2.9

https://greenkeeper.io/",chore,package,False,tech_debt
114687,114685,fix: OSX tests need a bit more running time,fix,,False,bug_fixes
114810,114808,"chore: use const as a semantic tool

Philosophy behind this: http://womack.io/2016/01/05/Const-ant-Craving/
tldr;
* `const` has been supported in Node.js since at least 0.4
* `const` makes code more readable—it's clear a value won't change
* standard helps w/ this by pointing out when `const` is misused",chore,,False,tech_debt
115546,115544,"chore(package): update nyc to version 6.4.1

https://greenkeeper.io/",chore,package,False,tech_debt
118132,118130,"showHelp getting the emission function itself

Motive: in tests I don't want yargs to print anything to the console. But I do want to catch it and see that it try.
So - when I pass it the handler itself - let it write to this handler.",other,,False,other
120923,120921,"refactor integration tests

testCmd() now calls its callback with the exit code and stdout. Perform the
standard output comparison in a testArgs() method.",other,,False,other
121530,121528,loop over argv._ for unknown arguments as per @maxrimue's code review,other,,False,other
121770,121768,starting to build out command parser,other,,False,other
121778,121776,we now support positional arguments \o/,other,,False,other
122175,122173,fix cherry-picked conflict in index.js,other,,False,other
122354,122352,add number to options to documentation,other,,False,other
122496,122494,introduces the pkgConf feature,other,,False,other
122512,122510,allow an alternative cwd to be specified,other,,False,other
122557,122555,"add a standard badge, because standard rocks",other,,False,other
122974,122972,"chore(package): update standard to version 6.0.4

http://greenkeeper.io/",chore,package,False,tech_debt
123170,123168,a command can now simply be a module,other,,False,other
123741,123739,add commandKeys validation to unknownArguments,other,,False,other
124094,124092,moved .gitignore over to .npmignore,other,,False,other
124678,124676,add contributing.md,other,,False,other
124831,124829,edits based on code review,other,,False,other
125563,125561,update readme/changelog,other,,False,other
128220,128218,Add cjk width test,other,,False,other
128548,128546,tweak based on @nexdrew's code review,other,,False,other
130884,130882,no more ;,other,,False,other
131781,131779,Merge branch 'master' into nuke-locale-port,other,,False,other
132062,132060,add oses,other,,False,other
132113,132111,doesn't look like the os stanza actually does anything,other,,False,other
133878,133876,add missing locale strings to fr locale,other,,False,other
133977,133975,"alphabetize locales by code, update locale() example, mention use of locale() and updateStrings() together",other,,False,other
134747,134745,upgrade y18n,other,,False,other
134830,134828,add choices api to readme,other,,False,other
138759,138757,Remove stray semicolon,other,,False,other
140949,140947,slight README tweak.,other,,False,other
141239,141237,various fixes for handling of alias values see #97,other,,False,other
141395,141393,"fix usage message for function() defaults, see #60",other,,False,other
141596,141594,update github URL,other,,False,other
142379,142377,"default should be obj not array, see #51",other,,False,other
143667,143665,Support aliases in options,other,,False,other
144556,144554,Corrected interaction between .strict() and .check(),other,,False,other
145367,145365,"Fix a couple of bad interactions between aliases and defaults

- Alias + boolean + default is broken (#7)
- Default values and options with dashes not working (#20)",other,,False,other
146100,146098,"For ""--some-option"", also set argv.someOption",other,,False,other
146152,146150,Remove old node-tap code,other,,False,other
256,254,"fix: restore parser state when a parse throws from .fail()

When a custom .fail() handler throws (or a command handler throws), the
synchronous path in parse() never reached kUnfreeze, so the frozen state
pushed for that parse was never popped. Separately, a command that fails
validation never pops itself off the command context.

The combined effect was that a reused yargs instance leaked the failed
command's positionals and context into subsequent parses: after a failed
'build' parse, an unknown command reported 'Missing required argument:
prompt' instead of 'Unknown commands: fly, away'.

Unfreeze on the throwing path, and truncate the command context back to
its depth at freeze time rather than assuming the pops were balanced.

Fixes #2481",fix,,False,bug_fixes
1134,1132,Try BYO override for old versions of node,other,,False,other
1596,1594,"i18n(hu): add missing Hungarian translations for deprecated, command, Positionals, Arguments mutually exclusive, Unknown command",other,,False,other
196,194,fix: complete negated boolean options on --no-,fix,,False,bug_fixes
588,586,chore(deps): update dependency c8 to v12,chore,deps,False,tech_debt
703,701,chore(deps): update dependency typescript to v7,chore,deps,False,tech_debt
985,983,"fix: apply coerce on every parse of a reused instance

A yargs instance is documented as reusable across multiple parse() calls,
but the coerce (mutating) middleware set an applied flag that was never
reset, so coerce only ran on the first parse. The second and later parses
returned the raw, un-coerced value.

Reset the applied flag on mutating middleware at the start of a top-level
parse (commandIndex === 0) via a new GlobalMiddleware.resetApplied(). The
guard stays in place during a single parse, so the nested-command
double-coerce fix from #1966 is preserved.

Adds a regression test that parses one instance three times and asserts
coerce runs every time.",fix,,False,bug_fixes
1063,1061,chore(deps): update babel monorepo to v8,chore,deps,False,tech_debt
1097,1095,fix: use entry point with file extension for anything that supports exports,fix,,False,bug_fixes
1451,1449,Merge branch 'main' into fix/variadic-positionals-no-duplicates,other,,False,other
1530,1528,fix: ignore defaulted version collisions,fix,,False,bug_fixes
1804,1802,"fix: sanitize scriptName spaces in completion script function names

Shell function identifiers cannot contain spaces. When scriptName includes
a space (e.g. 'my tool'), the generated bash/zsh completion script would
produce invalid syntax like _my tool_yargs_completions().

Add a separate {{app_function_name}} template token that replaces non-
identifier characters with underscores. The {{app_name}} token is kept
for places where the literal command string is needed, such as the
complete builtin and compdef arguments.

Fixes #2387",fix,,False,bug_fixes
1925,1923,Update README.md,other,,False,other
2135,2133,fix: restore yargs file for early versions of node 12,fix,,False,bug_fixes
2143,2141,Add plain yargs file back into package,other,,False,other
3511,3509,Merge branch 'main' into fix/completion-negative-boolean,other,,False,other
3567,3565,chore(deps): update dependency eslint to v10,chore,deps,False,tech_debt
4473,4471,chore(deps): update dependency @types/chai to v5,chore,deps,False,tech_debt
5017,5015,deps(yargs-parser): update yargs parser dep,other,,False,other
5329,5327,chore: update examples to run from examples folder,chore,,False,tech_debt
6097,6095,chore: add test for helpers.mjs,chore,,False,tech_debt
6113,6111,"boom, test coverage back up to 100%.",other,,False,other
6153,6151,build: continue running windows on 23,build,,False,tech_debt
6358,6356,build: use LTS node version,build,,False,tech_debt
7146,7144,chore(deps): update dependency concurrently to v9,chore,deps,False,tech_debt
7558,7556,"Update docs/api.md

Co-authored-by: John Gee <john@ruru.gen.nz>",other,,False,other
8486,8484,chore(deps): update dependency concurrently to v8,chore,deps,False,tech_debt
9246,9244,chore: update engines,chore,,False,tech_debt
9690,9688,Merge branch 'main' into patch-1,other,,False,other
11109,11107,fix: setting `default: undefined` causes implies to throw,fix,,False,bug_fixes
12369,12367,"Add watch run-script

Co-authored-by: jglanz@fb.com",other,,False,other
12559,12557,If coerce returns a promise: argv is a promise,other,,False,other
12942,12940,Create .github/FUNDING.yml,other,,False,other
14516,14514,"- `package.json`: fixed nit
- rebased against `desc` fix for zsh alias completions from @mshrtsr
- fixed a `bash` misspelling in tests
- added `stderr` to `testCmd` result for better error reporting",other,,False,other
15192,15190,Merge branch 'main' into fix/add-description-of-alias-on-zsh-completion,other,,False,other
15538,15536,chore: add en strings for unknown command,chore,,False,tech_debt
15601,15599,:bug: FIX: esm version to build with vite,other,,False,other
18031,18029,fix: just skip validation,fix,,False,bug_fixes
18997,18995,fix: config array combine logic,fix,,False,bug_fixes
19052,19050,Merge branch 'main' into revert-is-defaulted,other,,False,other
20379,20377,Merge branch 'main' into use-prototype,other,,False,other
21042,21040,fixes,other,,False,other
21711,21709,Merge branch 'main' into chore/devcontainer,other,,False,other
21835,21833,"fix(completions): escape colon in completion choices

This is similar to the code in `completeOptionKey`",fix,completions,False,bug_fixes
23837,23835,Merge branch 'main' into fix-config-and-variadic-args,other,,False,other
23869,23867,Merge branch 'main' into fix-config-and-variadic-args,other,,False,other
23885,23883,Merge branch 'main' into fix-config-and-variadic-args,other,,False,other
23898,23896,Merge branch 'main' into fix-config-and-variadic-args,other,,False,other
24132,24130,"Update ko.json

final fix",other,,False,other
24192,24190,Merge branch 'main' into unknown-argument-whitespace,other,,False,other
25003,25001,Merge branch 'main' into check-callback-options-missing,other,,False,other
25287,25285,fixes,other,,False,other
25480,25478,fix(deps): update dependency yargs-parser to v21,fix,deps,False,bug_fixes
26938,26936,build: switch primary branch to main,build,,False,tech_debt
28461,28459,Merge branch 'master' into fix-strip-dashed-and-conflicts-bug,other,,False,other
28631,28629,Merge branch 'master' into fix-boolean-strict-bug,other,,False,other
28694,28692,Merge branch 'main' into fix-boolean-strict-bug,other,,False,other
29283,29281,Merge branch 'master' into fix-version-name-collision-bug,other,,False,other
29789,29787,fixes,other,,False,other
30077,30075,Update zh_TW.json,other,,False,other
30683,30681,use arrow function,other,,False,other
30751,30749,add config header & add .argv union & header for choices,other,,False,other
32310,32308,build: add configuration for back-porting patches,build,,False,tech_debt
32362,32360,feat(node)!: drop Node 10,feat,node,True,feature_work
32471,32469,Merge branch 'master' into add_toc_to_api_docs,other,,False,other
33082,33080,"docs: clarify .check() behavior

When `fn` returns a string or error, it will cause .check() to fail. This was not documented. Adding it to docs for clarity.

Close: #1883",docs,,False,docs
33321,33319,Merge branch 'master' into deno-tweaks,other,,False,other
33724,33722,"refactor(yargs-factory)!: refactor yargs-factory to use class

refactor!: methods that used _ to indicate privacy are now actually private",refactor,yargs-factory,True,tech_debt
34126,34124,"feat: adding support for async builder

Fixes: https://github.com/yargs/yargs/issues/1042",feat,,False,feature_work
35380,35378,chore: release 17.0.0,chore,,False,tech_debt
38171,38169,"Revert ""Fix help output with default command""

This reverts commit 380782dd1a3af7226ff5ee70a888b7cd4a0c46ec.",other,,False,other
38358,38356,"Add descriptions of parsing numbers

This may help address some of the confusion for #963.

I also copied the sample `parserConfiguration` usage from advanced.md#customizing-yargs-parser; it seems helpful to have an example in the API section, too.",other,,False,other
39716,39714,refactor: move helpers into helpers folder,refactor,,False,tech_debt
40767,40765,chore: release 16.1.0,chore,,False,tech_debt
41115,41113,Merge branch 'master' into YARGS-1771_support-new-deno-version,other,,False,other
41249,41247,chore(deps): update typescript-eslint monorepo to v4,chore,deps,False,tech_debt
41404,41402,docs: update docs to consistently use yargs/yargs,docs,,False,docs
42661,42659,fix: code was not passed to process.exit,fix,,False,bug_fixes
42876,42874,chore(deps): update typescript-eslint monorepo to v4,chore,deps,False,tech_debt
43041,43039,Merge branch 'master' into formalize-parser-export,other,,False,other
45419,45417,feat!: drop support for EOL Node 8,feat,,True,feature_work
46415,46413,refactor(middleware): standardize acc in reduce,refactor,middleware,False,tech_debt
46447,46445,fix(ts): update yargs-parser Options and args definition,fix,ts,False,bug_fixes
47585,47583,"docs(api): mark the `.defaults` alias as deprecated more clearly

`.demand` and `.reset` have this “[DEPRECATED]” tag in their titles, so `.defaults` should too for consistency.",docs,api,False,docs
48338,48336,Group usage type definitions,other,,False,other
48692,48690,fix(strict mode): report default command unknown arguments,fix,strict mode,False,bug_fixes
49100,49098,Merge branch 'master' into formatting,other,,False,other
49608,49606,"refactor(command): parse-command is now a separate module

As parseCommand() is used by argsert, completion, etc.",refactor,command,False,tech_debt
49651,49649,"fix(tests): string formatting in checkOutputResult console stubs

checkOutputResult's console stubs now format strings
as real console methods do (using util.format).",fix,tests,False,bug_fixes
50149,50147,"fix(usage): translate 'options' group only when displaying help

To allow modifying its translation with updateLocale/updateStrings.

Fixes #1598",fix,usage,False,bug_fixes
50384,50382,chore(ts): tsify lib/completion-templates,chore,ts,False,tech_debt
50974,50972,chore(ts): align ts config on gts 2.x standards,chore,ts,False,tech_debt
50982,50980,"chore(ts): keep ts files in lib, not in a new src dir",chore,ts,False,tech_debt
51439,51437,test: add .nycrc for configuring coverage,test,,False,tech_debt
51751,51749,Merge branch 'master' into yargs-parser-update,other,,False,other
51880,51878,fix(usage): additional test help message indentation fix,fix,usage,False,bug_fixes
52530,52528,Merge branch 'master' into 1562-do-not-translate-option-group-names,other,,False,other
53273,53271,"feat(deps)!: pull in yargs-parser@17.0.0

BREAKING CHANGE: yargs-parser@17.0.0 no longer implicitly creates arrays out of boolean
arguments when duplicates are provided",feat,deps,True,feature_work
53808,53806,chore(deps): add renovate.json,chore,deps,False,tech_debt
53931,53929,Merge branch 'master' into boneskull-demands,other,,False,other
55614,55612,Merge branch 'master' into feature/265-complete-short-options-with-a-single-dash,other,,False,other
55771,55769,Merge branch 'master' into docs/readme_docs,other,,False,other
56069,56067,"The first two examples fail silently

The first two examples fail silently, except if  
.argv
is appended.",other,,False,other
56675,56673,fix: chmod +x missing on fixtures for linux and ios,fix,,False,bug_fixes
57248,57246,"Add .js shims so that root ./index.js and ./yargs.js don't disappear, for backwards compatibility",other,,False,other
57770,57768,chore: fix typo,chore,,False,tech_debt
58320,58318,chore!: drop Node 6 support,chore,,True,tech_debt
58412,58410,test: add back test for pkgConf,test,,False,tech_debt
58977,58975,"tests(middleware): await comand handlers impacts

1 skipped broken test, to be fixed in following commits",other,,False,other
59312,59310,"test(middleware): add chaining tests

1 test is broken as a global middleware failure leads to fail being called
if the middleware runs after validation, not before, which is incoherent
and should be fixed",test,middleware,False,tech_debt
59741,59739,feature(parse): add tests for parseAsync in sync/async API,other,,False,other
66568,66566,Move .hbs templates into .js to facilitate webpacking,other,,False,other
67704,67702,Fix whitespace,other,,False,other
67903,67901,Fixed docs and command name to include zsh as well as bash,other,,False,other
67935,67933,"test: add tests for alias behavior, based on conversations today",test,,False,tech_debt
69117,69115,add parserConfiguration tests,other,,False,other
69687,69685,add parserConfiguration tests,other,,False,other
69703,69701,"Revert ""use the instance-scoped logger"" (non-cli deprecation message breaks test suite)

This reverts commit 41fe766a7a80d97ee5f8c81495bd405bcb82efe3.",other,,False,other
71601,71599,"docs: adjust ""contributors"" link to GitHub contributors page",docs,,False,docs
73431,73429,add test to verify proper i18n translation of conflicting args failure,other,,False,other
73525,73523,I-1150: Moving handlers to command reducer.,other,,False,other
74428,74426,I-1150: Fix specs.,other,,False,other
74452,74450,I-1150: Resolve comments.,other,,False,other
74863,74861,I-1150: Phase 3 - Usage parse spec failure.,other,,False,other
74911,74909,"Merge pull request #9 from aorinevo/I-1150_master_AN_redux_usage_examples

I-1150: Phase 3 - Migrate usage examples to state.",other,,False,other
74987,74985,I-1150: Setup for Phase 2 integration of redux into usage.js,other,,False,other
75139,75137,I-1150: Phase 3 - Migrate usage commands to state.,other,,False,other
75673,75671,I-1150: Phase 3 - Parse issue.,other,,False,other
77689,77687,condense repetitious checks into boolean variables,other,,False,other
78015,78013,PR-AN-06: Refactor unit tests for apis into separate files.,other,,False,other
78474,78472,PR-AN-01: Fix tests.,other,,False,other
78540,78538,Update advanced.md,other,,False,other
78736,78734,"chore: upgrade to version of yargs-parser that does not populate value for unset boolean

BREAKING CHANGE: yargs-parser does not populate 'false' when boolean flag is not passed",chore,,False,tech_debt
81232,81230,"fix: switch to Object.hasOwnProperty, based on code-review",fix,,False,bug_fixes
85421,85419,"feat: .usage() can now be used to configure a default command

BREAKING CHANGE: .usage() no longer accepts an options object as the second argument",feat,,False,feature_work
85437,85435,docs: slight tweak to wording in docs,docs,,False,docs
85570,85568,chore: finish overhauling how we generate default usage message,chore,,False,tech_debt
86183,86181,feat: make positional arguments fully configurable,feat,,False,feature_work
88060,88058,chore: a few tweaks to the  feature in yargs,chore,,False,tech_debt
88837,88835,"Exclude positional arguments from completion output

Fixes #818",other,,False,other
89945,89943,Move fix from yargs.js to validation.js,other,,False,other
90822,90820,docs: switch to bulleted list,docs,,False,docs
91644,91642,fix: Array.reduce,fix,,False,bug_fixes
95239,95237,"feat: introduce custom yargs error object (#765)

BREAKING CHANGE: yargs will no longer aggressively supress errors, allowing errors that are not generated internally to bubble.",feat,,False,feature_work
95793,95791,fix: context variables are now recognized in strict() mode,fix,,False,bug_fixes
96337,96335,docs: add documentation for default commands,docs,,False,docs
97380,97378,Initial configuration extends work,other,,False,other
97837,97835,added tests for different cases of flags and options,other,,False,other
98082,98080,"feat: introduces support for default commands, using the '*' identifier (#785)",feat,,False,feature_work
98090,98088,fix: console.warn() rather than throwing errors when api signatures are incorrect (#804),fix,,False,bug_fixes
100091,100089,fix usage + validation tests to work with command + options demanded,other,,False,other
100139,100137,pluralize demanded Options/Commands as per @maxrimue's review,other,,False,other
100194,100192,fix: add back a few tests that were removed,fix,,False,bug_fixes
100202,100200,chore: add deprecation message,chore,,False,tech_debt
101796,101794,fix: address new standard nits,fix,,False,bug_fixes
102479,102477,set up distinction between demandCommand and demadn Option,other,,False,other
102600,102598,fix typo in option example,other,,False,other
104562,104560,Fixed some unneeded spaces in Hindi translations,other,,False,other
105132,105130,"Add ""aliases"" translation",other,,False,other
105856,105854,docs: add section to README.md about new parse API,docs,,False,docs
105944,105942,"fix(parse): suggestions to improve headless yargs (#668)

* reinstate exitProcess and reset parseFn after it is called

* add note about temporarily disabling exitProcess

* test edge cases for exitProcess and parseFn

* clarify note per @bcoe's review [skip ci]

* maybe lowercase anchor would be better [skip ci]",fix,parse,False,bug_fixes
106485,106483,"chore(package): update es6-promise to version 4.0.1

https://greenkeeper.io/",chore,package,False,tech_debt
106623,106621,"chore: upgrade yargs-parser
BREAKING CHANGE: coerce is now applied as a final step after other parsing is complete",chore,,False,tech_debt
108991,108989,"chore(package): update string-width to version 1.0.2

https://greenkeeper.io/",chore,package,False,tech_debt
109020,109018,"chore(package): update nyc to version 8.1.0

https://greenkeeper.io/",chore,package,False,tech_debt
109069,109067,"chore(package): update yargs-parser to version 3.2.0

https://greenkeeper.io/",chore,package,False,tech_debt
109257,109255,feat: apply fail() handlers globally,feat,,False,feature_work
109428,109426,feat: provide suggestions if unknown command is called,feat,,False,feature_work
109534,109532,fix: implement @nexdrew's suggestion; sort commands so that we recommend longest first,fix,,False,bug_fixes
111349,111347,feat: allow builder function to parse argv,feat,,False,feature_work
113007,113005,Added documentation about commands not inheriting configurations,other,,False,other
113099,113097,Add anchors for referenced methods,other,,False,other
114444,114442,link build badge to master branch,other,,False,other
116303,116301,"docs: fix link in docs, add link to our new standard-changelog format",docs,,False,docs
116450,116448,"feat(completion): allow to get completions for any string, not just `process.argv`

Add new method `.getCompletion(args, done)` which receives an array of strings
representing a line to complete, and calls the `done` callback with the
resulting completions.

Update the completion tests to pass the arguments explicitly to yargs. We can't
pass them by mocking `process.argv` now because `process.argv` is only checked
on `index.js`, which is called before the tests can apply the mock.",feat,completion,False,feature_work
117334,117332,"add ""number"" to en.json locale",other,,False,other
117412,117410,"add timestamp, going forward I'm going to experiment with conventional-changelog \o/",other,,False,other
118153,118151,jsstandard,other,,False,other
118309,118307,updated cliui and y18n dependency,other,,False,other
121506,121504,add commandKeys validation to unknownArguments,other,,False,other
121546,121544,check if 'max' arg in demand is an array,other,,False,other
121570,121568,Fix .version() API inconsistency,other,,False,other
121834,121832,Made help() only assign --help option if called without args,other,,False,other
122432,122430,add new number integration from yargs-parser PR #7,other,,False,other
122688,122686,Pass the original error as the second argument of fail() handler.,other,,False,other
123143,123141,starting to build out command parser,other,,False,other
123429,123427,"Put the yargs homepage in its package data

'cause I want to be able to run `npm docs yargs` and get the shiny new website",other,,False,other
123825,123823,check if 'max' arg in demand is an array,other,,False,other
123833,123831,"fix closing brace, duhhhh",other,,False,other
123932,123930,"split out parser into yargs-parser library, and make yargs configurable see #352",other,,False,other
126131,126129,"Specify test script as simply 'mocha', not _mocha

For discussion, see: https://github.com/bcoe/nyc/pull/123#issuecomment-168417025",other,,False,other
128095,128093,"Turkish translations

- Need context for ""count"", it has different translations for noun and verb.
- Left javascript type names in English. I believe translations would lower the quality of understanding.",other,,False,other
128305,128303,Update locale list,other,,False,other
128589,128587,rename pt-BR -> pt_BR per y18n and os-locale expectations,other,,False,other
128623,128621,allow options to be placed in custom groups,other,,False,other
128698,128696,"update outdated dependencies, because why not",other,,False,other
130876,130874,pretty spaces,other,,False,other
131352,131350,tweaks to tests based on Windows 7 testing,other,,False,other
131360,131358,fix merge conflict,other,,False,other
133716,133714,deleting es.json as requested. Not really sure why it ended up here in the first place :(,other,,False,other
136043,136041,update standard,other,,False,other
137440,137438,upgrade standard/nyc add one more comment about array and nargs parsing,other,,False,other
138751,138749,"Detect and remove /usr/bin/(node|iojs)

Also only do this check on process.argv[0].",other,,False,other
139057,139055,also detect iojs bin,other,,False,other
139206,139204,be more forgiving about alias ordering when using chaining API see #134 #128,other,,False,other
139775,139773,validation/demand: test standard message,other,,False,other
140220,140218,"slight tweak to how -bash is generated, to make it work better with completion.",other,,False,other
140798,140796,replace $0 in epilog,other,,False,other
140960,140958,slight tweak to README to show more complete example.,other,,False,other
141348,141346,"Tweak NPM version badge

Consistent visual style with the other badges, different color though.",other,,False,other
142725,142723,"default should be obj not array, see #51",other,,False,other
143408,143406,Fix tests,other,,False,other
146179,146177,"For ""--option-name"", also set argv.optionName",other,,False,other
631,629,"fix: route synchronous command handler errors through .fail()

A command handler that threw synchronously escaped Commander's error
handling entirely: unlike a handler that returns a rejected promise
(which is routed to .fail()), the synchronous throw propagated out of
maybeAsyncResult() uncaught, so .fail() was never invoked.

Wrap the handler invocation so a synchronous throw is routed through
usage.fail() exactly like the asynchronous rejection path, keeping the
existing behavior when a parse callback is registered.

The `check` validation test relied on the previous swallowing (its
guard handler threw but the error vanished); update it to assert that
the thrown check error reaches .fail(), consistent with the async path.

Closes #1797",fix,,False,bug_fixes
850,848,"fix: resolve show-hidden key via camelCase when strip-dashed is enabled

When parserConfiguration({ 'strip-dashed': true }) is set, yargs-parser
strips dashed keys from the parsed argv and only keeps camelCase variants.
filterHiddenOptions was looking up the show-hidden option by its raw
(dashed) name, which is always undefined under strip-dashed, causing
--show-hidden to silently do nothing.

Fix: also check argv[shim.Parser.camelCase(showHiddenOpt)] as a fallback.
If the dashed key is present (normal mode) the first lookup hits; if only
the camelCase key is present (strip-dashed mode) the second lookup hits.

Fixes #2356",fix,,False,bug_fixes
941,939,Apply suggestion from @shadowspawn,other,,False,other
1385,1383,fix: strip shell quotes from string positionals,fix,,False,bug_fixes
1406,1404,Merge branch 'main' into fix-quoted-positionals,other,,False,other
1845,1843,chore(deps): update dependency typescript to v6,chore,deps,False,tech_debt
2021,2019,fix: centralize option presence lookup,fix,,False,bug_fixes
2471,2469,Replace EOL node 23 in CI version matrix with node 24,other,,False,other
3250,3248,"fix(choices): deduplicate when same value added multiple times

Multiple calls to `.choices(key, values)` with overlapping values
previously produced duplicate entries via a plain `.concat()`.

The docs say all enumerated values will be ""merged together"", which
implies a set union. This change wraps the concat result in `new Set`
before assigning so each choice value appears at most once.

Before:
  .choices('color', ['red', 'green', 'blue'])
  .choices('color', ['blue', 'rainbow'])
  // => ['red', 'green', 'blue', 'blue', 'rainbow']

After:
  .choices('color', ['red', 'green', 'blue'])
  .choices('color', ['blue', 'rainbow'])
  // => ['red', 'green', 'blue', 'rainbow']

Fixes #2454",fix,choices,False,bug_fixes
3655,3653,we don't have en_US.json,other,,False,other
4246,4244,fix: suppress webpack warning by destructing import.meta before using resolve,fix,,False,bug_fixes
5061,5059,fix: make extensible command to be null prototype and make all test pass,fix,,False,bug_fixes
5446,5444,Merge branch 'main' into esm-command-dir,other,,False,other
5577,5575,docs: remove dead link in README,docs,,False,docs
5982,5980,buid: fiddling with build settings,other,,False,other
5990,5988,build: fixing up build,build,,False,tech_debt
6145,6143,build: add 20 back to matrix,build,,False,tech_debt
6197,6195,test: add back support for commandDir,test,,False,tech_debt
6422,6420,test: remove unnecessary getInternalMethods(),test,,False,tech_debt
7452,7450,"Fix Zsh autoloaded completion to not require double tab

Currently when you use the generated completion script in Zsh via autoloading, it doesn't provide completions on the first tab press. This is because when Zsh autoloads a completion script, it expects it to directly generate completions, this little trick allows it to be directly evaluated and used as an autoloaded script.

P.S. I think if the shell function is named the same as the autoloaded script, Zsh will call it directly on subsequent calls, bypassing the rest of the script, e.g. the `if` code below. See https://zsh.sourceforge.io/Doc/Release/Functions.html#Autoloading-Functions

See https://github.com/kislyuk/argcomplete/pull/475",other,,False,other
7675,7673,Merge branch 'main' into patch-1,other,,False,other
9171,9169,build(node)!: require Node >=14.14.0,build,node,True,tech_debt
11426,11424,"feat(zsh): Add default completion as fallback

Fallback to default completion if no match was found (see
https://zsh.sourceforge.io/Doc/Release/Completion-System.html#Completion-Functions
for details on `_default`).",feat,zsh,False,feature_work
12118,12116,"fix: do not crash completion when having negable options

Current completion crashes when using ZSH and having negable options.

```
[error] TypeError: Cannot read properties of undefined (reading 'find')
    at D.completeOptionKey (//node_modules/yargs/build/index.cjs:1255:20)
    at //node_modules/yargs/build/index.cjs:1191:37
    at Array.forEach (<anonymous>)
    at D.optionCompletions (//node_modules/yargs/build/index.cjs:1184:26)
    at D.defaultCompletion (//node_modules/yargs/build/index.cjs:1158:12)
    at n (//node_modules/yargs/build/index.cjs:1313:23)
    at D.getCompletion (//node_modules/yargs/build/index.cjs:1314:31)
    at te.[runYargsParserAndExecuteCommands] (//node_modules/yargs/build/index.cjs:3161:27)
    at _.parseAndUpdateUsage (//node_modules/yargs/build/index.cjs:426:8)
    at _.applyBuilderUpdateUsageAndParse (//node_modules/yargs/build/index.cjs:412:17)
```",fix,,False,bug_fixes
12377,12375,Downgrade concurrently while still supporting node 12,other,,False,other
14425,14423,17.6.3-0,other,,False,other
15724,15722,chore(deps): update dependency which to v3,chore,deps,False,tech_debt
47,44,Handle double dash files in default commands,other,,False,other
158,156,"fix(completion): escape tabs in choice values for fish

fish splits a completion on the first tab into the value and its
description, so a choice containing a literal tab was presented as
value=<prefix> with the rest read as a description and could never be
completed. Escape tabs in both choice paths (options and positionals)
the same way colons are escaped for bash/zsh.",fix,completion,False,bug_fixes
1181,1179,"fix(completion): sanitize scriptName for shell identifiers

scriptName() with whitespace (e.g. 'yarn whatever') produces
invalid bash completion scripts with spaces in function names:
_yarn whatever_yargs_completions()

Fix: replace non-alphanumeric chars with underscores in the
app_name used for shell identifiers. The app_path used for
actually invoking the application remains unchanged.

Fixes #2387",fix,completion,False,bug_fixes
2041,2039,Reapply formatting to fix lint checks,other,,False,other
2108,2106,fix: rename yargs/yargs entrypoint file for CommonJS from extension-less yargs to yargs.cjs (for compatibility with Node.js 25.7),fix,,False,bug_fixes
2487,2485,Merge branch 'update-CI-node-matrix' into combo-test-fix,other,,False,other
3616,3614,chore(deps): update dependency gts to v7,chore,deps,False,tech_debt
3748,3746,test to check prototype pollution bugfix,other,,False,other
4168,4166,Merge branch 'main' into fix-typos,other,,False,other
5206,5204,fix: addDirectory do not support absolute command dir,fix,,False,bug_fixes
5723,5721,fix(deps): update dependency cliui to v9,fix,deps,False,bug_fixes
6223,6221,chore: fix up windows tests,chore,,False,tech_debt
6350,6348,build: addressing build review,build,,False,tech_debt
7533,7531,Review fixes,other,,False,other
7634,7632,Merge branch 'main' into patch-1,other,,False,other
7782,7780,fix: propagate Dictionary including undefined in value type,fix,,False,bug_fixes
8871,8869,Update test/completion.cjs,other,,False,other
9678,9676,docs: change desc to describe,docs,,False,docs
10186,10184,added hebrew translation,other,,False,other
10207,10205,updated the list of supported locales,other,,False,other
11667,11665,docs: missing return in usage builder function,docs,,False,docs
12060,12058,chore(main): release 17.7.2,chore,main,False,tech_debt
14325,14323,build: pin npm version,build,,False,tech_debt
14970,14968,Merge branch 'main' into feat/convert-line-break-to-whitespace-on-zsh-completion,other,,False,other
15826,15824,chore(main): release 17.6.1,chore,main,False,tech_debt
15988,15986,Fix truncation when exception is thrown on non-tty stdout/stderr,other,,False,other
18074,18072,test: improve coverage,test,,False,tech_debt
18328,18326,use shim for deno,other,,False,other
20036,20034,Merge branch 'main' into lk/2169-clobber-descr,other,,False,other
20450,20448,fix: handle result of async middleware,fix,,False,bug_fixes
20974,20972,Remove console.log,other,,False,other
21131,21129,Merge branch 'main' into hide-option-extras,other,,False,other
21743,21741,chore: add link to toc,chore,,False,tech_debt
23556,23554,Merge branch 'main' into fix-failed-default-command-usage-string,other,,False,other
24155,24153,fix: wrap unknown args in quotes,fix,,False,bug_fixes
24249,24247,fixes,other,,False,other
25271,25269,fixes,other,,False,other
28481,28479,Merge branch 'master' into fix-strip-dashed-and-conflicts-bug,other,,False,other
29123,29121,fix: wrap(null) causing huge indent,fix,,False,bug_fixes
30189,30187,Merge branch 'yargs-master',other,,False,other
30221,30219,Merge branch 'master' into master,other,,False,other
30832,30830,fix: conflicts and strip-dashed,fix,,False,bug_fixes
31179,31177,Update README.md,other,,False,other
33764,33762,test: update to c8 with exclude-after-remap,test,,False,tech_debt
33865,33863,Merge branch 'master' into patch-1,other,,False,other
34444,34442,Merge branch 'master' into fix-1820,other,,False,other
37475,37473,Update package.json,other,,False,other
37971,37969,Added commands function (similar to options function),other,,False,other
38203,38201,Small change,other,,False,other
38367,38365,"Reword and include links from tricks.md, too",other,,False,other
38427,38425,feat: continuing to flesh out async behavior,feat,,False,feature_work
38468,38466,Merge branch 'master' into better-async,other,,False,other
38500,38498,build: run coverage on latest node,build,,False,tech_debt
38517,38515,test: add additional tests for async middleware,test,,False,tech_debt
38875,38873,chore: release 16.1.2,chore,,False,tech_debt
40022,40020,Upgrade y18n to 5.0.5 to address prototype pollution issue,other,,False,other
40871,40869,"fix(exports): node 13.0-13.6 require a string fallback

package.json’s ""engines"" field claims yargs supports node >= 10; node v13.0-v13.6 are included in this semver range. This change is required to be able to require() from yargs successfully in these versions.",fix,exports,False,bug_fixes
41331,41329,docs: remoce screen from repo,docs,,False,docs
41380,41378,"Update docs/api.md

Co-authored-by: Rory O’Kane <rory@roryokane.com>",other,,False,other
41658,41656,chore: fix formatting,chore,,False,tech_debt
41893,41891,Merge branch 'master' into document-bundling,other,,False,other
42669,42667,test: regression test for exit code,test,,False,tech_debt
44017,44015,chore: fix up test command,chore,,False,tech_debt
44053,44051,chore: use the latest build of yargs-parser,chore,,False,tech_debt
44150,44148,chore: include browser shim,chore,,False,tech_debt
47019,47017,"fix(command): use all specified positional aliases

ParseCommand filled options.alias for positionals with a string
instead of a string[] as does yargs,
so only the last defined alias was provided to yargs-parser
and other aliases were silently ignored.",fix,command,False,bug_fixes
47319,47317,"docs(api): explain `.parse()`’s exiting behavior more clearly

The original wording “disables the `exitProcess` setting” is ambiguous. It could be wrongly interpreted to mean “disable the `exitProcess` function, which allows changing of the setting”, which would then leave ambiguous the actual value used for the `exitProcess` setting.",docs,api,False,docs
47479,47477,Merge branch 'master' into api-docs-check-details,other,,False,other
47633,47631,Merge branch 'master' into api-docs-link-other-docs,other,,False,other
47863,47861,WIP: rename lib/middleware,wip,,False,tech_debt
48256,48254,Merge branch 'master' into 1586-source-maps,other,,False,other
48306,48304,Group completion type definitions and helpers,other,,False,other
49297,49295,WIP: rename lib/validation,wip,,False,tech_debt
49305,49303,"WIP: import y18n type definition from @types/y18n

as it needs to be fixed",wip,,False,tech_debt
49321,49319,refactor(validation): remove unused function parameters,refactor,validation,False,tech_debt
49624,49622,WIP: rename lib/argsert,wip,,False,tech_debt
50368,50366,"fix(linting): use standardx instead of standard

To remove false no-unused-vars positives with typescript.
See: https://standardjs.com/#typescript",fix,linting,False,bug_fixes
50806,50804,"chore(linting): disable not yet enforceable eslint rules

Some rules such as not using 'process.exit' or 'var'
will need some refactoring before being enforced",chore,linting,False,tech_debt
51579,51577,Merge branch 'master' into release-v15.3.0,other,,False,other
52788,52786,test: add tests for deprecateOption on sub-commands,test,,False,tech_debt
53052,53050,feat(translations): add missing French translations,feat,translations,False,feature_work
55600,55598,"feature: complete short options with a single dash

When the user did not already entered two dashes,
and when the option is not a single digit one.",other,,False,other
55733,55731,docs: add link to website repo in contributing docs,docs,,False,docs
55952,55950,updated CHANGELOG.md [ci skip],other,,False,other
56034,56032,"Update advance.md: it's -> its

it's -> its",other,,False,other
56347,56345,Merge branch 'master' into fix/1454-1-digit-key-or-alias,other,,False,other
56979,56977,updated package.json [ci skip],other,,False,other
58471,58469,fix: stop-parse was not being respected by commands,fix,,False,bug_fixes
58937,58935,tests(command): await command handlers impacts,other,,False,other
59017,59015,"fix(yargs): do not call parseFn on unexpected rejections

To keep the current behavior (not calling parseFn when _parseArgs throws)",fix,yargs,False,bug_fixes
59041,59039,"tests(validation): fix incorrect test

Fix 1 broken test expecting parse() to return a result
after calling process.exit, which was only a side effect of old checkUsage()
not to occur in real life",other,,False,other
59089,59087,fix: after rebasing,fix,,False,bug_fixes
60191,60189,doc: weback example,other,,False,other
61967,61965,Follow proposed changes,other,,False,other
62630,62628,"Fix incorrect parserConfiguration example

Looks like somebody copied the parser options from `package.json` and accidentally copied a bit too much. Hope I can save the next guy the 15 minutes it took me to figure this out...",other,,False,other
62797,62795,tweak,other,,False,other
793,791,"chore: improve build robustness
- pin GitHub actions
- add package-lock.json
- add CI test with updated direct dependencies
- lint changes from updates",chore,,False,tech_debt
1118,1116,Pin development dependencies for old working build,other,,False,other
1330,1328,fix: scriptName with whitespace breaks completion script (#2387),fix,,False,bug_fixes
1563,1561,fix: normalize quoted string positionals,fix,,False,bug_fixes
2345,2343,"chore: test recent node versions, and leave out --engine-strict which fails for some dependencies on node<18",chore,,False,tech_debt
2513,2511,Dummy empty commit,other,,False,other
4385,4383,fix(deps): update dependency string-width to v8,fix,deps,False,bug_fixes
4972,4970,fix(deps): update dependency yargs-parser to v22,fix,deps,False,bug_fixes
6006,6004,fix: make require() more intuitive for CJS update cliui,fix,,False,bug_fixes
6844,6842,Merge branch 'main' into victorfernandesraton-doc-patch,other,,False,other
7014,7012,chore(deps): update dependency which to v5,chore,deps,False,tech_debt
7790,7788,ensure `--get-yargs-completion` works when strip-dashed is `true`,other,,False,other
8093,8091,merge rather than replace parserConfiguration,other,,False,other
8388,8386,chore(deps): update dependency rollup to v4,chore,deps,False,tech_debt
9466,9464,chore(deps): update dependency chai to v5,chore,deps,False,tech_debt
9984,9982,chore(deps): update dependency rollup to v4,chore,deps,False,tech_debt
12680,12678,chore(deps): update dependency typescript to v5,chore,deps,False,tech_debt
12915,12913,"Revert ""samples: event.keyCode is deprecated, use new `.code` API (#2125)""

This reverts commit 0bb49c3d8699fb9dc3cb7dbd5ddcff44f4b404b7.",other,,False,other
14508,14506,Fixed an issue with nested commands in the `fish` completion template.,other,,False,other
17577,17575,feat(lang): Czech locale,feat,lang,False,feature_work
18350,18348,improve coverage,other,,False,other
19881,19879,chore: setup prettier to format all possible files,chore,,False,tech_debt
20411,20409,Merge branch 'main' into use-prototype,other,,False,other
20515,20513,Merge branch 'main' into fix-async-middleware,other,,False,other
20739,20737,Fix strip-aliased coerce bug,other,,False,other
20982,20980,Merge branch 'main' into remove-console-log,other,,False,other
22096,22094,Merge branch 'main' into feat-browser-typings,other,,False,other
22907,22905,Merge branch 'main' into fix-pkg-notfound-issue-on-esm,other,,False,other
23070,23068,"using strict(), replaced the switch by yargs handlers",other,,False,other
23906,23904,Merge branch 'main' into fix-config-and-variadic-args,other,,False,other
24233,24231,Merge branch 'main' into unknown-argument-whitespace,other,,False,other
24267,24265,Merge branch 'main' into unknown-argument-whitespace,other,,False,other
26220,26218,fix(docs): fix typo in API docs intro,fix,docs,False,bug_fixes
27679,27677,Change short to alias,other,,False,other
28763,28761,Update usage.ts,other,,False,other
28884,28882,fixes,other,,False,other
28987,28985,Merge branch 'master' into master,other,,False,other
29014,29012,docs: only use parse and argv at top level,docs,,False,docs
29030,29028,Merge branch 'master' into docs-only-use-parse-and-argv-at-top-level,other,,False,other
29307,29305,fixes,other,,False,other
29387,29385,fix: implies should not fail when implied key's value is 0,fix,,False,bug_fixes
30659,30657,refactor: simplify checks in middleware tests,refactor,,False,tech_debt
30675,30673,spelling,other,,False,other
31438,31436,refactor: small simplifications 2,refactor,,False,tech_debt
31490,31488,spelling,other,,False,other
32489,32487,Merge branch 'master' into add_toc_to_api_docs,other,,False,other
33575,33573,feat: add parseSync/parseAsync,feat,,False,feature_work
33982,33980,"Update deno.ts

Fix: https://github.com/yargs/yargs/issues/1841#issuecomment-804770453",other,,False,other
34166,34164,feat: add helpOrVersionSet parameter,feat,,False,feature_work
34496,34494,Merge branch 'master' into fix/exclude-positionals-from-completion,other,,False,other
34601,34599,"docs: update default completion modification description

Co-authored-by: Adam Altman <adam@rebilly.com>",docs,,False,docs
35066,35064,feat: implementing coerce as middleware,feat,,False,feature_work
37503,37501,fix(cve): Update y18n to 5.0.5 to fix  CVE-2020-7774,fix,cve,False,bug_fixes
37989,37987,Merge branch 'master' into master,other,,False,other
38619,38617,docs: wordsmith docs,docs,,False,docs
38627,38625,docs: slight tweaks to wording,docs,,False,docs
39258,39256,test: get coverage back up to 100%,test,,False,tech_debt
39754,39752,chore: release 16.1.1,chore,,False,tech_debt
40427,40425,fix(validation): edge-case conflicting object bug,fix,validation,False,bug_fixes
41591,41589,Include deprecated too,other,,False,other
41863,41861,chore: add in advanced topics,chore,,False,tech_debt
42142,42140,fix: make positionals in -- count towards validation,fix,,False,bug_fixes
42210,42208,:sparkles: allow custom version handler by consuming application,other,,False,other
42219,42217,:white_check_mark: fix failing test & lint,other,,False,other
44102,44100,chore: reduce package size,chore,,False,tech_debt
44190,44188,feat: expose helper for process args,feat,,False,feature_work
44921,44919,chore: release 16.0.0,chore,,False,tech_debt
45457,45455,chore: remove 8 from matrix add 14,chore,,False,tech_debt
46883,46881,chore: package-name should be yargs,chore,,False,tech_debt
47144,47142,"feat(deps)!: pull in yargs-parser@17.0.0

BREAKING CHANGE: yargs-parser@17.0.0 no longer implicitly creates arrays out of boolean
arguments when duplicates are provided",feat,deps,True,feature_work
47458,47456,Merge branch 'master' into api-docs-check-details,other,,False,other
47649,47647,Merge branch 'master' into api-docs-link-other-docs,other,,False,other
48362,48360,Get rid of types directory,other,,False,other
49376,49374,Merge branch 'master' into 1586-ts-validation,other,,False,other
49591,49589,WIP: rename test/helpers/utils,wip,,False,tech_debt
49949,49947,WIP: add tests to reproduce #1602,wip,,False,tech_debt
50336,50334,chore(ts): tsify lib/yerror,chore,ts,False,tech_debt
50392,50390,WIP: rename lib/levenshtein,wip,,False,tech_debt
51009,51007,chore(ts): init ts test + tsify test/is-promise,chore,ts,False,tech_debt
51674,51672,chore: get coverage working in CI,chore,,False,tech_debt
52324,52322,Merge branch 'master' into update-yargs-parser-17.0.1,other,,False,other
53281,53279,Merge branch 'master' into update-yargs-parser,other,,False,other
53350,53348,fix(deps): update dependency decamelize to v4,fix,deps,False,bug_fixes
53519,53517,chore(deps): update dependency rimraf to v3,chore,deps,False,tech_debt
54070,54068,"Use process.defaultApp to detect built electron app (#1536)

* Use process.defaultApp to detect built electron app

To remove only the first element of process.argv

* add a comment to precise process.defaultApp is set by electron",other,,False,other
56948,56946,chore: update package.json,chore,,False,tech_debt
57665,57663,fix(command): freezed/unfreezed handlerFinishCommand option,fix,command,False,bug_fixes
58688,58686,"Correct fr local file syntax error

Correct fr local file syntax error : there was a ',' that i removed",other,,False,other
59049,59047,"tests(validation): fix ill-used expect.fail

expect.fail() should not be used in a test using a done callback:
- if it covers a path which should not be reached, done(err) should be used instead
- it has no use if called after done(): not calling done is enough for the test
  not to be successful

Bring the last broken test for validation back online.",other,,False,other
60214,60212,doc(webpack): let people choose to accept or not webpack warnings,other,,False,other
61130,61128,test: address a couple failing tests,test,,False,tech_debt
62132,62130,chore: run before install,chore,,False,tech_debt
63300,63298,Don't set completionCommand in showCompletionScript,other,,False,other
63914,63912,docs: typescript,docs,,False,docs
65112,65110,"feat: Inline code to detect current locale from environment

This eliminates half the dependencies of yargs without any change in
functionality.  The extra dependencies were used by the os-locale module
to execute detection utilities, this execution functionality was always
disabled by yargs.

Fixes #1354",feat,,False,feature_work
65824,65822,docs: fix a broken link to MS Terminology Search,docs,,False,docs
67230,67228,chore: forgoing decision to drop Node 6 until April,chore,,False,tech_debt
67534,67532,test: slight edit to test wording,test,,False,tech_debt
67895,67893,"Adding tests for zsh, adds description to zsh auto-complete",other,,False,other
68253,68251,chore: remove echo,chore,,False,tech_debt
68261,68259,npm i npm -g does not work on Windows; we'll look at retiring Node 6 in future pull request,other,,False,other
68430,68428,feat: support promises in middleware,feat,,False,feature_work
68438,68436,chore: address @aorinevo's code review so that we can land,chore,,False,tech_debt
69099,69097,make parserConfiguration override package.json,other,,False,other
69836,69834,Fixed merge conflict in docs,other,,False,other
69924,69922,Rebasing,other,,False,other
70464,70462,removed stale ref to context,other,,False,other
71593,71591,"docs: switch to HTTPs URL

- use HTTPS for project URLs
- add author/contributor info",docs,,False,docs
71841,71839,"refactor: downgrade decamelize dependency to 1.2.0

Decrease package install size from around 1400 kB to 680 kB.",refactor,,False,tech_debt
73214,73212,Fix: .implies didn't work for values in nested objects,fix,,False,bug_fixes
74172,74170,PR-AN-02: Add name scope for  NPM package.,other,,False,other
74260,74258,I-1150: Setup for Phase 2 integration of redux into usage.js,other,,False,other
74404,74402,I-1150: Phase 3 - Remove spawn sync.,other,,False,other
74476,74474,I-1150: Bump @aorinevo/yargs.,other,,False,other
74751,74749,I-1150: Drop support for node 4.,other,,False,other
74807,74805,I-1150: Phase 3 - Breakout changes for context into a separate branch.,other,,False,other
74887,74885,"Merge pull request #7 from aorinevo/I-1150_master_AN_redux_usage_commands

I-1150: Phase 3 - Migrate usage commands to state.",other,,False,other
74963,74961,I-1150: Add redux state management for usage.js.,other,,False,other
74971,74969,I-1150: Fix context reducers conflicts.,other,,False,other
75091,75089,I-1150: Phase 3 - Parse issue.,other,,False,other
75171,75169,I-1150: Phase 3 - Migrate usage examples to state.,other,,False,other
75454,75452,I-1120: Remove buffer.,other,,False,other
75633,75631,I-1150: Phase 3 - Destructure dispatch and getState from store.,other,,False,other
75713,75711,I-1150: Phase 3 - Usage parse spec failure.,other,,False,other
75753,75751,I-1150: Phase 3 - Migrate usage descriptions to redux state.,other,,False,other
75777,75775,Increase coverage.,other,,False,other
77136,77134,"docs: update api.md

Fixed a likely copy/paste mistake.",docs,,False,docs
77528,77526,PR-AN-02: Add name scope for  NPM package.,other,,False,other
77887,77885,PR-AN-01: Bind this to middleware for chaining.,other,,False,other
78498,78496,PR-AN-01: Add unit tests for middleware.,other,,False,other
78506,78504,PR-AN-01: Bind this to middleware for chaining.,other,,False,other
78660,78658,"feat: remove `setPlaceholderKeys`

Do no add `undefined` properties in parsed result object for options absent from provided `argv`.

BREAKING CHANGE: Options absent from `argv` (not set via CLI argument) are now absent from the parsed result object rather tahn being set with `undefined`",feat,,False,feature_work
79690,79688,extend *.rc files in addition to json,other,,False,other
82027,82025,update chai version,other,,False,other
84879,84877,Add translation for the new `positional()` api,other,,False,other
85167,85165,chore: #976 add ko translation (#977),chore,,False,tech_debt
85461,85459,chore: fix argument validation,chore,,False,tech_debt
85469,85467,fix: don't display -bash twice when default command is enabled,fix,,False,bug_fixes
85506,85504,fix: address a couple output bugs,fix,,False,bug_fixes
85842,85840,"fix: less eager help command execution

BREAKING CHANGE: help command now only works if it's the las command in a list.",fix,,False,bug_fixes
86191,86189,fix: remove log line,fix,,False,bug_fixes
87246,87244,fix: implications fails only displayed once,fix,,False,bug_fixes
89609,89607,Merge branch 'master' into feature/add-explicit-run-method,other,,False,other
89990,89988, ensure presence of conflicting options before failing re: yargs/yargs#899,other,,False,other
90007,90005,fix: defaulting keys to 'undefined' interfered with conflicting key logic,fix,,False,bug_fixes
93807,93805,Remove global option,other,,False,other
95247,95245,"feat: rethink how options are inherited by commands (#766)

BREAKING CHANGE: by default options, and many of yargs' parsing helpers will now default to being applied globally; such that they are no-longer reset before being passed into commands.",feat,,False,feature_work
95255,95253,"feat: function argument validation (#773)

BREAKING CHANGE: there's a good chance this will throw exceptions for a few folks who are using the API in an unexpected way.",feat,,False,feature_work
95263,95261,docs: remove demand examples (#772),docs,,False,docs
95296,95294,"feat: allow provided config object to extend other configs (#779)

BREAKING CHANGE: `extends` key in config file is now used for extending other config files",feat,,False,feature_work
95328,95326,fix: errors were not bubbling appropriately from sub-commands to top-level (#802),fix,,False,bug_fixes
95732,95730,fix: use path.resolve() to support node 0.10,fix,,False,bug_fixes
1491,1489,chore(deps): update dependency which to v7,chore,deps,False,tech_debt
1625,1623,"i18n(pt): add missing Portuguese translations for deprecated, command, Positionals, aliases, Unknown command",other,,False,other
2209,2207,"Change not required when adding require entrypoint yargs.cjs, so minimise changes and revert",other,,False,other
3365,3363,"feat: add fish shell completion support

Adds a fish shell completion template and detects fish via SHELL env
var or FISH_VERSION. The generated script uses fish's native
commandline/complete builtins for tab completion.

Closes #1904",feat,,False,feature_work
4120,4118,Update docs/api.md,other,,False,other
4825,4823,locale: Add Georgian translation,other,,False,other
5048,5046,fix: allows ESM modules commands to be extensible using visit option,fix,,False,bug_fixes
6129,6127,build: figure out actual versions of node required,build,,False,tech_debt
7798,7796,add support for multi-word completion,other,,False,other
8058,8056,chore(deps): update dependency c8 to v10,chore,deps,False,tech_debt
8418,8416,chore(deps): update dependency rimraf to v5,chore,deps,False,tech_debt
9143,9141,feat(build): update typescript / bundling deps,feat,build,False,feature_work
9230,9228,chore: fix engines field + formatting,chore,,False,tech_debt
9339,9337,docs: fix typos in .terminalWidth example,docs,,False,docs
9347,9345,Merge branch 'main' into feature/fix-example-2381,other,,False,other
10355,10353,Minor edit to documentation for option 'global' example,other,,False,other
10839,10837,"feat: more specific type, avoid missing array type",feat,,False,feature_work
11182,11180,test: use test config for watch compiles,test,,False,tech_debt
11773,11771,Merge branch 'main' into fix/types-condition,other,,False,other
12547,12545,Use async / await in example,other,,False,other
12714,12712,fix: return after then,fix,,False,bug_fixes
12782,12780,chore: remove callback,chore,,False,tech_debt
12805,12803,Add test for async help being displayed before process.exit,other,,False,other
16637,16635,chore: update cliui,chore,,False,tech_debt
18191,18189,chore(main): release 17.6.0,chore,main,False,tech_debt
18409,18407,Fix links to master branch,other,,False,other
19278,19276,"Revert ""chore: Set permissions for GitHub actions (#2168)""

This reverts commit d9fa18c435aa55bee982aea91507ff0e269188e6.",other,,False,other
19778,19776,chore(deps): update dependency mocha to v10,chore,deps,False,tech_debt
20715,20713,Prevent coerce logic when related arg is not passed,other,,False,other
21066,21064,cleanup,other,,False,other
22863,22861,Merge branch 'main' into fix-pkg-notfound-issue-on-esm,other,,False,other
24116,24114,"Update ko.json

Translating ""deprecated"" and ""deprecated: %s"" is out of my consideration as I couldn't describe them as no short sentences.
""불리언"" is itself a pronouncation of ""boolean"" also is a registered word in wikipedia. Still better than past one.
Besides, fixed several words into commonly used intuitive translations.",other,,False,other
24632,24630,chore(docs): remove unused type and inline the inference,chore,docs,False,tech_debt
26358,26356,Merge branch 'main' into main,other,,False,other
28095,28093,Merge branch 'master' into legacy-object-proto-accessors,other,,False,other
28649,28647,Merge branch 'master' into fix-boolean-strict-bug,other,,False,other
29208,29206,fix: prevent version name collision,fix,,False,bug_fixes
29742,29740,fix: coerce middleware should be applied once,fix,,False,bug_fixes
29766,29764,fixes,other,,False,other
30239,30237,Merge branch 'master' into master,other,,False,other
30257,30255,Test transposition in command recommendation,other,,False,other
30594,30592,chore(deps): update dependency mocha to v9,chore,deps,False,tech_debt
30667,30665,spelling,other,,False,other
31701,31699,chore: release 17.0.1,chore,,False,tech_debt
32462,32460,Update api.md,other,,False,other
32586,32584,build: we are up to candidate 12,build,,False,tech_debt
32693,32691,Merge branch 'master' into fix-1909-2,other,,False,other
34174,34172,docs: add TODO comment for bug,docs,,False,docs
34900,34898,chore: release 17.0.0,chore,,False,tech_debt
34963,34961,chore: release 15.5.0,chore,,False,tech_debt
35667,35665,fix: improve test coverage for completions,fix,,False,bug_fixes
36072,36070,chore: release 17.0.0,chore,,False,tech_debt
36123,36121,Merge branch 'master' into commands-syntax,other,,False,other
37742,37740,Update showVersion() docs,other,,False,other
39773,39771,Merge branch 'master' into release-v16.1.1,other,,False,other
41364,41362,"Update README.md

Co-authored-by: Rory O’Kane <rory@roryokane.com>",other,,False,other
41650,41648,Merge branch 'master' into fix-1758,other,,False,other
41871,41869,docs: remove documentation pointing folks to rollup,docs,,False,docs
42150,42148,chore: remove random thing added by vscode,chore,,False,tech_debt
42592,42590,fix(deps): update dependency yargs-parser to v20,fix,deps,False,bug_fixes
42949,42947,fix: bad release of y18n for Node 10,fix,,False,bug_fixes
42992,42990,fix(deps): update dependency y18n to v5,fix,deps,False,bug_fixes
43019,43017,"feat(helpers): rebase, Parser, applyExtends now blessed helpers",feat,helpers,False,feature_work
43192,43190,chore(deps): update typescript-eslint monorepo to v4,chore,deps,False,tech_debt
44134,44132,test: continuing to build out tests for ESM,test,,False,tech_debt
46329,46327,Merge branch 'master' into 1586-ts-yargs,other,,False,other
47011,47009,fix(command): remove unused function parameters,fix,command,False,bug_fixes
47374,47372,"docs(api): accept suggestion to clarify `.parse()` description

the change from https://github.com/yargs/yargs/pull/1647#discussion_r429683829, plus rewrapping the paragraph since that’s the convention in this file",docs,api,False,docs
47446,47444,"docs(api): describe usage of `.check()` in more detail

I added an example of usage that was distilled from my own code.",docs,api,False,docs
48723,48721,Merge branch 'master' into 1625-fix-strict-mode-unknown-arguments-not-reported-for-default-command,other,,False,other
48980,48978,"fix japanese for ""Given""",other,,False,other
49344,49342,"chore(pack): remove source maps and tests from package

We have no use for source maps in the package
as we do not distribute the ts source files,
and this reduce the package footprint.

Test files were included too by mistake.",chore,pack,False,tech_debt
49415,49413,Merge branch 'master' into patch-1,other,,False,other
50424,50422,WIP: rename lib/process-argv,wip,,False,tech_debt
50990,50988,chore(ts): remove lib/*.ts from npm package,chore,ts,False,tech_debt
51703,51701,docs: don't publish full CHANGELOG,docs,,False,docs
52757,52755,Merge branch 'master' into feat/deprecate-option,other,,False,other
53709,53707,chore(deps): update dependency c8 to v7,chore,deps,False,tech_debt
54897,54895,updated package.json [ci skip],other,,False,other
55680,55678,Advanced docs typo 'comand',other,,False,other
56695,56693,fix integration tests calling directly yargs submodule,other,,False,other
57673,57671,test(yargs): fix onFinishCommand test with promise handler,test,yargs,False,tech_debt
57778,57776,docs: direct folks towards detailed parse,docs,,False,docs
58203,58201,"fix!: update to yargs-parser with fix for array default values

BREAKING CHANGE: yargs-parser@16.0.0 drops support for Node 6",fix,,True,bug_fixes
59118,59116,"doc: await command handler impacts

On README, docs and examples.",other,,False,other
59156,59154,"feature(usage): remove cacheHelpMessage

No longer needed.",other,,False,other
59164,59162,chore(command): group builder function tests,chore,command,False,tech_debt
62921,62919,remove eslint disable line,other,,False,other
63510,63508,Allow completionCommand to be set via showCompletionScript,other,,False,other
64296,64294,"(wip) add test to reproduce #1137

calling parse several times with commands gives different results",other,,False,other
65037,65035,updated CHANGELOG.md,other,,False,other
65853,65851,chore: update dev deps,chore,,False,tech_debt
72133,72131,"Fix NPM registry data

- use HTTPS for project URLs
- add author/contributor info",other,,False,other
74220,74218,I-1150: Add Unit tests for reducers and action creators.,other,,False,other
74356,74354,I-1150: Phase 3 - Destructure dispatch and getState.,other,,False,other
74815,74813,I-1150: Phase 3 - Parse issue.,other,,False,other
74831,74829,I-1150: Phase 3 - Destructure dispatch and getState.,other,,False,other
75199,75197,"chore: test Node.js 6, 8 and 10",chore,,False,tech_debt
75439,75437,I-1120: Add webpack.,other,,False,other
75545,75543,I-1150: Add Redux for State Management,other,,False,other
75569,75567,I-1150: Add redux state management for usage.js.,other,,False,other
75585,75583,I-1150: Complete phase 1 redux integration in usage,other,,False,other
77552,77550,"Merge pull request #3 from aorinevo/FEATURE/Update_cm

FEATURE: Add Coremetrics",other,,False,other
77863,77861,PR-AN-01: Remove param defaults for Node 4 comp.,other,,False,other
77879,77877,PR-AN-01: Add unit tests for middleware.,other,,False,other
78040,78038,PR-AN-06: Update scripts.test.,other,,False,other
78056,78054,PR-AN-06: Replace var name context with yargs. Move require api to separate file.,other,,False,other
79154,79152,Fix #1069,other,,False,other
81026,81024,test: add failing test for edge case in #1041,test,,False,tech_debt
83681,83679,"fix typo

```diff
-a number indicating a number indicating the position
+a number indicating the position
```",other,,False,other
84298,84296,fix: fix tiny spacing issue with usage,fix,,False,bug_fixes
85445,85443,docs: adding more notes about .usage() API,docs,,False,docs
85726,85724,"feat: showHelp(level, opts)

Adds an `opts` agument to `showHelp`

Currently, to enable showing hidden options:

```js
showHelp('log', {hidden: [true|false]})
```",feat,,False,feature_work
86255,86253,docs: adding note about top-level commands,docs,,False,docs
87766,87764,"Updated yargs.js to allow both undefined and nulls

TypeScript requires the usage of undefined instead of null - this update allows both.",other,,False,other
88101,88099,docs: slight tweak to docs,docs,,False,docs
88109,88107,docs: slight tweak to promises docs,docs,,False,docs
88133,88131,docs: noodling slightly more on docs,docs,,False,docs
90069,90067, ensure presence of conflicting options before failing re: yargs/yargs#899,other,,False,other
90974,90972,chore: missing anchor,chore,,False,tech_debt
91660,91658,Change Object assign,other,,False,other
92253,92251,"chore: upgrade all the things, except standard",chore,,False,tech_debt
92458,92456,fix: actually commit fix,fix,,False,bug_fixes
92550,92548,fix: positional arguments now work if no handler is provided to inner command,fix,,False,bug_fixes
93766,93764,Allow command to override global strict,other,,False,other
95320,95318,fix: running parse() multiple times on the same yargs instance caused exception if help() enabled (#790),fix,,False,bug_fixes
96991,96989,Allow provided config object to extend other configs,other,,False,other
97945,97943,"feat: rethink how options are inherited by commands (#766)

BREAKING CHANGE: by default options, and many of yargs' parsing helpers will now default to being applied globally; such that they are no-longer reset before being passed into commands.",feat,,False,feature_work
98050,98048,fix: use path.resolve() to support node 0.10 (#797),fix,,False,bug_fixes
98188,98186,fix: fix a couple more tests broken by strict defaulting to global,fix,,False,bug_fixes
98248,98246,chore: added more tests for global behavior,chore,,False,tech_debt
98302,98300,"chore: address @nexdrew's code-review, switching to tracking locals rather than globals",chore,,False,tech_debt
99968,99966,feat: implement mutually exclusive arguments,feat,,False,feature_work
100115,100113,provide examples for separate demand apis,other,,False,other
101778,101776,fix: still freeze/unfreeze if parse() is called in isolation fixes #710,fix,,False,bug_fixes
102545,102543,test demandCommand context with min and max msgs,other,,False,other
102577,102575,provide documentation for demand separation,other,,False,other
103250,103248,Add documentation for conflicts,other,,False,other
103820,103818,Add Thai locale file,other,,False,other
104130,104128,"Italian translations for 'did you mean' and 'aliases'

Signed-off-by: Davide Madrisan <davide.madrisan@gmail.com>",other,,False,other
105908,105906,fix: address @nexdrew's code review,fix,,False,bug_fixes
105988,105986,fix: grammar issue,fix,,False,bug_fixes
106666,106664,fix: bump yargs-parser again,fix,,False,bug_fixes
107166,107164,"For args that have skipValidation set to `true`, check if the parsed arg is `true`

When an arg is defined, it will always exist in the parsed argv. Thus, validation would always be skipped, regardless of whether an arg that has `skipValidation` set to `true` is actually passed on the command line. This commit checks to see if the parsed argv value is actually set to true.",other,,False,other
107194,107192,Added test for `skipValidation` fix,other,,False,other
108789,108787,"ci: temporarily set Node v6 version to v6.3.1

See https://github.com/nodejs/node/issues/8138.",ci,,False,tech_debt
109444,109442,fix tests for command recommendations,other,,False,other
109452,109450,make german translation more personal,other,,False,other
109777,109775,feat: .help() API can now enable implicit help command,feat,,False,feature_work
109793,109791,mention implicit command in .help() docs,other,,False,other
113175,113173,"Rename zh.json to zh_CN.json

This is for simplified Chinese so the correct locale should be zh_CN. For traditional Chinese it should be something like zh_HK or zh_TW.",other,,False,other
114029,114027,"Rename zh.json to zh_CN.json

This is for simplified Chinese so the correct locale should be zh_CN. For traditional Chinese it should be something like zh_HK or zh_TW.",other,,False,other
114369,114367,"chore(package): update set-blocking to version 2.0.0

https://greenkeeper.io/",chore,package,False,tech_debt
114695,114693,"fix: for the sake of Browserify, also check for _handle",fix,,False,bug_fixes
115920,115918,Overhauled travis conf,other,,False,other
117310,117308,document additional command module props a la #414,other,,False,other
117382,117380,updating changelog in prep for eventual release,other,,False,other
117555,117553,"fix tests, add 'C:' style prefix to windows path regex",other,,False,other
118161,118159,jsstandard,other,,False,other
118169,118167,Update usage.js,other,,False,other
118429,118427,ignore unknown argv._ in strict mode when no commands configured,other,,False,other
120130,120128,"Add ""number"" translation for Korean

#404",other,,False,other
121602,121600,lookup package.version as default version # (see @maxrimue's work in #337),other,,False,other
121618,121616,"split out parser into yargs-parser library, and make yargs configurable see #352",other,,False,other
121971,121969,"add number to options to documentation

(cherry picked from commit 93e9d104e0982e5625062dad368a78fc4b261a92)",other,,False,other
122440,122438,add number to options to documentation,other,,False,other
123380,123378,"chore(package): update standard to version 6.0.1

http://greenkeeper.io/",chore,package,False,tech_debt
123968,123966,testing out copy of yargs-parser that uses app-root-path,other,,False,other
124866,124864,removing cname from outdated repository,other,,False,other
128682,128680,"based on @nexdrew's code review, why use apply so much?",other,,False,other
129412,129410,update documentation and changelog in prep for 3.29.0,other,,False,other
129441,129439,bumped version of cliui,other,,False,other
130063,130061,Add failing test to show that errors are outputted twice when exitProcess=false,other,,False,other
131384,131382,nyc that has better default exclude rules,other,,False,other
133765,133763,test for overriding boolean config in cli,other,,False,other
134093,134091,fix copy-pasta error in es.json,other,,False,other
134663,134661,add new methods to README.md,other,,False,other
136392,136390,a few fixes for completion brought about by #177,other,,False,other
137778,137776,"fixed tests, switched to nyc for coverage, fixed security issue, added Lin as collaborator",other,,False,other
137883,137881,allow a handler to be associated with a command see #156,other,,False,other
138705,138703,confirmed that breaking the standard style breaks the Travis build,other,,False,other
140244,140242,slight tweak to README.,other,,False,other
141884,141882,"major refactor of index.js, in prep for 3.x release.",other,,False,other
143019,143017,revert automatic whitespace fixes in index.js,other,,False,other
144709,144707,Added contributors section to package.json,other,,False,other
128344,128342,Readme: Update redirects,other,,False,other
129797,129795,tests for usage alignment related to ansi colors,other,,False,other
131971,131969,multiple os should now work,other,,False,other
133178,133176,Fixes capitalization and removes the random %s =),other,,False,other
133194,133192,Merge branch 'master' of https://github.com/codemonkey3045/yargs into codemonkey3045-master,other,,False,other
133314,133312,"upgraded standard, fixed a couple new nits",other,,False,other
135072,135070,restore bitwise not,other,,False,other
135660,135658,upgrade to new nyc,other,,False,other
136027,136025,Enable completion of options for commands,other,,False,other
137158,137156,force a build,other,,False,other
139766,139764,"validation/demand: fail without message if msg is null

test null msg for demand

test/usage: test demand with null msg",other,,False,other
141279,141277,fix my english.,other,,False,other
141902,141900,"removed process.stdout.write, isolated console output into usage.js",other,,False,other
142312,142310,remove mocha.opts.,other,,False,other
143447,143445,Mention .option in README,other,,False,other
1734,1732,docs: fix various typos in source code,docs,,False,docs
2078,2076,"docs(wrap): clarify terminalWidth() is an instance method (#2477)

The .wrap() docs example showed yargs.terminalWidth() which reads as a
static call and breaks at runtime (TypeError: not a function).

.terminalWidth() is an instance method. Update the example to use
yargsInstance.terminalWidth() and add a note showing the correct
pattern for the chained API.",docs,wrap,False,docs
2127,2125,chore: pin enough dependecies to build on clean install,chore,,False,tech_debt
4565,4563,chore(deps): update dependency cross-env to v10,chore,deps,False,tech_debt
4942,4940,fix prettier,other,,False,other
5974,5972,build: fiddling with build settings,build,,False,tech_debt
6105,6103,chore: add test for helpers.mjs,chore,,False,tech_debt
6137,6135,build: are we pulling in a newer version of 22,build,,False,tech_debt
6374,6372,deps: remove now unused deps,other,,False,other
6390,6388,docs: recombined CHANGELOGs,docs,,False,docs
6414,6412,test: --experimental-require-module no longer required,test,,False,tech_debt
6498,6496,chore(deps): update dependency mocha to v11,chore,deps,False,tech_debt
6579,6577,fix(build): address problems with typescript compilation,fix,build,False,bug_fixes
6616,6614,chore: address failing coverage,chore,,False,tech_debt
7774,7772,fix eslint rule error,other,,False,other
10227,10225,Merge branch 'main' into main,other,,False,other
10705,10703,doc: switch legacy .argv to .parse(),other,,False,other
11349,11347,chore: rebase,chore,,False,tech_debt
15658,15656,chore(main): release 17.6.2,chore,main,False,tech_debt
15950,15948,chore(deps): update dependency @types/node to v18,chore,deps,False,tech_debt
16304,16302,"Update cs.json

Removing an extra comma at the end of the line.",other,,False,other
17348,17346,"docs: add Typescript example for .terminalWidth()

Add example note of `.wrap()` method usage with `.terminalWidth()`.

Ref: https://github.com/yargs/yargs/pull/165#issuecomment-1214959504",docs,,False,docs
19161,19159,fix: add browser.d.ts to package.json `files`,fix,,False,bug_fixes
19235,19233,chore(main): release 17.5.0,chore,main,False,tech_debt
19897,19895,chore: format all possible files with prettier,chore,,False,tech_debt
20000,19998,fixup! fix: dont clobber description for multiple option calls,other,,False,other
20155,20153,"chore: Set permissions for GitHub actions

 Restrict the GitHub token permissions only to the required ones; this way, even if the attackers will succeed in compromising your workflow, they won’t be able to do much.

- Included permissions for the action. https://github.com/ossf/scorecard/blob/main/docs/checks.md#token-permissions

https://docs.github.com/en/actions/using-workflows/workflow-syntax-for-github-actions#permissions

https://docs.github.com/en/actions/using-jobs/assigning-permissions-to-jobs

[Keeping your GitHub Actions and workflows secure Part 1: Preventing pwn requests](https://securitylab.github.com/research/github-actions-preventing-pwn-requests/)

Signed-off-by: naveensrinivasan <172697+naveensrinivasan@users.noreply.github.com>",chore,,False,tech_debt
20491,20489,Merge branch 'main' into fix-async-middleware,other,,False,other
21087,21085,Merge branch 'main' into hide-option-extras,other,,False,other
21548,21546,chore: newline,chore,,False,tech_debt
21719,21717,chore: initial version of developing.md,chore,,False,tech_debt
22066,22064,Fix declare,other,,False,other
22124,22122,Merge branch 'main' into feat-browser-typings,other,,False,other
24598,24596,fix: preserve failMessage from showHelpOnFail,fix,,False,bug_fixes
24975,24973,fixes,other,,False,other
26366,26364,Merge branch 'main' into main,other,,False,other
26849,26847,"fix(docs): stop advertising .argv property

Refs #2035",fix,docs,False,bug_fixes
27698,27696,Merge branch 'master' into update-example,other,,False,other
27757,27755,feat: autocomplete choices for options,feat,,False,feature_work
28071,28069,handle prototype based accessors,other,,False,other
28489,28487,fixes,other,,False,other
28601,28599,Merge branch 'master' into fix-boolean-strict-bug,other,,False,other
28623,28621,Merge branch 'master' into fix-boolean-strict-bug,other,,False,other
29022,29020,nested example,other,,False,other
29320,29318,"oops, this isn't golang",other,,False,other
29438,29436,Merge branch 'master' into fix-implies-key-exists-check,other,,False,other
29527,29525,Merge branch 'master' into release-v17.1.0,other,,False,other
29805,29803,fixes,other,,False,other
31841,31839,docs: move hideBin down a bit,docs,,False,docs
33849,33847,add ukrainian locale,other,,False,other
33857,33855,add translation for example word,other,,False,other
34158,34156,Merge branch 'master' into async-builder,other,,False,other
34398,34396,Merge branch 'master' into fix-1820,other,,False,other
34584,34582,docs: fix typo,docs,,False,docs
35101,35099,test: flesh out missing tests,test,,False,tech_debt
35721,35719,Merge branch 'master' into enable-fallback-to-standard-completion,other,,False,other
37927,37925,Standardx 7.0.0,other,,False,other
37943,37941,Fix help/version option description not showing,other,,False,other
38005,38003,Merge branch 'master' of https://github.com/yargs/yargs,other,,False,other
38435,38433,chore: add a couple notes for future work,chore,,False,tech_debt
38484,38482,feat: implement getHelp() functionality,feat,,False,feature_work
39522,39520,docs: truncate CHANGELOG,docs,,False,docs
39821,39819,fix(deno): get yargs working on deno@1.5.x,fix,deno,False,bug_fixes
40546,40544,"chore(deps): update `cliui`, `escalade`, `y18n`, `yargs-parser`

See https://github.com/yargs/yargs/pull/1776, https://github.com/yargs/yargs-parser/pull/333, https://github.com/yargs/cliui/pull/91, https://github.com/lukeed/escalade/pull/6",chore,deps,False,tech_debt
40812,40810,build(linter): switch to gts/standardx for linting,build,linter,False,tech_debt
41356,41354,Merge branch 'master' into expose-hide-bin,other,,False,other
42938,42936,feat: i18n for ESM and Deno,feat,,False,feature_work
43282,43280,feat: tweaks to API surface based on user feedback,feat,,False,feature_work
44201,44199,docs: document new functionality,docs,,False,docs
44935,44933,Update CHANGELOG.md,other,,False,other
44943,44941,Update CHANGELOG.md,other,,False,other
45388,45386,updated CHANGELOG.md [ci skip],other,,False,other
45619,45617,add examples test,other,,False,other
46106,46104,WIP: fix export signature,wip,,False,tech_debt
46245,46243,fix(completion): argv used by completion can be a promise,fix,completion,False,bug_fixes
46269,46267,fix(yargs): options.configObjects is not a parsing hint array,fix,yargs,False,bug_fixes
46576,46574,"Revert ""fix(strictCommands): report unknown argument instead of unknown command if no subcommands configured (#1629)""

This reverts commit 943375221e90fcca86b45545c7c9c91e119e6fac.",other,,False,other
46875,46873,build: switch to action for release-please,build,,False,tech_debt
47038,47036,fix(ts): _runValidation now has a 5th isDefaultCommand param,fix,ts,False,bug_fixes
47340,47338,docs(api): clarify `.parse()` description further,docs,api,False,docs
47612,47610,"docs(api): link to other Yargs documentation

The Yargs Docs page at https://yargs.js.org/docs/ is built from `api.md` (as can be seen in `_layouts/docs.html` in https://github.com/yargs/yargs.github.io/). This means that when browsing the Yargs website, it looks like the API docs are the only documentation Yargs has. These links make the other documents discoverable.",docs,api,False,docs
49738,49736,updated CHANGELOG.md [ci skip],other,,False,other
50416,50414,chore(ts): tsify lib/obj-filter,chore,ts,False,tech_debt
50432,50430,chore(ts): tsify lib/process-argv,chore,ts,False,tech_debt
51001,50999,WIP: rename test/is-promise,wip,,False,tech_debt
51560,51558,updated CHANGELOG.md [ci skip],other,,False,other
51666,51664,Merge branch 'master' into coverage-enforcement,other,,False,other
55793,55791,Merge branch 'master' into docs/readme_docs,other,,False,other
55805,55803,Merge branch 'master' into docs/readme_docs,other,,False,other
57978,57976,feat(deps)!: yargs-parser now throws on invalid combinations of config,feat,deps,True,feature_work
58945,58943,"tests(completion): await command handlers impacts

4 broken tests are skipped, to be fixed in following commits",other,,False,other
59001,58999,"tests(usage): fix incorrect tests

Fix 25 broken tests expecting parse() to return a result
after calling process.exit, which was only a side effect of old checkUsage()
not to occur in real life",other,,False,other
59025,59023,"test(middleware): remove never reached expectation

done() is called before should.be.rejected (and not sould) is evaluated.
Moreover, it should not be rejected as there is no rejection when
there is a fail callback",test,middleware,False,tech_debt
59293,59291,test: new sleep helper function for async tests,test,,False,tech_debt
62229,62227,docs: update argument type descriptions of .options(),docs,,False,docs
129,127,Keep long commands readable in help,other,,False,other
664,662,"fix: reveal hidden options with --show-hidden when strip-dashed is set

Signed-off-by: Charlie Tonneslan <cst0520@gmail.com>",fix,,False,bug_fixes
1223,1221,Fix negative boolean option completion,other,,False,other
1884,1882,docs: add richer completion example,docs,,False,docs
2119,2117,chore: update rollup-plugin-ts to fix build,chore,,False,tech_debt
2594,2592,chore(deps): update dependency c8 to v11,chore,deps,False,tech_debt
5227,5225,test: add test to catch the issue and make sure it support absolute dirs,test,,False,tech_debt
5462,5460,docs: do not imply that commandDir does not work for ESM,docs,,False,docs
6080,6078,chore: use v23 on windows too,chore,,False,tech_debt
6406,6404,docs: update typescript.md,docs,,False,docs
6438,6436,feat: add back support for include / exclude,feat,,False,feature_work
6783,6781,"docs: improve readme

Add information about `-deno` in the end of version tag url for deno.land",docs,,False,docs
6982,6980,Merge branch 'main' into patch-1,other,,False,other
7574,7572,Review fixes,other,,False,other
7719,7717,Merge branch 'main' into patch-1,other,,False,other
8827,8825,attempt a fix,other,,False,other
10556,10554,Update lib/platform-shims/browser.mjs,other,,False,other
11190,11188,Merge branch 'main' into use-test-config-for-watch,other,,False,other
11819,11817,Merge branch 'main' into remove-coveralls,other,,False,other
12389,12387,Merge branch 'main' into feature/watch,other,,False,other
12758,12756,chore: lint fix,chore,,False,tech_debt
13133,13131,"Align Deno yargs_parser version with package.json version.

Refs https://github.com/yargs/yargs/issues/2136 and
https://github.com/yargs/yargs/pull/2231/files where it looks like the
Deno shim got missed in the version bump.

This should allow `.env()` to work in Deno resolving the original
https://github.com/yargs/yargs/issues/2136 issue.",other,,False,other
13338,13336,"fix: address display bug with default sub-commands

freeze() was not being called prior to reset(), resulting in display
issues for default sub-commands.

Fixes #2291",fix,,False,bug_fixes
14460,14458,feat: add method to hide option extras (#2156),feat,,False,feature_work
14492,14490,"- add support for completions in `fish` shell
- add scripts making `dev` a bit easier

To use with `fish`, in fish shell, run `<app-name> completion >> ~/.config/fish/config.fish`",other,,False,other
14744,14742,chore(deps): update dependency rollup to v3,chore,deps,False,tech_debt
15618,15616,Merge branch 'main' into fix/esm-version,other,,False,other
16767,16765,"build: harden release-please.yml permissions
Signed-off-by: Alex <aleksandrosansan@gmail.com>",build,,False,tech_debt
19035,19033,refactor: make isDefaulted private,refactor,,False,tech_debt
19099,19097,chore(main): release 17.5.1,chore,main,False,tech_debt
19150,19148,"fix: missing yargs.mjs

Due to the `yargs.mjs` file not being published, the fix merged with #2151 is not effective yet. This change should fix that.

```
Cannot find module './node_modules/yargs/yargs.mjs' imported from ./cli.js
```",fix,,False,bug_fixes
20458,20456,cleanup,other,,False,other
21099,21097,Merge branch 'main' into hide-option-extras,other,,False,other
21107,21105,Merge branch 'main' into hide-option-extras,other,,False,other
21954,21952,Add more complex example for typescript,other,,False,other
22057,22055,Add browser.d.ts and check for existence of Error.captureStackTrace(),other,,False,other
24124,24122,"Update ko.json

fix comma",other,,False,other
24241,24239,fixes,other,,False,other
24432,24430,positional choices completion - cr fixes,other,,False,other
24877,24875,chore(main): release 17.3.0,chore,main,False,tech_debt
25263,25261,build: fix ts build errors,build,,False,tech_debt
26346,26344,Merge branch 'main' into main,other,,False,other
27662,27660,Remove unused var and add shebang,other,,False,other
27671,27669,Fix requires_arg example,other,,False,other
28277,28275,fix: positional array defaults should not be combined with provided values,fix,,False,bug_fixes
28530,28528,fix: array options should not eat posititionals,fix,,False,bug_fixes
28873,28871,fixes,other,,False,other
29232,29230,fixes,other,,False,other
29813,29811,fixes,other,,False,other
30180,30178,Merge branch 'master' of https://github.com/yargs/yargs into yargs-master,other,,False,other
31446,31444,lint,other,,False,other
31810,31808,Merge branch 'master' into small-simplifications,other,,False,other
32336,32334,build: ignore string-width,build,,False,tech_debt
32497,32495,Update api.md,other,,False,other
33591,33589,docs: slight tweak to documentation,docs,,False,docs
33740,33738,refactor: finish adding privacy,refactor,,False,tech_debt
34080,34078,"docs(usage): add return to fix TS inheritance

Should reflect solution of this issue: https://github.com/yargs/yargs/issues/1450",docs,usage,False,docs
37955,37953,Fix showhelp calling default command handler,other,,False,other
39226,39224,Merge branch 'master' into esm-command-directories,other,,False,other
39395,39393,docs: fix some typos,docs,,False,docs
41286,41284,docs: fix ordering,docs,,False,docs
41323,41321,chore: screen shot finally drove me up wall,chore,,False,tech_debt
41605,41603,Merge branch 'master' into docs/Add-Deprecate-To-Docs,other,,False,other
41666,41664,chore: remove only,chore,,False,tech_debt
42463,42461,fix: move yargs.cjs to yargs,fix,,False,bug_fixes
44078,44076,chore: finish isolating APIs that don't work in Deno or browser,chore,,False,tech_debt
46193,46191,refactor(yargs): move most of yargs to lib/yargs,refactor,yargs,False,tech_debt
47521,47519,Merge branch 'master' into api-docs-clarify-intro,other,,False,other
47558,47556,docs(api): describe process.argv handling more generally,docs,api,False,docs
48245,48243,chore(ts): inline sources and source maps in the build,chore,ts,False,tech_debt
48989,48987,"fix japanese for ""value""",other,,False,other
49616,49614,fix(parse-command): check that at least one command is given,fix,parse-command,False,bug_fixes
49640,49638,fix(argsert): remove unused last argument of argumentTypeError,fix,argsert,False,bug_fixes
49834,49832,chore(ts): tsify usage,chore,ts,False,tech_debt
49861,49859,chore(usage): remove forgotten unnecessary d.ts file,chore,usage,False,tech_debt
51285,51283,feat: deprecate command [WIP],feat,,False,feature_work
51413,51411,fix: should be coverage-image,fix,,False,bug_fixes
51634,51632,chore: fix coverage,chore,,False,tech_debt
52110,52108,fix(deps): update dependency yargs-parser to v18,fix,deps,False,bug_fixes
52332,52330,Merge branch 'master' into update-yargs-parser-17.0.1,other,,False,other
53104,53102,Merge branch 'master' into 1555-fix-french-translations,other,,False,other
55134,55132,Add Finnish localization (language code fi),other,,False,other
55960,55958,updated package.json [ci skip],other,,False,other
56646,56644,wip: move and copy files,wip,,False,tech_debt
56971,56969,updated CHANGELOG.md [ci skip],other,,False,other
57193,57191,"fix(deps): update to latest cliui, which drops Node 6",fix,deps,False,bug_fixes
57657,57655,refactor(command): rename finish command handler,refactor,command,False,tech_debt
57754,57752,feat: working on defaulted functionality,feat,,False,feature_work
58969,58967,tests(integration): await command handlers impacts,other,,False,other
59009,59007,"chore(tests): replace promisifyTest(, true) by should.be.rejected

It is more readable to explicitely write that a rejection is expected
instead of ignoring the rejection when it occurs.

Moreover, the corresponding tests now fail when there is no rejection,
which is what is expected.",chore,tests,False,tech_debt
59057,59055,"test(yargs): await command handlers impacts

2 broken tests, to be fixed in following commits",test,yargs,False,tech_debt
59172,59170,"feature(command): allow builder function to call a done callback

to align its async behavior with completion function",other,,False,other
62124,62122,build: attempt to demonstrate nyc windows bug,build,,False,tech_debt
64737,64735,docs: fix emphasis of note to .parserConfiguration,docs,,False,docs
65077,65075,fix(deps): yargs-parser update addressing several parsing bugs,fix,deps,False,bug_fixes
65963,65961,docs: restore removed changelog of v13.2.0,docs,,False,docs
66669,66667,"Change the label for ""Implications failed:"" in English

The word ""implications"" is extremely confusing here. It is only people who know the Yargs API that understand that these are the dependencies created by the `implies()` method.
Users of the CLI have no idea what we are talking about.

This changes the label of the concept to ""required argument dependencies"".

This string is used in the code as the prelude to a list of ""implications"" that have failed, not a warning. The earlier form was more an expression of a warning. The new form is more an expression of a title of a list.",other,,False,other
67599,67597,I-1295 and I-1277: Update unit tests.,other,,False,other
67608,67606,I-1295 and I-1277: Fixes issue where completion.zsh.hbs is not published to npm.,other,,False,other
68078,68076,"chore: drop Node 6 from testing matrix

BREAKING CHANGE: dropping Node 6 which hits end of life in April",chore,,False,tech_debt
68209,68207,chore: switch back to latest nyc,chore,,False,tech_debt
68225,68223,chore: fix yaml,chore,,False,tech_debt
68336,68334,fix: middleware added multiple times due to reference bug,fix,,False,bug_fixes
69815,69813,Updated docs,other,,False,other
69908,69906,"what do you mean github PR reviewed code is immutable?! oi vey, whitespace. please squash this merge.",other,,False,other
70472,70470,Passing in yargs as second argument to middleware,other,,False,other
70942,70940,force rebuild,other,,False,other
74671,74669,I-1150: Add Redux for State Management,other,,False,other
74695,74693,I-1150: Add redux state management for usage.js.,other,,False,other
74711,74709,I-1150: Complete phase 1 redux integration in usage,other,,False,other
74823,74821,I-1150: Phase 3 - Parse issue.,other,,False,other
74847,74845,I-1150: Phase 3 - Fix spec failure.,other,,False,other
74939,74937,I-1150: Add Redux for State Management,other,,False,other
75035,75033,I-1150: Phase 3 - Destructure dispatch and getState from store.,other,,False,other
75083,75081,I-1150: Phase 3 - Parse issue.,other,,False,other
75131,75129,I-1150: Phase 3 - Usage parse spec failure.,other,,False,other
75577,75575,I-1150: Fix context reducers conflicts.,other,,False,other
77152,77150,"retain middleware anchor

[ci skip]",other,,False,other
78227,78225,PR-AN-04: Update api.md.,other,,False,other
80520,80518,"Add documentation for array()

Add some useful documentation for when using array() with positional()",other,,False,other
82630,82628,Lint,other,,False,other
83723,83721,"On failures, if there's no message, log the error instead",other,,False,other
84627,84625,fix: the positional argument parse was clobbering global flag arguments,fix,,False,bug_fixes
84832,84830,"feat(translation): Add pt-BR translation to #976

Add the Brazilian Portuguese translation for the new `positional()` api.",feat,translation,False,feature_work
87000,86998,"add: multiple usage calls are now collected, not replaced",other,,False,other
87570,87568,fix: strict mode should not fail for hidden options,fix,,False,bug_fixes
90846,90844,docs: noodled on table-of-contents a bit more,docs,,False,docs
366,364,feat: support creating completions for fish shell,feat,,False,feature_work
383,381,Merge branch 'main' into pr/2495,other,,False,other
482,480,chore(deps): update dependency chalk to v6,chore,deps,False,tech_debt
949,947,Merge branch 'main' into nightt5879/docs-nargs-eats-options,other,,False,other
3735,3733,fix: prototype pollution vulnerability in apply-extends,fix,,False,bug_fixes
4069,4067,chore(deps): update dependency which to v6,chore,deps,False,tech_debt
5958,5956,test: continuing to migrate tests,test,,False,tech_debt
6030,6028,chore: addressing review,chore,,False,tech_debt
6604,6602,chore: address failing coverage,chore,,False,tech_debt
6795,6793,fix: remove example and explains only flag info,fix,,False,bug_fixes
8521,8519,chore(deps): update dependency chalk to v5,chore,deps,False,tech_debt
9152,9150,chore: get tests passing,chore,,False,tech_debt
9238,9236,chore: update release please version,chore,,False,tech_debt
10713,10711,Reverse changes and wait for formatting,other,,False,other
12836,12834,Merge branch 'main' into main,other,,False,other
14476,14474,fix: copy the description of the option to its alias in completion (#2269),fix,,False,bug_fixes
14678,14676,chore(deps): update dependency which to v3,chore,deps,False,tech_debt
16758,16756,"build: harden ci.yaml permissions
Signed-off-by: Alex <aleksandrosansan@gmail.com>",build,,False,tech_debt
16810,16808,Fix objectKeys types,other,,False,other
17930,17928,fix(deno): use 'globalThis' instead of 'window' (#2186),fix,deno,False,bug_fixes
20466,20464,Merge branch 'main' into fix-async-middleware,other,,False,other
20523,20521,Merge branch 'main' into fix-async-middleware,other,,False,other
21338,21336,fixes,other,,False,other
22182,22180,Merge branch 'main' into hidden-options-2142,other,,False,other
23794,23792,fix!: provided values should not be combined with config values,fix,,True,bug_fixes
23935,23933,Merge branch 'main' into fix-config-and-variadic-args,other,,False,other
24407,24405,completion for positional parameters with options,other,,False,other
24449,24447,Merge branch 'main' into positional-completion,other,,False,other
24808,24806,Merge branch 'main' into choices-completion-improvements,other,,False,other
25836,25834,"Improve bash completion

If you do not generate a completion entry, use the default bash completion. If that also does not return a completion,
fall back to ""readline"" default filename completion.

This allows you to complete on for example environment variables:
mycommand --option $OPT<tab> would complete to mycommand --option $OPTION if there was an environment variable
called OPTION set.",other,,False,other
26232,26230,Merge branch 'main' into patch-1,other,,False,other
26316,26314,"Don't fail if  ""fileURLToPath(import.meta.url)"" throws for esm for usage like:
 - built final project used in a javascript vm
 - project built on unix via webpack and used on windows (path format are incompatible with drive letters on windows)",other,,False,other
29224,29222,tests,other,,False,other
29259,29257,Merge branch 'master' into fix-version-name-collision-bug,other,,False,other
29420,29418,addressed PR comment,other,,False,other
29573,29571,chore: release 17.0.2,chore,,False,tech_debt
29931,29929,fixes,other,,False,other
30627,30625,refactor: small simplifications 2,refactor,,False,tech_debt
32995,32993,Merge branch 'master' into patch-1,other,,False,other
35339,35337,refactor: simplify/fix linting,refactor,,False,tech_debt
35415,35413,"fix: always cache help message when running commands

Prior to this fix, we only cached the help message for commands
when using async commands. I believe we always want to cache the
help message for cases like #1853.

Fixes #1853",fix,,False,bug_fixes
36115,36113,Merge branch 'master' of https://github.com/yargs/yargs into commands-syntax,other,,False,other
37389,37387,update y18n,other,,False,other
37688,37686,Add tests related to showVersion function,other,,False,other
37734,37732,npm run fix,other,,False,other
38413,38411,fix: address bug with execution order,fix,,False,bug_fixes
39454,39452,fix(deno): move types to better named file,fix,deno,False,bug_fixes
39765,39763,Merge branch 'master' into release-v16.1.1,other,,False,other
41315,41313,feat: expose hideBin helper for CJS,feat,,False,feature_work
41396,41394,Merge branch 'master' into expose-hide-bin,other,,False,other
42471,42469,chore: update tests,chore,,False,tech_debt
42824,42822,fix: chore missing file in exports,fix,,False,bug_fixes
43512,43510,Merge branch 'master' into master,other,,False,other
44001,43999,feat!: adds support for ESM and Deno,feat,,True,feature_work
44045,44043,chore: minify output code,chore,,False,tech_debt
44070,44068,chore: walk back decision to minify; pull in cliui,chore,,False,tech_debt
44118,44116,chore: don't try to compile deno files,chore,,False,tech_debt
45864,45862,chore: remove old entries from `files` field in `package.json,chore,,False,tech_debt
46431,46429,"fix(ts): /bin/bash is yargs specific, not coming from yargs-parser",fix,ts,False,bug_fixes
46463,46461,doc(typo): fixed typo in comment,other,,False,other
46979,46977,WIP: rename lib/command,wip,,False,tech_debt
48314,48312,Group yargs type definitions and helpers,other,,False,other
48797,48795,"feat: Deprecate Command

Shows a [deprecated] notice in front of a command

* Added a 5th argument in `.command(..., deprecated: boolean|string)`
* Added a key in : `.command({...module, deprecated: boolean|string})`
* Fix, add tests
* Readme

Work towards #1518",feat,,False,feature_work
49313,49311,chore(ts): tsify lib/validation,chore,ts,False,tech_debt
49826,49824,WIP: rename lib/usage,wip,,False,tech_debt
49957,49955,"fix(dependencies): updgrade yargs-parser to fix #1602

Fix #1602",fix,dependencies,False,bug_fixes
50095,50093,refactor(ts): get rid of Partial for self type,refactor,ts,False,tech_debt
50141,50139,WIP: add test to reproduce #1598,wip,,False,tech_debt
50376,50374,WIP: rename lib/completion-templates,wip,,False,tech_debt
51311,51309,Merge branch 'master' into feat/deprecateCommand,other,,False,other
52316,52314,fix(deps): fix enumeration for normalized path arguments,fix,deps,False,bug_fixes
53782,53780,chore: add renovate config,chore,,False,tech_debt
54120,54118,Merge branch 'master' into doc-1534-do-not-use-exitprocess-false-with-async-command-handlers,other,,False,other
55314,55312,add: link to replit run,other,,False,other
56179,56177,updated CHANGELOG.md [ci skip],other,,False,other
56210,56208,test: reproduce issue #1434,test,,False,tech_debt
56218,56216,"fix: provide parsed to completion before unfreezing it

As completion needs parsed.aliases to complete options",fix,,False,bug_fixes
56443,56441,docs: describe yargs.async API surface,docs,,False,docs
57201,57199,chore: update additional deps,chore,,False,tech_debt
57239,57237,Rename .js to .ts ; part 1 (split into multiple commits so that git can follow the history),other,,False,other
58680,58678,"Add missing french translation

Add missing french translation for this message : ""Arguments %s and %s are mutually exclusive""",other,,False,other
59081,59079,"test(command): 2nd review for await command handler impacts

Fixed some missing await and done",test,command,False,tech_debt
59269,59267,chore(middleware): remove forgotten TODO,chore,middleware,False,tech_debt
60199,60197,doc(webpack): keep only yargs as external dep,other,,False,other
60849,60847,modify language names,other,,False,other
61446,61444,"Removed ""default: false"" on verbose.

Removed ""default: false"" on verbose. I was mildly confused when I copied the example and called it with `-v`, expecting no value to default the value to true. However it appears as if the default value overrides both the ""not passed"" value, and the ""passed with no value"" parameter. This makes me believe ""default: false"" should never be used, as the default of default is effectively false.

At the very least I believe it shouldn't be part of the example in the README, especially on conjunction with the verbose parameter, which makes a program that uses verbose differently than any program I have ever seen.",other,,False,other
62181,62179,"docs: note about parse() callback output parameter contents

Add a note precising the output parameter of a parse() callback only
contains text output by yargs internal logger.",docs,,False,docs
62237,62235,docs: reorder API calls,docs,,False,docs
63782,63780,docs: typescript,docs,,False,docs
64453,64451,"fix (singletonify): parsed frozen to false (#1144)

singletonify() used to set Argv's properties to the singleton's
properties values _at the time of Argv's last call_.

So Argv's properties and the singleton's ones diverged
afterwards, such as parsed after a call to parse, still false
in Argv.parsed, not in singleton.parse.

singletonify() now adds setters to Argv instead, looking for the
value of the corresponding property in the singleton _at the time
the property is used_.",other,,False,other
66184,66182,fix: Upgrade cliui for compatibility with latest chalk.,fix,,False,bug_fixes
66677,66675,"Change the label for ""Implications failed:"" to ""Missing dependent arguments:"", as discussed in PR",other,,False,other
66752,66750,"Make Dutch translation consistent, fix Dutch language errors, and make it real Dutch

- ""Commands:"" and ""command"" should be translated consistently (it was ""Opdrachten:"" and ""commando""); ""commando"" is much more appropriate in this context than ""opdracht""
- In Dutch, there is a difference between ""nummer"" and ""getal"". A ""nummer"" is used for the English ""digit"" ([0-9]). A ""getal"" is what is meant here (the type of all numbers)
- the translation of ""boolean"" is ""booleaans""
- ""string"" was translated as ""text"". ""text"" is not a Dutch word. In Dutch, ""text"" becomes ""tekst"". But a string is not a text.
   https://www.microsoft.com/en-us/language/Search?&searchTerm=number&langID=Dutch&Source=true&productid=All%20Products translates ""string"" to ""tekenreeks"", but that is
   hypercorrect. Nobody uses that term. In Dutch, we just use the English term ""string"" colloquially.
- ""Non-option argument"" should be translated as ""niet-optie-argument"" (""niet"" instead  of ""non"")
- The sentence aspect of ""got %s, need at least %s"" and ""got %s, maximum of %s"" was not translated sensibly
- ""Missing argument value: %s"" was not translated at all
- In the singular, there is no ending-'e' for an adjective if there is no article (""verplicht"")
- The plural form ""waarden"" of ""waarde"" (value) seems more appropriate here than the alternative ""waardes""
- The English word ""check"" can be used in Dutch to mean ""validation"", in the 1970's. In this century, we use ""controle"" colloquially. ""Validatie"", ""verificatie"", etc. are possible, but technical jargon
- ""Implications failed:"" is difficult to translate, because the English form is bad to start with. A literal translation is very awkward in Dutch. This string is used in the code as the
   prelude to a list of ""implications"" that have failed. A better English form would be ""Failed implications:"", and the new Dutch translation expresses that. Furthermore, the wordt ""implications"",
   in English, as well as in Dutch, is extremely confusing here. It is only people who know the Yargs API that understand that these are the dependencies created by the `implies()` method.
   Users of the CLI have no idea what we are talking about. Yet, until a better form is found in English, it is also kept in Dutch.
- In Dutch, we only know compound substantives, not concatenated substantives (""non-option argument"" -> ""niet-optie-argument"", ""Argument check"" -> ""Argumentcontrole"", ""JSON config file"" -> ""JSON-config-bestand"", ""version number"" -> ""versienummer"")
- Since the orginal text talks about the ""config file"", referring to the name of the file (`config`), the translation should do so too. It was ""configuratiebestand"", which is Dutch for ""configuration file"".
- There is no direct translation in Dutch for the idiom ""mutually exclusive"". The unclear attempt at doing a direct translation was replaced by an idiom that is used in Dutch, that is more descriptive.",other,,False,other
69761,69759,Revert whitespace,other,,False,other
70015,70013,"Added pre-checks-middlware that runs prior to validation checks, see https://github.com/yargs/yargs/issues/1254",other,,False,other
70269,70267,Fixes for merge conflicts from bug fixes on async middleware,other,,False,other
72217,72215,"Fixed type check in .middleware() method

`if (typeof callback === 'object')` should be `if (typeof callback === 'function')`

See Issue #1214 for details",other,,False,other
72789,72787,"fix: $0 contains first arg on bundled electron app

Default behavior of yargs is to take the first two args of process.argv
to put into $0 as this is usually the program to execute a script
e.g. 'node app.js' but for bundled electron apps this results in $0
being populated with not only the executing program but also the first
parameter. This fix modifies the check for node/iojs (and adds electron)
so in case of those 3, the executing program is skipped in $0 as it was
before, but in case where a bundled app is executed, the first parameter
is skipped.

This is only a cosmetic change for proper help printouts which use $0
A manual yargs.parse(process.argv.slice(1)) is still necessary for
electron not to skip the first parameter, during parsing",fix,,False,bug_fixes
73226,73224,Fix: conflicts didn't work for values in nested objects,fix,,False,bug_fixes
74276,74274,I-1150: Increase coverage for reducers/usage.js,other,,False,other
74767,74765,I-1150: Phase 3 - Destructure dispatch and getState from store.,other,,False,other
74871,74869,I-1150: Phase 3 - Migrate usage commands to state.,other,,False,other
75561,75559,I-1150: Add Unit tests for context reducers and action creators.,other,,False,other
75761,75759,I-1150: Fix specs.,other,,False,other
75793,75791,I-1150: Resolve comments.,other,,False,other
77178,77176,retain original heading length,other,,False,other
77847,77845,PR-AN-03: Update API readme.,other,,False,other
77899,77897,PR-AN-01: Fix AppVeyour.,other,,False,other
78490,78488,PR-AN-01: Remove spread operator for Node 4 comp.,other,,False,other
80573,80571,fix: avoid resolving incorrect config directory when require.main does not exist,fix,,False,bug_fixes
140228,140226,implemented completion functonality.,other,,False,other
140260,140258,slight tweak to tests now that we've patched singleton bug,other,,False,other
140327,140325,set placeholders for all keys see #115,other,,False,other
140733,140731,retire string see #106,other,,False,other
140933,140931,"implemented nargs features, which helps to solve several ambiguity problems",other,,False,other
141454,141452,allow a description to be provided for a default value.,other,,False,other
141793,141791,"fix dot-notation logic, surrounding flag variables",other,,False,other
142201,142199,added coverage badge,other,,False,other
142217,142215,make sure coverage command is working.,other,,False,other
142786,142784,fixes https://github.com/chevex/yargs/issues/71,other,,False,other
143399,143397,End --version output with newline,other,,False,other
144920,144918,"Fix #31 (bad interaction between camelCase options and strict mode)

The change makes strict mode pick up any aliases added by the parsing
code.",other,,False,other
145260,145258,"Added .strict() method, to report error if unknown arguments are given",other,,False,other
3462,3460,"fix(completion): default boolean-negation to true per yargs-parser default

Use ?? true so --no-<flag> suggestions apply when boolean-negation is
not explicitly configured, matching yargs-parser's default behavior.

Suggested by @shadowspawn.",fix,completion,False,bug_fixes
3961,3959,feat: support creating completions for fish shell,feat,,False,feature_work
4103,4101,"Fix .wrap() docs

Fixes #2477",other,,False,other
5608,5606,fix(browser): fix shims so that yargs continues working in browser context,fix,browser,False,bug_fixes
6235,6233,docs: updating docs,docs,,False,docs
6246,6244,docs: update README to be ESM first,docs,,False,docs
6525,6523,chore(deps): update dependency gts to v6,chore,deps,False,tech_debt
7642,7640,Merge branch 'main' into patch-1,other,,False,other
8617,8615,chore(deps): update dependency eslint to v9,chore,deps,False,tech_debt
8859,8857,Update lib/completion.ts,other,,False,other
9107,9105,Merge branch 'main' into docs/inquirer,other,,False,other
9214,9212,build: pin to older rollup-plubin-ts,build,,False,tech_debt
10591,10589,chore(deps): update dependency gts to v5,chore,deps,False,tech_debt
11702,11700,fix: move `types` condition to the front where needed,fix,,False,bug_fixes
12723,12721,fix: add callback for showHelp,fix,,False,bug_fixes
12985,12983,Merge remote-tracking branch 'upstream/main' into fix/2307,other,,False,other
14777,14775,chore(deps): update dependency mocha to v10,chore,deps,False,tech_debt
14837,14835,Update dependency chalk to v5,other,,False,other
17005,17003,Merge branch 'main' into patch-1,other,,False,other
17360,17358,Merge branch 'main' into patch-1,other,,False,other
18011,18009,fix: correctly handle demanded options,fix,,False,bug_fixes
18881,18879,chore(deps): update dependency rollup-plugin-ts to v3,chore,deps,False,tech_debt
19527,19525,fix: prevent infinite loop with locale,fix,,False,bug_fixes
20024,20022,Merge branch 'main' into lk/2169-clobber-descr,other,,False,other
20834,20832,Merge branch 'main' into jg_fix_completion_installation_instructions,other,,False,other
20990,20988,Merge branch 'main' into remove-console-log,other,,False,other
21025,21023,Add method to hide option extras,other,,False,other
21668,21666,chore: devcontainer config,chore,,False,tech_debt
22754,22752,"event.keyCode is deprecated, use new `.code` API

Some browser don't support `code` so I added a fallback for `keyCode`",other,,False,other
23693,23691,chore(main): release 17.3.1,chore,main,False,tech_debt
24048,24046,"fix(translations): correct Korean translation

adapted following rules

boolean: '불리언' (ko wikipedia common)
default: '기본값'
argument: '인수' (parameter: '인자, 매개변수')
choices: '선택지'
given: '주어진'
missing: '주어지지 않은'  (the oppsite of given)
unknown: '알 수 없는'
invalid: '유효하지 않은'
version number: '버전'
mutually exclusive: '동시제 지정할 수 없-'
+ Added appropriate postpositions

Translating ""deprecated"" and ""deprecated: %s"" is out of my consideration as I couldn't describe them as no short sentences.",fix,translations,False,bug_fixes
25188,25186,chore: release 17.3.0,chore,,False,tech_debt
25279,25277,fixes,other,,False,other
27261,27259,Upgrade string-width,other,,False,other
27370,27368,feat(usage): output the environment variable name,feat,usage,False,feature_work
28827,28825,chore(deps): update dependency @types/mocha to v9,chore,deps,False,tech_debt
29291,29289,fixes,other,,False,other
29299,29297,fixes,other,,False,other
29923,29921,fix: strict should fail unknown arguments,fix,,False,bug_fixes
30164,30162,"Upgrade levenshtein to damerau-levenshtein

Allow for transpositions",other,,False,other
31171,31169,Update README.md,other,,False,other
31474,31472,refactor: simplify checks in middleware tests,refactor,,False,tech_debt
31833,31831,"docs: document hideBin

Fixes #1871",docs,,False,docs
32174,32172,chore: release 16.x.x,chore,,False,tech_debt
32578,32576,"fix(builder): apply default builder for showHelp/getHelp

Fixes #1912",fix,builder,False,bug_fixes
32945,32943,Update yargs-factory.ts,other,,False,other
33037,33035,Merge branch 'master' into patch-1,other,,False,other
33376,33374,docs(webpck): add updated docs on webpack,docs,webpck,False,docs
33748,33746,refactor: simplify wrapper logic,refactor,,False,tech_debt
34134,34132,test: fleshing out tests for async builder,test,,False,tech_debt
34433,34431,test: update test to demonstrate supported approach,test,,False,tech_debt
35005,35003,chore: configure backports,chore,,False,tech_debt
35058,35056,feat: implementing coerce as middleware,feat,,False,feature_work
38159,38157,Merge branch 'fix-883',other,,False,other
38263,38261,chore: revert unrelated change,chore,,False,tech_debt
39560,39558,chore: update linters,chore,,False,tech_debt
50654,50652,chore: amend CHANGELOG,chore,,False,tech_debt
50689,50687,fix: __proto__ will now be replaced with ___proto___ in parse,fix,,False,bug_fixes
50790,50788,chore(linting): switch from standard to gts 2.x,chore,linting,False,tech_debt
50798,50796,chore(linting): automated linting with gts fix,chore,linting,False,tech_debt
52522,52520,Merge branch 'master' into 1562-do-not-translate-option-group-names,other,,False,other
52610,52608,"fix(translations): add French translation for unknown command

Fix 1560",fix,translations,False,bug_fixes
53044,53042,"fix(locales): a space is required before ':' in French

fix #1555",fix,locales,False,bug_fixes
54097,54095,fix: help always displayed for the first command parsed having an async handler (#1535),fix,,False,bug_fixes
54316,54314,Add tests to reproduce issue 1533,other,,False,other
55466,55464,feature(completion): takes negated flags into account when boolean-negation is set,other,,False,other
55527,55525,"fix: populate positionals when unknown-options-as-args is set

Closes #1444",fix,,False,bug_fixes
55869,55867,Merge branch 'master' into docs/bad_urls,other,,False,other
56315,56313,test: reproduce issue #1454,test,,False,tech_debt
56323,56321,"fix: show 2 dashes on usage for single digit key or alias

To be coherent with what yargs/parser considers as a single dash key",fix,,False,bug_fixes
57158,57156,updated package.json [ci skip],other,,False,other
57762,57760,chore: continue implementing detailed parse option,chore,,False,tech_debt
57803,57801,Merge branch 'master' into was-defaulted,other,,False,other
57908,57906,Merge branch 'master' into was-defaulted,other,,False,other
58953,58951,"feature(completion): remove done callback from getCompletion now it is async

Allows 3 of the 4 broken tests to be OK back",other,,False,other
59065,59063,"tests(yargs): fix incorrect test

Fix 1 broken test expecting parse() to return a result
after calling process.exit, which was only a side effect of old checkUsage()
not to occur in real life",other,,False,other
59191,59189,"feature(command): allow handler function to call a done callback

To align its async behavior with completion and builder functions.",other,,False,other
60229,60227,doc(webpack): ignore dynamic module loading warnings,other,,False,other
62789,62787,Minor fix,other,,False,other
67878,67876,Added initial skeleton test for completion script,other,,False,other
68201,68199,upgrade nyc,other,,False,other
68396,68394,doc: update docs to reflect new parserConfiguration method,other,,False,other
70354,70352,renamed pre-check to before validation,other,,False,other
72739,72737,"Improve Norwegian Nynorsk translations

Fixed a typo and made ""argument sjekk"" one word, which should be
more grammatically correct.",other,,False,other
74244,74242,I-1150: Fix context reducers conflicts.,other,,False,other
74412,74410,I-1150: Phase 3 - Migrate usage examples to state.,other,,False,other
74504,74502,"Fix breaking change note in CHANGELOG.md

Earlier in the changelog for 12.0.0 it mentions that Node 6 was _added_ to the testing matrix, then under breaking changes it says the opposite. I _believe_ that the breaking change section intended to say that Node 4 was dropped (it is EOL after all) not Node 6.",other,,False,other
74903,74901,I-1150: Phase 3 - Migrate usage examples to state.,other,,False,other
74947,74945,I-1150: Add Unit tests for reducers and action creators.,other,,False,other
75721,75719,I-1150: Phase 3 - Migrate usage commands to state.,other,,False,other
75745,75743,I-1150: Phase 3 - Migrate usage examples to state.,other,,False,other
77536,77534,"Merge pull request #2 from aorinevo/FEATURE/PR-AN-02_master_AN_name_scope

PR-AN-02: Add name scope for  NPM package.",other,,False,other
77996,77994,PR-AN-06: Refactor yargs.js into files by method.,other,,False,other
79295,79293,Remove the trailing white spaces from the help output,other,,False,other
79538,79536,Added Brace document build setup,other,,False,other
80601,80599,"test: add no-extension integration test

- Verifies that find-up can deal with non-directory startDir
- Removes process.chdir() in integration test helper in favor of opts.cwd",test,,False,tech_debt
84477,84475,fix: use correct completion command in generated completion script,fix,,False,bug_fixes
84955,84953,#976 add ko translation,other,,False,other
85477,85475,feat: start showing -bash as part of command description,feat,,False,feature_work
86239,86237,chore: writing documentation,chore,,False,tech_debt
88052,88050,Merge branch 'master' into feature/add-explicit-run-method,other,,False,other
88125,88123,"chore: add support for context object, fiddle with documentation more",chore,,False,tech_debt
88863,88861,Merge branch 'master' into master,other,,False,other
93508,93506,Enable dynamic keys for config extension,other,,False,other
95178,95176,"docs: env vars now take precedence over config file/objects

[skip ci]",docs,,False,docs
97580,97578,chore: continuing to add argument validation to yargs,chore,,False,tech_debt
97758,97756,docs: remove demand examples,docs,,False,docs
98031,98029,"fix: pull in yargs-parser with modified env precedence (#787)

BREAKING CHANGE: environment variables now take precedence over config files.",fix,,False,bug_fixes
98058,98056,fix: context variables are now recognized in strict() mode (#796),fix,,False,bug_fixes
98074,98072,fix: errors were not bubbling appropriately from sub-commands to top-level (#802),fix,,False,bug_fixes
100561,100559,Fix,other,,False,other
100882,100880,feat: allow strict mode to be applied globally,feat,,False,feature_work
102561,102559,provide examples for separate demand apis,other,,False,other
104401,104399,test edge cases for exitProcess and parseFn,other,,False,other
104589,104587,russian translation for the locales,other,,False,other
104636,104634,russian translation for the locales,other,,False,other
105599,105597,"chore(package): update standard-version to version 3.0.0

https://greenkeeper.io/",chore,package,False,tech_debt
105794,105792,feat: reworking yargs API to make it easier to run in headless environments,feat,,False,feature_work
106566,106564,"chore: add greenkeeper ignore rule for string-width, which no longer supports Node 0.10",chore,,False,tech_debt
108857,108855,Added appveyor support for modern node versions,other,,False,other
111162,111160,chore(package): update coveralls to version 2.11.11,chore,package,False,tech_debt
114639,114637,"chore: use const as a semantic tool

Philosophy behind this: http://womack.io/2016/01/05/Const-ant-Craving/
tldr;
* `const` has been supported in Node.js since at least 0.4
* `const` makes code more readable—it's clear a value won't change
* standard helps w/ this by pointing out when `const` is misused",chore,,False,tech_debt
114679,114677,fix: created shim that sets stdout/stderr to blocking when we know we're about to exit,fix,,False,bug_fixes
114913,114911,"fix: defer exiting, don't panic w/ .exit()",fix,,False,bug_fixes
115341,115339,support for nested subcommands with relative dir,other,,False,other
117800,117798,Fix demand() when second argument is an array,other,,False,other
117946,117944,Fix typo in README,other,,False,other
121477,121475,fix standard nit,other,,False,other
121578,121576,update the 4.x changelog,other,,False,other
121666,121664,we now load the yargs stanza only in yargs,other,,False,other
121706,121704,starting to refactor commands to the new API,other,,False,other
121722,121720,merge with 4.x,other,,False,other
121738,121736,"test usage with no cmds, and all required args as per @bcoe's review",other,,False,other
122043,122041,you can now specify an option shorthand for numbers,other,,False,other
122346,122344,add new number integration from yargs-parser PR #7,other,,False,other
123757,123755,leave command handlers as an object,other,,False,other
127002,127000,Rename sigletonify to singletonify,other,,False,other
129470,129468,completion: support promises,other,,False,other
130411,130409,Update locales order.,other,,False,other
132955,132953,Merge remote-tracking branch 'upstream/master' into detect-locale,other,,False,other
133170,133168,adds new line at end of file,other,,False,other
134077,134075,Merge branch 'master' into missed-y18n-strings,other,,False,other
134814,134812,add case-sensitive choices to api,other,,False,other
134926,134924,minor readme improvements,other,,False,other
135016,135014,use Travis CI container build,other,,False,other
135083,135081,restore all bitwise not,other,,False,other
136305,136303,Avoid repeating commands in completion,other,,False,other
137007,137005,"add config to usage string

adds a describe block for config option so it is displayed in the help messages",other,,False,other
137360,137358,expose the method yargs.terminalWidth() which can be used to maximize the width of usage instructions fixes #155,other,,False,other
137730,137728,actually add nyc bin,other,,False,other
137738,137736,add standard to package.json,other,,False,other
137786,137784,removed mocoverage dependency,other,,False,other
137802,137800,add standard to package.json,other,,False,other
139417,139415,"improve option occurences counting

stop using ad hoc increment function trick to count occurences of
options - use a 'singleton' increment function for that - easier to
check for a special case",other,,False,other
140236,140234,added section to README about bash completion,other,,False,other
140968,140966,updating README with v3.0 API,other,,False,other
141955,141953,changed check funtionality slightly see #76,other,,False,other
142079,142077,"Allow explicit `default: undefined` for flags

it’s possible to know if the user not set certain flags, after set
`default: undefined` for that field.",other,,False,other
142298,142296,switch to using path.relative() see #77,other,,False,other
143120,143118,fix for yargs.argv having the same keys added multiple times see #63,other,,False,other
143128,143126,found the underlying cause of the parsing problems.,other,,False,other
144453,144451,rm test,other,,False,other
145220,145218,Merge remote-tracking branch 'chevex/master' into requiresarg,other,,False,other
85453,85451,docs: slight nit,docs,,False,docs
85485,85483,"chore: fix tiny issue in tests, post-merging @lostintangent's work",chore,,False,tech_debt
88043,88041,make yargs thenable,other,,False,other
88093,88091,"feat: add .then() method, which resolves a promise",feat,,False,feature_work
88526,88524,docs: add link to community slack,docs,,False,docs
88534,88532,chore: fix slack URL,chore,,False,tech_debt
90077,90075,fix formatting,other,,False,other
90910,90908,chore: move Joe back to README.md,chore,,False,tech_debt
91668,91666,chore: Update Docs,chore,,False,tech_debt
92415,92413,chore: upgrade yargs-parser,chore,,False,tech_debt
92504,92502,"feat: allow extends to inherit from a module
BREAKING CHANGE: extends functionality now always loads the JSON provided, rather than reading from a specific key",feat,,False,feature_work
94732,94730,fix: populating placeholder arguments broke validation,fix,,False,bug_fixes
95312,95310,fix: context variables are now recognized in strict() mode (#796),fix,,False,bug_fixes
96345,96343,fix: handle merge-conflict,fix,,False,bug_fixes
97937,97935,"feat: introduce custom yargs error object (#765)

BREAKING CHANGE: yargs will no longer aggressively supress errors, allowing errors that are not generated internally to bubble.",feat,,False,feature_work
97961,97959,docs: remove demand examples (#772),docs,,False,docs
98172,98170,feat: allow strict mode to be applied globally,feat,,False,feature_work
98271,98269,nit: comment didn't add much,other,,False,other
104385,104383,reinstate exitProcess and reset parseFn after it is called,other,,False,other
104844,104842,"feat(command): test variadric args & coerce

Test hyphenated variadric arguments to ensure that camel-case keys
are defined and hold the right values.
Test coerce() to ensure coercing hyphenated arguments also applies
this result to camel-case values.",feat,command,False,feature_work
108147,108145,docs: mention config file names must end in .json,docs,,False,docs
109476,109474,add didyoumean threshold,other,,False,other
109866,109864,"chore(package): update mocha to version 3.0.0

https://greenkeeper.io/",chore,package,False,tech_debt
111643,111641,feat: use readme from latest published version instead of master,feat,,False,feature_work
116869,116867,"conventional-changelog doesn't play nice with the header, let's just drop it",other,,False,other
118519,118517,"Add translation for Italian

Signed-off-by: madrisan <davide.madrisan@gmail.com>",other,,False,other
119028,119026,validation command tests use 4.x command api,other,,False,other
119771,119769,"Add ""number"" to fr.json",other,,False,other
120939,120937,"update changelog, move to yargs/yargs repo",other,,False,other
121514,121512,skeleton test for valid command validation,other,,False,other
121554,121552,"fix closing brace, duhhhh",other,,False,other
121922,121920,"Merge pull request #377 from bcoe/update-changelog

keep 4.x changelog up-to-date, fixed merge conflict",other,,False,other
121930,121928,introduces the pkgConf feature,other,,False,other
122167,122165,"add number to options to documentation

(cherry picked from commit 93e9d104e0982e5625062dad368a78fc4b261a92)",other,,False,other
122549,122547,"upgrade standard, fix nit",other,,False,other
123086,123084,starting to work on improvements to commands,other,,False,other
123162,123160,"you can now pass an object rather than a builder function, it uses a sane default for usage",other,,False,other
123841,123839,test usage with both .demand() + .require(),other,,False,other
123888,123886,"add validation tests for '.demand(1, ['a', 'b'])'",other,,False,other
123987,123985,switch to using require-main-filename,other,,False,other
126079,126077,"Specify test script as simply 'mocha', not _mocha

For discussion, see: https://github.com/bcoe/nyc/pull/123#issuecomment-168417025",other,,False,other
127960,127958,chore(README.md): add Indonesian in Locales,chore,README.md,False,tech_debt
129599,129597,"Find the config file in the nearest parent folder

Travels up the folder hierarchy until a configuration file is found.
Same behaviour as npm, babel, jscs, jshint, etc.",other,,False,other
129824,129822,"upgrade to new cliui, which better calculates spacing of ansi-escape codes",other,,False,other
130393,130391,Add Chinese language.,other,,False,other
130737,130735,document count() method,other,,False,other
130860,130858,filter fix up,other,,False,other
131310,131308,Added Japanese translation,other,,False,other
132094,132092,iojs is just a higher version #,other,,False,other
132585,132583,Fixed indentation (as marked by `standard`),other,,False,other
132931,132929,upgrade standard fix nit,other,,False,other
134655,134653,added unit tests around the new locale functionality,other,,False,other
134736,134734,README.md fix,other,,False,other
136720,136718,spelling nit,other,,False,other
137817,137815,clarify .config() docs,other,,False,other
137897,137895,update README to reflect new API for nested commands,other,,False,other
139634,139632,"add support for .js config files

It's needed for those rare cases when one needs to specify function or
other non-JSON type in settings.

We now use `require` instead of `JSON.parse`. It supports both JSON and
JS files. However `require`, unlike `fs.readFile`, does not resolve
relative paths in the context of current working directory.  We need to
that explicitly.",other,,False,other
139791,139789,"slight tweak, any falsey message will now result in no message being displayed",other,,False,other
141087,141085,improve reset() command so that it can be used for nested CLIs,other,,False,other
141271,141269,wrap the left-hand-column if it gets too long see #89,other,,False,other
145044,145042,Merge remote-tracking branch 'chevex/master' into demand-option,other,,False,other
145198,145196,"Added requiresArg option, for options that require values",other,,False,other
145522,145520,Fix usage of alias and default together,other,,False,other
281,279,chore: add FUNDING links,chore,,False,tech_debt
910,908,docs: clarify nargs option-like values,docs,,False,docs
923,921,docs: update nargs examples,docs,,False,docs
1150,1148,Add Node.js 26 to CI matrix,other,,False,other
3334,3332,Merge branch 'main' into update-CI-node-matrix,other,,False,other
4155,4153,chore: fix typos,chore,,False,tech_debt
5927,5925,test: finished porting integration,test,,False,tech_debt
6970,6968,add example for objects using ENV vars,other,,False,other
7053,7051,chore(deps): update dependency browserslist-generator to v3,chore,deps,False,tech_debt
7595,7593,Update docs,other,,False,other
7707,7705,Merge branch 'main' into patch-1,other,,False,other
9222,9220,build: update test matrix,build,,False,tech_debt
10544,10542,Merge branch 'main' into main,other,,False,other
12965,12963,fix: coerce should play well with parser configuration,fix,,False,bug_fixes
13009,13007,chore: expand coerce tests,chore,,False,tech_debt
15161,15159,fix: make the process finding desc from alias be a loop,fix,,False,bug_fixes
60831,60829,docs: update supported locales,docs,,False,docs
61026,61024,"fix: #1335: async middleware called twice

Closes #1335",fix,,False,bug_fixes
61038,61036,add test to reproduce #1335,other,,False,other
61060,61058,fix: replace aync by a Promise in test for #1335,fix,,False,bug_fixes
61663,61661,Rename method and add some happy-path tests,other,,False,other
61868,61866,chore: address code review,chore,,False,tech_debt
64200,64198,"docs: add section on dashes in string arguments

Closes #1347",docs,,False,docs
65774,65772,"Make Dutch translation consistent, fix Dutch language errors, and make it real Dutch

- ""Commands:"" and ""command"" should be translated consistently (it was ""Opdrachten:"" and ""commando""); ""commando"" is much more appropriate in this context than ""opdracht""
- In Dutch, there is a difference between ""nummer"" and ""getal"". A ""nummer"" is used for the English ""digit"" ([0-9]). A ""getal"" is what is meant here (the type of all numbers)
- the translation of ""boolean"" is ""booleaans""
- ""string"" was translated as ""text"". ""text"" is not a Dutch word. In Dutch, ""text"" becomes ""tekst"". But a string is not a text.
   https://www.microsoft.com/en-us/language/Search?&searchTerm=number&langID=Dutch&Source=true&productid=All%20Products translates ""string"" to ""tekenreeks"", but that is
   hypercorrect. Nobody uses that term. In Dutch, we just use the English term ""string"" colloquially.
- ""Non-option argument"" should be translated as ""niet-optie-argument"" (""niet"" instead  of ""non"")
- The sentence aspect of ""got %s, need at least %s"" and ""got %s, maximum of %s"" was not translated sensibly
- ""Missing argument value: %s"" was not translated at all
- In the singular, there is no ending-'e' for an adjective if there is no article (""verplicht"")
- The plural form ""waarden"" of ""waarde"" (value) seems more appropriate here than the alternative ""waardes""
- The English word ""check"" can be used in Dutch to mean ""validation"", in the 1970's. In this century, we use ""controle"" colloquially. ""Validatie"", ""verificatie"", etc. are possible, but technical jargon
- ""Implications failed:"" is difficult to translate, because the English form is bad to start with. A literal translation is very awkward in Dutch. This string is used in the code as the
   prelude to a list of ""implications"" that have failed. A better English form would be ""Failed implications:"", and the new Dutch translation expresses that. Furthermore, the wordt ""implications"",
   in English, as well as in Dutch, is extremely confusing here. It is only people who know the Yargs API that understand that these are the dependencies created by the `implies()` method.
   Users of the CLI have no idea what we are talking about. Yet, until a better form is found in English, it is also kept in Dutch.
- In Dutch, we only know compound substantives, not concatenated substantives (""non-option argument"" -> ""niet-optie-argument"", ""Argument check"" -> ""Argumentcontrole"", ""JSON config file"" -> ""JSON-config-bestand"", ""version number"" -> ""versienummer"")
- Since the orginal text talks about the ""config file"", referring to the name of the file (`config`), the translation should do so too. It was ""configuratiebestand"", which is Dutch for ""configuration file"".
- There is no direct translation in Dutch for the idiom ""mutually exclusive"". The unclear attempt at doing a direct translation was replaced by an idiom that is used in Dutch, that is more descriptive.",other,,False,other
67566,67564,Fixes zsh completion,other,,False,other
67720,67718,fix linter,other,,False,other
67967,67965,"feat: add applyBeforeValidation, for applying sync middleware before validation",feat,,False,feature_work
68245,68243,what is TRAVIS_NODE_VERSION populated with,other,,False,other
68277,68275,simplify logic for our use-case,other,,False,other
68921,68919,use the error as a message when none exists otherwise,other,,False,other
69145,69143,"Revert ""use the instance-scoped logger"" (non-cli deprecation message breaks test suite)

This reverts commit 41fe766a7a80d97ee5f8c81495bd405bcb82efe3.",other,,False,other
69486,69484,merged from master,other,,False,other
69623,69621,added sort,other,,False,other
69729,69727,"Merged in PR #1262, put sort under config, default to false, added tests",other,,False,other
70039,70037,"Updated prechecks documentation, again.",other,,False,other
70926,70924,fix: don't load config when processing positionals,fix,,False,bug_fixes
72687,72685,"Improve Norwegian Bokmål translations

This commit makes ""argument sjekk"" one word, which is more grammatically correct in Norwegian, as compounds of two nouns should be placed together without a space.",other,,False,other
73240,73238,Fix: .demandOption didn't work for values in nested objects,fix,,False,bug_fixes
74164,74162,"Merge pull request #1 from aorinevo/FEATURE/PR-AN-01_master_AN_global_mw

PR-AN-01: Global Middleware feature.",other,,False,other
74212,74210,I-1150: Add Redux for State Management,other,,False,other
74687,74685,I-1150: Add Unit tests for context reducers and action creators.,other,,False,other
74783,74781,"Merge pull request #5 from aorinevo/I-1150_master_AN_redux_destructure_store

I-1150: Destructure store",other,,False,other
74791,74789,I-1150: Phase 3 - Fix usageDisabled check.,other,,False,other
74995,74993,I-1150: Setup for Phase 2 integration of redux into usage.js,other,,False,other
75011,75009,I-1150: Move usageDisabled to usageReducer.,other,,False,other
75019,75017,I-1150: Drop support for node 4.,other,,False,other
75099,75097,I-1150: Phase 3 - Destructure dispatch and getState.,other,,False,other
75625,75623,I-1150: Phase 3 - add usages to redux.,other,,False,other
75681,75679,I-1150: Phase 3 - Parse issue.,other,,False,other
75737,75735,I-1150: Phase 3 - Remove spawn sync.,other,,False,other
77544,77542,Update with master,other,,False,other
77681,77679,add tests,other,,False,other
78048,78046,PR-AN-06: Refactor - Phase 2,other,,False,other
79702,79700,fix lint,other,,False,other
80609,80607,revert fancy cwd because windows shat its pants,other,,False,other
80796,80794,"Forgot to finish one line in yargs.js

Fixed. Now .reset() should reset printTypes as well.",other,,False,other
84823,84821,"fix(typo): Update the translation of boolean

Update the translation of boolean as it has a common usage equivalent in
Brazilian Portuguese.",fix,typo,False,bug_fixes
86175,86173,feat: make variadic arguments as configurable as options,feat,,False,feature_work
87822,87820,feat: allow parse with no arguments as alias for yargs.argv,feat,,False,feature_work
88423,88421,docs: correct typos in example.md,docs,,False,docs
89145,89143,"Use argsert not YError & allow implying a number

implies can accept a number, so argsert should allow passing a number
to it.

As per feedback, use argsert instead of manually throwing a YError.",other,,False,other
89153,89151,"Initial stab at some tests, implies fails

Add some small tests for implies and conflicts using arrays. Conflicts
all works fine, but implies fails. I'm not sure if the test or the code
is at fault.",other,,False,other
89702,89700,feat: enable .help() and .version() by default,feat,,False,feature_work
89936,89934,make choices correctly observe demandOption setting,other,,False,other
89953,89951,fix: 'undefined' default value for choices resulted in validation failing,fix,,False,bug_fixes
89999,89997,fix formatting,other,,False,other
90958,90956,chore: image positioning looked terrible,chore,,False,tech_debt
91687,91685,test: fix test,test,,False,tech_debt
93321,93319,chore: add editorconfig,chore,,False,tech_debt
95345,95343,fix: console.warn() rather than throwing errors when api signatures are incorrect (#804),fix,,False,bug_fixes
96329,96327,"chore: add tests, get coverage back up to 100%",chore,,False,tech_debt
96896,96894,Add traditional Chinese translation,other,,False,other
97600,97598,chore: finish documenting argument signatures,chore,,False,tech_debt
99222,99220,fix: address min/max validation message regression,fix,,False,bug_fixes
100083,100081,assign demandedCommand after checking for min being a number,other,,False,other
100123,100121,fix test failures and parsing errors,other,,False,other
100625,100623,fix: implement @bcoe and @addaleax's code review,fix,,False,bug_fixes
101256,101254,small readme improvement,other,,False,other
101936,101934,"chore(package): update dependencies

https://greenkeeper.io/",chore,package,False,tech_debt
105648,105646,tests for command aliases,other,,False,other
105818,105816,chore: added tests for validation handling,chore,,False,tech_debt
105845,105843,fix: slight naming tweaks,fix,,False,bug_fixes
106277,106275,"chore(package): update yargs-parser to version 4.0.2

https://greenkeeper.io/",chore,package,False,tech_debt
106303,106301,"chore(package): update yargs-parser to version 4.0.1

https://greenkeeper.io/",chore,package,False,tech_debt
106403,106401,Added getRawOptions() method to get back reusable options,other,,False,other
106637,106635,add documentation for breaking changes in yargs-parser@4,other,,False,other
107545,107543,also pass yargs to the fail handler,other,,False,other
107656,107654,tests pass,other,,False,other
108038,108036,"chore(package): update standard to version 8.0.0

https://greenkeeper.io/",chore,package,False,tech_debt
108681,108679,"test: fix process mocking in case of exception

Fix how the process/io mocking in `test/helpers/utils.js` handles
synchronous uncaught exceptions by adding a `finally` handler
resetting the mocked state.",test,,False,tech_debt
109152,109150,docs: add .coerce() method,docs,,False,docs
109785,109783,tests for implicit help command,other,,False,other
110501,110499,feat: provide suggestions if unknown command is called,feat,,False,feature_work
110556,110554,add more tests for .recommendCommands(),other,,False,other
110827,110825,further improvements for making implies() config aware,other,,False,other
111513,111511,feat: builder is now optional for a command module,feat,,False,feature_work
115376,115374,use const where possible based on @maxrimue's review,other,,False,other
116132,116130,"fix(pkgConf): fix aliases issues in .pkgConf()

Update .pkgConf() to use the new configObjects option from yargs-parser, this way the aliases issues are solved.
Change wording of pkgConf() tests and description as it no longer works by setting defaults, and add some further tests.",fix,pkgConf,False,bug_fixes
116543,116541,"fix(default): Remove undocumented alias of default()

Remove an alias of the default() method, called 'defaults', that was added to avoid usage of
a reserved word (https://github.com/yargs/yargs/commit/1bd4375e11327ba1687d4bb6e5e9f3c30c1be2af)
This isn't actually needed because a method is a fair use of default keywords in javascript.",fix,default,False,bug_fixes
118014,118012,Fix bash completion when COMP_WORDS has a null word,other,,False,other
119072,119070,remove duplicated export rebase from index.js,other,,False,other
119968,119966,allow command modules to define command and describe strings,other,,False,other
121094,121092,preserve groups containing global keys when resetting,other,,False,other
121242,121240,use implicit usage string when not set by command builder function,other,,False,other
121522,121520,leave command handlers as an object,other,,False,other
121594,121592,add tests around guessing version # based on parent package.json,other,,False,other
121730,121728,remove yargs stanza from package.json,other,,False,other
121882,121880,"Merge pull request #357 from lrlna/require-valid-command

require valid command",other,,False,other
121995,121993,"Merge pull request #378 from bcoe/pkg-conf

introduces pkgConf feature",other,,False,other
122059,122057,"Merge pull request #387 from bcoe/number-option-shorthand

number shot-hand for options",other,,False,other
123020,123018,"chore(package): update standard to version 6.0.3

http://greenkeeper.io/",chore,package,False,tech_debt
123121,123119,add note about the global short-hand,other,,False,other
123203,123201,fix a couple more typos in README,other,,False,other
123246,123244,provide a bit more documentation about command modules,other,,False,other
124381,124379,Make yargs use English locales in tests,other,,False,other
126673,126671,updates based on @nexdrew's code review,other,,False,other
127524,127522,"thought of another env var test

possibly redundant but good nonetheless",other,,False,other
128191,128189,Add Norwegian Bokmål locale,other,,False,other
129339,129337,Add the locale pt-BR (Portuguese Brazil).,other,,False,other
129786,129784,upgrade to version of cliui that handles ansi-colors,other,,False,other
130200,130198,don't validate arguments if help or version is used and exitProcess is false,other,,False,other
130721,130719,add Japanese to supported locale list,other,,False,other
130745,130743,fix Electron link,other,,False,other
130844,130842,call for required vs optional,other,,False,other
131744,131742,Merge branch 'master' into travis-containers,other,,False,other
131848,131846,upgrade standard to 5.2.0 and fix its nits,other,,False,other
131898,131896,"for the time being switching to a port of os-locale, spawn-sync causes too many issues on Windows",other,,False,other
132054,132052,"testing out appveyor, could we use it for testing our modules on windows",other,,False,other
132905,132903,auto-detect locale,other,,False,other
133920,133918,fix inconsistencies in locale strings,other,,False,other
134024,134022,add missing locale strings from index.js,other,,False,other
134358,134356,sort methods alphabetically in readme,other,,False,other
135064,135062,pin eslint config standard in package.json,other,,False,other
136899,136897,upgrading dependencies,other,,False,other
136907,136905,new standard rules,other,,False,other
139214,139212,"update dependencies to use patched-blanket, fixing coverage. removed dead code",other,,False,other
139408,139406,"evaluate function passed as default values

if we evaluate them as soon as we encounter them, we don't need to do
that in setKey which means that we can allow functions that are not
evaluated by yargs as parameters",other,,False,other
140185,140183,found a patch that removed the need for once,other,,False,other
141462,141460,slight code-style nit,other,,False,other
142146,142144,clarify opt parameters,other,,False,other
142408,142406,"additional changes to how config.json is loaded, based on discussion in #12.",other,,False,other
90152,90150,feat: use process.argv0 where possible,feat,,False,feature_work
90806,90804,chore: finally splitting README.md into a few sections,chore,,False,tech_debt
90854,90852,docs: the plugins section isn't really thought out,docs,,False,docs
92558,92556,"chore: goodbye Node 0.10 and 0.12
BREAKING CHANGED: as promised, yargs@8 retires 0.10 and 0.12",chore,,False,tech_debt
92566,92564,chore: update appveyor too,chore,,False,tech_debt
93986,93984,Fix get terminalWidth in non interactive mode,other,,False,other
95353,95351,fix: positional arguments of sub-commands threw strict() exception (#805),fix,,False,bug_fixes
95440,95438,fix: we were no longer using expect,fix,,False,bug_fixes
95687,95685,fix: coerce function errors are no longer suppressed and YErrors are now caught,fix,,False,bug_fixes
98263,98261,nit: a parenthesis somehow snuck in,other,,False,other
99944,99942,"Implements mutually exclusive args (conflicts)

Addresses #534.

Basic implementation of mutually exclusive arguments option, so if the user supplies both arguments the command fails.
The new option is implemented with the signature: `.conflicts(key1, key2)`

This adds a new message `Arguments %s and %s are mutually exclusive` and it's pt and pt-br translations.",other,,False,other
100075,100073,set up distinction between demandCommand and demadn Option,other,,False,other
100553,100551,Removed tests,other,,False,other
101232,101230,chore: address @nexdrew's code review,chore,,False,tech_debt
102398,102396,"feat: update to yargs-parser that addresses #598, #617",feat,,False,feature_work
103239,103237,"Update array arguments for conflicts

Supports passing both arguments as strings, as arrarys or only an array.",other,,False,other
104306,104304,fix: had global leak in test,fix,,False,bug_fixes
107789,107787,defer windowWidth() to improve perf for non-help usage,other,,False,other
107984,107982,test: do both cmd and PowerShell fail,test,,False,tech_debt
110528,110526,make german translation more personal,other,,False,other
111074,111072,fix: fixed up merge conflict,fix,,False,bug_fixes
111103,111101,fix: cache pkg lookups by path to avoid returning the wrong one,fix,,False,bug_fixes
111610,111608,"chore(package): update nyc to version 7.0.0

https://greenkeeper.io/",chore,package,False,tech_debt
113743,113741,"chore(package): update mocha to version 2.5.0

https://greenkeeper.io/",chore,package,False,tech_debt
115357,115355,test: add some for commandDir,test,,False,tech_debt
117523,117521,Improve -zsh in Windows,other,,False,other
119863,119861,"Add ""number"" to es.json

As requested, after #384 :)",other,,False,other
119924,119922,replace iojs with latest node version in travis,other,,False,other
120007,120005,fix appveyor,other,,False,other
120332,120330,"Add ""number"" translation for Polish",other,,False,other
121538,121536,rm unnecessary commandKeys check,other,,False,other
121642,121640,testing out copy of yargs-parser that uses app-root-path,other,,False,other
121898,121896,update changelog. fix merge conflict,other,,False,other
122027,122025,yargs 4.0.0 \o/ see changelog and blog post,other,,False,other
122051,122049,fix standard nit,other,,False,other
122362,122360,add test for aliase + number usage,other,,False,other
123094,123092,merge with 4.x,other,,False,other
123906,123904,update readme with examples,other,,False,other
124037,124035,fix .gitignore and rm .npmignore,other,,False,other
124439,124437,add changelog update,other,,False,other
125549,125547,parse() and yargs().argv can now parse a raw argument string,other,,False,other
126691,126689,fix typo,other,,False,other
127483,127481,update dependencies,other,,False,other
131863,131861,update standard to 5.2.1,other,,False,other
131988,131986,"hand rolled artisinal .travis.yml, which should work for linux and osx",other,,False,other
132086,132084,more tweaks for appveyor,other,,False,other
133161,133159,Adds Portuguese locale,other,,False,other
133652,133650,Adds Portuguese locale,other,,False,other
133681,133679,Fixes capitalization and removes the random %s =),other,,False,other
134326,134324,sort methods alphabetically in readme,other,,False,other
136035,136033,a couple slight tweaks to @tschaub's completion fixes,other,,False,other
137848,137846,use a valid SPDX license identifier,other,,False,other
138244,138242,showHelp's method signature was misleading fixes #153,other,,False,other
138466,138464,removed commented out helper,other,,False,other
138543,138541,more UI tweaks,other,,False,other
138806,138804,show help regardless of whether .argv has been called see #143,other,,False,other
139783,139781,reindent test/validation.js,other,,False,other
141555,141553,updated the badges,other,,False,other
142225,142223,coverage command is working :thumbsup:.,other,,False,other
144383,144381,"Add failing test for camelCase, usage, and default options",other,,False,other
144444,144442,noCamelCase,other,,False,other
144912,144910,"Add more tests for dashes-to-camelCase behavior

Some of these fail in strict mode due to strict mode not picking up
aliases added by the parsing code.  See #31.",other,,False,other
105,103,Keep YError working without stack capture,other,,False,other
311,309,"fix: complete negated boolean options

Fixes #2254",fix,,False,bug_fixes
451,449,Remove copy-pasted email address,other,,False,other
882,880,chore: update the easy dependencies,chore,,False,tech_debt
1142,1140,"Remove coverage from CI, c8 unavailable",other,,False,other
1248,1246,Sanitize completion function names,other,,False,other
1681,1679,fix: correct typo succesful → successful in dream.js fixture,fix,,False,bug_fixes
1949,1947,Update README.md,other,,False,other
3432,3430,"test: update completion tests for boolean-negation=all-booleans behavior

Update affected tests to reflect the new behavior where --no-<flag> is
suggested for ALL boolean options (not just those with default: true)
when boolean-negation is set:

- 'includes flags that have default' → renamed and updated to expect
  --no-somebool alongside --no-somebool2 (both are negatable booleans)
- zsh test: updated to reflect --no-bar, --no-help, --no-version all
  appearing (consistent with parser treating all booleans as negatable)

826 tests passing.",test,,False,tech_debt
5069,5067,fix: use expect instead of should to test null prototype object,fix,,False,bug_fixes
5180,5178,docs: remove to old slack channel,docs,,False,docs
5235,5233,Merge branch 'main' into main,other,,False,other
6014,6012,chore: pull in new string wrapping logic,chore,,False,tech_debt
6342,6340,"Update package.json

Co-authored-by: John Gee <john@ruru.gen.nz>",other,,False,other
6852,6850,Merge branch 'main' into victorfernandesraton-doc-patch,other,,False,other
7666,7664,Fix escaping,other,,False,other
7765,7763,pin typescript,other,,False,other
9698,9696,Merge branch 'main' into patch-1,other,,False,other
9791,9789,chore(deps): update dependency @types/node to v20,chore,deps,False,tech_debt
10515,10513,fix: align browser shim version,fix,,False,bug_fixes
12033,12031,chore(deps): update dependency concurrently to v8,chore,deps,False,tech_debt
12813,12811,"Merge pull request #1 from shadowspawn/add-test-for-async-help

Add test for async help being displayed before process.exit",other,,False,other
13001,12999,chore: fix comment,chore,,False,tech_debt
13043,13041,Merge branch 'main' into fix/2307,other,,False,other
13165,13163,Merge branch 'main' into fix_deno_env_vars_depdency_missmatch,other,,False,other
14279,14277,chore(main): release 17.7.0,chore,main,False,tech_debt
14433,14431,Updated gitignore to ignore tgz files,other,,False,other
14807,14805,Update dependency eslint to v8,other,,False,other
14943,14941,"Merge branch 'main' into feat/convert-line-break-to-whitespace-on-zsh-completion

# Conflicts:
#	test/completion.cjs",other,,False,other
16629,16627,"fix(deps): cliui with forced strip-ansi update

Fixes: #2240",fix,deps,False,bug_fixes
20723,20721,Merge branch 'main' into fix-coerce-bug,other,,False,other
22170,22168,"fix: hide hidden options from completion

Fixes: #2142",fix,,False,bug_fixes
23057,23055,added an example using inquirer prompting,other,,False,other
23078,23076,Merge branch 'main' into adding-inquirer-example,other,,False,other
23548,23546,fixes,other,,False,other
24020,24018,chore(main): release 17.3.1,chore,main,False,tech_debt
25045,25043,chore: release 17.3.0,chore,,False,tech_debt
25129,25127,docs: add esbuild bundling guide,docs,,False,docs
25237,25235,chore(main): release yargs 1.0.0,chore,main,False,tech_debt
26596,26594,chore(deps): update dependency eslint to v8,chore,deps,False,tech_debt
27573,27571,"Improve typing of `Difficulty`

This:

```ts
const difficulties = [""normal"", ""nightmare"", ""hell""] as const;
type Difficulty = typeof difficulties[number];
```

gives the same result than:

```ts
type Difficulty = 'normal' | 'nightmare' | 'hell';
const difficulties: ReadonlyArray<Difficulty> = ['normal', 'nightmare', 'hell'];
```

but doesn't include twice the content of the list, and prevents missing elements (indeed, the following is valid despite the fact that one element is missing: `const difficulties: ReadonlyArray<Difficulty> = ['normal', 'hell'];`).",other,,False,other
28083,28081,Merge branch 'master' into legacy-object-proto-accessors,other,,False,other
28113,28111,test: increase coverage,test,,False,tech_debt
28734,28732,Fix wrapping when scriptName is empty string,other,,False,other
28792,28790,Add semi-colon,other,,False,other
29216,29214,fixes,other,,False,other
29953,29951,Merge branch 'master' into fix-strict-false-negative-bug,other,,False,other
31454,31452,lint,other,,False,other
31482,31480,spelling,other,,False,other
31712,31710,Merge branch 'master' into release-v17.0.1,other,,False,other
32685,32683,"fix(coerce): options using coerce now displayed in help

The trick we were using of .alias(""foo"", ""foo"") to ""tell"" yargs-parser about a key
using coerce has a bug such that help output is broken. We can instead use
.key (https://github.com/yargs/yargs-parser/blob/master/lib/yargs-parser.ts#L191) which
is designed for exactly our purposes (telling yargs-parser a key exists, without
setting attributes such as description).

Fixes #1909",fix,coerce,False,bug_fixes
33017,33015,Merge branch 'master' into patch-1,other,,False,other
33732,33730,refactor!: make reset() method private,refactor,,True,tech_debt
34223,34221,"bump yargs-parser

see yargs/yargs-parser#363",other,,False,other
34382,34380,Merge branch 'master' into fix-1820,other,,False,other
36016,36014,"feat(middleware)!: middleware improvements

1. global middleware will now be applied when no command is configured.
2. async middleware now works when used before validation.

BREAKING CHANGE: changes to middleware behavior:
* validation now applied after async middleware completes when applyBeforeValidation=true
* global middleware now applied when no command is configured",feat,middleware,True,feature_work
38151,38149,Implement feedback and add tests,other,,False,other
39170,39168,chore: make formatting better match existing API,chore,,False,tech_debt
39234,39232,Merge branch 'master' into esm-command-directories,other,,False,other
39250,39248,types: tighten up type definitions for commands,other,,False,other
41372,41370,"Update docs/api.md

Co-authored-by: Rory O’Kane <rory@roryokane.com>",other,,False,other
41882,41880,chore: also add reference to ncc,chore,,False,tech_debt
42912,42910,build: use release-please action,build,,False,tech_debt
43049,43047,docs: correct comment,docs,,False,docs
43453,43451,Pass argv to error handler.,other,,False,other
43530,43528,Merge branch 'master' into master,other,,False,other
43947,43945,add test to reproduce #1701,other,,False,other
44009,44007,chore: put more work into migration to ESM,chore,,False,tech_debt
45603,45601,update YargsInstance function,other,,False,other
46095,46093,WIP: start with yargs.d.ts from @types/yargs,wip,,False,tech_debt
46114,46112,WIP: Argv remains as an alias of YargsInstance,wip,,False,tech_debt
46285,46283,fix(yargs): hide does not accept an object,fix,yargs,False,bug_fixes
46439,46437,fix(ts): add missing config flags in yargs-parser typings,fix,ts,False,bug_fixes
46666,46664,Bump yargs parser in 7.1.0 to include security patch,other,,False,other
48997,48995,"add japanese for ""deprecated""",other,,False,other
49329,49327,chore(parseCommand): improve test coverage,chore,parseCommand,False,tech_debt
50084,50082,chore(ts): tsify lib/completion,chore,ts,False,tech_debt
50344,50342,WIP: rename lib/apply-extends,wip,,False,tech_debt
50512,50510,Add TOC to API documentation,other,,False,other
51626,51624,chore: run on Node 13,chore,,False,tech_debt
51794,51792,updated package.json [ci skip],other,,False,other
51872,51870,"feat(usage): single char aliases first in help

Display short switches first in usage,
and indent long switches only options.

Fix #1403",feat,usage,False,feature_work
52035,52033,fix: address ambiguity between nargs=1 and requiresArg,fix,,False,bug_fixes
52239,52237,feat(deps): yargs-parser with 'greedy-array' configuration,feat,deps,False,feature_work
52274,52272,build: switch to GitHub actions for CI,build,,False,tech_debt
52397,52395,Merge branch 'master' into i18n_de,other,,False,other
53431,53429,"chore(deps): update dependency mocha to v7 (#1547)

* chore(deps): update dependency mocha to v7
* fix(tests): mocha binary is no longer '_mocha' in v7

Co-authored-by: WhiteSource Renovate <renovatebot@gmail.com>",chore,deps,False,tech_debt
53481,53479,Merge branch 'master' into renovate/standard-14.x,other,,False,other
53582,53580,fix(tests): mocha binary is no longer '_mocha' in v7,fix,tests,False,bug_fixes
53861,53859,Merge branch 'master' into boneskull-demands,other,,False,other
54009,54007,"Vulnerability fix

I'm not completely sure of what I'm doing, but 
npm audit 
reported a low vulnerability error derived from mem module used inside the os-locale module which was fixed in mem@>=4.0.0 and updated in os-locale@4.0.0
Make your checks to see if this makes sense",other,,False,other
56932,56930,fix: temporary fix for libraries that call Object.freeze() (#1483),fix,,False,bug_fixes
58120,58118,test: cover missing filter arg in obj-filter,test,,False,tech_debt
59073,59071,"tests(yargs): fix incorrect test

Fix 1 broken test expecting an assertion to be checked after calling done()",other,,False,other
59634,59632,"Fixed import statement in typescript.md

```
import yargs from 'yargs';

const argv = yargs.options({}).argv;
```
gives
```
err.ts:3:20 - error TS2339: Property 'options' does not exist on type '{ <K extends never, V>(key: K, value: V, description?: string): Argv<Omit<{}, K> & { [key in K]: V; }>; <K extends string, V>(key: K, value: V, description?: string): Argv<{ [key in K]: V; }>; <D extends { [key: string]: any; }>(defaults: D, description?: string): Argv<...>; }'.

3 const argv = yargs.options({}).argv;
                     ~~~~~~~
```
while 
```
import * as yargs from 'yargs';

const argv = yargs.options({}).argv;
```
works ok",other,,False,other
62003,62001,Moved config back to parser configuration,other,,False,other
63582,63580,Support multiple epilogs being added,other,,False,other
63945,63943,fix: Use decamelize from npm instead of vendored copy,fix,,False,bug_fixes
65045,65043,updated package.json,other,,False,other
66701,66699,"fix test for validation / implies

automatically use the expected English validation message",other,,False,other
66712,66710,"fix test/yargs too

automatically use the expected English validation message",other,,False,other
67575,67573,Fix whitespace,other,,False,other
69695,69693,use the instance-scoped logger,other,,False,other
71546,71544,add windows to the travis ci config,other,,False,other
71554,71552,a newline for a new build,other,,False,other
72225,72223,"middewareFactory accepts a function, not an object

According to [the docs for the `.middleware()` method](http://yargs.js.org/docs/#api-middlewarecallbacks):

> The `callbacks` parameter can be a function or a list of functions

See Issue #1214 for more details",other,,False,other
74122,74120,"Bump decamelize & find-up

The only breaking changes is that support for Node.js 4.x is dropped. Since Yargs currently only supports Node >= 6 this shouldn't be a problem.",other,,False,other
74252,74250,I-1150: Complete phase 1 redux integration in usage,other,,False,other
75027,75025,I-1150: Phase 3 - add usages to redux.,other,,False,other
75059,75057,I-1150: Phase 3 - Fix usageDisabled check.,other,,False,other
75593,75591,I-1150: Setup for Phase 2 integration of redux into usage.js,other,,False,other
75601,75599,I-1150: Setup for Phase 2 integration of redux into usage.js,other,,False,other
76694,76692,Fix typo,other,,False,other
77855,77853,PR-AN-01: Fix tests.,other,,False,other
78026,78024,PR-AN-06: Update AppVeyor.,other,,False,other
79303,79301,Add tests,other,,False,other
80625,80623,restore idiomatic opts.cwd spawn,other,,False,other
80974,80972,fix: Set implicit nargs=1 when type=number requiresArg=true,fix,,False,bug_fixes
82610,82608,Add failing test for using positional,other,,False,other
85001,84999,chore: new translations for command API overhaul,chore,,False,tech_debt
85816,85814,docs: switch to using .positional() in example,docs,,False,docs
88257,88255,refactor: ES6ify,refactor,,False,tech_debt
91633,91631,Change to arr reduce,other,,False,other
92861,92859,"fix: commands are now applied in order, from left to right",fix,,False,bug_fixes
93351,93349,fix: we shouldn't output help if we've printed a prior help-like message,fix,,False,bug_fixes
95376,95374,fix: positional arguments of sub-command,fix,,False,bug_fixes
95553,95551,fix: coerce function errors are no longer suppressed and YErrors are now caught,fix,,False,bug_fixes
95954,95952,fix: running parse() multiple times on the same yargs instance caused exception if help() enabled,fix,,False,bug_fixes
97588,97586,chrore: continuing to add more checks to functions,other,,False,other
98204,98202,chore: moving more and more default functionality over to global,chore,,False,tech_debt
98310,98308,docs: fix up a couple more doc nits based on code-review,docs,,False,docs
100107,100105,explicitly check if demandedCommand has a max,other,,False,other
100155,100153,let's put back 'demand' method as part of deprecation,other,,False,other
100186,100184,"feat: implement @ljharb's idea, which kicked off this whole yak shave",feat,,False,feature_work
101248,101246,make sure we test in different ways,other,,False,other
103106,103104,Fix Russian translation,other,,False,other
104458,104456,change some translations,other,,False,other
106110,106108,Tests for proper validation skipping,other,,False,other
63380,63378,docs: slight fix to TypeScript documentation,docs,,False,docs
63681,63679,"fix! yargs.parsed now populated before returning, when yargs.parse() called with no args

BREAKING CHANGE: we now only officially support yargs.$0 parameter and discourage direct access to yargs.parsed",other,,False,other
64304,64302,"(fix) closes #1137

Allows calling parse without arguments multiple times, when commands
are defined.",other,,False,other
67483,67481,Remove --save option as it isn't required anymore,other,,False,other
67624,67622,I-1295 and I-1277: Small fix in description of spec.,other,,False,other
67696,67694,Fixes zsh completion,other,,False,other
69000,68998,tweaks [skip ci],other,,False,other
69916,69914,Updated docs,other,,False,other
69946,69944,Feedback from docs,other,,False,other
73638,73636,I-1178: Remove .only from specs..,other,,False,other
73696,73694,I-1178: Fix middleware bug.,other,,False,other
74236,74234,I-1150: Add redux state management for usage.js.,other,,False,other
74308,74306,I-1150: Phase 3 - Fix addUsages function.,other,,False,other
74316,74314,I-1150: Phase 3 - Fix usageDisabled check.,other,,False,other
74348,74346,I-1150: Phase 3 - Parse issue.,other,,False,other
74468,74466,"Merge pull request #13 from aorinevo/I-1150_master_AN_redux

I-1150: Redux",other,,False,other
74855,74853,"Merge pull request #4 from aorinevo/I-1150_master_AN_redux_parse_issue

I 1150 master an redux parse issue",other,,False,other
75107,75105,I-1150: Phase 3 - Hoist vars and functions to top of function scope.,other,,False,other
75163,75161,I-1150: Phase 3 - Remove spawn sync.,other,,False,other
75689,75687,I-1150: Phase 3 - Destructure dispatch and getState.,other,,False,other
75729,75727,I-1150: Phase 3 - Migrate usage commands to state - clean-up.,other,,False,other
77871,77869,PR-AN-01: Remove spread operator for Node 4 comp.,other,,False,other
79458,79456,update logo with proper antialiasing,other,,False,other
84382,84380,fix: help strings for nested commands were missing parent commands,fix,,False,bug_fixes
85175,85173,chore: add pt-BR translation to #976 (#980),chore,,False,tech_debt
87364,87362,Fix #947 - config and normalise can be disabled with false,other,,False,other
89557,89555,make yargs thenable,other,,False,other
90934,90932,chore: noodling with formatting,chore,,False,tech_debt
95448,95446,chore: always console.warn(),chore,,False,tech_debt
96418,96416,fix: address positional argument strict() bug introduced in #766,fix,,False,bug_fixes
96426,96424,fix: we should apply validation prior to executing a command's handler,fix,,False,bug_fixes
97699,97697,"fix: based on various bike-shed discussions regarding arguments performance, opted for a more explicit API",fix,,False,bug_fixes
97972,97970,fix: address positional argument strict() bug introduced in #766 (#784),fix,,False,bug_fixes
98098,98096,fix: positional arguments of sub-commands threw strict() exception (#805),fix,,False,bug_fixes
98150,98148,feat: rethink how options are inherited by commands,feat,,False,feature_work
98453,98451,chore: switch to approach that works better in browser,chore,,False,tech_debt
99126,99124,Merge remote-tracking branch 'upstream/master',other,,False,other
99982,99980,"chore: add one more test, fix assertion",chore,,False,tech_debt
101965,101963,"chore(package): update nyc to version 10.0.0

https://greenkeeper.io/",chore,package,False,tech_debt
102185,102183,"chore(package): update os-locale to version 2.0.0

https://greenkeeper.io/",chore,package,False,tech_debt
102553,102551,explicitly check if demandedCommand has a max,other,,False,other
104419,104417,clarify note per @bcoe's review [skip ci],other,,False,other
104485,104483,fix(locales): conform hi locale to y18n.__n expectations,fix,locales,False,bug_fixes
104836,104834,feat(command): add camelcase helper function,feat,command,False,feature_work
105184,105182,Polish translations for 'did you mean' and 'aliases',other,,False,other
105736,105734,"add German translation for ""aliases:""

thanks to @maxrimue!",other,,False,other
105810,105808,chore: added tests for commands; what I see as headless yargs' killer feature,chore,,False,tech_debt
106456,106454,"chore(package): update es6-promise to version 4.0.2

https://greenkeeper.io/",chore,package,False,tech_debt
106511,106509,"chore(package): update es6-promise to version 4.0.0

https://greenkeeper.io/",chore,package,False,tech_debt
106981,106979,make opts object not required anymore for .option(),other,,False,other
108012,108010,fix: simplify appveyor configuration,fix,,False,bug_fixes
108400,108398,test: add optional inferred function name for node 6.5.0,test,,False,tech_debt
108482,108480,#540 - Changed parsing of the command string to ignore extra spaces,other,,False,other
109135,109133,support coercion of positional args in command,other,,False,other
109436,109434,add y18n locale support for command recommendations,other,,False,other
113695,113693,"chore(package): update mocha to version 2.5.2

https://greenkeeper.io/",chore,package,False,tech_debt
115879,115877,Moving 'else' to the same line as closing curly brace in example code,other,,False,other
116368,116366,"feat(validation): Add .skipValidation() method

`.skipValidation()` takes a key. If the key is present, validation won't be performed.

Closes #453",feat,validation,False,feature_work
117130,117128,[wip] new method to apply command modules matching glob pattern,other,,False,other
117318,117316,document Error instance for fail handler a la #382,other,,False,other
117326,117324,add missing locales to readme,other,,False,other
117621,117619,update completion() description in README.md,other,,False,other
119197,119195,"update changelog, update windows build badge",other,,False,other
119693,119691,"Add number translation to ja.json

Issue: #404",other,,False,other
120955,120953,a couple more small tweaks before a release,other,,False,other
121586,121584,Provide default value for version in .version(),other,,False,other
121714,121712,starting to work on improvements to commands,other,,False,other
121866,121864,"Simplified help() code, tuned help() tests, added docs",other,,False,other
122997,122995,"chore(package): update standard to version 6.0.2

http://greenkeeper.io/",chore,package,False,tech_debt
123860,123858,"test usage with no cmds, and all required args as per @bcoe's review",other,,False,other
123940,123938,"whoops, had a config stanza left in from testing",other,,False,other
123976,123974,switch to new approach for loading top-level configuration,other,,False,other
126139,126137,test: Windows files have \r chars in them,test,,False,tech_debt
128161,128159,Add tip about terminology search,other,,False,other
128270,128268,Add korean translation,other,,False,other
129537,129535,fix dot notation parsing issues,other,,False,other
131789,131787,fix standard nit,other,,False,other
132078,132076,added run-script for windows-specific testing,other,,False,other
132412,132410,fix spelling nit,other,,False,other
132619,132617,Translated 'count' to German,other,,False,other
133644,133642,Added ES locale,other,,False,other
133660,133658,adds new line at end of file,other,,False,other
133749,133747,test for boolean config values,other,,False,other
133912,133910,Merge branch 'master' into fr-missing-strings,other,,False,other
134436,134434,Translate locales FR,other,,False,other
135143,135141,Only check for commands at current nesting level,other,,False,other
1126,1124,Try BYO override for old versions of node,other,,False,other
1743,1741,Merge branch 'main' into patch-typos-yargs,other,,False,other
1973,1971,Update README.md,other,,False,other
2201,2199,Reexport so simple shim,other,,False,other
2479,2477,Reapply formatting to fix lint checks,other,,False,other
3405,3403,"fix(completion): show --no-<opt> for all boolean options

When boolean-negation is enabled, bash/zsh completion now shows the
--no-<opt> form for ALL boolean options, not just those with truthy
default values.

Previously, --no-opt would only appear in completions if the option
had a default value of true. This was inconsistent - users need to
see --no-opt for any boolean option they might want to negate.

Fixes #2254",fix,completion,False,bug_fixes
4429,4427,chore(deps): update dependency chai to v6,chore,deps,False,tech_debt
4926,4924,"Fix(yargs-parser): support bun for getting cli name

When using `bunx --bun package-name`, it claims bun is the cli name. However this incorrect, so this PR changes the behavior to work like node!

the --bun isn't strictly necessarily as if you don't have bun installed, then it force attempts to use bun runtime by changing the path.",fix,yargs-parser,False,bug_fixes
6048,6046,experiment with actions,other,,False,other
6382,6380,docs: remove a couple references to require I missed,docs,,False,docs
6828,6826,Minor fixes,other,,False,other
9190,9188,build: require 14.18 to match rollup,build,,False,tech_debt
10830,10828,feat: add CommandInput type,feat,,False,feature_work
11477,11475,Merge branch 'main' into zsh-completion-fallback,other,,False,other
11485,11483,Merge branch 'main' into zsh-completion-fallback,other,,False,other
11811,11809,chore: remove unused coveralls,chore,,False,tech_debt
12605,12603,Merge branch 'main' into patch-1,other,,False,other
14356,14354,chore: use default version of npm,chore,,False,tech_debt
15146,15144,test: add a test,test,,False,tech_debt
15560,15558,Merge branch 'main' into feature/unknown-command-en,other,,False,other
16645,16643,Merge branch 'main' into update-deps-99,other,,False,other
17391,17389,fix(lang): typo in Finnish unknown argument singular form,fix,lang,False,bug_fixes
18063,18061,fix: correctly negate options,fix,,False,bug_fixes
18097,18095,Merge branch 'main' into feat/fig-completions,other,,False,other
19908,19906,chore: disable linting for named function expression,chore,,False,tech_debt
20282,20280,completion didn't work for options with default values,other,,False,other
21002,21000,Merge branch 'main' into remove-console-log,other,,False,other
21297,21295,Show message when showHelpOnFail is chained globally,other,,False,other
22778,22776,Merge branch 'main' into patch-1,other,,False,other
23282,23280,"Fix ""default command"" link in `.positional`

- Link would 404 on the website",other,,False,other
23522,23520,fix: failed command is missing argument descriptions and optional arguments,fix,,False,bug_fixes
23927,23925,Merge branch 'main' into fix-config-and-variadic-args,other,,False,other
24398,24396,completion tests for executing yargs with or without script name,other,,False,other
24851,24849,chore(main): release 1.0.0,chore,main,False,tech_debt
26495,26493,"Update package.json

Update string-width to 4.2.3",other,,False,other
27444,27442,feat(locales): Added Uzbek translation,feat,locales,False,feature_work
27601,27599,Merge branch 'master' into improve-typing-in-example,other,,False,other
28121,28119,Merge branch 'main' into legacy-object-proto-accessors,other,,False,other
28437,28435,fix: conflicts and strip-dashed,fix,,False,bug_fixes
28445,28443,fixes,other,,False,other
28682,28680,Merge branch 'master' into fix-boolean-strict-bug,other,,False,other
30197,30195,fix linting,other,,False,other
30269,30267,Fix test,other,,False,other
30368,30366,fix: Generate sourcemap for the minified file build/index.cjs,fix,,False,bug_fixes
31498,31496,use arrow function,other,,False,other
32973,32971,Merge branch 'master' into patch-1,other,,False,other
34150,34148,refactor: simplify help logic,refactor,,False,tech_debt
34504,34502,chore: add test for positionals in completion,chore,,False,tech_debt
35117,35115,test: get coverage back to 100%,test,,False,tech_debt
35573,35571,fix: zsh completion is now autoloadable,fix,,False,bug_fixes
35678,35676,Merge branch 'master' into enable-fallback-to-standard-completion,other,,False,other
38042,38040,Merge branch 'master' into master,other,,False,other
38247,38245,test: add a couple test cases; avoid singleton,test,,False,tech_debt
39242,39240,"Update lib/command.ts

Co-authored-by: Jordan Harband <ljharb@gmail.com>",other,,False,other
40127,40125,"Expose CommandHandlerDefinition in Deno

Today, it's hard to have command handlers in separate files that are strong typed, if this is not exposed.",other,,False,other
41412,41410,docs: update additional examples,docs,,False,docs
41729,41727,fix(modules): module path was incorrect,fix,modules,False,bug_fixes
43230,43228,Merge branch 'master' into typescript-update-4,other,,False,other
43774,43772,fix(deps): update dependency cliui to v7,fix,deps,False,bug_fixes
43801,43799,fix(deps): update dependency find-up to v5,fix,deps,False,bug_fixes
44086,44084,chore: continue to abstract Node specific logic,chore,,False,tech_debt
44166,44164,chore: fix import,chore,,False,tech_debt
45611,45609,remove extra semicolon,other,,False,other
45631,45629,"feat(example): merge examples and example function

as @bcoe [suggested](https://github.com/yargs/yargs/pull/1682#issuecomment-650875734)
merge the functions to one that either accepts an array or 2 strings",feat,example,False,feature_work
45690,45688,"docs(api): update the example header to More understandable

Update the header as requested in the review",docs,api,False,docs
46158,46156,Merge branch 'master' into 1586-yargs-d-ts,other,,False,other
46293,46291,fix(yargs): joined args are improperly handled for completion,fix,yargs,False,bug_fixes
46695,46693,Fix test regexp,other,,False,other
46987,46985,WIP: get rid of temporary lib/command-types,wip,,False,tech_debt
46995,46993,chore(ts): tsify lib/command,chore,ts,False,tech_debt
47152,47150,Merge branch 'master' into update-yargs-parser,other,,False,other
47215,47213,Use destructuring in example,other,,False,other
47352,47350,Merge branch 'master' into api-docs-parse-exiting,other,,False,other
47667,47665,Merge branch 'master' into api-docs-link-other-docs,other,,False,other
48540,48538,"fix(strictCommands): report unknown argument instead of unknown command if no subcommands configured

This gives user a friendlier error message when unexpected positional argument is passed to the command. It does not really make sense to say ""Unknown command: foo"" - there are not subcommands to this command. This is an unknown argument and should be reported as such.

A more correct solution would probably be to not report an error at all for this case under strictCommands, but report it under strict mode instead. But this will be a breaking change as it is explicitly [stated in the docs](https://yargs.js.org/docs/#api-strictcommandsenabledtrue) that unknown positional arguments are reported as errors under strictCommands, so current solution should do for now.",fix,strictCommands,False,bug_fixes
50164,50162,Merge branch 'master' into 1598-update-strings-does-not-work-on-options,other,,False,other
50400,50398,chore(ts): tsify lib/levenshtein,chore,ts,False,tech_debt
50643,50641,updated package.json [ci skip],other,,False,other
51405,51403,docs: add back a coverage badge,docs,,False,docs
51642,51640,chore: fix tests when not tty,chore,,False,tech_debt
51711,51709,chore: fix link,chore,,False,tech_debt
51786,51784,updated CHANGELOG.md [ci skip],other,,False,other
52424,52422,Merge branch 'master' into i18n_de,other,,False,other
53157,53155,updated CHANGELOG.md [ci skip],other,,False,other
53232,53230,fix(yargs): correct support of bundled electron apps,fix,yargs,False,bug_fixes
56187,56185,updated package.json [ci skip],other,,False,other
56662,56660,"Initialize yargsa API

yargsa API is at the moment a copy of the legacy one (nothing more),
using the same sub-modules and the same tests (API-dependant tests
are ran twice: first with the legacy API,then with the yargsa API).",other,,False,other
56683,56681,"fix: missing dependencies for api-specialized fixtures

generic and api-specific fixtures are back in a single test/fixtures directory",fix,,False,bug_fixes
57272,57270,Add tsconfig.json,other,,False,other
57361,57359,"feat: Expose `Parser` from `require('yargs/yargs')`

Fixes #1475",feat,,False,feature_work
57648,57646,feat(command): add command finish hook,feat,command,False,feature_work
59180,59178,"fix(test): fix an old async command test

The test did not really tested the handler was called,
as the promise was already created beforeHand.
Moreover, now also tests the handler completes before
await parse() returns.",fix,test,False,bug_fixes
60574,60572,"fix: #1173

Already preserved groups where not taken into account in reset()
when preserving groups",fix,,False,bug_fixes
62987,62985,"Support .command(cmd,desc,module) for ES6 class as module",other,,False,other
64072,64070,Fix: Usage-options example #1176,fix,,False,bug_fixes
66576,66574,Fix style failures,other,,False,other
69671,69669,deprecate package.json config and add parserConfiguration method,other,,False,other
69793,69791,"what do you mean github PR reviewed code is immutable?! oi vey, whitespace. please squash this merge.",other,,False,other
69860,69858,"Revert ""use the instance-scoped logger"" (non-cli deprecation message breaks test suite)

This reverts commit 41fe766a7a80d97ee5f8c81495bd405bcb82efe3.",other,,False,other
70135,70133,Add default to performPreCheck ensuring its false,other,,False,other
70293,70291,Merge branch 'master' into pre-checks-middleware,other,,False,other
70327,70325,"whitespace, sigh.",other,,False,other
70418,70416,fixed tests for removing context,other,,False,other
72240,72238,"Added/Updated middleware tests

I added a new test to verify that the `.middleware()` method works when a single function is passed, rather than an array of functions.

Also enhanced an existing test to ensure that _all_ middleware is run before commands, regardless of whether it was added as an array of functions or a single function.",other,,False,other
74196,74194,"Merge pull request #3 from aorinevo/FEATURE/Update_cm

FEATURE: Add Coremetrics",other,,False,other
74340,74338,I-1150: Phase 3 - Parse issue.,other,,False,other
74388,74386,I-1150: Phase 3 - Migrate usage commands to state.,other,,False,other
74444,74442,Increase coverage.,other,,False,other
74460,74458,I-1150: Resolve comments.,other,,False,other
74545,74543,"Readme: add info about installing @next version, see #1134",other,,False,other
75051,75049,"Merge pull request #5 from aorinevo/I-1150_master_AN_redux_destructure_store

I-1150: Destructure store",other,,False,other
77913,77911,PR-AN-01: Add middleware integration test.,other,,False,other
78458,78456,PR-AN-01: Global Middleware feature.,other,,False,other
78482,78480,PR-AN-01: Remove param defaults for Node 4 comp.,other,,False,other
79848,79846,"Remove file extension on usage output

Before, at least on Windows, the `Commands:` section included the file extension, e.g.:

```
C:\Users\emile>athom
athom.js <command>

Commands:
  athom.js app      App related commands
```

With this change, the `.js` will be automatically stripped.",other,,False,other
80301,80299,"feat: --show-hidden

Adds a `--show-hidden` flag to show options defined with `hidden: true` property

Recap: Earlier, a fix was made to address the issue where `.options({...})` without a `description` property did not show up up in `--help`. The fix introduced a new `hidden: true` property to truly hide an option from `--help`, and to show all other options (even without `description` property)

Issue with the fix: There was no way to show options defined with `hidden:true` property (they were hidden permanently)

Solution (this patch): This introduces a new flag: `--show-hidden` which is pre-configured. It can be used to show those hidden options.

The default key for this new flag may also be custom configured with a new function property `.showHidden()`",feat,,False,feature_work
80581,80579,"fix: stop shadowing 'path' import, it's confusing",fix,,False,bug_fixes
82896,82894,chore: had duplicate,chore,,False,tech_debt
83405,83403,"document multiple array arguments

We should mention that multiple array arguments are all flattened.",other,,False,other
87428,87426,Fixing tests,other,,False,other
88333,88331,refactor: Use native Object.assign,refactor,,False,tech_debt
91652,91650,Add docs,other,,False,other
91676,91674,Test: Update test,test,,False,tech_debt
375,373,test: add additional tests to improve coverage,test,,False,tech_debt
391,389,chore: tidy fish completion,chore,,False,tech_debt
510,508,chore: add workflow_dispatch for release-please,chore,,False,tech_debt
816,814,"chore: in CI stop overriding npm version, and use ""npm ci"" instead of ""npm install""",chore,,False,tech_debt
1110,1108,Remove --engine-strict in CI,other,,False,other
1705,1703,fix: correct typo paramter → parameter in requiresArg comment,fix,,False,bug_fixes
3282,3280,Merge branch 'main' into fix/choices-dedup,other,,False,other
4672,4670,"Fix 'count' for de locale

Changing de localization for 'count' to 'Anzahl' because 'Zähler' is closer to 'counter'",other,,False,other
5397,5395,feat: commandDir now works with ESM files,feat,,False,feature_work
5418,5416,docs: nit,docs,,False,docs
6121,6119,fix windows tests,other,,False,other
6215,6213,tests: fix tests for windows,other,,False,other
7622,7620,Dummy commit to trigger GitHub checks,other,,False,other
8218,8216,chore(deps): update dependency eslint to v9,chore,deps,False,tech_debt
9075,9073,correcting username positional,other,,False,other
9198,9196,build: requrie npm@8,build,,False,tech_debt
10284,10282,chore(deps): update dependency which to v4,chore,deps,False,tech_debt
10568,10566,"Update lib/platform-shims/browser.mjs

whoops that doesn't quite work, I need the version from yargs-parser and cliui, not yargs.",other,,False,other
10970,10968,chore(deps): update dependency c8 to v8,chore,deps,False,tech_debt
11341,11339,fix: completion should play well with strip-dashed,fix,,False,bug_fixes
12418,12416,chore(deps): update dependency rimraf to v5,chore,deps,False,tech_debt
12731,12729,chore: format,chore,,False,tech_debt
12993,12991,fix: rework coerce to remove assumptions about what keys are present in argv,fix,,False,bug_fixes
13368,13366,grammar,other,,False,other
14500,14498,Updated gitignore to ignore tgz files,other,,False,other
15137,15135,fix: add a description of alias on the zsh completion,fix,,False,bug_fixes
15184,15182,test: fix the title of the test,test,,False,tech_debt
15610,15608,Merge branch 'main' into fix/esm-version,other,,False,other
18003,18001,fix: respect `boolean-negation` config,fix,,False,bug_fixes
18019,18017,fix: do not throw for missing required args,fix,,False,bug_fixes
18085,18083,Merge branch 'main' into feat/fig-completions,other,,False,other
21050,21048,spelling,other,,False,other
21305,21303,oops,other,,False,other
21531,21529,fix: import yargs/yargs in esm projects,fix,,False,bug_fixes
21540,21538,fix: cjs warning,fix,,False,bug_fixes
21579,21577,Merge branch 'main' into fix/yargs/yargs,other,,False,other
21699,21697,Merge branch 'main' into chore/devcontainer,other,,False,other
23976,23974,docs: correct @types/yargs URL in readme,docs,,False,docs
24967,24965,fix: re-add options to check callback,fix,,False,bug_fixes
25097,25095,chore(deps): update dependency chalk to v5,chore,deps,False,tech_debt
25214,25212,chore(main): release yargs 1.0.0,chore,main,False,tech_debt
26635,26633,chore: release 17.2.2,chore,,False,tech_debt
27510,27508,chore: release 17.2.0,chore,,False,tech_debt
27710,27708,Merge branch 'main' into update-example,other,,False,other
28034,28032,Merge branch 'master' into legacy-object-proto-accessors,other,,False,other
28784,28782,Merge branch 'master' into patch-1,other,,False,other
28857,28855,fix: positionals should not overwrite options,fix,,False,bug_fixes
28865,28863,fixes,other,,False,other
28975,28973,fix: use denoland/setup-deno,fix,,False,bug_fixes
32142,32140,fix(builder): nested builder is now awaited,fix,builder,False,bug_fixes
33689,33687,refactor: switch back to using const,refactor,,False,tech_debt
34406,34404,Merge branch 'master' into fix-1820,other,,False,other
34678,34676,feat: allow to access output of default completion in custom completion,feat,,False,feature_work
34710,34708,"chore: rename defaultCompletion -> completionFilter, add test",chore,,False,tech_debt
35085,35083,Merge branch 'master' into async-check,other,,False,other
37963,37961,Merge branch 'master' into master,other,,False,other
38195,38193,Remove boiler,other,,False,other
38451,38449,docs: make comment better,docs,,False,docs
39484,39482,Merge branch 'master' into deno-tweak,other,,False,other
39669,39667,chore: test fix,chore,,False,tech_debt
40837,40835,chore: add .gitattributes for Windows,chore,,False,tech_debt
41487,41485,docs(terminology): update terminology,docs,terminology,False,docs
43472,43470,Merge branch 'master' into master,other,,False,other
46237,46235,chore(ts): tsify lib/yargs,chore,ts,False,tech_debt
46253,46251,"feat(usage): allow describe to be called with an array of keys

To keep consistent with other parsing hint functions.",feat,usage,False,feature_work
46399,46397,refactor(apply-extends): cleaner signature,refactor,apply-extends,False,tech_debt
47003,47001,"fix(command): true should not be accepted as description

The documentation states addHandler can be called
either with a string description
or false to disable description display.
But true was also silently accepted,
which led to displaying 'true' as the description.",fix,command,False,bug_fixes
48152,48150,updated package.json [ci skip],other,,False,other
48196,48194,"Restructure LICENSE a bit to help robots

Helps license scanning tools like https://github.com/licensee/licensee
to successfully detect that this is an MIT licensed project.",other,,False,other
48330,48328,Group process-argv type definitions,other,,False,other
49443,49441,Merge branch 'master' into patch-1,other,,False,other
49632,49630,chore(ts): tsify lib/argsert,chore,ts,False,tech_debt
49773,49771,Merge branch 'master' into release-v15.3.2,other,,False,other
49842,49840,fix(usage): ensure no more unfreezes than freezes,fix,usage,False,bug_fixes
50328,50326,WIP: rename lib/yerror,wip,,False,tech_debt
50352,50350,chore(ts): tsify lib/apply-extends,chore,ts,False,tech_debt
50360,50358,"fix(apply-extends): explicitely throw on bad extends path

No longer rely on fs.readFileSync or path.dirname to throw
on non-resolvable config.extends path (throw explicitely instead).",fix,apply-extends,False,bug_fixes
50814,50812,chore(linting): fix linting skipped by gts fix,chore,linting,False,tech_debt
51319,51317,Merge branch 'master' into feat/deprecateCommand,other,,False,other
51353,51351,build: fix bug with coveralls workflow,build,,False,tech_debt
51379,51377,build: continue running coveralls on master,build,,False,tech_debt
51478,51476,"feat: add usage for single-digit boolean aliases

Add proper usage output for the now supported single-digit boolean
aliases which landed in yargs-parser.

ref: https://github.com/yargs/yargs-parser/pull/255",feat,,False,feature_work
51618,51616,test: simplify coverage enforcement,test,,False,tech_debt
52282,52280,chore: switch to npm run coverage,chore,,False,tech_debt
52984,52982,updated CHANGELOG.md [ci skip],other,,False,other
53092,53090,Merge branch 'master' into 1555-fix-french-translations,other,,False,other
53680,53678,chore(deps): update dependency chalk to v3,chore,deps,False,tech_debt
54215,54213,add a comment to precise process.defaultApp is set by electron,other,,False,other
55267,55265,Merge branch 'master' into fix/1511-recommended-typescript-import,other,,False,other
56277,56275,doc(typescript): suggest both import syntax,other,,False,other
56940,56938,chore: update CHANGELOG,chore,,False,tech_debt
57150,57148,updated CHANGELOG.md [ci skip],other,,False,other
57264,57262,Add comment explaining ts.ts,other,,False,other
57505,57503,docu: update boolean description,other,,False,other
57855,57853,Merge branch 'master' into was-defaulted,other,,False,other
58328,58326,Merge branch 'master' into drop-node-6,other,,False,other
58985,58983,"fix(middleware): call fail when middleware rejects

Bring the broken test in middeware back online",fix,middleware,False,bug_fixes
58993,58991,"tests(usage): await command handlers impacts

25 broken tests, to be fixed in following commits",other,,False,other
59097,59095,"test(integration): fix broken tests on linux and ios

Forgotten async main in most fixtures bin",test,integration,False,tech_debt
59585,59583,missing array choice regression test,other,,False,other
59725,59723,feature(parse): add tests for sync/async API,other,,False,other
59868,59866,"docs: fix TypeScript import to prevent a future major release warning

Importing using `import yargs from 'yargs';` prevents a warning log to console about the `parsed` property being dropped in a future major version.

In future major releases of yargs, ""parsed"" will be a private field. Use the return value of "".parse()"" or "".argv"" instead

Closes #1439",docs,,False,docs
60566,60564,tests: reproduce #1173,other,,False,other
61464,61462,Additional verbose options,other,,False,other
62275,62273,"Throws on helpOpt reuse attempts

See #1323

Throws when a call to .option() or .positional()
tries to use the key already used by help option
which causes unexpected behavior.",other,,False,other
62764,62762,Minor refactor,other,,False,other
62881,62879,minor fix,other,,False,other
64399,64397,"(WIP) strict: define what should fail or not

Added a (failing yet) test for desired behavior, ie replacing
strict's boolean parameter by an object defining where to look for
unknown parameters (config, env and/or argv).",other,,False,other
66339,66337,"test: accept differently formatted output

The default for Node.js's `util.inspect` `compact` option might soon
change to `3` which slightly changes the default output for objects.
This change accepts both formats so that the test passes in all Node.js
versions.

Refs: https://github.com/nodejs/node/pull/27109",test,,False,tech_debt
67583,67581,Updated tests and fixed code coverage,other,,False,other
68285,68283,"whoops, we actually do override the separator",other,,False,other
68787,68785,Edited help example to align with actual output,other,,False,other
69737,69735,Resolved merge conflicts,other,,False,other
69868,69866,"Merged in PR #1262, put sort under config, default to false, added tests",other,,False,other
69892,69890,Revert whitespace,other,,False,other
70023,70021,Added context object to prechecks callbacks,other,,False,other
70187,70185,"Merged in changes from PR #1278, resolved merge conflicts",other,,False,other
70934,70932,chore: update build settings,chore,,False,tech_debt
71489,71487,chore: force build,chore,,False,tech_debt
71609,71607,docs: contributors but no author,docs,,False,docs
72146,72144,"adjust ""contributors"" link to GitHub contributors page",other,,False,other
73533,73531,I-1150: Migrated defaultCommand and aliasMap to Redux.,other,,False,other
74156,74154,PR-AN-01: Global Middleware feature.,other,,False,other
74228,74226,I-1150: Add Unit tests for context reducers and action creators.,other,,False,other
74759,74757,I-1150: Phase 3 - add usages to redux.,other,,False,other
75147,75145,I-1150: Phase 3 - Migrate usage commands to state - clean-up.,other,,False,other
75155,75153,"Merge pull request #7 from aorinevo/I-1150_master_AN_redux_usage_commands

I-1150: Phase 3 - Migrate usage commands to state.",other,,False,other
75388,75386,I-1114: Move Code of Conduct section to CODE_OF_CONDUCT.md,other,,False,other
75462,75460,I-1120: Fix standard errors.,other,,False,other
75769,75767,I-1150: Fix key typo.,other,,False,other
77512,77510,PR-AN-01: Global Middleware feature.,other,,False,other
80617,80615,bump cross-spawn,other,,False,other
82826,82824,add test for requiresArg with specific type,other,,False,other
81,79,Only show version when the flag is used,other,,False,other
536,534,"docs: document command deprecated and middlewares

Document the positional and object-form APIs for marking commands
deprecated and attaching command-scoped middlewares. Fixes #2246.",docs,,False,docs
738,736,"fix: resolve show-hidden option lookup when strip-dashed is enabled

When parserConfiguration({ 'strip-dashed': true }) is set, yargs converts
dashed option names to camelCase in the parsed argv object. The
filterHiddenOptions function was looking up the showHiddenOpt key (e.g.
'show-hidden') directly in argv, but with strip-dashed enabled the key is
stored as 'showHidden' (camelCase), causing the lookup to always return
undefined and hidden options to never appear even when --show-hidden is passed.

The fix checks both the original key and its camelCase equivalent so that
show-hidden works correctly regardless of the strip-dashed parser setting.

Fixes #2356",fix,,False,bug_fixes
1018,1016,docs: fix broken links in api.md,docs,,False,docs
1360,1358,fix: show-hidden breaks when parser has strip-dashed config (#2356),fix,,False,bug_fixes
1434,1432,fix: preserve variadic positionals without duplicate arrays,fix,,False,bug_fixes
1653,1651,"i18n(de): add missing German translations for deprecated, command, Positionals, Unknown command",other,,False,other
2537,2535,Reapply formatting to fix lint checks,other,,False,other
3306,3304,Replace EOL node 23 in CI version matrix with node 24,other,,False,other
3519,3517,Merge branch 'main' into fix/completion-negative-boolean,other,,False,other
4780,4778,chore(main): release 18.1.0,chore,main,False,tech_debt
5454,5452,docs: correct API description,docs,,False,docs
5897,5895,"feat!: yargs is now ESM only
refactor!: commandDir removed (due to not working with ESM)",feat,,True,feature_work
5919,5917,test: port completion tests to esm,test,,False,tech_debt
6552,6550,chore(deps): update dependency @types/node to v22,chore,deps,False,tech_debt
6811,6809,fix: using flag version in example,fix,,False,bug_fixes
7380,7378,chore(deps): update dependency rimraf to v6,chore,deps,False,tech_debt
8456,8454,chore(deps): update dependency @types/mocha to v10,chore,deps,False,tech_debt
9179,9177,build: update ci,build,,False,tech_debt
9313,9311,chore(deps): update dependency c8 to v9,chore,deps,False,tech_debt
10725,10723,Merge branch 'main' into argv-to-parse,other,,False,other
11781,11779,Merge branch 'main' into fix/types-condition,other,,False,other
11964,11962,chore(main): release 18.0.0,chore,main,False,tech_debt
12828,12826,Merge branch 'main' into main,other,,False,other
13055,13053,Merge branch 'main' into fix/2307,other,,False,other
13292,13290,chore(main): release 17.7.1,chore,main,False,tech_debt
14441,14439,Fixed an issue with nested commands in the `fish` completion template.,other,,False,other
18055,18053,feat: support implies and conflicts,feat,,False,feature_work
18307,18305,feat(usage): add YARGS_DISABLE_WRAP env variable to disable wrap,feat,usage,False,feature_work
19433,19431,Use gender-neutral adjectives,other,,False,other
20336,20334,fix: use prototype,fix,,False,bug_fixes
20499,20497,Simplify test,other,,False,other
20762,20760,nit,other,,False,other
20846,20844,Merge branch 'main' into jg_fix_completion_installation_instructions,other,,False,other
21823,21821,"fix(completion): don't show positional args choices with option choices

Previously, when both positional arguments and options has choices, during autocompletion we displayed both at the same time.",fix,completion,False,bug_fixes
22104,22102,Update browser.d.ts,other,,False,other
22261,22259,Fix hyphenation,other,,False,other
23802,23800,Merge branch 'main' into fix-config-and-variadic-args,other,,False,other
23877,23875,Merge branch 'main' into fix-config-and-variadic-args,other,,False,other
28170,28168,chore: release 17.1.2,chore,,False,tech_debt
29042,29040,Merge branch 'master' into docs-only-use-parse-and-argv-at-top-level,other,,False,other
29114,29112,npm run fix,other,,False,other
29155,29153,Merge branch 'master' into fix/1987,other,,False,other
29340,29338,Merge branch 'master' into fix-version-name-collision-bug,other,,False,other
30172,30170,"Merge pull request #1 from thrien/damerau

Upgrade levenshtein to damerau-levenshtein",other,,False,other
30635,30633,lint,other,,False,other
30760,30758,Merge branch 'master' into better-ts-docs,other,,False,other
30792,30790,Merge branch 'master' into better-ts-docs,other,,False,other
31752,31750,fix(build): Node 12 is now minimum version,fix,build,False,bug_fixes
32245,32243,fix(deno): force release of deno,fix,deno,False,bug_fixes
33313,33311,test(deno): add example of parseAsync behavior,test,deno,False,tech_debt
33405,33403,Merge branch 'master' into yargs-fix-webpack,other,,False,other
33877,33875,Merge branch 'master' into patch-1,other,,False,other
34425,34423,Merge branch 'master' into fix-1820,other,,False,other
35074,35072,feat: continue work to implement coerce,feat,,False,feature_work
35109,35107,Merge branch 'master' into async-check,other,,False,other
35125,35123,docs: slight tweaks to docs,docs,,False,docs
35648,35646,"feat: allow calling standard completion function from custom one

Closes #1013",feat,,False,feature_work
37679,37677,Add showVersion function,other,,False,other
37884,37882,Standardx 7.0.0,other,,False,other
37935,37933,Fix help output with default command,other,,False,other
39314,39312,test: add test for dot-path option in strict mode,test,,False,tech_debt
39473,39471,Merge branch 'master' into deno-tweak,other,,False,other
39661,39659,fix: add helper.js for older Node.js versions,fix,,False,bug_fixes
40845,40843,build: remmove unused code,build,,False,tech_debt
41388,41386,"Update docs/advanced.md

Co-authored-by: Rory O’Kane <rory@roryokane.com>",other,,False,other
42116,42114,chore: release 16.0.4,chore,,False,tech_debt
42816,42814,docs: slight tweak to wording,docs,,False,docs
43256,43254,"docs: use URL to images, for benefit of Deno",docs,,False,docs
43704,43702,chore(deps): update dependency typescript to v4,chore,deps,False,tech_debt
44158,44156,chore: include new entrypoints in package,chore,,False,tech_debt
44654,44652,"chore(yargs): introduce genericity in YargsInstance

To start aligning yargs.ts on yargs.d.ts",chore,yargs,False,tech_debt
45044,45042,refactor(ts): move to TypeScript release of yargs-parser,refactor,ts,False,tech_debt
45052,45050,"chore: address linting issue, add license to d.ts",chore,,False,tech_debt
45396,45394,updated package.json [ci skip],other,,False,other
46407,46405,refactor(common-types): simplify assertSingleKey for readability,refactor,common-types,False,tech_debt
47332,47330,Merge branch 'master' into api-docs-parse-exiting,other,,False,other
47871,47869,chore(ts): tsify lib/middleware,chore,ts,False,tech_debt
48346,48344,Group parse-command type definitions,other,,False,other
48587,48585,Merge branch 'master' into fix-error,other,,False,other
50697,50695,chore: update yargs-parser,chore,,False,tech_debt
51261,51259,refactor: usage.command() to take {…object} param instead of […array],refactor,,False,tech_debt
51269,51267,refactor: command.addHandler() to take {…object} param instead of […array],refactor,,False,tech_debt
51277,51275,[wip] fixing tests for #ffd71e1,other,,False,other
51568,51566,updated package.json [ci skip],other,,False,other
51650,51648,chore: pin coverage,chore,,False,tech_debt
51658,51656,chore: also ignore 505,chore,,False,tech_debt
51737,51735,feat(yargs-parser): introduce single-digit boolean aliases,feat,yargs-parser,False,feature_work
52732,52730,"Shows a `[deprecated]` notice in front of an option

* Added a method: `.deprecateOption(key, [message])`
* Added a key in option conrtructor: `.option(key, { deprecated: [boolean|message] })`
* Basic Tests
* Updated Readme",other,,False,other
52765,52763,"fix: ""deprecated"" translation",fix,,False,bug_fixes
53036,53034,fix(locales): 'got %s' has a plural form in French,fix,locales,False,bug_fixes
53060,53058,fix(translations): French translations review,fix,translations,False,bug_fixes
53073,53071,"chore(deps): update dependency mocha to v7 (#1547)

* chore(deps): update dependency mocha to v7
* fix(tests): mocha binary is no longer '_mocha' in v7

Co-authored-by: WhiteSource Renovate <renovatebot@gmail.com>",chore,deps,False,tech_debt
54324,54322,Fix issue 1533,other,,False,other
55861,55859,docs: fix bad urls in the API docs,docs,,False,docs
56046,56044,Merge branch 'master' into patch-2,other,,False,other
56096,56094,chore: fix misspelling of package.json `engines` field,chore,,False,tech_debt
56451,56449,chore: continuing to flesh out async documents,chore,,False,tech_debt
56654,56652,"wip: rename function arguments called 'yargs' to 'y'

In tests, examples and documentation. The idea is to stop confusion between
'yargs' (the module itself, the singleton, the sync API) and 'y' (a yargs instance).

This confusion was sometimes misleading users, and become less and less readable
in a context with 2 cohabitating APIs.",wip,,False,tech_debt
58961,58959,"fix(completion): add forgotten async handling

The last broken test in completion is back online",fix,completion,False,bug_fixes
59202,59200,"feature(command): allow middleware function to call a done callback

To align its async behavior with other async allowed callbacks.",other,,False,other
60911,60909,"fix: fix promise check to accept any spec conform object

An instanceof check only accept promises which are created using the `Promise`
constructor. But there are other libraries which their own contructors. These
promises should also work as long as they adhere to the spec.",fix,,False,bug_fixes
61937,61935,"Make it possible to merge configurations when extending other config.

Default behavoir is as before. But you can add 'merge-extends': true
to your parser configuration that will change so that configurations
will be deeply merged instead of overwritten per key.

https://github.com/yargs/yargs/issues/1363",other,,False,other
63526,63524,Remove unnecessary options in test,other,,False,other
63790,63788,review: flesh out TypeScript docs a bit further,other,,False,other
66693,66691,"Change the French, German and Italian label for ""Implications failed:"" to a phrase like ""Missing dependent arguments:"" in English",other,,False,other
66760,66758,Add Dutch to the list of supported locales,other,,False,other
68019,68017,"chore: slight refactor of approach being used, add support for per-command",chore,,False,tech_debt
68828,68826,"update os-locale because of security vulnerability

`os-locale` 3.1.0 uses mem `4.0.0` that fix a vulnerability: https://snyk.io/vuln/npm:mem:20180117",other,,False,other
69753,69751,Revert whitespace,other,,False,other
71526,71524,a newline for a new build,other,,False,other
73354,73352,docs(advanced): fix typo,docs,advanced,False,docs
73419,73417,fix: translation not working when using __ with a single parameter,fix,,False,bug_fixes
73516,73514,"I-1150: Decouple usage from command.js, move functions and var declaration to top of scope.",other,,False,other
73630,73628,I-1178: Fix middleware bug.,other,,False,other
74204,74202,Fix scope.,other,,False,other
74332,74330,I-1150: Phase 3 - Breakout changes for context into a separate branch.,other,,False,other
74703,74701,I-1150: Fix context reducers conflicts.,other,,False,other
74775,74773,I-1150: Phase 3 - Fix addUsages function.,other,,False,other
74799,74797,I-1150: Phase 3 - Resolve comments.,other,,False,other
74979,74977,I-1150: Complete phase 1 redux integration in usage,other,,False,other
75609,75607,I-1150: Increase coverage for reducers/usage.js,other,,False,other
77560,77558,Fix scope.,other,,False,other
80480,80478,"docs(example): add command hierarchy example

Add the command hierarchy example from the [advanced topics documentation]
to the actual examples.

[advanced topics documentation]: docs/advanced.md",docs,example,False,docs
81791,81789,fix middlware docs,other,,False,other
81988,81986,chore: add test for happy path of async command handler,chore,,False,tech_debt
84348,84346,Chore: new translations for API overhaul for locale: HI (Hindi),chore,,False,tech_debt
84870,84868,"Add japanese translation for ""mutually exclusive arguments"" message",other,,False,other
85917,85915,chore: switch to find-up from read-pkg-up,chore,,False,tech_debt
86231,86229,chore: fix windows tests maybe?,chore,,False,tech_debt
16087,16085,chore(deps): update dependency rollup to v3,chore,deps,False,tech_debt
16215,16213,"Bugfix: syntax error in JSON

Yargs crashes in runtime when trying to load the cs locales",other,,False,other
16997,16995,"fix(deps): update dependency yargs-parser to v21.1.1

Currently the `yargs` is not usable in Deno with `.env()`. 
This was fixed in https://github.com/yargs/yargs-parser/pull/432
It was released in yargs-parser v21.0.1
This dependency bump will fix `yargs` for Deno.",fix,deps,False,bug_fixes
17971,17969,feat: add fig completions,feat,,False,feature_work
19548,19546,Merge branch 'main' into fix-locale-infinite-loop,other,,False,other
20419,20417,Merge branch 'main' into use-prototype,other,,False,other
21079,21077,console log,other,,False,other
21727,21725,chore: rm .devcontainer/,chore,,False,tech_debt
21906,21904,chore(main): release 17.4.1,chore,main,False,tech_debt
23433,23431,chore(main): release 17.4.0,chore,main,False,tech_debt
23530,23528,fixes,other,,False,other
26025,26023,"Update package.json

Fix vulnerability with string-width > ansi-regex",other,,False,other
27748,27746,fix: cast error types as TypeScript 4.4 infers them as unknown instead of any (#2016),fix,,False,bug_fixes
28015,28013,Avoid legacy accessors,other,,False,other
28053,28051,Update index.cjs,other,,False,other
28469,28467,Merge branch 'master' into fix-strip-dashed-and-conflicts-bug,other,,False,other
29131,29129,prettier/eslint fix,other,,False,other
29275,29273,Merge branch 'master' into fix-version-name-collision-bug,other,,False,other
30840,30838,spelling,other,,False,other
31466,31464,refactor: replace indexOf with includes,refactor,,False,tech_debt
32515,32513,Merge branch 'master' into add_toc_to_api_docs,other,,False,other
33259,33257,Merge branch 'master' into fix/bash-completion-clash,other,,False,other
33583,33581,"feat: add parseSync/parseAsync

Introduces parseSync/parseAsync, allowing an application to explicitly state
whether or not it expects the parse goal of yargs to be asynchronous",feat,,False,feature_work
34366,34364,Fix help/version option description not showing,other,,False,other
34390,34388,Merge branch 'master' of https://github.com/yargs/yargs into fix-1820,other,,False,other
34512,34510,Merge branch 'fix/exclude-positionals-from-completion' of github.com:jacobator/yargs into fix/exclude-positionals-from-completion,other,,False,other
34911,34909,Merge branch 'master' into release-v17.0.0,other,,False,other
35050,35048,feat(async): add support for async check and coerce,feat,async,False,feature_work
37604,37602,Fix presence spelling,other,,False,other
37754,37752,Merge branch 'master' into feature/showversion,other,,False,other
38050,38048,Merge branch 'master' into master,other,,False,other
38476,38474,feat: add async support to getCompletions,feat,,False,feature_work
38525,38523,docs: add async examples,docs,,False,docs
38635,38633,docs: continuing to work on wording,docs,,False,docs
38643,38641,docs: fix typo,docs,,False,docs
38903,38901,"chore: add package.json to module exports

Fixes #1817",chore,,False,tech_debt
41094,41092,"fix(deno): update types for deno ^1.4.0

In version 1.4 Deno adopted;

- the tsconfig setting [importsNotUsedAsValues](https://www.typescriptlang.org/tsconfig#importsNotUsedAsValues) - https://github.com/denoland/deno/pull/7413
- the tsconfig setting [isolatedModules](https://www.typescriptlang.org/tsconfig#isolatedModules) when using the deno `--unstable` flag - https://github.com/denoland/deno/issues/7326 ([intended to be enabled by default in 1.5](https://github.com/denoland/deno/issues/7326))

These require the use of;
- type only imports for values which are only used as types (`importsNotUsedAsValues`)
- type only exports for types which are re-exported (`isolatedModules`)",fix,deno,False,bug_fixes
41348,41346,Merge branch 'master' into expose-hide-bin,other,,False,other
42557,42555,fix(typescript): yargs-parser was breaking @types/yargs,fix,typescript,False,bug_fixes
43222,43220,deps(typescript): upgrade to typescript@4.x,other,,False,other
44987,44985,updated CHANGELOG.md [ci skip],other,,False,other
45317,45315,chore(deps): update dependency @types/mocha to v8,chore,deps,False,tech_debt
45595,45593,"feat(): add examples

add function to add multiple examples at once",other,,False,other
45650,45648,docs(api): add the multiple example addition,docs,api,False,docs
46909,46907,chore(deps): update dependency eslint to v7,chore,deps,False,tech_debt
47506,47504,docs(api): clarify process.argv handling and the order of API methods,docs,api,False,docs
47889,47887,Merge branch 'master' into 1586-ts-middleware,other,,False,other
48322,48320,Group validation type definitions,other,,False,other
48354,48352,Move .d.ts to typings directory,other,,False,other
48700,48698,"fix(tests): add missing expect.fail on some tests expecting to fail

For them to fail cleanly if parsing did not fail
instead of timing out.",fix,tests,False,bug_fixes
49407,49405,docs: describe commandDir() parameters (#1540),docs,,False,docs
49451,49449,Update documentation style,other,,False,other
49680,49678,chore(deps): update dependency @types/decamelize to v3,chore,deps,False,tech_debt
49793,49791,chore(deps): update dependency chalk to v4,chore,deps,False,tech_debt
50076,50074,WIP: rename lib/completion,wip,,False,tech_debt
50635,50633,updated CHANGELOG.md [ci skip],other,,False,other
53081,53079,Merge branch 'master' into 1555-fix-french-translations,other,,False,other
53112,53110,Merge branch 'master' into 1555-fix-french-translations,other,,False,other
53320,53318,fix(deps): update dependency yargs-parser to v17,fix,deps,False,bug_fixes
53379,53377,chore(deps): update dependency which to v2,chore,deps,False,tech_debt
53447,53445,fix: enforce new standard v13 and v14 rules,fix,,False,bug_fixes
53853,53851,Merge branch 'master' into boneskull-demands,other,,False,other
54078,54076,doc: state limitations of using command handlers returning promises,other,,False,other
55233,55231,fix(docs): use recommended cjs import syntax for ts examples,fix,docs,False,bug_fixes
56285,56283,Merge branch 'master' into doc/1455-import-syntax-in-typescript-examples,other,,False,other
58291,58289,updated package.json [ci skip],other,,False,other
59126,59124,"feature(middleware): await middlewares

Also removes the limitation on beforeValidation middlewares,
which could not be async before.",other,,False,other
60779,60777,fix(docs): broken markdown link,fix,docs,False,bug_fixes
61122,61120,feat(deps): new yargs-parser with support for collect-unknown-options,feat,deps,False,feature_work
61637,61635,"Make strict() work with options containing hyphens

Fixes #1039 #1171 #1236 #1325",other,,False,other
62310,62308,"Tests refactoring for help/version and option/positional

- removes unuseful tests added for positional+alias
- adds tests to prove what the change does not prevent",other,,False,other
62972,62970,ES6 class as a command,other,,False,other
67162,67160,doc: clarify parserConfiguration object structure,other,,False,other
68404,68402,"slight tweak to working, to allow for https://github.com/yargs/yargs/pull/1256",other,,False,other
68992,68990,"docs: testing command modules

Add some documentation around how to best test command modules",docs,,False,docs
70346,70344,Relocated execution of middleware to middleware.js,other,,False,other
70426,70424,removed unused args passed in,other,,False,other
70785,70783,"fix: allows camel-case, variadic arguments, and strict mode to be combined",fix,,False,bug_fixes
42619,42617,chore: release 16.0.1,chore,,False,tech_debt
43305,43303,Merge branch 'master' into modified-api-surface,other,,False,other
43739,43737,Use find-up@5.,other,,False,other
44182,44180,chore: implement minimal sprintf for browser,chore,,False,tech_debt
44209,44207,docs: copy edits,docs,,False,docs
46481,46479,fix(package): nothing more to publish from lib directory,fix,package,False,bug_fixes
46687,46685,Build matrix,other,,False,other
47027,47025,"refactor(): use asserts instead of if/throw

To avoid it to be seen as uncovered branches",other,,False,other
48708,48706,fix(validation): add isDefaultCommand to ValidationInstance.unknownArguments,fix,validation,False,bug_fixes
49752,49750,updated package.json [ci skip],other,,False,other
50302,50300,docs: there's now a coverage badge for .nycrc,docs,,False,docs
50958,50956,WIP: rename is-promise,wip,,False,tech_debt
51447,51445,chore: don't bump version,chore,,False,tech_debt
52071,52069,chore: be explicit that nargs takes higher precedence than requiresArg,chore,,False,tech_debt
52637,52635,Merge branch 'master' into 1560-french-unknown-command,other,,False,other
52776,52774,Merge branch 'master' into feat/deprecate-option,other,,False,other
52992,52990,updated package.json [ci skip],other,,False,other
53439,53437,chore(deps): update dependency standard to v14,chore,deps,False,tech_debt
53835,53833,"feat!: introduces strictCommands() subset of strict mode

BREAKING CHANGE: if you use `.demandCommand()` or `.demandCommand(1)`, in conjunction
with defining commands, `.strictCommands()` is enabled automatically.",feat,,True,feature_work
53923,53921,chore: address code review,chore,,False,tech_debt
56477,56475,Merge branch 'master' into async-docs,other,,False,other
57014,57012,fix: temporary fix for libraries that call Object.freeze(),fix,,False,bug_fixes
57986,57984,Merge branch 'master' into yargs-parser-update,other,,False,other
58078,58076,Add tests for argsert warning to display positional information,other,,False,other
59138,59136,feature(completion): await completionFunction,other,,False,other
62284,62282,"Throws on versionOpt reuse attempts

See #1323

Throws when a call to .option() or .positional()
tries to use the key already used by version option
which causes unexpected behavior.",other,,False,other
63206,63204,"docs(api):change description for coerce behavior for array type argument

Improved wording.",docs,api,False,docs
67506,67504,fix: support options/sub-commands in zsh completion,fix,,False,bug_fixes
68187,68185,"chore: update dependencies

BREAKING CHANGE: see [yargs-parser@12.0.0 CHANGELOG](https://github.com/yargs/yargs-parser/blob/master/CHANGELOG.md#breaking-changes)",chore,,False,tech_debt
69679,69677,make parserConfiguration override package.json,other,,False,other
69844,69842,added sort,other,,False,other
69852,69850,use the instance-scoped logger,other,,False,other
69876,69874,"Removed old-unnecessary opts, eol on yargs.js",other,,False,other
71347,71345,test: add regression test for hidden options with default values,test,,False,tech_debt
71988,71986,fix: hide `hidden` options from help output even if they are in a group,fix,,False,bug_fixes
72798,72796,fix: remove semicolons,fix,,False,bug_fixes
73090,73088,"fix: upgrade os-locale

Older os-locale versions have a transitive licensing issue.

https://github.com/sindresorhus/lcid/issues/3",fix,,False,bug_fixes
74284,74282,I-1150: Move usageDisabled to usageReducer.,other,,False,other
74372,74370,I-1150: Phase 3 - Fix spec failure.,other,,False,other
74380,74378,I-1150: Phase 3 - Usage parse spec failure.,other,,False,other
74839,74837,I-1150: Phase 3 - Hoist vars and functions to top of function scope.,other,,False,other
74895,74893,I-1150: Phase 3 - Remove spawn sync.,other,,False,other
74955,74953,I-1150: Add Unit tests for context reducers and action creators.,other,,False,other
75043,75041,I-1150: Phase 3 - Fix addUsages function.,other,,False,other
75115,75113,I-1150: Phase 3 - Fix spec failure.,other,,False,other
75123,75121,"Merge pull request #4 from aorinevo/I-1150_master_AN_redux_parse_issue

I 1150 master an redux parse issue",other,,False,other
75553,75551,I-1150: Add Unit tests for reducers and action creators.,other,,False,other
75641,75639,I-1150: Phase 3 - Fix addUsages function.,other,,False,other
76442,76440,feat: Allow setting scriptName $0,feat,,False,feature_work
76656,76654,"Make standard pretest

Static analysis should be done before tests. It saves times and also lints and catches errors through static analysis in tests.",other,,False,other
77160,77158,"correct nargs signature

[skip ci]",other,,False,other
77673,77671,fix(completion): Avoid default command and recommendations when generating completion output,fix,completion,False,bug_fixes
77921,77919,PR-AN-01: Updated middleware api docs.,other,,False,other
80543,80541,Update api.md,other,,False,other
80702,80700,"feat: requiresArg is now simply an alias for nargs(1)

BREAKING CHANGE: requiresArg now has significantly different error output, matching nargs.",feat,,False,feature_work
80787,80785,"Expand context usage and add printTypes property.

Use context to track yargs-wide state.
Added printTypes property to context for controlling if type should be printed in help.
Added yargsOptions switch for allowing users to set yargs config.
Fixes #969.",other,,False,other
80966,80964,test: add failing test for edge case in #1041,test,,False,tech_debt
82284,82282,Add Norwegian Nynorsk translations,other,,False,other
82817,82815,fix requiresArg for number type,other,,False,other
83596,83594,feat: add missing simple chinese locale strings,feat,,False,feature_work
83714,83712,Fail when promise returned by command handler rejects,other,,False,other
86223,86221,chore: finish adding tests,chore,,False,tech_debt
87154,87152,[feature] add optional errorHandler for customizing error handling from handlers,other,,False,other
87521,87519,"fix(command): Run default cmd even if the only cmd

This ensures that the default command is executed even if the default command
is the only command that is defined.",fix,command,False,bug_fixes
89910,89908,docs: switch to absolute URL for commands docs,docs,,False,docs
90814,90812,docs: move badges to top,docs,,False,docs
90942,90940,chore: title should be uppercase,chore,,False,tech_debt
90988,90986,chore: add a simple example,chore,,False,tech_debt
91048,91046,Wrap value in double quotes,other,,False,other
92261,92259,docs: update CHANGELOG to reflect reality,docs,,False,docs
92450,92448,fix: help now takes precedence over command recommendation,fix,,False,bug_fixes
94930,94928,"use console.log instead of util.print, fix #813",other,,False,other
95288,95286,"fix: pull in yargs-parser with modified env precedence (#787)

BREAKING CHANGE: environment variables now take precedence over config files.",fix,,False,bug_fixes
95304,95302,fix: use path.resolve() to support node 0.10 (#797),fix,,False,bug_fixes
95337,95335,"feat: introduces support for default commands, using the '*' identifier (#785)",feat,,False,feature_work
95432,95430,fix: converted argsert tests from throws to warnings,fix,,False,bug_fixes
95459,95457,"fix: merge-conflict, somehow ended up with two copies of default command tests",fix,,False,bug_fixes
97446,97444,Add insert final newline to editor config,other,,False,other
97953,97951,"feat: function argument validation (#773)

BREAKING CHANGE: there's a good chance this will throw exceptions for a few folks who are using the API in an unexpected way.",feat,,False,feature_work
99952,99950,"Update array arguments for conflicts

Supports passing both arguments as strings, as arrarys or only an array.",other,,False,other
101208,101206,nit: make comments better reflect logic,other,,False,other
101240,101238,better to remove whitespace only once i guess,other,,False,other
101548,101546,"feat: pull in yargs-parser introducing additional settings (#688), and fixing #716",feat,,False,feature_work
102311,102309,"chore(package): update camelcase to version 4.0.0

https://greenkeeper.io/",chore,package,False,tech_debt
103140,103138,Added Belarusian translation,other,,False,other
103755,103753,docs: add new languages to supported locales,docs,,False,docs
103848,103846,fix: context must be reset or nested sub-commands fail on second invocation,fix,,False,bug_fixes
103951,103949,"Moved breaking change from ""features"" to ""breaking"" in changelog

See https://github.com/yargs/yargs/pull/582#issuecomment-254358648",other,,False,other
104058,104056,fix: stop applying parser to context object,fix,,False,bug_fixes
104343,104341,"fix: preserve top-level, reset-able state for execution of parse callback",fix,,False,bug_fixes
104963,104961,"chore(package): update read-pkg-up to version 2.0.0

https://greenkeeper.io/",chore,package,False,tech_debt
105636,105634,fix standard nits and failing tests,other,,False,other
105916,105914,"fix: with some refactoring and elbow grease, got us to the dream headless API; configure once, all parse N times",fix,,False,bug_fixes
106658,106656,fix: a few small editing nits,fix,,False,bug_fixes
107831,107829,add 2nd arg to maxWidth() per @nexdrew,other,,False,other
109098,109096,"chore(package): update lodash.assign to version 4.2.0

https://greenkeeper.io/",chore,package,False,tech_debt
109231,109229,perf: do not require string-width more than once,perf,,False,tech_debt
109468,109466,add more tests for .recommendCommands(),other,,False,other
110706,110704,fix: pull in @nexdrew's fixes to yargs-parser,fix,,False,bug_fixes
111341,111339,feat(command): builder function no longer needs to return the yargs instance,feat,command,False,feature_work
114723,114721,chore: pulled setBlocking shim into its own module,chore,,False,tech_debt
115576,115574,"chore(package): update nyc to version 6.4.1

https://greenkeeper.io/",chore,package,False,tech_debt
115982,115980,docs(default): Document deprecated alias of default(),docs,default,False,docs
116231,116229,"feat: upgrade to version of yargs-parser which introduces some slick new features, great work @elas7. upgrades other dependencies. updates badge in README.",feat,,False,feature_work
116261,116259,fix(brand): I agree with @osher lightweight isn't a huge selling point of ours any longer,fix,brand,False,bug_fixes
116458,116456,Fix indentation,other,,False,other
118177,118175,jsstandard,other,,False,other
118301,118299,merge more general maintenance work,other,,False,other
118873,118871,[Tests] add test for default “too many” message.,other,,False,other
119134,119132,"remove duplicate line from index.js, thanks @elas7",other,,False,other
120931,120929,add integration tests for = parsing,other,,False,other
121562,121560,test usage with both .demand() + .require(),other,,False,other
121754,121752,add note about the global short-hand,other,,False,other
121762,121760,"completion is a command not an option, we should reset it",other,,False,other
122183,122181,update tests to work with yargs-parser@2.1.0,other,,False,other
122448,122446,add test for aliase + number usage,other,,False,other
122472,122470,add new number integration from yargs-parser PR #7,other,,False,other
122636,122634,"Simplified help() code, tuned help() tests, added docs",other,,False,other
123135,123133,"completion is a command not an option, we should reset it",other,,False,other
123154,123152,we now support positional arguments \o/,other,,False,other
123683,123681,"chore(package): update mocha to version 2.4.5

http://greenkeeper.io/",chore,package,False,tech_debt
123712,123710,"chore(package): update window-size to version 0.2.0

http://greenkeeper.io/",chore,package,False,tech_debt
123995,123993,we now load the yargs stanza only in yargs,other,,False,other
124686,124684,typo in email,other,,False,other
125121,125119,Removed new tests for .version(),other,,False,other
126088,126086,test: Windows files have \r chars in them,test,,False,tech_debt
126096,126094,upgrade to newest version of nyc,other,,False,other
126699,126697,"return the error object, based on @nexdrew's code review",other,,False,other
137722,137720,removed mocoverage dependency,other,,False,other
137794,137792,actually add nyc bin,other,,False,other
138662,138660,"Fix $0 when script path contains 'node' or 'iojs'

If the script path contains 'node' or 'iojs' like '/code/node/script.js'
then argv.$0 will be the empty string because the code skips over any
elements of process.argv that contain these substrings anywhere.",other,,False,other
139148,139146,build on 0.12.x too,other,,False,other
140177,140175,the act of creating a singleton was invoking getter and causing yargs to parse,other,,False,other
142429,142427,"updated tests based on @mathroc's amazing testing script, fixed bug.",other,,False,other
145028,145026,Allow boolean flag with .demand(),other,,False,other
145304,145302,Changed optimist to yargs in usage-options.js example,other,,False,other
96194,96192,fix: context should override parsed argv,fix,,False,bug_fixes
101178,101176,feat: support for positional argument aliases,feat,,False,feature_work
102708,102706,"chore(package): update cross-spawn to version 5.0.1

https://greenkeeper.io/",chore,package,False,tech_debt
103785,103783,"fix(command): splice context.files when popping context.commands

so context is maintained for multiple command executions",fix,command,False,bug_fixes
103916,103914,"fix(command): splice context.files when popping context.commands

so context is maintained for multiple command executions",fix,command,False,bug_fixes
105628,105626,feat: initial support for command aliases,feat,,False,feature_work
105960,105958,"fix: preserve top-level, reset-able state for execution of parse callback (#669)",fix,,False,bug_fixes
106101,106099,Fixes to the way skipValidation works,other,,False,other
107598,107596,added a broken test,other,,False,other
110600,110598,add didyoumean threshold,other,,False,other
110671,110669,"chore(package): update yargs-parser to version 2.4.1

https://greenkeeper.io/",chore,package,False,tech_debt
113993,113991,"fix: fake a tty in tests, so that we can use the new set-blocking",fix,,False,bug_fixes
114671,114669,test: add failing test for #497,test,,False,tech_debt
114922,114920,fix ee requiring on 0.10,other,,False,other
117198,117196,"If invoking .config() without parameters, set a default option",other,,False,other
117206,117204,update .config() docs,other,,False,other
117609,117607,Update documentation to say that 'cmd' can be omitted in .completion(),other,,False,other
118717,118715,"[New] if a `demand` message is provided, gsub in “got” and “count”.

Fixes #431.",other,,False,other
119594,119592,"Add ""number"" translation for Indonesian",other,,False,other
120881,120879,"refactor integration tests

testCmd() now calls its callback with the exit code and stdout. Perform the
standard output comparison in a testArgs() method.",other,,False,other
121650,121648,switch to new approach for loading top-level configuration,other,,False,other
121682,121680,add tests around guessing version # based on parent package.json,other,,False,other
121802,121800,document our fancy new command API,other,,False,other
121938,121936,update changelog,other,,False,other
121954,121952,Pass the original error as the second argument of fail() handler.,other,,False,other
121963,121961,"add test for aliase + number usage

(cherry picked from commit 0dc6a460f0ab85aab39c612fe9690ad8da364447)",other,,False,other
122159,122157,"add test for aliase + number usage

(cherry picked from commit 0dc6a460f0ab85aab39c612fe9690ad8da364447)",other,,False,other
123054,123052,add tests around guessing version # based on parent package.json,other,,False,other
123105,123103,remove yargs stanza from package.json,other,,False,other
123195,123193,fix weird typo in README.md,other,,False,other
124552,124550,alias should be applied to camel-case form of argument,other,,False,other
124926,124924,add tests for group reset and option uniqueness per group,other,,False,other
124934,124932,clear groups in reset and enforce option uniqueness per group,other,,False,other
126613,126611,allow a custom parser to be passed to config(),other,,False,other
130360,130358,Add failing test to show that errors are outputted twice when exitProcess=false,other,,False,other
131368,131366,switching to version of nyc that should work on Windows,other,,False,other
131923,131921,update changelog update mocha,other,,False,other
132105,132103,add badge for windows testing. add osx testing to travis,other,,False,other
132199,132197,slight tweak to locale detection logic,other,,False,other
134032,134030,defer y18n lookup for API consistency,other,,False,other
134404,134402,Copy locales/fr.json to locales/en.json,other,,False,other
134647,134645,switched to i18n strings,other,,False,other
135056,135054,"ESLint

Replaces Standard with ESLint
ESLint is set to use Standard configuration
then adds additional validations",other,,False,other
138600,138598,Fix README example in argument requirements,other,,False,other
139222,139220,removed dead code,other,,False,other
140252,140250,hammered out completion DSL a bit more,other,,False,other
141588,141586,version now accepts a function,other,,False,other
141936,141934,fix coverage.,other,,False,other
142895,142893,Added test and readme for boolean key default,other,,False,other
145118,145116,Added .showHelpOnFail() method,other,,False,other
92880,92878,chore: don't use arrow functions (in this pull),chore,,False,tech_debt
94740,94738,chore: fix test message,chore,,False,tech_debt
97091,97089,"Address latest review comments w/ help from @nexdrew

- handle absolute paths
- add note about ""extends"" to config and pkgConf docs
- use cwd when no path given to pkgConf(key) method",other,,False,other
97557,97555,feat: adding function argument validation,feat,,False,feature_work
98158,98156,fix: fix up a couple more tests,fix,,False,bug_fixes
100606,100604,fix: apply window width changes to yargs.js and tests,fix,,False,bug_fixes
102488,102486,assign demandedCommand after checking for min being a number,other,,False,other
102569,102567,fix test failures and parsing errors,other,,False,other
104522,104520,Hungarian translation added,other,,False,other
105140,105138,"Add ""Did you mean %s?"" translation",other,,False,other
105674,105672,allow command module to use `aliases` property,other,,False,other
105864,105862,docs: tweak layout.,docs,,False,docs
106537,106535,"chore(package): update standard to version 8.2.0

https://greenkeeper.io/",chore,package,False,tech_debt
107439,107437,"style: clean up indentation in options block

The nested `if` blocks look like `else if`'s

Signed-off-by: Will Soto <will.soto9@gmail.com>",style,,False,tech_debt
107720,107718,Lazily bind functions in singletonify,other,,False,other
107743,107741,don't bind within singletonify at all,other,,False,other
108764,108762,test: maybe fix tests on AppVeyor machines,test,,False,tech_debt
109265,109263,"feat: apply default builder to command()

in order to apply reset, reparse, and validation to all commands",feat,,False,feature_work
109484,109482,mention in readme no parameter is required for .recommendCommands(),other,,False,other
110732,110730,fix: positional arguments were not being handled appropriately by parse(),fix,,False,bug_fixes
111143,111141,"chore(package): update coveralls to version 2.11.10

https://greenkeeper.io/",chore,package,False,tech_debt
118185,118183,jsstandard,other,,False,other
119189,119187,add entry for additional command exports,other,,False,other
120090,120088,add translations for new type 'number',other,,False,other
121674,121672,Provide default value for version in .version(),other,,False,other
121698,121696,switch to new approach for loading top-level configuration,other,,False,other
121810,121808,fix weird typo in README.md,other,,False,other
121842,121840,"add validation tests for '.demand(1, ['a', 'b'])'",other,,False,other
121874,121872,"Merge pull request #376 from maxrimue/change-help-behaviour

Made help() only assign '--help' option if called without args",other,,False,other
121906,121904,"upgrade standard, fix nit",other,,False,other
121914,121912,"add a standard badge, because standard rocks",other,,False,other
123960,123958,get tests back up to 100%. add little known normalize() feature to docs,other,,False,other
124783,124781,Provide default value for version in .version(),other,,False,other
126757,126755,"Changed ""engine"" in package.json",other,,False,other
127516,127514,apply env vars to argv via prefix-based api,other,,False,other
129565,129563,"avoid building regex, based on @nexdrew's code review",other,,False,other
130827,130825,filter required vs optional,other,,False,other
131000,130998,"Remove util in README.md

`util` is not used.",other,,False,other
131376,131374,upgrade nyc,other,,False,other
132290,132288,"hotfix for Atom on windows, yikes",other,,False,other
132667,132665,Referenced support for German in README,other,,False,other
132983,132981,clarify locale() docs,other,,False,other
133186,133184,deleting es.json as requested. Not really sure why it ended up here in the first place :(,other,,False,other
133267,133265,test for overriding boolean config in cli,other,,False,other
133773,133771,fix for overriding boolean config in cli,other,,False,other
134728,134726,changes based on @nexdrew's code review. tackling the larger issue brought up with y18n next,other,,False,other
136129,136127,End of options before word,other,,False,other
136565,136563,Process completion option first and avoid help and version handling,other,,False,other
137905,137903,copy edit,other,,False,other
138511,138509,updtes to cliui to make formatting closer to original,other,,False,other
138956,138954,Readme: update with more useful-looking examples,other,,False,other
139140,139138,make .requiresArg work with .string see #133,other,,False,other
139716,139714,"yargs now has a CHANGELOG.md, see #120",other,,False,other
141095,141093,fixed typo in README.md,other,,False,other
141831,141829,aliases were not being populated for dot-notation.,other,,False,other
142183,142181,"in-prep for further refactoring, and a 3.x release I've shuffled some things around and gotten test-coverage to 100%.",other,,False,other
142858,142856,"Allow explicit `default: undefined` for flags

it’s possible to know if the user not set certain flags, after set
`default: undefined` for that field.",other,,False,other
143794,143792,version output will not print extra newline,other,,False,other
144878,144876,"Remove unneeded dependency

The dependency on 'minimist' is not used anywhere in the code (we bundle
our own version).",other,,False,other
145060,145058,Replaced short with alias in example. Resolves #28,other,,False,other
146296,146294,"Update index.js

When check() fails a error occurs. It seems to be fixed with this small change. Unit tests would be good ...

ReferenceError: defaults is not defined
    at /Users/heideggermartin/IdeaProjects/mapslice/node_modules/yargs/index.js:339:46
    at Array.forEach (native)
    at Object.Argv.self.help (/Users/heideggermartin/IdeaProjects/mapslice/node_modules/yargs/index.js:302:14)
    at Object.Argv.self.showHelp (/Users/heideggermartin/IdeaProjects/mapslice/node_modules/yargs/index.js:241:17)
    at fail (/Users/heideggermartin/IdeaProjects/mapslice/node_modules/yargs/index.js:168:18)
    at /Users/heideggermartin/IdeaProjects/mapslice/node_modules/yargs/index.js:420:17
    at Array.forEach (native)
    at parseArgs (/Users/heideggermartin/IdeaProjects/mapslice/node_modules/yargs/index.js:410:16)
    at Object.Argv.Object.defineProperty.get [as argv] (/Users/heideggermartin/IdeaProjects/mapslice/node_modules/yargs/index.js:368:36)
    at Object.<anonymous> (/Users/heideggermartin/IdeaProjects/mapslice/bin/mapslice:24:46)",other,,False,other
341,339,"fix: show-hidden displays hidden options when strip-dashed is enabled

When strip-dashed parser configuration is active, yargs-parser stores
parsed option values under camelCase keys (e.g. 'showHidden') instead of
the original kebab-case key ('show-hidden'). The filterHiddenOptions
function only checked argv[showHiddenOpt] using the original key, so
the lookup always returned undefined and hidden options were never shown.

The fix also checks the camelCase form of the showHiddenOpt key, which
is the key actually present in argv when strip-dashed is enabled.

Fixes #2356

Co-authored-by: Copilot <223556219+Copilot@users.noreply.github.com>",fix,,False,bug_fixes
772,770,"fix: do not cap command help column at half wrap() width when no descriptions

The left column of a help table was always limited to half of `wrap()` so
that the right-hand description column would have room. For the Commands
table this cap was applied even when none of the commands had a
description, causing long command usage strings to wrap at half width
(and split onto a second line) despite plenty of horizontal space being
available.

`maxWidth()` now only applies the half-width cap when the table actually
has a right-hand (description) column with content. The dict form used by
the Options table is unchanged (it is always treated as having
descriptions), so option and example rendering is unaffected.

Fixes #2204

Co-Authored-By: Claude Opus 4.8 <noreply@anthropic.com>
Claude-Session: https://claude.ai/code/session_01DWQd9h57tk1BnzxY9jF3H7",fix,,False,bug_fixes
1293,1291,Ignore defaulted version values for version output,other,,False,other
3499,3497,Merge branch 'main' into fix/completion-negative-boolean,other,,False,other
3969,3967,test: add additional tests to improve coverage,test,,False,tech_debt
5243,5241,Merge branch 'main' into main,other,,False,other
5410,5408,docs: use mjs extension,docs,,False,docs
5600,5598,"fix(browser): move readdirSync to shims

Move readdirSync to shim which fixes the browser build.",fix,browser,False,bug_fixes
5815,5813,Merge branch 'main' into fix/bashcompletion-spaces,other,,False,other
6064,6062,I was being siilly and clobbering env,other,,False,other
6072,6070,chore: increase max timeout,chore,,False,tech_debt
6334,6332,docs: remove out of date bundling docs,docs,,False,docs
6366,6364,build: windows still having issues on 22,build,,False,tech_debt
6398,6396,docs: update examples.md to use esm,docs,,False,docs
6430,6428,test: remove unused log line,test,,False,tech_debt
6592,6590,chore: use correct ignore,chore,,False,tech_debt
8671,8669,fix: propagate Dictionary including undefined in value type,fix,,False,bug_fixes
8839,8837,Update test/completion.cjs,other,,False,other
9043,9041,example using inquirer to prompt user,other,,False,other
9662,9660,"docs: fix typo from desc to describe

Probably left over from the previous API version",docs,,False,docs
12535,12533,docs: Fix example of coerce,docs,,False,docs
12739,12737,chore: format,chore,,False,tech_debt
13157,13155,Merge branch 'main' into fix_deno_env_vars_depdency_missmatch,other,,False,other
13207,13205,Merge branch 'main' into fix_deno_env_vars_depdency_missmatch,other,,False,other
13977,13975,chore(deps): update dependency rimraf to v4,chore,deps,False,tech_debt
14416,14414,"- add support for completions in `fish` shell
- add scripts making `dev` a bit easier

To use with `fish`, in fish shell, run `<app-name> completion >> ~/.config/fish/config.fish`",other,,False,other
14452,14450,build: pin npm version (#2284),build,,False,tech_debt
14468,14466,"chore: add en strings for unknown command (#2262)

Co-authored-by: Benjamin E. Coe <bencoe@google.com>",chore,,False,tech_debt
14913,14911,feat: convert line break to whitespace for the description of the option,feat,,False,feature_work
16775,16773,Merge branch 'main' into patch-1,other,,False,other
17783,17781,fix(deno): refactor to avoid prompts during module import,fix,deno,False,bug_fixes
18362,18360,Merge branch 'main' into main,other,,False,other
19976,19974,Merge branch 'main' into lk/2169-clobber-descr,other,,False,other
20747,20745,cleanup,other,,False,other
20825,20823,fix: completion installation instructions,fix,,False,bug_fixes
21313,21311,nil,other,,False,other
21735,21733,Update developing.md,other,,False,other
22112,22110,Merge branch 'main' into feat-browser-typings,other,,False,other
23857,23855,fixes,other,,False,other
24786,24784,"Improved completion for choices

Completion for choices will now work for all possible aliases of an
option and not just the default long option.",other,,False,other
24983,24981,Merge branch 'main' into check-callback-options-missing,other,,False,other
25074,25072,chore: release 17.3.0,chore,,False,tech_debt
25435,25433,pin typescript,other,,False,other
27582,27580,Merge branch 'master' into improve-typing-in-example,other,,False,other
28453,28451,Merge branch 'master' into fix-strip-dashed-and-conflicts-bug,other,,False,other
28657,28655,lint,other,,False,other
29140,29138,Add test,other,,False,other
29240,29238,fixes,other,,False,other
29328,29326,Merge branch 'master' into fix-version-name-collision-bug,other,,False,other
29513,29511,chore: release 17.1.0,chore,,False,tech_debt
29838,29836,"Apply suggestions from code review

There should be no need for the `done()` since your test is assuming sync execution.",other,,False,other
30281,30279,Merge branch 'master' into master,other,,False,other
31787,31785,refactor: small simplifications,refactor,,False,tech_debt
31849,31847,Merge branch 'master' into document-hide-bin,other,,False,other
32271,32269,chore: release 7.x.x,chore,,False,tech_debt
32937,32935,`wrap()` should default to `terminalWidth`,other,,False,other
33267,33265,Merge branch 'master' into fix/bash-completion-clash,other,,False,other
33681,33679,fix(async): don't call parse callback until async ops complete,fix,async,False,bug_fixes
33756,33754,refactor: simplify factory,refactor,,False,tech_debt
34530,34528,Merge branch 'master' into fix/exclude-positionals-from-completion,other,,False,other
34576,34574,docs: add completion filter docs,docs,,False,docs
34989,34987,feat: adds strictOptions() (#1738),feat,,False,feature_work
34997,34995,feat: backport strictOptions feature,feat,,False,feature_work
35702,35700,"fix: Refactor completion.ts, properly detect aliases",fix,,False,bug_fixes
36030,36028,Merge branch 'master' into middleware-no-command,other,,False,other
37726,37724,Merge branch 'master' of https://github.com/yargs/yargs into feature/showversion,other,,False,other
38058,38056,npm run fix,other,,False,other
38183,38181,Move freeze to root function,other,,False,other
38275,38273,fix: .argv should use same code path,fix,,False,bug_fixes
38405,38403,feat!: improve support for async/await,feat,,True,feature_work
38443,38441,Merge branch 'master' into better-async,other,,False,other
41420,41418,docs: move all examples away from singleton,docs,,False,docs
41582,41580,Update docs to include deprecate,other,,False,other
41642,41640,fix(positional): positional strings no longer drop decimals,fix,positional,False,bug_fixes
42425,42423,chore: release 16.0.3,chore,,False,tech_debt
42892,42890,chore: address bug with linter,chore,,False,tech_debt
42957,42955,Merge branch 'master' into y18n,other,,False,other
43033,43031,chore: removed rebase helper,chore,,False,tech_debt
43480,43478,Merge branch 'master' into master,other,,False,other
44094,44092,chore: standardize platform shim logic,chore,,False,tech_debt
44126,44124,chore: pulled in ESMified cliui,chore,,False,tech_debt
44998,44996,updated package.json [ci skip],other,,False,other
45973,45971,"Revert ""chore(deps): update dependency eslint to v7 (#1656)""

This reverts commit 1755aecc17311859a7cfa80807f997afb7883b7b.",other,,False,other
46201,46199,WIP: rename lib/yargs,wip,,False,tech_debt
46261,46259,"fix(yargs): add type assertions not covered by argsert

A single argsert signature for multi-signature functions
is not enough to cover all cases.",fix,yargs,False,bug_fixes
46277,46275,fix(yargs): array of keys in config are handled as objects,fix,yargs,False,bug_fixes
46423,46421,chore(yargs-parser): fix TODO comment,chore,yargs-parser,False,tech_debt
49084,49082,fix(docs): add missing syntax highlighting,fix,docs,False,bug_fixes
49853,49851,chore(usage): remove forgotten TODO,chore,usage,False,tech_debt
50408,50406,WIP: rename lib/obj-filter,wip,,False,tech_debt
50443,50441,Merge branch 'master' into 1586-ts-step-2,other,,False,other
51888,51886,fix(usage): indentation in new test from #1682,fix,usage,False,bug_fixes
52372,52370,"Some clarifying updates to de translation

Although I'm not a *native* German speaker (I *am* a native English
    speaker though), there were two specific
things that stood out in the translation as strange. (I will double
    check with native speakers if I have the chance -- and any native
    speakers, please share your thoughts.)

I did do some double and triple checking on word usage and other
translations, as well.

@maxrimue - I'm guessing that you're a native speaker of German, and you
contributed to the translation in the past - perhaps if you have a
minute you can review this?

* ""count"" - Based on the way that this would be used, I'm looking at it
as ""a count of something"" ... ""a quantity of something"" ... and for that
I think ""Anzahl"" would be a better choice. ""Zähler"" would be more of ""a
counter"" or ""something that counts"" (or even ""someone who counts"").

* ""choices"" - ""Möglichkeiten"" would more literally translate as
""possibilities"" (to say ""es ist möglich"" is to say ""it is
    possible/capable of happening/occurring""). But that's kinda what it
literally means - possibilities. ""Auswahl"" (and the verb auswählen - to
    choose, to select) would be a choice from a set of options. And
""optionen"" would literally be the plural of ""options""... I *suppose* one
could write ""Auswahlmöglichkeiten"" ... but to my ear and understanding,
      that would refer to the **availability** of **an opportunity to
      select something** not the **available selection options**
      themselves.",other,,False,other
52510,52508,Merge branch 'master' into 1562-do-not-translate-option-group-names,other,,False,other
52559,52557,refactor(translation): distinguish translations for 'default' and 'default:',refactor,translation,False,tech_debt
52625,52623,Merge branch 'master' into 1560-french-unknown-command,other,,False,other
53571,53569,chore(deps): update dependency mocha to v7,chore,deps,False,tech_debt
54109,54107,Merge branch 'master' into doc-1534-do-not-use-exitprocess-false-with-async-command-handlers,other,,False,other
54621,54619,"Revert ""feat: requiresArg is now simply an alias for nargs(1) (#1054)"", add test cases for the regression

This reverts commit a3ddacc87e6cbb8a275f97d746511fe1d1f93044.",other,,False,other
54889,54887,updated CHANGELOG.md [ci skip],other,,False,other
56331,56329,fix: remove forgotten it.only,fix,,False,bug_fixes
58174,58172,build: switch to c8 for coverage,build,,False,tech_debt
58392,58390,refactor!: remove package.json-based parserConfiguration,refactor,,True,tech_debt
58929,58927,feature: await command handlers,other,,False,other
60980,60978,fix: Support merging extending in multiple steps.,fix,,False,bug_fixes
61628,61626,"Add unit test for #1039

https://github.com/yargs/yargs/issues/1039#issuecomment-370273250",other,,False,other
61876,61874,chore: address code review,chore,,False,tech_debt
64445,64443,tests: reproduce parsed frozen to false (#1144),other,,False,other
65783,65781,Add Dutch to the list of supported locales,other,,False,other
65923,65921,"[skip ci]doc: make `--no-` boolean prefix easier to find in the docs

In my experience, it took too much effort to quickly find an explanation of what `--no-` is doing in the docs.
This change should make it easier to find a description of the boolean negation shortcut by searching the api page.",other,,False,other
66685,66683,"Change the Dutch label for ""Implications failed:"" to a phrase like ""Missing dependent arguments:"" in English",other,,False,other
67780,67778,chore: update deps,chore,,False,tech_debt
67870,67868,WIP zsh,other,,False,other
68269,68267,"chore: vendoring decamelize, we don't need the unicode added in 2.0",chore,,False,tech_debt
69090,69088,deprecate package.json config and add parserConfiguration method,other,,False,other
69721,69719,Merge remote-tracking branch 'jean-emmanuel/parser-configuration' into sort-command-usage,other,,False,other
69745,69743,"Removed old-unnecessary opts, eol on yargs.js",other,,False,other
69785,69783,"Oi vey, whitespace and newlines.",other,,False,other
70103,70101,Merge branch 'FEATURE/middleware-enhancements_master_AN' into pre-checks-middleware,other,,False,other
70143,70141,Merge branch 'pre-checks-middleware' of https://github.com/trevorlinton/yargs into pre-checks-middleware,other,,False,other
70301,70299,"More tests, moved to middleware",other,,False,other
70319,70317,"More tests, moved to middleware",other,,False,other
74292,74290,I-1150: Phase 3 - add usages to redux.,other,,False,other
74324,74322,I-1150: Phase 3 - Resolve comments.,other,,False,other
74719,74717,I-1150: Setup for Phase 2 integration of redux into usage.js,other,,False,other
74743,74741,I-1150: Move usageDisabled to usageReducer.,other,,False,other
74879,74877,I-1150: Phase 3 - Migrate usage commands to state - clean-up.,other,,False,other
75003,75001,I-1150: Increase coverage for reducers/usage.js,other,,False,other
75617,75615,I-1150: Move usageDisabled to usageReducer.,other,,False,other
75649,75647,I-1150: Phase 3 - Fix usageDisabled check.,other,,False,other
75657,75655,I-1150: Phase 3 - Resolve comments.,other,,False,other
75665,75663,I-1150: Phase 3 - Breakout changes for context into a separate branch.,other,,False,other
75697,75695,I-1150: Phase 3 - Hoist vars and functions to top of function scope.,other,,False,other
75705,75703,I-1150: Phase 3 - Fix spec failure.,other,,False,other
77380,77378,self.processArgs = processArgs.slice(),other,,False,other
77520,77518,"Merge pull request #1 from aorinevo/FEATURE/PR-AN-01_master_AN_global_mw

PR-AN-01: Global Middleware feature.",other,,False,other
77646,77644,fix weird newlines before closing paren,other,,False,other
78278,78276,Update api.md,other,,False,other
79576,79574,restructured the contents of readme,other,,False,other
83790,83788,"Merge branch 'master' into async_command_handlers

# Conflicts:
#	lib/command.js",other,,False,other
84263,84261,"fix: parse array rather than string, so that quotes are safe",fix,,False,bug_fixes
