week_start,value,rolling_q1,rolling_q3,iqr,lower_bound,upper_bound,is_anomaly,anomaly_direction,anomaly_score,commit_event_count,message_count,messages_in_week,commit_event_descriptions,commit_event_ids,commit_object_ids,messages_text
2020-09-14,10,2.75,4.25,1.5,0.5,6.5,True,high,2.3333333333333335,31,25,"['Update indicator API\n\n- MovingAverage indicators can now handle ticks\n- Add quote value extraction method to Indicator base', 'Further refactor indicator data handling API', 'Fix README', 'Separate execution related classes', 'Convert more docstrings to numpy standard', 'Remove pre-release', 'Commission open/increase position changes', 'Refactor indicator registration\n\n- Add QuoteTick and TradeTick updating\n- Move SpreadAnalyzer to indicators', '[indicators] MaxBidMinAsk', 'Separate BacktestExecClient from SimulatedBroker', 'Fix build\n\n- Invalid PyPi classifier for Development Status\n- Cleanup constants in setup.py\n- Lint README', 'Upgrade order API\n\n- Add is_post_only and is_hidden options to LimitOrder\n- Create extensible order options dictionary', 'Add abstract method comments for clarity', 'Refactor backtest order processing\n\n- Extract additional methods\n- Convert more docstrings to numpy standard', 'Edit Sphinx build', 'Convert more docstrings to numpy standard\n\n- Tidy up TradingStrategy', 'Merge pull request #32 from scoriiu/commission_position_open_or_increase\n\nCommission open/increase position changes', 'Move back to beta and add documentation', 'Rename enum BarStructure to BarAggregation\n\n- Rename associated properties and in docstrings', 'Improve clock\n\n- Change utc_now method name for clarity\n- Add local_now method\n- Convert docstrings to numpy standard', 'Add bar aggregation with TradeTick capability', 'Remove blank lines (fix E303)', 'Refactor indicator updating\n\n- Add common bar update method\n- Add raw update method\n- Remove IndicatorUpdater\n- Rewire TradingStrategy\n- Bump version', 'Merge pull request #28 from nautechsystems/mlewis--max_bid_min_ask\n\nMaxBidMinAsk', 'Cleanup documentation and exception messages\n\n- Converting more docs to numpy standard']","['committed (#33)', 'committed (#27)', 'committed (#34)', 'committed (#35)', 'committed (#32)', 'committed (#26)', 'committed (#37)', 'committed (#28)']","[375077, 375085, 375093, 375101, 375109, 375242, 375271, 375279, 375308, 375316, 375324, 375332, 375340, 375348, 375356, 375364, 375372, 375380, 375388, 375396, 375404, 375412, 375420, 375428, 375436, 375465, 375689, 375733, 375765, 375773, 375781]","[375079, 375087, 375095, 375103, 375111, 375244, 375273, 375281, 375310, 375318, 375326, 375334, 375342, 375350, 375358, 375366, 375374, 375382, 375390, 375398, 375406, 375414, 375422, 375430, 375438, 375467, 375691, 375735, 375767, 375775, 375783]","Update indicator API

- MovingAverage indicators can now handle ticks
- Add quote value extraction method to Indicator base
Further refactor indicator data handling API
Fix README
Separate execution related classes
Convert more docstrings to numpy standard
Remove pre-release
Commission open/increase position changes
Refactor indicator registration

- Add QuoteTick and TradeTick updating
- Move SpreadAnalyzer to indicators
[indicators] MaxBidMinAsk
Separate BacktestExecClient from SimulatedBroker
Fix build

- Invalid PyPi classifier for Development Status
- Cleanup constants in setup.py
- Lint README
Upgrade order API

- Add is_post_only and is_hidden options to LimitOrder
- Create extensible order options dictionary
Add abstract method comments for clarity
Refactor backtest order processing

- Extract additional methods
- Convert more docstrings to numpy standard
Edit Sphinx build
Convert more docstrings to numpy standard

- Tidy up TradingStrategy
Merge pull request #32 from scoriiu/commission_position_open_or_increase

Commission open/increase position changes
Move back to beta and add documentation
Rename enum BarStructure to BarAggregation

- Rename associated properties and in docstrings
Improve clock

- Change utc_now method name for clarity
- Add local_now method
- Convert docstrings to numpy standard
Add bar aggregation with TradeTick capability
Remove blank lines (fix E303)
Refactor indicator updating

- Add common bar update method
- Add raw update method
- Remove IndicatorUpdater
- Rewire TradingStrategy
- Bump version
Merge pull request #28 from nautechsystems/mlewis--max_bid_min_ask

MaxBidMinAsk
Cleanup documentation and exception messages

- Converting more docs to numpy standard"
2020-09-21,21,3.0,5.0,2.0,0.0,8.0,True,high,6.5,76,62,"['Refine CommissionModel classes', 'Merge pull request #42 from scoriiu/realized_pnl_commissioned\n\nWIP: Calculate realized_pnl considering the commission', 'Refactor position, fix tests', 'Merge pull request #54 from scoriiu/test_unrealized_pnl\n\nTest position.unrealized_pnl', 'Refactor commission models\n\n- Simplify backtest configuration of commission models\n- Rename some classes to be less broker centric\n- Fix tests', 'MaxBidMinAsk -> BidAskMinMax', 'Merge pull request #41 from nautechsystems/mlewis--bid_ask_min_max\n\nBidAskMinMax', 'Introduce node module', 'Handcraft towards Black stylistic conventions\n\n- Fixes some PEP-8 non-compliance in argument hanging.\n- Improved readability and consistency.', 'address feedback from @cjdsellers', 'Update backtest performance', 'Refactor value types API (WIP)\n\n- Now using decimal.Decimal under the hood\n- More flexibility for math operators and comparisons\n- Easier to use from_string method\n- More precision_from_string method\n- Return liq_side to liquidity_side for clarity', 'Cleanups\n\n- Fix docstrings\n- Fix class naming', 'More tidying\n\n- Black handcrafting.\n- numpydoc conversions.', 'Extend commission model to maker and taker', 'Calculate realized_pnl considering the commission', 'Merge pull request #59 from scoriiu/change_position_direction_test\n\nTest position change', 'Convert more docstrings to numpydoc spec', 'Large reorganization\n\n- Improve data API consistency\n- Reorganize module naming and location\n- Reorganize class naming and location', 'Second sweep clarifying identifiers for Order and Position\n\n- Standardize on cl_ord_id and cl_pos_id\n- Rename arguments to align\n- Fix docs', 'Reintroduce cython decorators on functions with tight loops', 'Cleanup\n\n- Change method name for clarity\n- Fix docstring', 'Large module reorganization', 'Consolidate reorganization', 'Fixing test', 'More reorganizing\n\n- Internal folder renamed\n- Cleanup test naming', 'Add scaffolding for integrations', 'Rename test methods to remove ""can""\n\n- Kevlin Henney test naming suggestion', 'Consolidate OrderFill event, add base currency\n\n- Position now has base_currency property', 'Merge pull request #50 from scoriiu/commission_maker_taker\n\nExtend commission model to maker and taker', 'Move is_time_aggregated method', 'Fix failing tests\n\n- Update README as Nautilus Enterprise integration temporarily broken.', 'Fixing tests', 'Fix applying the commission to position & tests', 'More Black handcrafting\n\n- Any color you like.', 'Remove invalid not None annotations', 'Separate DataClient and DataEngine\n\n- Initial refactoring to prepare for multiple venues\n- Multiple DataClients can now be registered with the DataEngine', 'Remove redundant Label class', 'Rearrange aggregation and add tests', ""Add 'commission' to OrderPartiallyFilled and OrderFilled"", 'Test direction change of position', 'Overhaul ExecutionEngine and SimulatedMarket\n\n- ClientPositionId now optional on submission\n- Only required if specifically exiting a position of example\n- SimulatedMarket accurately generates own identifiers\n- Removed ClientPositionId from SubmitBracketOrder', 'Renaming CommissionCalculator minimum -> minimum_taker', 'Rename some private constants', 'Fix trailing whitespace (pre-commit hook issue)', 'Move use_previous_close param', ""Merge pull request #38 from scoriiu/order_fill_commission\n\nAdd 'commission' to OrderPartiallyFilled and OrderFilled"", 'Refinements\n\n- Reorganize ForexInstrument and Instrument properties\n- Rename ExecutionEngine Methods\n- Rename serialization constant\n- Add quicktions requirement', 'Test position.unrealized_pnl', 'Various cleanups', 'Merge pull request #45 from scoriiu/fix_commission_tests\n\nFix applying the commission to position & tests', 'Fix keyword argument', 'Fix condition check', 'Improve ExecutionEngine, fix W504 warnings\n\n- Extract private handler methods\n- Add scope for invalidating or denying orders', 'Refactor commission WIP in position', 'Rename some core types and properties\n\n- Rename MarketPosition to PositionSide\n- Appropriate abbreviation for some price and quantity properties\n- Consolidate this to param names also', 'Fix tests', 'Cleanups\n\n- Sort .pxd imports\n- Move ExchangeRateCalculator and tests', 'Clarify identifiers for Order and Position\n\n- Standardize use of client order ids\n- Rename identifier classes\n- Rename identifier properties', 'Move extract_price and extract_volume to QuoteTick', 'Build out DataEngine\n\n- Add methods\n- Add conditions\n- Add docs', 'Convert more docstrings to numpydoc spec\n\n- Change of name for AccountState event.']","['committed (#53)', 'committed (#46)', 'committed (#61)', 'committed (#58)', 'committed (#52)', 'committed (#51)', 'committed (#47)', 'committed (#41)', 'committed (#62)', 'committed (#50)', 'committed (#37)', 'committed (#40)', 'committed (#59)', 'committed (#54)', 'committed (#38)', 'committed (#45)', 'committed (#42)']","[373370, 373545, 373553, 373561, 373569, 373577, 373585, 373673, 373703, 373711, 373719, 373727, 373735, 373743, 373751, 373759, 373767, 373993, 374020, 374028, 374036, 374044, 374067, 374075, 374083, 374091, 374099, 374107, 374115, 374138, 374146, 374154, 374162, 374170, 374178, 374186, 374194, 374202, 374210, 374218, 374226, 374234, 374242, 374268, 374276, 374284, 374292, 374446, 374469, 374477, 374485, 374493, 374501, 374509, 374517, 374525, 374533, 374541, 374549, 374557, 374580, 374684, 374710, 374739, 374776, 374784, 374792, 374800, 374808, 374816, 374824, 374832, 375048, 375117, 375125, 375133]","[373372, 373547, 373555, 373563, 373571, 373579, 373587, 373675, 373705, 373713, 373721, 373729, 373737, 373745, 373753, 373761, 373769, 373995, 374022, 374030, 374038, 374046, 374069, 374077, 374085, 374093, 374101, 374109, 374117, 374140, 374148, 374156, 374164, 374172, 374180, 374188, 374196, 374204, 374212, 374220, 374228, 374236, 374244, 374270, 374278, 374286, 374294, 374448, 374471, 374479, 374487, 374495, 374503, 374511, 374519, 374527, 374535, 374543, 374551, 374559, 374582, 374686, 374712, 374741, 374778, 374786, 374794, 374802, 374810, 374818, 374826, 374834, 375050, 375119, 375127, 375135]","Refine CommissionModel classes
Merge pull request #42 from scoriiu/realized_pnl_commissioned

WIP: Calculate realized_pnl considering the commission
Refactor position, fix tests
Merge pull request #54 from scoriiu/test_unrealized_pnl

Test position.unrealized_pnl
Refactor commission models

- Simplify backtest configuration of commission models
- Rename some classes to be less broker centric
- Fix tests
MaxBidMinAsk -> BidAskMinMax
Merge pull request #41 from nautechsystems/mlewis--bid_ask_min_max

BidAskMinMax
Introduce node module
Handcraft towards Black stylistic conventions

- Fixes some PEP-8 non-compliance in argument hanging.
- Improved readability and consistency.
address feedback from @cjdsellers
Update backtest performance
Refactor value types API (WIP)

- Now using decimal.Decimal under the hood
- More flexibility for math operators and comparisons
- Easier to use from_string method
- More precision_from_string method
- Return liq_side to liquidity_side for clarity
Cleanups

- Fix docstrings
- Fix class naming
More tidying

- Black handcrafting.
- numpydoc conversions.
Extend commission model to maker and taker
Calculate realized_pnl considering the commission
Merge pull request #59 from scoriiu/change_position_direction_test

Test position change
Convert more docstrings to numpydoc spec
Large reorganization

- Improve data API consistency
- Reorganize module naming and location
- Reorganize class naming and location
Second sweep clarifying identifiers for Order and Position

- Standardize on cl_ord_id and cl_pos_id
- Rename arguments to align
- Fix docs
Reintroduce cython decorators on functions with tight loops
Cleanup

- Change method name for clarity
- Fix docstring
Large module reorganization
Consolidate reorganization
Fixing test
More reorganizing

- Internal folder renamed
- Cleanup test naming
Add scaffolding for integrations
Rename test methods to remove ""can""

- Kevlin Henney test naming suggestion
Consolidate OrderFill event, add base currency

- Position now has base_currency property
Merge pull request #50 from scoriiu/commission_maker_taker

Extend commission model to maker and taker
Move is_time_aggregated method
Fix failing tests

- Update README as Nautilus Enterprise integration temporarily broken.
Fixing tests
Fix applying the commission to position & tests
More Black handcrafting

- Any color you like.
Remove invalid not None annotations
Separate DataClient and DataEngine

- Initial refactoring to prepare for multiple venues
- Multiple DataClients can now be registered with the DataEngine
Remove redundant Label class
Rearrange aggregation and add tests
Add 'commission' to OrderPartiallyFilled and OrderFilled
Test direction change of position
Overhaul ExecutionEngine and SimulatedMarket

- ClientPositionId now optional on submission
- Only required if specifically exiting a position of example
- SimulatedMarket accurately generates own identifiers
- Removed ClientPositionId from SubmitBracketOrder
Renaming CommissionCalculator minimum -> minimum_taker
Rename some private constants
Fix trailing whitespace (pre-commit hook issue)
Move use_previous_close param
Merge pull request #38 from scoriiu/order_fill_commission

Add 'commission' to OrderPartiallyFilled and OrderFilled
Refinements

- Reorganize ForexInstrument and Instrument properties
- Rename ExecutionEngine Methods
- Rename serialization constant
- Add quicktions requirement
Test position.unrealized_pnl
Various cleanups
Merge pull request #45 from scoriiu/fix_commission_tests

Fix applying the commission to position & tests
Fix keyword argument
Fix condition check
Improve ExecutionEngine, fix W504 warnings

- Extract private handler methods
- Add scope for invalidating or denying orders
Refactor commission WIP in position
Rename some core types and properties

- Rename MarketPosition to PositionSide
- Appropriate abbreviation for some price and quantity properties
- Consolidate this to param names also
Fix tests
Cleanups

- Sort .pxd imports
- Move ExchangeRateCalculator and tests
Clarify identifiers for Order and Position

- Standardize use of client order ids
- Rename identifier classes
- Rename identifier properties
Move extract_price and extract_volume to QuoteTick
Build out DataEngine

- Add methods
- Add conditions
- Add docs
Convert more docstrings to numpydoc spec

- Change of name for AccountState event."
2020-10-05,11,3.0,5.0,2.0,0.0,8.0,True,high,1.5,56,51,"['Move static order methods into class', 'Inline private methods for performance', 'Fix ETH/USD contract symbol and quote currency', 'Revert change', 'Cleanups, fix some Codacy issues', '[WIP] Improve Account and OrderFactory\n\n- Increase robustness\n- Fix tests', 'Change SecurityType to AssetType', 'Improve unit test quality and coverage\n\n- Improve Condition KeyError and TypeError usage\n- Improve Money comparisons (must be same currency)\n- Split value type tests out into separate files\n- Introduce parameterized unit tests\n- Add test stubs for crypto currencies\n- Refactor some explanatory variable names in Position\n- Refine parameter type in riskable money method', 'Refactor ExchangeRateCalculator', '[WIP] Implement Account and Portfolio margin tracking', 'Fix Fraction normalization default and test import', 'Add AccountReadOnly and PortfolioReadOnly facades', 'Fix incorrect type error in performance analyzer.', 'Fix quantity formatting', 'Add CLA assist\n\n- Remove redundant code\n- Complete comment', '[WIP] Wire up Account and Portfolio', 'Standardize PNL for account currency in SimulatedMarket\n\n- Fix PNL and commission string formatting in event messages', 'ExecutionEngine now handles position flipping', 'Standardize identifiers API\n\n- Rename python wrapper methods for clarity\n- Improve exception messages for clarity\n- Improve docstrings', '[WIP] Build out Portfolio and Account\n\n- Clarify data flow directions\n- Standardize some method naming\n- Fix base currency for Binance assets\n- Improve some tests', 'Fix incorrect type', '[WIP] Add Postgres execution database skeleton\n\n- Refine account query backing strategy commands\n- Rename some methods\n- Tidy up some imports', '[WIP] Build out Portfolio\n\n- Add various metrics\n- Change exchange_rate naming to xrate', 'Enhance instrument\n\n- Add settlement currency\n- Add standard, inverse, quanto properties\n- Add instruments for backtests', 'Simplify multi-account handling\n\n- Reduce capability to one account per venue\n- Introduce RoutedVenue (for multi-brokers to the same venue)\n- Consolidate cache methods\n- Fix test', '[WIP] Improve Position internal calculations\n\n- Add object operation methods\n- Add object docstrings', 'Refine backtest engine\n\n- Fix account updating\n- Update README', 'Simplify Execution stack\n\n- Cleanup ExecutionEngine methods\n- Simplify persisted data\n- Some inlining of small methods\n- Add StrategyId to orders', ""Improve value object string operations\n\n- Standardize repr to builtin decimal format\n- Standardize the Fraction representation of 1 as '1'\n- Fix Quantity formatting"", 'Add some crypto instruments to InstrumentLoader\n\n- Remove stub instruments for consolidation', 'Strip back Account and AccountState\n\n- Refactor SimulatedMarket account events\n- Prepare for redesign\n- Fix some flake8 warnings', 'Standardize except * for primitives\n\n- Add except * to all methods and functions returning primitive C types', 'Rework the PNL mechanics', '[WIP] Enhance architecture for multiple accounts\n\n- Refactor account management in SimulatedMarket\n- Remove redundant methods from TradingStrategy\n- Standardize some accounting language', 'Wire portfolio into DataEngine to receive QuoteTicks', 'Add currencies', '[WIP] Add Postgres execution database skeleton\n\n- Fix headers\n- Add config dict', ""Merge remote-tracking branch 'origin/develop' into develop\n\n# Conflicts:\n#\tnautilus_trader/analysis/performance.pyx"", 'Refactor Account, Position and Portfolio\n\n- Refactor Position for live tick updates\n- Rewire portfolio to receive tick updates\n- Rewire data engine to send ticks to portfolio first', 'Simplify currency API\n\n- Constants now available for importing from Python or Cython\n- Fix tests', '[WIP] Improve Account add tests', 'Reorganize module structure\n\n- Move Account and Portfolio to /trading\n- Separate commission models from calculators', 'Change calculation of PNL and commissions to base currency\n\n- Add object operation methods\n- Add object docstrings', 'Remove redundant .equals() methods\n\n- Audit comparisons in general\n- Cleanup some performance tests', 'Implement position symbol counts in ExecutionEngine\n\n- Fix tests\n- Cleanups', 'Various tidying\n\n- Standardize some variable naming\n- Replace redundant MatchId with ExecutionId\n- Fix a docstring', 'Merge pull request #75 from bohblue2/develop\n\nFix incorrect type error in performance analyzer.', 'Merge pull request #72 from scoriiu/rework_position_pnls\n\nRework the PNL mechanics', 'Remove floating _reset method in ExecutionEngine\n\n- Consolidate to reset', 'Refactor ExchangeRateCalculator\n\n- Add XBT currency\n- Add performance test', 'Strip back and rewire Portfolio\n\n- Wire portfolio into ExecutionEngine\n- Remove AccountInquiry\n- Standardize blank lines in class docstrings']","['committed (#78)', 'committed (#74)', 'committed (#71)', 'committed (#68)', 'committed (#76)', 'committed (#75)', 'committed (#69)', 'committed (#70)', 'committed (#66)', 'committed (#72)']","[372067, 372075, 372083, 372091, 372099, 372107, 372189, 372197, 372205, 372213, 372221, 372229, 372237, 372245, 372253, 372261, 372269, 372277, 372285, 372293, 372301, 372329, 372337, 372364, 372372, 372380, 372388, 372396, 372405, 372413, 372421, 372429, 372437, 372445, 372453, 372524, 372550, 372558, 372566, 372574, 372582, 372590, 372598, 372606, 372614, 372622, 372645, 372653, 372661, 372669, 372677, 372685, 372711, 372742, 372750, 373254]","[372069, 372077, 372085, 372093, 372101, 372109, 372191, 372199, 372207, 372215, 372223, 372231, 372239, 372247, 372255, 372263, 372271, 372279, 372287, 372295, 372303, 372331, 372339, 372366, 372374, 372382, 372390, 372398, 372407, 372415, 372423, 372431, 372439, 372447, 372455, 372526, 372552, 372560, 372568, 372576, 372584, 372592, 372600, 372608, 372616, 372624, 372647, 372655, 372663, 372671, 372679, 372687, 372713, 372744, 372752, 373256]","Move static order methods into class
Inline private methods for performance
Fix ETH/USD contract symbol and quote currency
Revert change
Cleanups, fix some Codacy issues
[WIP] Improve Account and OrderFactory

- Increase robustness
- Fix tests
Change SecurityType to AssetType
Improve unit test quality and coverage

- Improve Condition KeyError and TypeError usage
- Improve Money comparisons (must be same currency)
- Split value type tests out into separate files
- Introduce parameterized unit tests
- Add test stubs for crypto currencies
- Refactor some explanatory variable names in Position
- Refine parameter type in riskable money method
Refactor ExchangeRateCalculator
[WIP] Implement Account and Portfolio margin tracking
Fix Fraction normalization default and test import
Add AccountReadOnly and PortfolioReadOnly facades
Fix incorrect type error in performance analyzer.
Fix quantity formatting
Add CLA assist

- Remove redundant code
- Complete comment
[WIP] Wire up Account and Portfolio
Standardize PNL for account currency in SimulatedMarket

- Fix PNL and commission string formatting in event messages
ExecutionEngine now handles position flipping
Standardize identifiers API

- Rename python wrapper methods for clarity
- Improve exception messages for clarity
- Improve docstrings
[WIP] Build out Portfolio and Account

- Clarify data flow directions
- Standardize some method naming
- Fix base currency for Binance assets
- Improve some tests
Fix incorrect type
[WIP] Add Postgres execution database skeleton

- Refine account query backing strategy commands
- Rename some methods
- Tidy up some imports
[WIP] Build out Portfolio

- Add various metrics
- Change exchange_rate naming to xrate
Enhance instrument

- Add settlement currency
- Add standard, inverse, quanto properties
- Add instruments for backtests
Simplify multi-account handling

- Reduce capability to one account per venue
- Introduce RoutedVenue (for multi-brokers to the same venue)
- Consolidate cache methods
- Fix test
[WIP] Improve Position internal calculations

- Add object operation methods
- Add object docstrings
Refine backtest engine

- Fix account updating
- Update README
Simplify Execution stack

- Cleanup ExecutionEngine methods
- Simplify persisted data
- Some inlining of small methods
- Add StrategyId to orders
Improve value object string operations

- Standardize repr to builtin decimal format
- Standardize the Fraction representation of 1 as '1'
- Fix Quantity formatting
Add some crypto instruments to InstrumentLoader

- Remove stub instruments for consolidation
Strip back Account and AccountState

- Refactor SimulatedMarket account events
- Prepare for redesign
- Fix some flake8 warnings
Standardize except * for primitives

- Add except * to all methods and functions returning primitive C types
Rework the PNL mechanics
[WIP] Enhance architecture for multiple accounts

- Refactor account management in SimulatedMarket
- Remove redundant methods from TradingStrategy
- Standardize some accounting language
Wire portfolio into DataEngine to receive QuoteTicks
Add currencies
[WIP] Add Postgres execution database skeleton

- Fix headers
- Add config dict
Merge remote-tracking branch 'origin/develop' into develop

# Conflicts:
#	nautilus_trader/analysis/performance.pyx
Refactor Account, Position and Portfolio

- Refactor Position for live tick updates
- Rewire portfolio to receive tick updates
- Rewire data engine to send ticks to portfolio first
Simplify currency API

- Constants now available for importing from Python or Cython
- Fix tests
[WIP] Improve Account add tests
Reorganize module structure

- Move Account and Portfolio to /trading
- Separate commission models from calculators
Change calculation of PNL and commissions to base currency

- Add object operation methods
- Add object docstrings
Remove redundant .equals() methods

- Audit comparisons in general
- Cleanup some performance tests
Implement position symbol counts in ExecutionEngine

- Fix tests
- Cleanups
Various tidying

- Standardize some variable naming
- Replace redundant MatchId with ExecutionId
- Fix a docstring
Merge pull request #75 from bohblue2/develop

Fix incorrect type error in performance analyzer.
Merge pull request #72 from scoriiu/rework_position_pnls

Rework the PNL mechanics
Remove floating _reset method in ExecutionEngine

- Consolidate to reset
Refactor ExchangeRateCalculator

- Add XBT currency
- Add performance test
Strip back and rewire Portfolio

- Wire portfolio into ExecutionEngine
- Remove AccountInquiry
- Standardize blank lines in class docstrings"
2021-07-05,21,4.0,9.5,5.5,-4.25,17.75,True,high,0.5909090909090909,148,115,"['Add tests', 'Update test_live_data_engine to pytest', 'Update dependencies', 'Remove redundant `BypassCacheDatabase`', 'Update test_live_node to pytest', 'Update common/test_common_enums to pytest', 'Update test_trading_strategy to pytest', 'Add condition checks for equal quantities', 'Update VenueStatus and ClosingPrice to be data not event', 'Fix object parsing\n\n- Add test.', 'Formatting', 'Fix flake8 warning', 'Reconfigure isort and black', 'Try scheduler without processes', 'Update test_model_position to pytest', 'Update indicators/* test files to use pytest', ""Merge remote-tracking branch 'origin/develop' into develop"", 'Fix tests', 'Update acceptance_tests/* files to use pytest', 'Fix equality and add tests', 'Remove send_data', 'Fix bug in data producer, fix tests', 'Revert param reordering', 'Consolidate type keys', 'Build out `MessageBus`', 'Fix test_trading_account assert statement orders', 'Use isinstance for test assertion', 'Refactor `MessageBus`', 'Update data/* test files to pytest', 'Convert test_analysis_reports.py to pytest', 'Wire up instrument status / close price to trading strategy / data engine', 'Fix remaining tests', 'Use unique pytest temp dir for data catalog', 'Use memory fs for tests, some minor fsspec bugs', ""Merge branch 'develop' of github.com:nautechsystems/nautilus_trader into backtest_config"", 'Convert unittest tests to pytest (tests/unit_tests/indicators)', 'Update execution/* test files to pytest', 'Convert tests to pytest', 'Convert test_backtest_exchange.py to pytest', 'Update test_backtest_exchange to use pytest', 'Update trading/test_trading_filters to use pytest', 'Remove trailing persistence', 'Refactor `PositionEvent`s\n\n- Fix serialization dicts.\n- Fix test stubs.\n- Add tests.', 'Fix after rebase', 'Change benchmark output', 'Update README', 'Convert test_execution_base.py to pytest', 'Update cache/* test files to pytest', 'Fix missing benchmark cases', 'Update remaining test_trading_* files to pytest', 'Refactor `RiskEngine`\n\n- Add tests.', 'Add Cython to codespell', 'Standardize event naming\n\n- Refactor tests.', 'Setup CI performance benchmarking', 'Remove redundant comments', 'Refine `DataType`', '`MessageBus` initial commit', 'Update github-token', 'Start integrating mypy', 'Improve `MessageBus` and add test', 'Convert analysis tests to pytest', 'Fix CCXT disconnect sequence', 'Remove redundant code', 'Update workflow', 'Convert test_analysis_performance.py to pytest', 'Update comment', 'Use sys independent root path', 'Bump version', 'Add store benchmark results', 'Remove redundant comment', 'Convert test_data_cache.py to pytest', 'Update adapters/ccxt* test files to pytest', 'Update model/test_model/position to use pytest', 'Use sentinel message pattern', 'Make get methods Python', 'Add `PositionEvent`s to maps\n\n- Add serialization tests.', 'Add condition check', 'Revert param ordering change', 'Rename `MessageType` to `MessageCategory`', 'Improve `TradingNode` stop sequence', 'Refactor throttler', 'Update param name', 'Refactor and add tests', 'Make fast fail compilation', 'Reconfigure isort', 'Standardize param ordering and docs', 'Remove unused import', 'Remove redundant `noinspection PyUnresolvedReferences`', 'Fix pre-commit', 'Improve efficiency of checking for database', 'Refactor domain\n\n- Standardize identifiers on events and objects.\n- Add `TradingEvent` base class.\n- Add `TraderId` to `Order` and `Position`.', 'Convert test_data_base.py to pytest', 'Refactor `RiskEngine`', 'Fix object parsing\n\n- Add tests.', 'Update release notes', 'Add all extras to tests session', 'Set fail on alert false', 'Refactor `PositionEvent`s', 'Update adapters/oanda* test files to pytest', 'Remove invalid type', 'Add min max timestamp buffer', 'Try and set RUNNER_TEMP for backtest catalog', 'Convert unittest tests to pytest', 'Remove redundant strategy_id cache fetch', 'Cleanup docs', 'Cleanups', 'Allow .c file extension', 'Convert test_execution_cache.py to pytest', 'Update cache/test_data_cache to use pytest', 'Fix some Codacy issues', 'More path fixing attempts. Set dask distributed test as local', 'Refine `MessageType`', 'Add generic `TypeKey`', 'Convert unittest tests to pytest (tests/unit_tests/data)', 'Make contiguous array']","['committed (#392)', 'committed (#375)', 'committed (#368)', 'committed (#366)', 'committed (#361)', 'committed (#365)', 'committed (#373)', 'committed (#372)', 'committed (#380)', 'committed (#376)', 'committed (#371)', 'committed (#369)', 'committed (#377)', 'committed (#374)']","[338860, 338868, 338876, 338884, 338892, 338900, 338908, 338916, 338924, 338932, 338940, 338948, 338956, 338964, 338972, 338980, 338988, 338996, 339004, 339012, 339020, 339028, 339036, 339045, 339053, 339061, 339069, 339077, 339085, 339093, 339101, 339109, 339117, 339125, 339133, 339141, 339149, 339157, 339165, 339174, 339182, 339190, 339198, 339206, 339214, 339222, 339230, 339238, 339246, 339254, 339262, 339270, 339278, 339287, 339295, 339303, 339311, 339319, 339327, 339335, 339343, 339351, 339359, 339367, 339375, 339383, 339391, 339399, 339407, 339415, 339423, 339431, 339439, 339447, 339455, 339463, 339471, 340622, 340630, 340638, 340646, 340654, 340701, 340709, 340736, 340744, 340771, 340779, 340787, 340795, 340803, 340811, 340838, 340865, 340892, 340900, 340927, 340943, 341063, 341111, 341119, 341127, 341148, 342047, 342055, 342063, 342071, 342079, 342087, 342095, 342103, 342111, 342119, 342127, 342135, 342143, 342151, 342159, 342167, 342175, 342183, 342191, 342199, 342207, 342215, 342223, 342231, 342239, 342247, 342255, 342263, 342271, 342304, 342327, 342339, 342347, 342355, 342685, 342693, 342715, 342723, 342731, 342739, 342761, 342772, 342780, 342788, 342796]","[338862, 338870, 338878, 338886, 338894, 338902, 338910, 338918, 338926, 338934, 338942, 338950, 338958, 338966, 338974, 338982, 338990, 338998, 339006, 339014, 339022, 339030, 339038, 339047, 339055, 339063, 339071, 339079, 339087, 339095, 339103, 339111, 339119, 339127, 339135, 339143, 339151, 339159, 339167, 339176, 339184, 339192, 339200, 339208, 339216, 339224, 339232, 339240, 339248, 339256, 339264, 339272, 339280, 339289, 339297, 339305, 339313, 339321, 339329, 339337, 339345, 339353, 339361, 339369, 339377, 339385, 339393, 339401, 339409, 339417, 339425, 339433, 339441, 339449, 339457, 339465, 339473, 340624, 340632, 340640, 340648, 340656, 340703, 340711, 340738, 340746, 340773, 340781, 340789, 340797, 340805, 340813, 340840, 340867, 340894, 340902, 340929, 340945, 341065, 341113, 341121, 341129, 341150, 342049, 342057, 342065, 342073, 342081, 342089, 342097, 342105, 342113, 342121, 342129, 342137, 342145, 342153, 342161, 342169, 342177, 342185, 342193, 342201, 342209, 342217, 342225, 342233, 342241, 342249, 342257, 342265, 342273, 342306, 342329, 342341, 342349, 342357, 342687, 342695, 342717, 342725, 342733, 342741, 342763, 342774, 342782, 342790, 342798]","Add tests
Update test_live_data_engine to pytest
Update dependencies
Remove redundant `BypassCacheDatabase`
Update test_live_node to pytest
Update common/test_common_enums to pytest
Update test_trading_strategy to pytest
Add condition checks for equal quantities
Update VenueStatus and ClosingPrice to be data not event
Fix object parsing

- Add test.
Formatting
Fix flake8 warning
Reconfigure isort and black
Try scheduler without processes
Update test_model_position to pytest
Update indicators/* test files to use pytest
Merge remote-tracking branch 'origin/develop' into develop
Fix tests
Update acceptance_tests/* files to use pytest
Fix equality and add tests
Remove send_data
Fix bug in data producer, fix tests
Revert param reordering
Consolidate type keys
Build out `MessageBus`
Fix test_trading_account assert statement orders
Use isinstance for test assertion
Refactor `MessageBus`
Update data/* test files to pytest
Convert test_analysis_reports.py to pytest
Wire up instrument status / close price to trading strategy / data engine
Fix remaining tests
Use unique pytest temp dir for data catalog
Use memory fs for tests, some minor fsspec bugs
Merge branch 'develop' of github.com:nautechsystems/nautilus_trader into backtest_config
Convert unittest tests to pytest (tests/unit_tests/indicators)
Update execution/* test files to pytest
Convert tests to pytest
Convert test_backtest_exchange.py to pytest
Update test_backtest_exchange to use pytest
Update trading/test_trading_filters to use pytest
Remove trailing persistence
Refactor `PositionEvent`s

- Fix serialization dicts.
- Fix test stubs.
- Add tests.
Fix after rebase
Change benchmark output
Update README
Convert test_execution_base.py to pytest
Update cache/* test files to pytest
Fix missing benchmark cases
Update remaining test_trading_* files to pytest
Refactor `RiskEngine`

- Add tests.
Add Cython to codespell
Standardize event naming

- Refactor tests.
Setup CI performance benchmarking
Remove redundant comments
Refine `DataType`
`MessageBus` initial commit
Update github-token
Start integrating mypy
Improve `MessageBus` and add test
Convert analysis tests to pytest
Fix CCXT disconnect sequence
Remove redundant code
Update workflow
Convert test_analysis_performance.py to pytest
Update comment
Use sys independent root path
Bump version
Add store benchmark results
Remove redundant comment
Convert test_data_cache.py to pytest
Update adapters/ccxt* test files to pytest
Update model/test_model/position to use pytest
Use sentinel message pattern
Make get methods Python
Add `PositionEvent`s to maps

- Add serialization tests.
Add condition check
Revert param ordering change
Rename `MessageType` to `MessageCategory`
Improve `TradingNode` stop sequence
Refactor throttler
Update param name
Refactor and add tests
Make fast fail compilation
Reconfigure isort
Standardize param ordering and docs
Remove unused import
Remove redundant `noinspection PyUnresolvedReferences`
Fix pre-commit
Improve efficiency of checking for database
Refactor domain

- Standardize identifiers on events and objects.
- Add `TradingEvent` base class.
- Add `TraderId` to `Order` and `Position`.
Convert test_data_base.py to pytest
Refactor `RiskEngine`
Fix object parsing

- Add tests.
Update release notes
Add all extras to tests session
Set fail on alert false
Refactor `PositionEvent`s
Update adapters/oanda* test files to pytest
Remove invalid type
Add min max timestamp buffer
Try and set RUNNER_TEMP for backtest catalog
Convert unittest tests to pytest
Remove redundant strategy_id cache fetch
Cleanup docs
Cleanups
Allow .c file extension
Convert test_execution_cache.py to pytest
Update cache/test_data_cache to use pytest
Fix some Codacy issues
More path fixing attempts. Set dask distributed test as local
Refine `MessageType`
Add generic `TypeKey`
Convert unittest tests to pytest (tests/unit_tests/data)
Make contiguous array"
2021-11-22,0,5.0,8.0,3.0,0.5,12.5,True,low,0.16666666666666666,14,13,"['Remove redundant RuntimeError\n\n- Would be caught earlier.', 'Add initial FTX HTTP client', 'Add additional check for market order fills', 'Update dependencies', 'Fix market order fill edge case for bar data\n\n- When `bar_execution` was active in some circumstances no last bid or ask is cached and so a None price was being returned, which resulted in a strange unfilled condition.\n- This is now fixed by going to the order book for the best bid or ask price as a fall back.', 'Add `CancelAllOrders` command\n\n- Add method onto execution engine and clients.\n- `TradingStrategy` now uses this command when `cancel_all_orders` is called.\n- Add bulk cancel capability to Binance integration.\n- Add bulk cancel capability to Betfair integration.', 'Standardize stub data naming', 'Add exception type for CPU freq', 'Update installation instructions', 'Add some Binance tests', 'Add exception type for CPU freq reading', 'Update pre-commit', 'Bump version']",['committed (#512)'],"[325082, 325090, 325098, 325106, 325114, 325122, 325130, 325138, 325146, 325154, 325162, 325170, 325178, 325186]","[325084, 325092, 325100, 325108, 325116, 325124, 325132, 325140, 325148, 325156, 325164, 325172, 325180, 325188]","Remove redundant RuntimeError

- Would be caught earlier.
Add initial FTX HTTP client
Add additional check for market order fills
Update dependencies
Fix market order fill edge case for bar data

- When `bar_execution` was active in some circumstances no last bid or ask is cached and so a None price was being returned, which resulted in a strange unfilled condition.
- This is now fixed by going to the order book for the best bid or ask price as a fall back.
Add `CancelAllOrders` command

- Add method onto execution engine and clients.
- `TradingStrategy` now uses this command when `cancel_all_orders` is called.
- Add bulk cancel capability to Binance integration.
- Add bulk cancel capability to Betfair integration.
Standardize stub data naming
Add exception type for CPU freq
Update installation instructions
Add some Binance tests
Add exception type for CPU freq reading
Update pre-commit
Bump version"
2022-11-14,20,3.25,8.75,5.5,-5.0,17.0,True,high,0.5454545454545454,63,54,"['Enforce latest syntax', 'Allow passing instance_id to nodes via kernel', 'IB connect timeout updated', 'Fix log', 'Update dependencies', 'WIP', 'Expose WebSocket client state properties', 'IB updates', 'Rename module', 'Enforce trailing commas', 'BacktestRunConfig to use NautilusConfig, fix bug in parse_obj (#869)', 'Fix bug in list_partitions (#858)', 'Implement AccountBalance and MarginBalance equality', 'Update release notes', 'Fix precommit', 'Parquet Catalog #839\n\nHi,\r\nI ran the pre-commit and above changes passed results as follows.\r\n\r\n```\r\nforbid new submodules................................(no files to check)Skipped\r\nfix python encoding pragma...............................................Passed\r\nfix end of files.........................................................Passed\r\ntrim trailing whitespace.................................................Passed\r\ndebug statements (python)................................................Passed\r\ndetect private key.......................................................Passed\r\ncheck builtin type constructor use.......................................Passed\r\ncheck for case conflicts.................................................Passed\r\ncheck that executables have shebangs.....................................Passed\r\ncheck json...........................................(no files to check)Skipped\r\ncheck for merge conflicts................................................Passed\r\ncheck for broken symlinks............................(no files to check)Skipped\r\ncheck toml...........................................(no files to check)Skipped\r\ncheck xml............................................(no files to check)Skipped\r\ncheck yaml...........................................(no files to check)Skipped\r\ncodespell................................................................Passed\r\npycln (Python unused imports)............................................Passed\r\nisort....................................................................Passed\r\nblack....................................................................Passed\r\nmypy.....................................................................Passed\r\nflake8 (Python)..........................................................Passed\r\nflake8 (Cython)......................................(no files to check)Skipped\r\npydocstyle...............................................................Passed\r\nnbstripout...........................................(no files to check)Skipped\r\n```', 'Improve flexibility of `order_updated` test event stub', 'Remove unused notebook', 'Fix tests', 'Remove FTX integration', 'Refine bar aggregation', 'Instrument to IBContract and IBContract to InstrumentId', ""Merge branch 'nautechsystems:master' into ib_update"", 'Update pre-commit', 'Add transition table entry to cover emulated orders', 'Update coverage', 'Minor formatting and cleanup', 'Add pragma no cover to unreachable lines', 'Build out OrderEmulator for contingency orders', 'Add OrderEmulator tests', 'Remove overloaded parse_raw, no longer required', 'Fixes to IB Adapter (#857)', 'Release 1.159.0\n\nSee release notes.', 'Fix release notes', 'Rename param to `time_in_force`', 'Allow passing instance_id to nodes via kernel (#865)', 'Correct loading factory when using dict config with TradingNode (#860)', 'Setup coverage', 'Correct loading factory when using dict config with TradingNode', 'Fix parsing in backtest', 'Fix bug in list_partitions', 'Refine backtest engine main loop', 'Update IB gateway connection timeout (#862)', 'Bump version', 'BacktestRunConfig to use NautilusConfig, fix bug in parse_obj', 'Unified Venue and InstrumentId naming i.e. localSymbol@exchange.IB (breaking)', ""Merge branch 'develop' into ib_update"", 'Return single latest record for Bar and Instrument from Parquet PR# 839 with pre-commit', 'Improve pre-commit hook description', 'Upgrade pytest-asyncio', 'Remove unused notebook (#859)', 'Cleanup, fix tests, fix account parsing', 'Update bracket order strategy example', 'Improve formatting']","['committed (#877)', 'committed (#865)', 'committed (#862)', 'committed (#867)', 'committed (#874)', 'committed (#857)', 'committed (#852)', 'committed (#859)', 'committed (#864)', 'committed (#869)', 'committed (#1116)', 'committed (#888)', 'committed (#860)', 'committed (#858)', 'committed (#853)', 'committed (#1124)']","[264478, 265093, 288605, 289228, 289236, 289244, 289252, 289260, 289268, 289276, 289284, 289292, 289300, 289308, 289316, 289324, 289332, 289340, 289348, 289356, 289364, 289372, 289380, 289388, 289990, 290673, 290681, 290689, 291248, 291256, 291264, 291272, 291280, 291288, 291296, 291304, 291312, 291320, 291328, 291336, 291344, 291352, 291360, 291368, 291376, 291384, 291485, 291663, 291671, 291679, 291697, 291728, 291754, 291786, 291815, 291847, 291855, 291863, 291871, 291882, 291890, 291993, 292034]","[264480, 265095, 288607, 289230, 289238, 289246, 289254, 289262, 289270, 289278, 289286, 289294, 289302, 289310, 289318, 289326, 289334, 289342, 289350, 289358, 289366, 289374, 289382, 289390, 289992, 290675, 290683, 290691, 291250, 291258, 291266, 291274, 291282, 291290, 291298, 291306, 291314, 291322, 291330, 291338, 291346, 291354, 291362, 291370, 291378, 291386, 291487, 291665, 291673, 291681, 291699, 291730, 291756, 291788, 291817, 291849, 291857, 291865, 291873, 291884, 291892, 291995, 292036]","Enforce latest syntax
Allow passing instance_id to nodes via kernel
IB connect timeout updated
Fix log
Update dependencies
WIP
Expose WebSocket client state properties
IB updates
Rename module
Enforce trailing commas
BacktestRunConfig to use NautilusConfig, fix bug in parse_obj (#869)
Fix bug in list_partitions (#858)
Implement AccountBalance and MarginBalance equality
Update release notes
Fix precommit
Parquet Catalog #839

Hi,
I ran the pre-commit and above changes passed results as follows.

```
forbid new submodules................................(no files to check)Skipped
fix python encoding pragma...............................................Passed
fix end of files.........................................................Passed
trim trailing whitespace.................................................Passed
debug statements (python)................................................Passed
detect private key.......................................................Passed
check builtin type constructor use.......................................Passed
check for case conflicts.................................................Passed
check that executables have shebangs.....................................Passed
check json...........................................(no files to check)Skipped
check for merge conflicts................................................Passed
check for broken symlinks............................(no files to check)Skipped
check toml...........................................(no files to check)Skipped
check xml............................................(no files to check)Skipped
check yaml...........................................(no files to check)Skipped
codespell................................................................Passed
pycln (Python unused imports)............................................Passed
isort....................................................................Passed
black....................................................................Passed
mypy.....................................................................Passed
flake8 (Python)..........................................................Passed
flake8 (Cython)......................................(no files to check)Skipped
pydocstyle...............................................................Passed
nbstripout...........................................(no files to check)Skipped
```
Improve flexibility of `order_updated` test event stub
Remove unused notebook
Fix tests
Remove FTX integration
Refine bar aggregation
Instrument to IBContract and IBContract to InstrumentId
Merge branch 'nautechsystems:master' into ib_update
Update pre-commit
Add transition table entry to cover emulated orders
Update coverage
Minor formatting and cleanup
Add pragma no cover to unreachable lines
Build out OrderEmulator for contingency orders
Add OrderEmulator tests
Remove overloaded parse_raw, no longer required
Fixes to IB Adapter (#857)
Release 1.159.0

See release notes.
Fix release notes
Rename param to `time_in_force`
Allow passing instance_id to nodes via kernel (#865)
Correct loading factory when using dict config with TradingNode (#860)
Setup coverage
Correct loading factory when using dict config with TradingNode
Fix parsing in backtest
Fix bug in list_partitions
Refine backtest engine main loop
Update IB gateway connection timeout (#862)
Bump version
BacktestRunConfig to use NautilusConfig, fix bug in parse_obj
Unified Venue and InstrumentId naming i.e. localSymbol@exchange.IB (breaking)
Merge branch 'develop' into ib_update
Return single latest record for Bar and Instrument from Parquet PR# 839 with pre-commit
Improve pre-commit hook description
Upgrade pytest-asyncio
Remove unused notebook (#859)
Cleanup, fix tests, fix account parsing
Update bracket order strategy example
Improve formatting"
2022-12-05,18,3.25,8.0,4.75,-3.875,15.125,True,high,0.6052631578947368,217,117,"['Fix GH actions shell usage', 'Improve docstring', 'Fix main (#900)', 'Add modify emulated order tests', 'Filter account balances for the intended account_id only and make sure to Place order to the intended account_id.', 'Cleanup', 'skip tests', 'Fixing tests', 'Remove to reduce compile time', 'Protect equality operation from None', 'Skip tests failing on Windows for now', 'Breakfix for Instrument filters after PR #890 (#902)', 'Skip windows tests (#905)', 'Update release notes', 'Refine MatchingCore', 'Check if venue order ID is not None', 'Remove pydantic (#890)\n\nCo-authored-by: Chris Sellers <chris@cjdsellers.io>', ""Merge branch 'develop' into remove-pydantic"", ""Merge branch 'develop' into data_catalog_cleanup"", 'Release 1.162.0\n\nSee release notes.', 'Update dependencies', 'Upgrade codecov GH action', 'Raise RuntimeError when other is None', 'Upgrade docker build', 'Fix assignment of venue_order_id', 'Fix type', ""Merge branch 'develop' into testing_base_class"", 'WIP IB', ""Merge branch 'remove-pydantic' into betfair_msgspec"", 'Fix IB tests', 'Handle edge cases in matching engine', 'Remove ARM64 from release matrix', 'Refine workflows and remove nox', 'Refine processing of trailing stops', 'Fix test', 'Fix accounting test', 'Merge develop', 'Upgrade poetry', 'Cleanups', ""Merge branch 'develop' into ib_instrument_query"", 'Skip more tests on Windows', 'Improve docs navigation', 'Freshen README', 'Refine matching core', 'Update pre-commit', 'Use base classes in IB tests', 'Change compiler flag to O2', 'Fix sorting of OrderBook bid side', 'More refinements to MatchingCore', 'Handle updating of emulated orders', 'Emulator check if order immediately marketable', 'Skip test for now', 'Improve efficiency of trigger check', 'Update dependencies to clear cache', 'Update to accommodate all order types', 'Fix OrderEmulator trigger behaviour', 'Add `AccountId.get_id()` to extract the original account_id (#891)', 'IB contract account cleanup (#899)\n\nCo-authored-by: rsmb7z <105105941+rsmb7z@users.noreply.github.com>', 'Bump certifi from 2022.9.24 to 2022.12.7\n\nBumps [certifi](https://github.com/certifi/python-certifi) from 2022.9.24 to 2022.12.7.\n- [Release notes](https://github.com/certifi/python-certifi/releases)\n- [Commits](https://github.com/certifi/python-certifi/compare/2022.09.24...2022.12.07)\n\n---\nupdated-dependencies:\n- dependency-name: certifi\n  dependency-type: indirect\n...\n\nSigned-off-by: dependabot[bot] <support@github.com>', 'Reuse-ability for ib_contract_to_instrument_id parsing.', ""Merge branch 'develop' into ib_contract_account_cleanup"", 'Fix Binance live examples for msgspec', 'Fix `MARKET_TO_LIMIT` order initial fill behaviour', 'Fix matching engine processing for STOP_LIMIT bracket entry', 'Fix log level', 'Refine config', 'Fix docker build', 'Fix limit order updates with no venue_order_id', 'Skip windows tests', 'Fix bug in BettingInstrument runner name', ""Merge remote-tracking branch 'Myself/ib_strict_account_id' into ib_strict_account_id"", 'Fix betfair', 'Revert to C arrays', 'Use bash for make targets invoking shell scripts', 'Fix BollingerBands indicator mid band calculation', 'Fix docs right sidebar color', 'Handle None in identifier equality', 'Fix backtest example configs', 'Use only main', 'Cleanup, rebase develop', 'Fix Binance Spot examples', 'Fix typo', 'IB balances filter and placeOrder for intended account_id (#892)\n\n* Add function AccountId.get_id() to extract the original account_id.\r\n\r\n* Filter account balances for the intended account_id only and make sure to Place order to the intended account_id.', 'Introduce dependency groups', 'Improve poetry dependency groups', 'Update compiler flag for release', 'Add valid order types constants', 'Update workflows for dependency groups', 'Handle marketable LimitIfTouched orders', 'WIP', 'Fix NautilusKernel finalizer', 'cleanup', 'Bump version', 'Duplicate direct commands for GH windows runners', 'Add install-just-deps target', 'Extend OrderFactory to provide more bracket order types', 'Refine emulator submit order sequencing', 'Use contingency_type parameter in test', 'Betfair msgspec (#874)', 'Make betfair_parser optional', 'Fix bug in BettingInstrument runner name (#895)', 'Reuse-ability for `ib_contract_to_instrument_id` parsing (#898)', 'Fixes for msgspec upgrade', 'Fixing configs', 'Fix main', ""Merge branch 'develop' into betfair_msgspec"", 'Release 1.161.0\n\nSee release notes.', 'Require pip for build', 'Refine shell use in CI', 'Consolidate wildcard matching function to msgbus', 'Add docs right sidebar collapse', 'Generate new poetry lock', 'Clarify emulated order states', 'Polish msgspec config', 'Update for latest poetry', 'Handle triggering LimitIfTouched orders', 'Breakfix for Instrument filters after PR #890']","['committed (#908)', 'committed (#907)', 'committed (#892)', 'committed (#890)', 'committed (#874)', 'committed (#805)', 'committed (#915)', 'committed (#1124)', 'committed (#938)', 'committed (#875)', 'committed (#903)', 'committed (#906)', 'committed (#899)', 'committed (#905)', 'committed (#895)', 'committed (#898)', 'committed (#900)', 'committed (#1116)', 'committed (#902)']","[264494, 264502, 265109, 265117, 283081, 283089, 283097, 283105, 283113, 283121, 283129, 283137, 283145, 283153, 283161, 283169, 283177, 283185, 283193, 283201, 283209, 283217, 283225, 283233, 285688, 285696, 285704, 285712, 285720, 285728, 285736, 285744, 285752, 285760, 285768, 285776, 285784, 285792, 285800, 285808, 285816, 285824, 285832, 285840, 286375, 286383, 286391, 286399, 286407, 286415, 286423, 286431, 286439, 286447, 286455, 286463, 286471, 286479, 286487, 286495, 286503, 286511, 286519, 286527, 286535, 286543, 286551, 286559, 286567, 286575, 286583, 286591, 286599, 286607, 286615, 286623, 286631, 286639, 286647, 286655, 286663, 286671, 286679, 286687, 286695, 287002, 287010, 287018, 287026, 287034, 287042, 287050, 287058, 287066, 287074, 287082, 287090, 287098, 287106, 287114, 287122, 287130, 287138, 287146, 287154, 287162, 287170, 287178, 287186, 287194, 287202, 287210, 287218, 287226, 287234, 287242, 287250, 287258, 287266, 287274, 287282, 287290, 287298, 287306, 287314, 287322, 287330, 287338, 287346, 287354, 287362, 287370, 287378, 287386, 287394, 287402, 287410, 287418, 287426, 287434, 287470, 287504, 287566, 287600, 287608, 287742, 287810, 287836, 287844, 287852, 287891, 288046, 288169, 288177, 288272, 288280, 288288, 288296, 288304, 288312, 288320, 288328, 288336, 288344, 288352, 288360, 289728, 289736, 289744, 289752, 289760, 289768, 289776, 289784, 289792, 289800, 290304, 290312, 290320, 290328, 290336, 290344, 290352, 290360, 290368, 290376, 290384, 290392, 290400, 290408, 290416, 290424, 290432, 290440, 290448, 290456, 290464, 296263, 296271, 296279, 296287, 296295, 296303, 296311, 296319, 296327, 296335, 296343, 296351, 296359, 296367, 296375, 296383, 296391, 296399, 296407, 296415]","[264496, 264504, 265111, 265119, 283083, 283091, 283099, 283107, 283115, 283123, 283131, 283139, 283147, 283155, 283163, 283171, 283179, 283187, 283195, 283203, 283211, 283219, 283227, 283235, 285690, 285698, 285706, 285714, 285722, 285730, 285738, 285746, 285754, 285762, 285770, 285778, 285786, 285794, 285802, 285810, 285818, 285826, 285834, 285842, 286377, 286385, 286393, 286401, 286409, 286417, 286425, 286433, 286441, 286449, 286457, 286465, 286473, 286481, 286489, 286497, 286505, 286513, 286521, 286529, 286537, 286545, 286553, 286561, 286569, 286577, 286585, 286593, 286601, 286609, 286617, 286625, 286633, 286641, 286649, 286657, 286665, 286673, 286681, 286689, 286697, 287004, 287012, 287020, 287028, 287036, 287044, 287052, 287060, 287068, 287076, 287084, 287092, 287100, 287108, 287116, 287124, 287132, 287140, 287148, 287156, 287164, 287172, 287180, 287188, 287196, 287204, 287212, 287220, 287228, 287236, 287244, 287252, 287260, 287268, 287276, 287284, 287292, 287300, 287308, 287316, 287324, 287332, 287340, 287348, 287356, 287364, 287372, 287380, 287388, 287396, 287404, 287412, 287420, 287428, 287436, 287472, 287506, 287568, 287602, 287610, 287744, 287812, 287838, 287846, 287854, 287893, 288048, 288171, 288179, 288274, 288282, 288290, 288298, 288306, 288314, 288322, 288330, 288338, 288346, 288354, 288362, 289730, 289738, 289746, 289754, 289762, 289770, 289778, 289786, 289794, 289802, 290306, 290314, 290322, 290330, 290338, 290346, 290354, 290362, 290370, 290378, 290386, 290394, 290402, 290410, 290418, 290426, 290434, 290442, 290450, 290458, 290466, 296265, 296273, 296281, 296289, 296297, 296305, 296313, 296321, 296329, 296337, 296345, 296353, 296361, 296369, 296377, 296385, 296393, 296401, 296409, 296417]","Fix GH actions shell usage
Improve docstring
Fix main (#900)
Add modify emulated order tests
Filter account balances for the intended account_id only and make sure to Place order to the intended account_id.
Cleanup
skip tests
Fixing tests
Remove to reduce compile time
Protect equality operation from None
Skip tests failing on Windows for now
Breakfix for Instrument filters after PR #890 (#902)
Skip windows tests (#905)
Update release notes
Refine MatchingCore
Check if venue order ID is not None
Remove pydantic (#890)

Co-authored-by: Chris Sellers <chris@cjdsellers.io>
Merge branch 'develop' into remove-pydantic
Merge branch 'develop' into data_catalog_cleanup
Release 1.162.0

See release notes.
Update dependencies
Upgrade codecov GH action
Raise RuntimeError when other is None
Upgrade docker build
Fix assignment of venue_order_id
Fix type
Merge branch 'develop' into testing_base_class
WIP IB
Merge branch 'remove-pydantic' into betfair_msgspec
Fix IB tests
Handle edge cases in matching engine
Remove ARM64 from release matrix
Refine workflows and remove nox
Refine processing of trailing stops
Fix test
Fix accounting test
Merge develop
Upgrade poetry
Cleanups
Merge branch 'develop' into ib_instrument_query
Skip more tests on Windows
Improve docs navigation
Freshen README
Refine matching core
Update pre-commit
Use base classes in IB tests
Change compiler flag to O2
Fix sorting of OrderBook bid side
More refinements to MatchingCore
Handle updating of emulated orders
Emulator check if order immediately marketable
Skip test for now
Improve efficiency of trigger check
Update dependencies to clear cache
Update to accommodate all order types
Fix OrderEmulator trigger behaviour
Add `AccountId.get_id()` to extract the original account_id (#891)
IB contract account cleanup (#899)

Co-authored-by: rsmb7z <105105941+rsmb7z@users.noreply.github.com>
Bump certifi from 2022.9.24 to 2022.12.7

Bumps [certifi](https://github.com/certifi/python-certifi) from 2022.9.24 to 2022.12.7.
- [Release notes](https://github.com/certifi/python-certifi/releases)
- [Commits](https://github.com/certifi/python-certifi/compare/2022.09.24...2022.12.07)

---
updated-dependencies:
- dependency-name: certifi
  dependency-type: indirect
...

Signed-off-by: dependabot[bot] <support@github.com>
Reuse-ability for ib_contract_to_instrument_id parsing.
Merge branch 'develop' into ib_contract_account_cleanup
Fix Binance live examples for msgspec
Fix `MARKET_TO_LIMIT` order initial fill behaviour
Fix matching engine processing for STOP_LIMIT bracket entry
Fix log level
Refine config
Fix docker build
Fix limit order updates with no venue_order_id
Skip windows tests
Fix bug in BettingInstrument runner name
Merge remote-tracking branch 'Myself/ib_strict_account_id' into ib_strict_account_id
Fix betfair
Revert to C arrays
Use bash for make targets invoking shell scripts
Fix BollingerBands indicator mid band calculation
Fix docs right sidebar color
Handle None in identifier equality
Fix backtest example configs
Use only main
Cleanup, rebase develop
Fix Binance Spot examples
Fix typo
IB balances filter and placeOrder for intended account_id (#892)

* Add function AccountId.get_id() to extract the original account_id.

* Filter account balances for the intended account_id only and make sure to Place order to the intended account_id.
Introduce dependency groups
Improve poetry dependency groups
Update compiler flag for release
Add valid order types constants
Update workflows for dependency groups
Handle marketable LimitIfTouched orders
WIP
Fix NautilusKernel finalizer
cleanup
Bump version
Duplicate direct commands for GH windows runners
Add install-just-deps target
Extend OrderFactory to provide more bracket order types
Refine emulator submit order sequencing
Use contingency_type parameter in test
Betfair msgspec (#874)
Make betfair_parser optional
Fix bug in BettingInstrument runner name (#895)
Reuse-ability for `ib_contract_to_instrument_id` parsing (#898)
Fixes for msgspec upgrade
Fixing configs
Fix main
Merge branch 'develop' into betfair_msgspec
Release 1.161.0

See release notes.
Require pip for build
Refine shell use in CI
Consolidate wildcard matching function to msgbus
Add docs right sidebar collapse
Generate new poetry lock
Clarify emulated order states
Polish msgspec config
Update for latest poetry
Handle triggering LimitIfTouched orders
Breakfix for Instrument filters after PR #890"
2023-10-16,19,3.25,8.0,4.75,-3.875,15.125,True,high,0.8157894736842105,93,61,"['Update release notes', 'Update docs', 'Passing headers in connect()', 'Release 1.179.0\n\nSee release notes.', 'Reorganize core common crate', 'fix: added partially filled orders to the orders and fills report', 'nanos fix', 'Upgrade dependencies including uvloop psutil', 'Improve docstrings', 'Reorganize core model crate', 'Write parquet data in row groups (#1278)', 'Add type annotations', 'Reorganize core instruments for Python', 'Update websocket.rs\n\nAdding a web socket configuration struct', 'Adding headers', 'Update websocket.rs', 'Add subscribe_bars await_partial option', 'bugfix: adds partial fills to orders and fills report', 'Update dependencies', 'Reorganize core Rust crates', 'Add fills report (#1289)', 'fix: added partially filled canceled orders to the orders and fills report', 'Move NautilusDataType into persistence.python', 'Allow passing basename_template to catalog.write_data', 'Include Python interface files', 'Upgrade dependencies including cbindgen', 'Continue Binance internal aggregation inference', 'Add CryptoFuture instrument for Rust  (#1276)', 'formatting with black', 'Update test output', 'Fix docstrings', 'Fix unsorted tick test data', 'Adding headrs', 'Modified NautilusConfig.validate to validate the data_types', 'Upgrade ruff', 'Improve order fills report (#1290)', 'Reorganize core persistence crate', 'Refine ParquetDataCatalog and add rows_per_group', 'fix: ran pre-commit', 'Bump urllib3 from 2.0.4 to 2.0.7\n\nBumps [urllib3](https://github.com/urllib3/urllib3) from 2.0.4 to 2.0.7.\n- [Release notes](https://github.com/urllib3/urllib3/releases)\n- [Changelog](https://github.com/urllib3/urllib3/blob/main/CHANGES.rst)\n- [Commits](https://github.com/urllib3/urllib3/compare/2.0.4...2.0.7)\n\n---\nupdated-dependencies:\n- dependency-name: urllib3\n  dependency-type: indirect\n...\n\nSigned-off-by: dependabot[bot] <support@github.com>', 'Add ts_init ordering check on catalog write', 'ee', 'Fix BinanceWebSocketClient reconnects', 'Improve Binance internal bar aggregation', 'Fix docs typos', 'Reorganize core persistence crate Python wranglers', 'Remove redundant doc comments', 'data catalog: set the min_rows_per_goup when writing a parquet dataset to disk for improved IO performance', 'CryptoFuture pyo3', 'Standardize core tests separator comment', 'Remove redundant feature attributes', 'Add initial Python type stubs', 'Move core kmerge_batch into backend', 'Add core convert_to_snake_case function', 'Fix unsorted data in Binance order book example', 'Fix BarAggregator setting partial bars', 'Add Binance initial internal aggregation feature', 'Reorganize core orders for Python', 'Refine docstrings', 'feat: added a fills report', 'Add unit test']","['committed (#1294)', 'committed (#1291)', 'committed (#3710)', 'committed (#1283)', 'committed (#1276)', 'committed (#1298)', 'committed (#3142)', 'committed (#1293)', 'committed (#1290)', 'committed (#2069)', 'committed (#1892)', 'committed (#1506)', 'committed (#1301)', 'committed (#1284)', 'committed (#1303)', 'committed (#1798)', 'committed (#1281)', 'committed (#1299)', 'committed (#1279)', 'committed (#4045)', 'committed (#1277)', 'committed (#3431)', 'committed (#2779)', 'committed (#1893)', 'committed (#3701)', 'committed (#4048)', 'committed (#3141)', 'committed (#1508)', 'committed (#1288)', 'committed (#4078)', 'committed (#1289)', 'committed (#3242)']","[33532, 35432, 36092, 58410, 59335, 77215, 91089, 97437, 98072, 124995, 176736, 192535, 192822, 200630, 224668, 224860, 243013, 243129, 243167, 243175, 243183, 243290, 245052, 245060, 245068, 245076, 245084, 245092, 245100, 245108, 245116, 245124, 245132, 245140, 245148, 245156, 245164, 245172, 245180, 245188, 245196, 245204, 245212, 245220, 245228, 245236, 245244, 245252, 245260, 245268, 245276, 245284, 245292, 245300, 245308, 245316, 245324, 245332, 245340, 245348, 245356, 245364, 245372, 245380, 245388, 245396, 245404, 245412, 245420, 245428, 245436, 245479, 245490, 245501, 245574, 245583, 245609, 245653, 245674, 245730, 245751, 245780, 245923, 245931, 245957, 246027, 246052, 246083, 246184, 246214, 246268, 246276, 246284]","[33534, 35434, 36094, 58412, 59337, 77217, 91091, 97439, 98074, 124997, 176738, 192537, 192824, 200632, 224670, 224862, 243015, 243131, 243169, 243177, 243185, 243292, 245054, 245062, 245070, 245078, 245086, 245094, 245102, 245110, 245118, 245126, 245134, 245142, 245150, 245158, 245166, 245174, 245182, 245190, 245198, 245206, 245214, 245222, 245230, 245238, 245246, 245254, 245262, 245270, 245278, 245286, 245294, 245302, 245310, 245318, 245326, 245334, 245342, 245350, 245358, 245366, 245374, 245382, 245390, 245398, 245406, 245414, 245422, 245430, 245438, 245481, 245492, 245503, 245576, 245585, 245611, 245655, 245676, 245732, 245753, 245782, 245925, 245933, 245959, 246029, 246054, 246085, 246186, 246216, 246270, 246278, 246286]","Update release notes
Update docs
Passing headers in connect()
Release 1.179.0

See release notes.
Reorganize core common crate
fix: added partially filled orders to the orders and fills report
nanos fix
Upgrade dependencies including uvloop psutil
Improve docstrings
Reorganize core model crate
Write parquet data in row groups (#1278)
Add type annotations
Reorganize core instruments for Python
Update websocket.rs

Adding a web socket configuration struct
Adding headers
Update websocket.rs
Add subscribe_bars await_partial option
bugfix: adds partial fills to orders and fills report
Update dependencies
Reorganize core Rust crates
Add fills report (#1289)
fix: added partially filled canceled orders to the orders and fills report
Move NautilusDataType into persistence.python
Allow passing basename_template to catalog.write_data
Include Python interface files
Upgrade dependencies including cbindgen
Continue Binance internal aggregation inference
Add CryptoFuture instrument for Rust  (#1276)
formatting with black
Update test output
Fix docstrings
Fix unsorted tick test data
Adding headrs
Modified NautilusConfig.validate to validate the data_types
Upgrade ruff
Improve order fills report (#1290)
Reorganize core persistence crate
Refine ParquetDataCatalog and add rows_per_group
fix: ran pre-commit
Bump urllib3 from 2.0.4 to 2.0.7

Bumps [urllib3](https://github.com/urllib3/urllib3) from 2.0.4 to 2.0.7.
- [Release notes](https://github.com/urllib3/urllib3/releases)
- [Changelog](https://github.com/urllib3/urllib3/blob/main/CHANGES.rst)
- [Commits](https://github.com/urllib3/urllib3/compare/2.0.4...2.0.7)

---
updated-dependencies:
- dependency-name: urllib3
  dependency-type: indirect
...

Signed-off-by: dependabot[bot] <support@github.com>
Add ts_init ordering check on catalog write
ee
Fix BinanceWebSocketClient reconnects
Improve Binance internal bar aggregation
Fix docs typos
Reorganize core persistence crate Python wranglers
Remove redundant doc comments
data catalog: set the min_rows_per_goup when writing a parquet dataset to disk for improved IO performance
CryptoFuture pyo3
Standardize core tests separator comment
Remove redundant feature attributes
Add initial Python type stubs
Move core kmerge_batch into backend
Add core convert_to_snake_case function
Fix unsorted data in Binance order book example
Fix BarAggregator setting partial bars
Add Binance initial internal aggregation feature
Reorganize core orders for Python
Refine docstrings
feat: added a fills report
Add unit test"
2023-10-23,19,3.25,8.75,5.5,-5.0,17.0,True,high,0.36363636363636365,83,75,"['Refine OrderManager for Strategy and add tests', 'Update docs', 'refactor existing python pyo3 tests for instruments', 'Fix release workflow', 'Add WeightedMovingAverage indicator in rust (#1305)', 'Minor formatting', 'Use sha256 for Betfair TradeId', 'Add deepsource', 'Add OrderManager to Strategy', 'Add CurrencyPair in rust with pyo3 (#1313)', 'merge develop', ""Merge branch 'develop' into catalog_filename"", 'Update core dependencies', 'Double quote to prevent word splitting', 'WIP', 'Update ParquetDataCatalog.write_data method and docs', 'Use Final qualifier for some constants', 'Add type annotations', 'Increase limit for Binance all orders requests', 'Validate BacktestDataConfig start before end (#1311)', 'Avoid assertion on boolean constant', 'misc fixes', 'remove poetry install instructions', 'Add back newline', 'Update docs dropping Python 3.9', 'convert to unix nanos', 'use itertools product', 'Fix BinanceWebSocketClient config and typing', 'Improve docstring', 'Skip nautilus_ibapi package version check', 'data config: validate that the end time is set after the start time', 'Bump version and drop support for Python 3.9', 'Add imports to Python snippets in documentation (#1298)', 'Remove drop when type does not implement', 'Refine condition checks', 'Simplify dictionary iteration', 'CurrencyPair in rust with pyo3', 'Add async-timeout package', 'Fix Strategy cancellation of managed GTD on start', 'Use Final qualifier for sentinels', 'Fix data fetch with PriceType.LAST for Crypto', 'Add WebSocketConfig Python type stub', 'Update pyproject.toml extras and release notes', 'initial development', 'indicator path fix in pyo3', 'Add fill report to Trader (#1301)', 'Transformed orders retain original ts_init', 'Fix BacktestEngine logging error on immediate stop', 'Refine time conversions', 'Update python tests', 'Fix managed GTD orders timer cancel on order cancel', 'Apply Betfair execution fixes', 'Standardize exception variables', 'Simplify if statement', 'Remove unnecessary lambda', 'finish OptionsContract pyo3 and tests', 'refactor: use `is` to compare type of objects\n\nIt is recommended to use `identity test` ( `is` ) instead of equality test ( `==` ) when you need to compare types of two objects.', 'feat: added fill report to Trader', 'Update dependencies', 'Fix external variable vulnerability', 'Use is to compare types', 'Make request_timeout configurable', 'Collapse match to if let', 'Fix clippy lints', 'Pass headers in websocket connection and test', 'Pass headers in websocket connection (#1299)\n\nCo-authored-by: ruthvik125 <ruthvik.mitmpl2022@learner.manipal.edu>', 'Fix Binance all order requests during reconciliation', 'init options contract rust pyo3', 'indicator reorganization and wma', 'IB bug fixes (#1302)\n\n- Fix data fetch with `PriceType.LAST` for Crypto\r\n- Add `async-timeout` package\r\n- Make `request_timeout` configurable', 'Allow passing basename_template to catalog.write_data (#1303)', 'Fix BacktestNode error handling for sequential runs', 'Change asserts outside tests', 'Make OrderManager more generic', 'Adds imports to Python snippets in docs']","['committed (#1318)', 'committed (#1314)', 'committed (#1308)', 'committed (#1303)', 'committed (#1309)', 'committed (#1298)', 'committed (#1328)', 'committed (#1311)', 'committed (#1313)', 'committed (#1302)', 'committed (#1299)', 'committed (#1305)', 'committed (#1312)', 'committed (#1301)']","[240842, 240850, 240858, 241720, 241728, 241736, 241744, 241752, 241760, 241768, 241776, 241784, 241792, 241800, 241808, 241816, 241824, 241832, 241840, 241848, 241856, 241864, 241872, 241880, 241888, 241896, 241904, 241912, 241920, 241928, 241936, 241944, 241952, 241960, 241968, 241976, 241984, 241992, 242000, 242008, 242016, 242024, 242032, 242040, 242048, 242056, 242064, 242072, 242080, 242088, 242096, 242104, 242112, 242120, 242128, 242136, 242487, 242495, 242503, 242562, 242591, 242622, 242640, 242720, 242728, 242736, 242772, 242780, 242788, 242796, 242887, 242895, 243021, 243050, 243058, 243066, 243137, 243191, 243199, 243213, 243298, 243310, 243318]","[240844, 240852, 240860, 241722, 241730, 241738, 241746, 241754, 241762, 241770, 241778, 241786, 241794, 241802, 241810, 241818, 241826, 241834, 241842, 241850, 241858, 241866, 241874, 241882, 241890, 241898, 241906, 241914, 241922, 241930, 241938, 241946, 241954, 241962, 241970, 241978, 241986, 241994, 242002, 242010, 242018, 242026, 242034, 242042, 242050, 242058, 242066, 242074, 242082, 242090, 242098, 242106, 242114, 242122, 242130, 242138, 242489, 242497, 242505, 242564, 242593, 242624, 242642, 242722, 242730, 242738, 242774, 242782, 242790, 242798, 242889, 242897, 243023, 243052, 243060, 243068, 243139, 243193, 243201, 243215, 243300, 243312, 243320]","Refine OrderManager for Strategy and add tests
Update docs
refactor existing python pyo3 tests for instruments
Fix release workflow
Add WeightedMovingAverage indicator in rust (#1305)
Minor formatting
Use sha256 for Betfair TradeId
Add deepsource
Add OrderManager to Strategy
Add CurrencyPair in rust with pyo3 (#1313)
merge develop
Merge branch 'develop' into catalog_filename
Update core dependencies
Double quote to prevent word splitting
WIP
Update ParquetDataCatalog.write_data method and docs
Use Final qualifier for some constants
Add type annotations
Increase limit for Binance all orders requests
Validate BacktestDataConfig start before end (#1311)
Avoid assertion on boolean constant
misc fixes
remove poetry install instructions
Add back newline
Update docs dropping Python 3.9
convert to unix nanos
use itertools product
Fix BinanceWebSocketClient config and typing
Improve docstring
Skip nautilus_ibapi package version check
data config: validate that the end time is set after the start time
Bump version and drop support for Python 3.9
Add imports to Python snippets in documentation (#1298)
Remove drop when type does not implement
Refine condition checks
Simplify dictionary iteration
CurrencyPair in rust with pyo3
Add async-timeout package
Fix Strategy cancellation of managed GTD on start
Use Final qualifier for sentinels
Fix data fetch with PriceType.LAST for Crypto
Add WebSocketConfig Python type stub
Update pyproject.toml extras and release notes
initial development
indicator path fix in pyo3
Add fill report to Trader (#1301)
Transformed orders retain original ts_init
Fix BacktestEngine logging error on immediate stop
Refine time conversions
Update python tests
Fix managed GTD orders timer cancel on order cancel
Apply Betfair execution fixes
Standardize exception variables
Simplify if statement
Remove unnecessary lambda
finish OptionsContract pyo3 and tests
refactor: use `is` to compare type of objects

It is recommended to use `identity test` ( `is` ) instead of equality test ( `==` ) when you need to compare types of two objects.
feat: added fill report to Trader
Update dependencies
Fix external variable vulnerability
Use is to compare types
Make request_timeout configurable
Collapse match to if let
Fix clippy lints
Pass headers in websocket connection and test
Pass headers in websocket connection (#1299)

Co-authored-by: ruthvik125 <ruthvik.mitmpl2022@learner.manipal.edu>
Fix Binance all order requests during reconciliation
init options contract rust pyo3
indicator reorganization and wma
IB bug fixes (#1302)

- Fix data fetch with `PriceType.LAST` for Crypto
- Add `async-timeout` package
- Make `request_timeout` configurable
Allow passing basename_template to catalog.write_data (#1303)
Fix BacktestNode error handling for sequential runs
Change asserts outside tests
Make OrderManager more generic
Adds imports to Python snippets in docs"
2024-05-20,23,10.0,12.75,2.75,5.875,16.875,True,high,2.227272727272727,113,78,"['Buffer deltas until the F_LAST flag is set for a delta', 'Fix OmsType.HEDGING in type stubs', 'Update release notes', 'Release 1.193.0\n\nSee release notes.', 'Update GitHub macos runner arch', 'Standardize emphasis', 'Update Rust docs', 'Fix parsing bybit deltas', 'Fix streaming order by ts_init when reading row groups (#1656)', 'Fix SandboxExecutionClient regression', 'Port VolumeWeightedAveragePrice indicator (#1665)', 'Format imports', 'Improve error message when no tick scheme', 'Add GetOrderStatus trait and impl', 'Cleanup', 'fix\n\nSigned-off-by: pushkarm029 <pushkarmishra029@gmail.com>', 'Improve sandbox by adding account settings to the SandboxExecutionClientConfig', 'fixup! implement Postgres database orders update option', ""Merge branch 'nautechsystems:develop' into develop"", 'feature: amend qty', 'Fix clippy lints', 'Port VerticalHorizontalFilter indicator (#1666)', 'Fix unit test', 'Bump version', 'Order by ts_init to read row groups in order', 'Standardize new method docs', 'Fix parsing Bybit deltas (#1668)', 'Clarify F_LAST description', 'Add DataEngine deltas buffering until F_LAST flag (#1673)', 'Refactor mocks in Interactive Brokers integration tests', 'Add unit test', 'Standardize sandbox examples', 'Standardize markdown colon formatting', 'Bybit: set F_LAST flag for deltas ticks', 'Add integration tests for interactive brokers order execution', 'Update dependencies', 'Upgrade databento', 'Refactor mocks in Interactive Brokers integration tests (#1669)', 'Minor formatting', 'Fix IB tick level historical data downloading (#1653)', 'Overhaul SandboxExecutionClient and config', 'Fix docs', 'Update Cache docs', 'Fix BinanceBar streaming feather writing', 'Improve Bybit handling for top-of-book quotes and deltas (#1672)', 'Upgrade ruff', 'Add support for MOC and LOC order types in IB (#1663)', 'Fix notebook account comments', 'Continue Cache in Rust', 'Update pytz version specifier', 'Improve buffer_deltas param description', 'Adds Support for Market On Close (MOC) and Limit On Close (LOC) Order Types in Interactive Brokers Adapter', 'Update README', 'Fix example base currency', 'Standardize hyphenated terminology', 'Set F_LAST flag for Bybit deltas (#1670)', 'Update Rust dependencies', 'Consolidate serialization modules', 'Use RecordFlag enum for F_LAST', 'Add PSQL cache database update orders (#1650)', 'Add sandbox example for Bybit (#1659)', 'Use basic types for the config', ""Merge branch 'develop' into bybit_flags"", 'Update GitHub workflows', 'Add sandbox example for Bybit', 'Standardize tests', 'Standardize Rust docs', 'Subscribe to top of the book and deltas for the Bybit adapter', 'init\n\nSigned-off-by: pushkarm029 <pushkarmishra029@gmail.com>', 'Fix order event object conversion (#1649)', 'Reorganize sandbox examples', 'Fix backtest low level tutorial', 'Fix SandboxExecutionClient regressions', 'implement Postgres database orders update option', 'Refactoring', 'Fix OrderBookImbalance Rust strategy', 'Add account settings to SandboxExecutionClient (#1658)', 'Improve SandboxExecutionClientConfig docstring']","['committed (#1673)', 'committed (#1664)', 'committed (#3701)', 'committed (#1686)', 'committed (#1668)', 'committed (#1669)', 'committed (#1665)', 'committed (#1658)', 'committed (#1650)', 'committed (#1687)', 'committed (#1656)', 'committed (#3141)', 'committed (#4045)', 'committed (#1670)', 'committed (#1666)', 'committed (#2779)', 'committed (#2069)', 'committed (#4048)', 'committed (#3142)', 'committed (#1751)', 'committed (#1892)', 'committed (#1798)', 'committed (#3710)', 'committed (#1663)', 'committed (#4078)', 'committed (#3242)', 'committed (#1893)', 'committed (#1659)', 'committed (#1672)', 'committed (#3431)']","[33644, 35544, 36204, 58522, 59447, 77327, 91201, 97549, 98184, 125107, 176848, 192647, 192934, 200742, 204571, 204579, 208169, 208177, 208268, 208276, 208284, 208292, 208300, 208308, 208316, 208324, 208332, 208340, 208348, 208356, 208364, 208372, 208380, 208388, 208396, 208404, 208412, 208420, 208428, 208436, 208444, 208452, 208460, 208468, 208476, 208484, 208492, 208500, 208508, 208516, 208524, 208532, 208540, 208548, 208556, 208564, 208572, 208944, 208957, 208990, 209003, 209065, 209073, 209081, 209119, 209145, 209153, 209161, 209169, 209195, 209203, 209321, 209329, 209358, 209366, 209374, 209403, 209411, 209419, 209427, 209435, 209443, 209451, 209459, 209467, 209475, 209483, 209491, 209499, 209507, 209515, 209523, 209531, 209539, 209547, 209555, 209563, 209571, 209579, 209587, 209595, 209603, 209611, 209619, 209642, 209671, 209707, 209720, 209728, 209844, 210084, 210099, 210110]","[33646, 35546, 36206, 58524, 59449, 77329, 91203, 97551, 98186, 125109, 176850, 192649, 192936, 200744, 204573, 204581, 208171, 208179, 208270, 208278, 208286, 208294, 208302, 208310, 208318, 208326, 208334, 208342, 208350, 208358, 208366, 208374, 208382, 208390, 208398, 208406, 208414, 208422, 208430, 208438, 208446, 208454, 208462, 208470, 208478, 208486, 208494, 208502, 208510, 208518, 208526, 208534, 208542, 208550, 208558, 208566, 208574, 208946, 208959, 208992, 209005, 209067, 209075, 209083, 209121, 209147, 209155, 209163, 209171, 209197, 209205, 209323, 209331, 209360, 209368, 209376, 209405, 209413, 209421, 209429, 209437, 209445, 209453, 209461, 209469, 209477, 209485, 209493, 209501, 209509, 209517, 209525, 209533, 209541, 209549, 209557, 209565, 209573, 209581, 209589, 209597, 209605, 209613, 209621, 209644, 209673, 209709, 209722, 209730, 209846, 210086, 210101, 210112]","Buffer deltas until the F_LAST flag is set for a delta
Fix OmsType.HEDGING in type stubs
Update release notes
Release 1.193.0

See release notes.
Update GitHub macos runner arch
Standardize emphasis
Update Rust docs
Fix parsing bybit deltas
Fix streaming order by ts_init when reading row groups (#1656)
Fix SandboxExecutionClient regression
Port VolumeWeightedAveragePrice indicator (#1665)
Format imports
Improve error message when no tick scheme
Add GetOrderStatus trait and impl
Cleanup
fix

Signed-off-by: pushkarm029 <pushkarmishra029@gmail.com>
Improve sandbox by adding account settings to the SandboxExecutionClientConfig
fixup! implement Postgres database orders update option
Merge branch 'nautechsystems:develop' into develop
feature: amend qty
Fix clippy lints
Port VerticalHorizontalFilter indicator (#1666)
Fix unit test
Bump version
Order by ts_init to read row groups in order
Standardize new method docs
Fix parsing Bybit deltas (#1668)
Clarify F_LAST description
Add DataEngine deltas buffering until F_LAST flag (#1673)
Refactor mocks in Interactive Brokers integration tests
Add unit test
Standardize sandbox examples
Standardize markdown colon formatting
Bybit: set F_LAST flag for deltas ticks
Add integration tests for interactive brokers order execution
Update dependencies
Upgrade databento
Refactor mocks in Interactive Brokers integration tests (#1669)
Minor formatting
Fix IB tick level historical data downloading (#1653)
Overhaul SandboxExecutionClient and config
Fix docs
Update Cache docs
Fix BinanceBar streaming feather writing
Improve Bybit handling for top-of-book quotes and deltas (#1672)
Upgrade ruff
Add support for MOC and LOC order types in IB (#1663)
Fix notebook account comments
Continue Cache in Rust
Update pytz version specifier
Improve buffer_deltas param description
Adds Support for Market On Close (MOC) and Limit On Close (LOC) Order Types in Interactive Brokers Adapter
Update README
Fix example base currency
Standardize hyphenated terminology
Set F_LAST flag for Bybit deltas (#1670)
Update Rust dependencies
Consolidate serialization modules
Use RecordFlag enum for F_LAST
Add PSQL cache database update orders (#1650)
Add sandbox example for Bybit (#1659)
Use basic types for the config
Merge branch 'develop' into bybit_flags
Update GitHub workflows
Add sandbox example for Bybit
Standardize tests
Standardize Rust docs
Subscribe to top of the book and deltas for the Bybit adapter
init

Signed-off-by: pushkarm029 <pushkarmishra029@gmail.com>
Fix order event object conversion (#1649)
Reorganize sandbox examples
Fix backtest low level tutorial
Fix SandboxExecutionClient regressions
implement Postgres database orders update option
Refactoring
Fix OrderBookImbalance Rust strategy
Add account settings to SandboxExecutionClient (#1658)
Improve SandboxExecutionClientConfig docstring"
2024-06-24,28,7.5,12.0,4.5,0.75,18.75,True,high,2.0555555555555554,130,99,"['Port Stochastics indicator to Rust (#1736)', 'Port RateOfChange indicator to Rust (#1750)', 'Update release notes', 'Reorder request_order_book_snapshot and cleanups', 'Port OnBalanceVolume indicator to Rust (#1756)', 'Fix clippy lints', 'Make disconnect sync and fix tests', 'implement Rust cache adding account', 'Fix processing order book deltas by the matching engine for L1_MBP order books', 'reformat changes', 'Introduce message handler trait', 'Add request_order_book_snapshot method (#1745)', 'Update python clients and test', 'add nextest test group serial', 'stochastics\n\nSigned-off-by: pushkarm029 <pushkarmishra029@gmail.com>', 'Port Swings indicator to Rust (#1731)', 'Improve docs', 'Update dependencies', 'Fix DatabentoDataLoader OHLCV bar schema loading', 'Port DonchianChannel indicator to Rust (#1744)', 'Use Databento MBO subscription snapshots', 'Clarify undefined value types', 'Fix OrderMatchingEngine processing by book type for quotes and deltas (#1754)', 'Add send and publish endpoints to message bus', 'Rename to subscribe_order_book_at_interval', 'Move account updates coro to connect/disconnect in betfair execution', 'fix\n\nSigned-off-by: pushkarm029 <pushkarmishra029@gmail.com>', 'Port LinearRegression indicator to Rust (#1743)', 'Add amend order qty for Betfair (#1751)\n\nCo-authored-by: imemo88 <imemo88@proton.me>', 'Fix and improve controller task and disconnect', 'Reinstate client disconnected test asserts', 'init\n\nSigned-off-by: pushkarm029 <pushkarmishra029@gmail.com>', 'port\n\nSigned-off-by: pushkarm029 <pushkarmishra029@gmail.com>', 'Restructure msgbus', 'Update contract', 'Upgrade ruff', 'Improve docs callouts', 'Refactor accounting in Rust (#1755)', 'Update websocket.rs', 'remove binance account id hard-code', 'done\n\nSigned-off-by: pushkarm029 <pushkarmishra029@gmail.com>', 'Port CommodityChannelIndex indicator to Rust (#1742)', 'Upgrade clap', 'Cleanup release notes', 'Port MovingAverageConvergenceDivergence indicator to Rust (#1752)', 'Fix ruff lints', 'Update socket.rs', ""Merge branch 'develop' into new_indic_ator"", 'inital rust cache e2e tests', 'Add test for request_order_book_snapshot', 'Add serial test group to Rust nextest runner for Postgres tests (#1753)', 'Changed <Arc<Mutex<bool>> to AtomicBool (#1749)', 'accounting refactoring', 'Changed <Arc<Mutex<bool>> to AtomicBool', 'Port BollingerBands indicator to Rust (#1734)', 'Port Pressure indicator to Rust (#1739)', 'Fix Binance trade data schemas\n\nBinance no longer publish `b` and `a` buyer and seller order IDs.', 'Revert to simpler disconnect with no timeout', 'Fix modify order test (modify can be None)', ""Merge branch 'develop' into indicato"", 'Remove Binance adapter hard-coding', 'port vr\n\nSigned-off-by: pushkarm029 <pushkarmishra029@gmail.com>', 'Port KeltnerChannel indicator to Rust (#1746)', 'Fix Binance trade data schemas', 'run pre-commit', 'Refine param description', 'Fix Bybit order book deltas for INVERSE products', 'Update Bybit examples', 'Add initial Rust cach tests in Postgres (#1747)', 'make fmt\n\nSigned-off-by: pushkarm029 <pushkarmishra029@gmail.com>', 'format\n\nSigned-off-by: pushkarm029 <pushkarmishra029@gmail.com>', 'remove comments\n\nSigned-off-by: pushkarm029 <pushkarmishra029@gmail.com>', 'Remove however from start of sentences', 'Add venue option to Binance adapter (#1738)', 'Refine docs copy', 'Fix network client disconnects', 'Fix typo', 'Refactor accounts namespace', 'Use venue terminology', 'Improve quickstart tutorials', 'Port VolatilityRatio indicator to Rust (#1735)', 'Fix limit maker fill behavior part 2', 'Unhyphenate market by', ""Merge branch 'develop' into indica"", 'Upgrade databento crate', 'Fix pip install nautilus_trader typos', 'Update dependencies and release notes', 'init + fix lint\n\nSigned-off-by: pushkarm029 <pushkarmishra029@gmail.com>', 'ci green\n\nSigned-off-by: pushkarm029 <pushkarmishra029@gmail.com>', 'Refine execution docs', 'Port RelativeVolatilityIndex indicator to Rust (#1748)', 'Reorder request_order_book_snapshot', 'Remove empty bybit_grid file', 'Refresh README', 'Standardize docstrings', 'Fix DatabentoDataLoader multiplier and lot_size decoding', 'Port PsychologicalLine indicator to Rust (#1740)', 'Implement PSQL Rust cache database adding accounts (#1758)', 'Add request_order_book_snapshot method']","['committed (#1777)', 'committed (#1759)', 'committed (#1758)', 'committed (#1754)', 'committed (#1738)', 'committed (#1786)', 'committed (#1753)', 'committed (#1736)', 'committed (#1751)', 'committed (#1750)', 'committed (#1740)', 'committed (#1749)', 'committed (#1731)', 'committed (#1756)', 'committed (#1748)', 'committed (#1747)', 'committed (#1745)', 'committed (#1755)', 'committed (#1744)', 'committed (#1735)', 'committed (#1743)', 'committed (#1739)', 'committed (#1734)', 'committed (#1752)', 'committed (#1746)', 'committed (#1742)']","[201510, 201518, 201526, 202374, 202382, 202390, 202398, 202406, 202414, 202422, 202430, 202438, 202446, 202454, 202462, 202470, 202478, 202486, 202494, 202502, 202510, 202518, 202526, 202534, 202542, 202550, 202558, 202566, 202574, 202582, 202590, 202598, 202606, 202614, 202622, 202630, 202638, 202646, 202654, 202662, 202670, 202678, 202686, 202694, 202702, 202710, 202718, 202726, 202734, 202742, 202750, 202758, 202766, 202774, 202782, 202790, 202798, 202806, 202814, 202822, 202830, 202838, 202846, 202854, 202862, 202870, 202878, 202886, 202894, 202902, 202910, 202918, 202926, 202934, 202942, 202950, 202958, 202966, 202974, 202982, 202990, 202998, 203006, 203014, 203022, 203030, 203038, 204225, 204233, 204279, 204361, 204387, 204433, 204475, 204518, 204536, 204611, 204619, 204672, 204698, 204706, 204718, 204745, 204753, 204780, 204788, 204796, 204804, 204843, 204879, 204905, 204913, 204924, 204980, 205006, 205032, 205130, 205138, 205146, 205172, 205198, 205206, 205214, 205303, 205311, 205319, 205345, 205371, 205476, 205484]","[201512, 201520, 201528, 202376, 202384, 202392, 202400, 202408, 202416, 202424, 202432, 202440, 202448, 202456, 202464, 202472, 202480, 202488, 202496, 202504, 202512, 202520, 202528, 202536, 202544, 202552, 202560, 202568, 202576, 202584, 202592, 202600, 202608, 202616, 202624, 202632, 202640, 202648, 202656, 202664, 202672, 202680, 202688, 202696, 202704, 202712, 202720, 202728, 202736, 202744, 202752, 202760, 202768, 202776, 202784, 202792, 202800, 202808, 202816, 202824, 202832, 202840, 202848, 202856, 202864, 202872, 202880, 202888, 202896, 202904, 202912, 202920, 202928, 202936, 202944, 202952, 202960, 202968, 202976, 202984, 202992, 203000, 203008, 203016, 203024, 203032, 203040, 204227, 204235, 204281, 204363, 204389, 204435, 204477, 204520, 204538, 204613, 204621, 204674, 204700, 204708, 204720, 204747, 204755, 204782, 204790, 204798, 204806, 204845, 204881, 204907, 204915, 204926, 204982, 205008, 205034, 205132, 205140, 205148, 205174, 205200, 205208, 205216, 205305, 205313, 205321, 205347, 205373, 205478, 205486]","Port Stochastics indicator to Rust (#1736)
Port RateOfChange indicator to Rust (#1750)
Update release notes
Reorder request_order_book_snapshot and cleanups
Port OnBalanceVolume indicator to Rust (#1756)
Fix clippy lints
Make disconnect sync and fix tests
implement Rust cache adding account
Fix processing order book deltas by the matching engine for L1_MBP order books
reformat changes
Introduce message handler trait
Add request_order_book_snapshot method (#1745)
Update python clients and test
add nextest test group serial
stochastics

Signed-off-by: pushkarm029 <pushkarmishra029@gmail.com>
Port Swings indicator to Rust (#1731)
Improve docs
Update dependencies
Fix DatabentoDataLoader OHLCV bar schema loading
Port DonchianChannel indicator to Rust (#1744)
Use Databento MBO subscription snapshots
Clarify undefined value types
Fix OrderMatchingEngine processing by book type for quotes and deltas (#1754)
Add send and publish endpoints to message bus
Rename to subscribe_order_book_at_interval
Move account updates coro to connect/disconnect in betfair execution
fix

Signed-off-by: pushkarm029 <pushkarmishra029@gmail.com>
Port LinearRegression indicator to Rust (#1743)
Add amend order qty for Betfair (#1751)

Co-authored-by: imemo88 <imemo88@proton.me>
Fix and improve controller task and disconnect
Reinstate client disconnected test asserts
init

Signed-off-by: pushkarm029 <pushkarmishra029@gmail.com>
port

Signed-off-by: pushkarm029 <pushkarmishra029@gmail.com>
Restructure msgbus
Update contract
Upgrade ruff
Improve docs callouts
Refactor accounting in Rust (#1755)
Update websocket.rs
remove binance account id hard-code
done

Signed-off-by: pushkarm029 <pushkarmishra029@gmail.com>
Port CommodityChannelIndex indicator to Rust (#1742)
Upgrade clap
Cleanup release notes
Port MovingAverageConvergenceDivergence indicator to Rust (#1752)
Fix ruff lints
Update socket.rs
Merge branch 'develop' into new_indic_ator
inital rust cache e2e tests
Add test for request_order_book_snapshot
Add serial test group to Rust nextest runner for Postgres tests (#1753)
Changed <Arc<Mutex<bool>> to AtomicBool (#1749)
accounting refactoring
Changed <Arc<Mutex<bool>> to AtomicBool
Port BollingerBands indicator to Rust (#1734)
Port Pressure indicator to Rust (#1739)
Fix Binance trade data schemas

Binance no longer publish `b` and `a` buyer and seller order IDs.
Revert to simpler disconnect with no timeout
Fix modify order test (modify can be None)
Merge branch 'develop' into indicato
Remove Binance adapter hard-coding
port vr

Signed-off-by: pushkarm029 <pushkarmishra029@gmail.com>
Port KeltnerChannel indicator to Rust (#1746)
Fix Binance trade data schemas
run pre-commit
Refine param description
Fix Bybit order book deltas for INVERSE products
Update Bybit examples
Add initial Rust cach tests in Postgres (#1747)
make fmt

Signed-off-by: pushkarm029 <pushkarmishra029@gmail.com>
format

Signed-off-by: pushkarm029 <pushkarmishra029@gmail.com>
remove comments

Signed-off-by: pushkarm029 <pushkarmishra029@gmail.com>
Remove however from start of sentences
Add venue option to Binance adapter (#1738)
Refine docs copy
Fix network client disconnects
Fix typo
Refactor accounts namespace
Use venue terminology
Improve quickstart tutorials
Port VolatilityRatio indicator to Rust (#1735)
Fix limit maker fill behavior part 2
Unhyphenate market by
Merge branch 'develop' into indica
Upgrade databento crate
Fix pip install nautilus_trader typos
Update dependencies and release notes
init + fix lint

Signed-off-by: pushkarm029 <pushkarmishra029@gmail.com>
ci green

Signed-off-by: pushkarm029 <pushkarmishra029@gmail.com>
Refine execution docs
Port RelativeVolatilityIndex indicator to Rust (#1748)
Reorder request_order_book_snapshot
Remove empty bybit_grid file
Refresh README
Standardize docstrings
Fix DatabentoDataLoader multiplier and lot_size decoding
Port PsychologicalLine indicator to Rust (#1740)
Implement PSQL Rust cache database adding accounts (#1758)
Add request_order_book_snapshot method"
2024-07-01,19,7.5,12.0,4.5,0.75,18.75,True,high,0.05555555555555555,97,66,"['Release 1.196.0\n\nSee release notes.', 'Improve live reconciliation robustness', 'Add header', 'progress', 'some progess\n\nSigned-off-by: pushkarm029 <pushkarmishra029@gmail.com>', ""Merge branch 'develop' into new_3"", 'fix\n\nSigned-off-by: pushkarm029 <pushkarmishra029@gmail.com>', 'Make trader_id foreign key in order_events table (#1761)', 'Port SpreadAnalyzer indicator to Rust (#1762)', 'Port FuzzyCandlesticks indicator to Rust (#1766)', 'Fix BinanceFuturesInstrumentProvider min notional parsing', 'add trader_id foreign key and add_order refactor', 'Fix doc comment', 'Update release notes', 'Refine use of eventually in live engine tests', 'Improve docs', 'implement pyo3 Rust cache database update account', 'Refine Position in Rust', 'Fix CashAccount PnL calculations opening with multiple fills', 'Improve tests for Interactive Brokers: Add price retrieval, order submission, and reconnection tests', 'Fix clippy lints', 'Fix type annotation', 'Update Betfair request_account_state_period', 'Add docstrings', 'Add OrderFilled event specified side', 'Add Cache tests in Rust', 'Add market data persistance option for Rust cache (#1773)', 'small refactoring of python test cache database postgres', 'market data rust cache optional', 'some more prog\n\nSigned-off-by: pushkarm029 <pushkarmishra029@gmail.com>', 'finish\n\nSigned-off-by: pushkarm029 <pushkarmishra029@gmail.com>', 'Bump version', 'Fix indicator typo', 'Implement OrderBook equality in Rust', 'Fix Cache.get documentation', 'Update dependencies', 'Add order book data validation for BacktestNode', 'Improve execution reports and logging', 'Add missing indicator type stubs', 'Add separate process recommendation', 'Update core dependencies', 'Upgrade core dependencies including dbn', 'Implement PSQL Rust cache database account update (#1768)', 'Clarify pickle safety', 'Add initial live trading concept guide', 'Update error message', 'Implement and test Rust cache_accounts (#1760)', 'Add pyo3 exports for Postgres cache database in Rust (#1765)', 'Fix BinanceSpotInstrumentProvider notional parsing', 'Postgres adapter add account pyo3', 'implement Rust cache_accounts', 'Refine indicators', 'Refactor cache database tests (#1775)', 'init\n\nSigned-off-by: pushkarm029 <pushkarmishra029@gmail.com>', 'Add pyo3 conversion methods', 'Replace asyncio.sleep in tests', 'implement Rust cache database update account', ""Merge branch 'develop' into new_4"", 'Port KeltnerPosition indicator to Rust (#1763)', 'Add pyo3 exports for Postgres cache database updating account in Rust (#1774)', 'Add pyo3 indicator reexports', 'Improve live trading concept guide', 'fix tests\n\nSigned-off-by: pushkarm029 <pushkarmishra029@gmail.com>', 'Minor indicator fixes', 'Update noqa', 'Standardize docs callout']","['committed (#1893)', 'committed (#1823)', 'committed (#1777)', 'committed (#1774)', 'committed (#1766)', 'committed (#1763)', 'committed (#1762)', 'committed (#1761)', 'committed (#1776)', 'committed (#4048)', 'committed (#2069)', 'committed (#1775)', 'committed (#1773)', 'committed (#3701)', 'committed (#3431)', 'committed (#3141)', 'committed (#1798)', 'committed (#2779)', 'committed (#1765)', 'committed (#1760)', 'committed (#4078)', 'committed (#1892)', 'committed (#3710)', 'committed (#4045)', 'committed (#1768)', 'committed (#3242)', 'committed (#3142)']","[33668, 35568, 36228, 58546, 59471, 77351, 91225, 97573, 98208, 125131, 176872, 192671, 192958, 197830, 197838, 197846, 197854, 197862, 197870, 197878, 197886, 197894, 197902, 197910, 197918, 197926, 197934, 197942, 197950, 197958, 197966, 197974, 197982, 197990, 197998, 198006, 198014, 198022, 198030, 198038, 198046, 198054, 198062, 198070, 198078, 198086, 198094, 198102, 200766, 203046, 203054, 203062, 203070, 203078, 203086, 203094, 203102, 203110, 203118, 203126, 203134, 203142, 203150, 203158, 203166, 203174, 203182, 203190, 203198, 203206, 203214, 203222, 203230, 203238, 203246, 203254, 203277, 203400, 203449, 203457, 203507, 203746, 203849, 203857, 203865, 203873, 203881, 203889, 203897, 203923, 204048, 204056, 204064, 204090, 204098, 204136, 204182]","[33670, 35570, 36230, 58548, 59473, 77353, 91227, 97575, 98210, 125133, 176874, 192673, 192960, 197832, 197840, 197848, 197856, 197864, 197872, 197880, 197888, 197896, 197904, 197912, 197920, 197928, 197936, 197944, 197952, 197960, 197968, 197976, 197984, 197992, 198000, 198008, 198016, 198024, 198032, 198040, 198048, 198056, 198064, 198072, 198080, 198088, 198096, 198104, 200768, 203048, 203056, 203064, 203072, 203080, 203088, 203096, 203104, 203112, 203120, 203128, 203136, 203144, 203152, 203160, 203168, 203176, 203184, 203192, 203200, 203208, 203216, 203224, 203232, 203240, 203248, 203256, 203279, 203402, 203451, 203459, 203509, 203748, 203851, 203859, 203867, 203875, 203883, 203891, 203899, 203925, 204050, 204058, 204066, 204092, 204100, 204138, 204184]","Release 1.196.0

See release notes.
Improve live reconciliation robustness
Add header
progress
some progess

Signed-off-by: pushkarm029 <pushkarmishra029@gmail.com>
Merge branch 'develop' into new_3
fix

Signed-off-by: pushkarm029 <pushkarmishra029@gmail.com>
Make trader_id foreign key in order_events table (#1761)
Port SpreadAnalyzer indicator to Rust (#1762)
Port FuzzyCandlesticks indicator to Rust (#1766)
Fix BinanceFuturesInstrumentProvider min notional parsing
add trader_id foreign key and add_order refactor
Fix doc comment
Update release notes
Refine use of eventually in live engine tests
Improve docs
implement pyo3 Rust cache database update account
Refine Position in Rust
Fix CashAccount PnL calculations opening with multiple fills
Improve tests for Interactive Brokers: Add price retrieval, order submission, and reconnection tests
Fix clippy lints
Fix type annotation
Update Betfair request_account_state_period
Add docstrings
Add OrderFilled event specified side
Add Cache tests in Rust
Add market data persistance option for Rust cache (#1773)
small refactoring of python test cache database postgres
market data rust cache optional
some more prog

Signed-off-by: pushkarm029 <pushkarmishra029@gmail.com>
finish

Signed-off-by: pushkarm029 <pushkarmishra029@gmail.com>
Bump version
Fix indicator typo
Implement OrderBook equality in Rust
Fix Cache.get documentation
Update dependencies
Add order book data validation for BacktestNode
Improve execution reports and logging
Add missing indicator type stubs
Add separate process recommendation
Update core dependencies
Upgrade core dependencies including dbn
Implement PSQL Rust cache database account update (#1768)
Clarify pickle safety
Add initial live trading concept guide
Update error message
Implement and test Rust cache_accounts (#1760)
Add pyo3 exports for Postgres cache database in Rust (#1765)
Fix BinanceSpotInstrumentProvider notional parsing
Postgres adapter add account pyo3
implement Rust cache_accounts
Refine indicators
Refactor cache database tests (#1775)
init

Signed-off-by: pushkarm029 <pushkarmishra029@gmail.com>
Add pyo3 conversion methods
Replace asyncio.sleep in tests
implement Rust cache database update account
Merge branch 'develop' into new_4
Port KeltnerPosition indicator to Rust (#1763)
Add pyo3 exports for Postgres cache database updating account in Rust (#1774)
Add pyo3 indicator reexports
Improve live trading concept guide
fix tests

Signed-off-by: pushkarm029 <pushkarmishra029@gmail.com>
Minor indicator fixes
Update noqa
Standardize docs callout"
2025-01-06,28,12.0,18.0,6.0,3.0,27.0,True,high,0.16666666666666666,140,111,"['Implement trailing stop logic in Rust (#2174)', 'Fix execution report parsing for Binance Spot\n\nParsing would fail for manually placed orders where the client order ID\nwas the empty string. Fixed by generating a random UUID to align with the\nsame parsing logic for Binance Futures.', 'Refine CI build workflow', 'Refine bar_adaptive_high_low_ordering config\n\n- Rename to group with other bar config options.\n- Reorder params to more clearly express hierarchy.', 'Refine overview', 'Formatting', 'Refine error logs when sending pong for dYdX', 'Docs updated: Bar based execution mechanics (#2185)', 'Alias integer types', 'Fix transformer tests', 'Apply formatting', 'Refine backtesting docs', 'Refine WebSocket client re-subscribe log for Bybit', 'Refine docs formatting', 'Refine docs', 'Add test data', 'Add adaptive_bar_ordering to BacktestVenueConfig', 'fill market order in OrderMatchingEngine', 'Refine bar_adaptive_high_low_ordering description', 'Improve installation from source docs', 'Refine WebSocket client re-subscribe log in Bybit', 'Fix wrangler default volume calc', 'Refine event_logging config option', 'Update release notes', 'Consistent defaults', 'Docs updated: FillModel (#2177) + Bar based execution (#2185)', ""Merge branch 'nautechsystems:develop' into develop"", 'Refine cache key for sccache in CI', ""Merge branch 'develop' into high-precision"", 'Fix wranglers v2 and refine constants', 'Refine error logs when sending pong for dYdX (#2184)', 'Refine README and docs', 'ad config', 'Refine WebSocket reconnect for Bybit', 'init\n\nSigned-off-by: Pushkar Mishra <pushkarmishra029@gmail.com>', 'Improve trade execution mode\n\n- Improve book config validations\n- Improve book updates for trades', 'Implement ids generator for OrderMatchingEngine in Rust (#2193)', 'Fix clippy lints', 'Update docs for bar OHLC processing in backtests (#2198)', 'Docs: Order of OHLC in bar processing', 'Fix test', 'Rename WebSocket private client for Bybit', 'Fix from_raw conversions and some tests', 'Standardize raw value aliasing', 'Fix legacy wranglers and data', 'Fix adapter scaling and tests', 'Release 1.210.0\n\nSee release notes.', 'Refine README', 'Rename WebSocket private client for Bybit (#2180)', 'Remove experimental slip_and_fill_market_orders config', 'Upgrade redis and rstest', 'Add test for bar_adaptive_high_low_ordering', 'Add `enable_event_logging` for `StrategyConfig`', 'Docs updated: FillModel explained (#2177)', 'Simplify trade execution mode\n\nMostly reverts commit 99cb9df.', 'Add adaptive_bar_ordering to BacktestVenueConfig (#2188)', ""Pause CI coverage workflow\n\nPending investigation of why it's started failing?"", 'Docs: Choosing data: Cost vs. Accuracy', 'Refine trailing stop logic', 'Standardize trailing offsets to Decimal type in Rust\n\nTrailing offsets can also be basis points, percentages or ticks - so not\nalways price increments. The `Decimal` type allows this to be expressed more\nnaturally without implying an arbitrary precision.', 'Refine WebSocket client re-subscribe log for Bybit (#2179)', 'Refine backtesting and cache docs', 'Use retry manager when sending websocket messages for dYdX', 'Fix backtest start and end time validation assertion', 'fixup! fill market order in OrderMatchingEngine', 'Document FillModel and bar based execution (#2187)\n\nCloses #2177 and #2185.', 'Add docs on choosing data and bars processing (#2195)\n\n- Order of OHLC in bar processing\r\n- Choosing data: cost vs. accuracy', 'Use retry manager when sending websocket messages for dYdX (#2196)', 'Update dependencies and release notes', 'add template yaml', 'add position management', 'implement IdsGenerator for OrderMatchingEngine', 'fix: offset from f64 to Price', 'Add price and quantity raw create functions', 'Fix bar for high-precision', 'Remove trivial_copy feature', 'Update dependencies', 'Refine pre-commit step in CI build workflow', 'add inflight retry config', 'Fix markets schema for dYdX', 'fix typo for fill_order function docs in OrderMatchingEngine', 'Refine README and docs overview', 'Refine cache key for sccache in CI (#2182)', 'Fix currency tests', 'Fix order book and remaining data types', 'Fix more tests for 64-bit precision', 'Standardize high-precision feature config ordering', 'Fix and standardize from_raw', 'Add enable_event_logging for StrategyConfig (#2183)', 'Fix docs typo for fill_order function in OrderMatchingEngine (#2189)', 'Port OrderEmulator to Rust (#2171)', 'Adjust gitlint title-max-length', 'add fee model to OrderMatchingEngine', 'fix: rm struct, only functions, only hardcore', 'feat: lots of calc tets for trailing', 'fix\n\nSigned-off-by: Pushkar Mishra <pushkarmishra029@gmail.com>', 'Fix object subpackage tests', 'Fix price constants and market fills', 'Change aggregation_source filter param for Cache.bar_types\n\nChange to optional with default of `None` for more intuitive behavior.', 'Add fee model to OrderMatchingEngine in Rust (#2191)', 'Upgrade Rust and fix clippy lints', 'Docs: Added research behind OHLC ordering in simulation', ""Docs: New info about volume in processing bar's OHLC prices"", 'Fix unit test', 'Standardize raw int method naming', 'Fix markets schema for dYdX (#2190)', 'Add tests for bar_adaptive_high_low_ordering (#2197)', 'Revert ""Refine cache key for sccache in CI""\n\nThis reverts commit f4566c54869717e4cdd03b14b375f4678200fa2a.', 'Fix quote_tick_new C alignment issue', 'Remove high precision issue ignores', 'Fix and add fixed precision function tests']","['committed (#2201)', 'committed (#2196)', 'committed (#2184)', 'committed (#2178)', 'committed (#2072)', 'committed (#2190)', 'committed (#2188)', 'committed (#2202)', 'committed (#2179)', 'committed (#2187)', 'committed (#2182)', 'committed (#2200)', 'committed (#2210)', 'committed (#2195)', 'committed (#2180)', 'committed (#3701)', 'committed (#3142)', 'committed (#3141)', 'committed (#2197)', 'committed (#2183)', 'committed (#3710)', 'committed (#3242)', 'committed (#2186)', 'committed (#2203)', 'committed (#2193)', 'committed (#2174)', 'committed (#4048)', 'committed (#2189)', 'committed (#4045)', 'committed (#4078)', 'committed (#3431)', 'committed (#2191)', 'committed (#2171)', 'committed (#2198)', 'committed (#2779)']","[33788, 35688, 36348, 58666, 59591, 77471, 91345, 97693, 98328, 125251, 164905, 165211, 165237, 165261, 165272, 166364, 166372, 166380, 166388, 166396, 166404, 166412, 166420, 166428, 166436, 166444, 166452, 166460, 166468, 166476, 166484, 166492, 166500, 166508, 166516, 166524, 166532, 166540, 166548, 166556, 166564, 166572, 166580, 166588, 166596, 166604, 166612, 166620, 166628, 166636, 166644, 166652, 166660, 166668, 166676, 166684, 166692, 166700, 166708, 166716, 166724, 166732, 166740, 166748, 166756, 166764, 166772, 166780, 166788, 166796, 166851, 166860, 166868, 166876, 166965, 166973, 167015, 167054, 167062, 167070, 167099, 167107, 167234, 167325, 167368, 167376, 167384, 167392, 167428, 167530, 167590, 167604, 167643, 167651, 167720, 167746, 167754, 167762, 167792, 167800, 167808, 167849, 167875, 167883, 167891, 167924, 167935, 168171, 168179, 168199, 168635, 176005, 176013, 176021, 176029, 176037, 176045, 176053, 176061, 176069, 176077, 176085, 176093, 176101, 176109, 176117, 176125, 176133, 176141, 176149, 176157, 176165, 176173, 176181, 176189, 176197, 176205, 176213, 176221, 176229]","[33790, 35690, 36350, 58668, 59593, 77473, 91347, 97695, 98330, 125253, 164907, 165213, 165239, 165263, 165274, 166366, 166374, 166382, 166390, 166398, 166406, 166414, 166422, 166430, 166438, 166446, 166454, 166462, 166470, 166478, 166486, 166494, 166502, 166510, 166518, 166526, 166534, 166542, 166550, 166558, 166566, 166574, 166582, 166590, 166598, 166606, 166614, 166622, 166630, 166638, 166646, 166654, 166662, 166670, 166678, 166686, 166694, 166702, 166710, 166718, 166726, 166734, 166742, 166750, 166758, 166766, 166774, 166782, 166790, 166798, 166853, 166862, 166870, 166878, 166967, 166975, 167017, 167056, 167064, 167072, 167101, 167109, 167236, 167327, 167370, 167378, 167386, 167394, 167430, 167532, 167592, 167606, 167645, 167653, 167722, 167748, 167756, 167764, 167794, 167802, 167810, 167851, 167877, 167885, 167893, 167926, 167937, 168173, 168181, 168201, 168637, 176007, 176015, 176023, 176031, 176039, 176047, 176055, 176063, 176071, 176079, 176087, 176095, 176103, 176111, 176119, 176127, 176135, 176143, 176151, 176159, 176167, 176175, 176183, 176191, 176199, 176207, 176215, 176223, 176231]","Implement trailing stop logic in Rust (#2174)
Fix execution report parsing for Binance Spot

Parsing would fail for manually placed orders where the client order ID
was the empty string. Fixed by generating a random UUID to align with the
same parsing logic for Binance Futures.
Refine CI build workflow
Refine bar_adaptive_high_low_ordering config

- Rename to group with other bar config options.
- Reorder params to more clearly express hierarchy.
Refine overview
Formatting
Refine error logs when sending pong for dYdX
Docs updated: Bar based execution mechanics (#2185)
Alias integer types
Fix transformer tests
Apply formatting
Refine backtesting docs
Refine WebSocket client re-subscribe log for Bybit
Refine docs formatting
Refine docs
Add test data
Add adaptive_bar_ordering to BacktestVenueConfig
fill market order in OrderMatchingEngine
Refine bar_adaptive_high_low_ordering description
Improve installation from source docs
Refine WebSocket client re-subscribe log in Bybit
Fix wrangler default volume calc
Refine event_logging config option
Update release notes
Consistent defaults
Docs updated: FillModel (#2177) + Bar based execution (#2185)
Merge branch 'nautechsystems:develop' into develop
Refine cache key for sccache in CI
Merge branch 'develop' into high-precision
Fix wranglers v2 and refine constants
Refine error logs when sending pong for dYdX (#2184)
Refine README and docs
ad config
Refine WebSocket reconnect for Bybit
init

Signed-off-by: Pushkar Mishra <pushkarmishra029@gmail.com>
Improve trade execution mode

- Improve book config validations
- Improve book updates for trades
Implement ids generator for OrderMatchingEngine in Rust (#2193)
Fix clippy lints
Update docs for bar OHLC processing in backtests (#2198)
Docs: Order of OHLC in bar processing
Fix test
Rename WebSocket private client for Bybit
Fix from_raw conversions and some tests
Standardize raw value aliasing
Fix legacy wranglers and data
Fix adapter scaling and tests
Release 1.210.0

See release notes.
Refine README
Rename WebSocket private client for Bybit (#2180)
Remove experimental slip_and_fill_market_orders config
Upgrade redis and rstest
Add test for bar_adaptive_high_low_ordering
Add `enable_event_logging` for `StrategyConfig`
Docs updated: FillModel explained (#2177)
Simplify trade execution mode

Mostly reverts commit 99cb9df.
Add adaptive_bar_ordering to BacktestVenueConfig (#2188)
Pause CI coverage workflow

Pending investigation of why it's started failing?
Docs: Choosing data: Cost vs. Accuracy
Refine trailing stop logic
Standardize trailing offsets to Decimal type in Rust

Trailing offsets can also be basis points, percentages or ticks - so not
always price increments. The `Decimal` type allows this to be expressed more
naturally without implying an arbitrary precision.
Refine WebSocket client re-subscribe log for Bybit (#2179)
Refine backtesting and cache docs
Use retry manager when sending websocket messages for dYdX
Fix backtest start and end time validation assertion
fixup! fill market order in OrderMatchingEngine
Document FillModel and bar based execution (#2187)

Closes #2177 and #2185.
Add docs on choosing data and bars processing (#2195)

- Order of OHLC in bar processing
- Choosing data: cost vs. accuracy
Use retry manager when sending websocket messages for dYdX (#2196)
Update dependencies and release notes
add template yaml
add position management
implement IdsGenerator for OrderMatchingEngine
fix: offset from f64 to Price
Add price and quantity raw create functions
Fix bar for high-precision
Remove trivial_copy feature
Update dependencies
Refine pre-commit step in CI build workflow
add inflight retry config
Fix markets schema for dYdX
fix typo for fill_order function docs in OrderMatchingEngine
Refine README and docs overview
Refine cache key for sccache in CI (#2182)
Fix currency tests
Fix order book and remaining data types
Fix more tests for 64-bit precision
Standardize high-precision feature config ordering
Fix and standardize from_raw
Add enable_event_logging for StrategyConfig (#2183)
Fix docs typo for fill_order function in OrderMatchingEngine (#2189)
Port OrderEmulator to Rust (#2171)
Adjust gitlint title-max-length
add fee model to OrderMatchingEngine
fix: rm struct, only functions, only hardcore
feat: lots of calc tets for trailing
fix

Signed-off-by: Pushkar Mishra <pushkarmishra029@gmail.com>
Fix object subpackage tests
Fix price constants and market fills
Change aggregation_source filter param for Cache.bar_types

Change to optional with default of `None` for more intuitive behavior.
Add fee model to OrderMatchingEngine in Rust (#2191)
Upgrade Rust and fix clippy lints
Docs: Added research behind OHLC ordering in simulation
Docs: New info about volume in processing bar's OHLC prices
Fix unit test
Standardize raw int method naming
Fix markets schema for dYdX (#2190)
Add tests for bar_adaptive_high_low_ordering (#2197)
Revert ""Refine cache key for sccache in CI""

This reverts commit f4566c54869717e4cdd03b14b375f4678200fa2a.
Fix quote_tick_new C alignment issue
Remove high precision issue ignores
Fix and add fixed precision function tests"
2025-01-20,30,12.0,18.75,6.75,1.875,28.875,True,high,0.16666666666666666,174,122,"['Refine SocketClient state management\n\nAlign with WebSocketClient style statement management.', 'Fix realized pnl bug in Portfolio (#2243)', 'Fix actors doc links', 'Fix CI composite actions', 'Fix typo in BybitExecClientConfig', 'Port batch cancel command for OrderMatchingEngine in Rust (#2256)', 'Remove linux-musl target in cargo config', 'Use clang as the default compiler', 'Improve HttpClient in Rust\n\n- Add HttpStatus type with convenience methods\n- Add tests', 'Improve sockets reconnect and testing', 'Remove redundant allowance update for Polymarket', 'Update Polymarket live examples', 'Fix CI composite actions Python version', 'Add optional params to order strategy functions (#2251)', 'add is_open and is_inflight functions for PassiveOrderAny and LimitOrderAny', 'implement get_order for OrderMatchingCore', 'Refine matching patterns in OrderMatchingEngine', 'Move model crate stubs into defaults (#2235)', 'Standardize test run ordering in CI\n\nEnsure core Rust tests run before higher-level Python tests.', 'implement batch cancel command in order matching engine', 'Add more memory allocator', 'implement process_cancel_all in order matching engine', 'Refactor CI using composite actions', 'Refactor CI', 'Fix schema for listing markets of dYdX', 'Add bar support to compute Portfolio pnls', 'implement OrderBookDeltaTestBuilder and refactor OrderMatchingEngine tests', 'Fix for `CARGO_TARGET_DIR` environment variable', 'Refine OrderEmulator in Rust (#2226)', 'Update release notes', 'Improve Rust correctness and linting\n\n- Introduce crate-level deny attributes\n- Enforce stricter rustc and clippy lints\n- Prune and tidy crate dependencies', 'Expose Component config dict to Python', 'Fix CARGO_TARGET_DIR environment variable (#2228)', 'Fix memory leak in network PyO3 layer\n\nThanks for the investigation and fix (#2229) @davidsblom.', 'Continue documenting errors in Rust', 'Standardize Betfair error logs', 'Fix instrument.id null dereferences in error logs', 'Refine Actor and Strategy docs', 'Update Databento overview tutorial title', 'Simplify build.py and remove tomllib dependency', 'Add bar support to compute Portfolio pnls (#2239)', 'Add heartbeats for Betfair clients\n\nWill keep streams alive and more robust when initial subscription delays.', 'Use mold as the linker', 'implement process_trading_command for SimulatedExchange', 'implement process_cancel function in OrderMatchingEngine with tests', 'Port stop limit order processing for OrderMatchingEngine in Rust (#2225)', 'Upgrade pyo3', ""Merge branch 'develop' into continue_order_emulator"", 'Fix handling of Binance HTTP error messages', 'Standardize local variable to snake_case', 'Port process cancel for OrderMatchingEngine in Rust (#2231)', 'Improve GitHub issue templates', 'Fix pre-commit', 'Fix CI publish-wheels actions checkout', 'Fix CI common-tests action', 'Improve Betfair clients configuration', 'Docs updated: Actor requests, subscriptions and handlers.', ""Merge branch 'develop' into fix/reconnection"", 'Fix typo in doc comment\n\nThanks for reporting @eltociear.', 'Revert exposing Component config dict\n\nMostly reverts commit 104196b.', 'Fix update order in Rust cache (#2247)', 'Update dependencies and release notes', 'Cleanup heartbeat trace logging for sockets', 'Use pretty JSON writer', 'Add optional params to order strategy functions', 'Move model crate stubs into defaults', 'Cleanup redundant attribute', 'Fix reconnect handling for Betfair (#2232)', 'Fix CI aws cli and wheels publishing\n\n- Use aws cli version compatible with Cloudflare R2.\n- Add temporary publish-wheels step to handle paused macos wheels on develop.', 'Docs updated: Portfolio limitations with bar only data', 'chore: update delta.rs\n\nminor fix', 'completed\n\nSigned-off-by: Pushkar Mishra <pushkarmishra029@gmail.com>', 'Restrict network tests to linux\n\n- Use conditional compilation for `linux`\n- Improve CI stability', 'Improve docstrings for data subscription and request methods', 'Improve OrderMatchingEngine tests with delta builder (#2234)', 'Fix CI common-setup action', ""Merge branch 'develop' into sunlei/ci-refactor"", 'Fix CI build workflow\n\nYAML engineering', 'Improve build and dev dependency management\n\n- Use declared versions from pyproject.toml\n- Improve CI job build and dev dependency installations', 'Improve sockets robustness and testing\n\n- Added reconnect timeout\n- Added shutdown timeout\n- Improve error logging\n- Improve testing', 'Port process cancel all for OrderMatchingEngine in Rust (#2253)', 'Rename bar_close_prices', 'Improve Databento tutorial formatting\n\nConvert Raw cells to Markdown cells in Jupyter notebook after discovering Raw cells were not rendering in final documentation output. This ensures proper display of all content.', 'Added new tutorial: Databento overview', 'Fix http reconnection', 'Refine RetryManagerPool generic typing', 'Pause macOS jobs for CI build workflow\n\nTemporarily pause as they are taking 1-1.5hrs again (GH resourcing).', 'Standardize configuration attributes comment', 'Add docs for Databento overview + Actors + Portfolio (#2233)', 'Update dependencies and release notes\n\nUpgrade `pytest-aiohttp` which renames the `loop` fixture to `event_loop`.', 'Use mold as the linker in CI (#2254)', 'Continue OrderEmulator in Rust (#2219)', 'Refine sockets shutdown sequence and logging', 'Add cargo doc check to pre-commit', 'Change datafusion to use parquet feature over pyarrow\n\n- Remove `pyarrow` feature in favour of lighter `parquet` feature.\n- Results in decoupled dependency on specific versions of the `pyo3` crate.', 'Improve Databento tutorial formatting (#2252)\n\nConvert Raw cells to Markdown cells in Jupyter notebook after discovering Raw cells were not rendering in final documentation output. This ensures proper display of all content.', 'Changed notebook option demo data to bbo-1m (#2223)', 'Refine AtomicTime doc comments', 'Fix clippy lints', 'Cleanup AtomicTime tests', 'Refactor CI with composite actions (#2242)', 'Improve socket client tasks and config', ""Merge remote-tracking branch 'origin/develop' into strangest-memory-leak-ever"", 'Refine WebSocketClient and testing', 'Add ThrottledEnqueuer for robust live engine queues\n\n- Extract common state + logic and improve efficiency of enqueuing\n- Throttle logging to avoid spamming under high message rates\n- Log errors on scheduled puts', 'Fix rustdoc links', 'Relax order book subscription error to warning\n\nOccurs when there is no instrument yet in the cache, which is not actually\nneeded for the book setup.', 'Improve TradingNode shutdown\n\nMore orderly handling of event loop with `asyncio.run()`.', 'Improve Actors guide', 'Improve socket client robustness', 'fix update order in Rust cache', 'progress\n\nSigned-off-by: Pushkar Mishra <pushkarmishra029@gmail.com>', 'Refine Betfair clients task handling', 'Improve data migrations docs', 'Improve log event send error message', 'Elevate all rustc lints to warn', 'Update dependencies', 'Fix schema for listing markets of dYdX (#2240)', 'Fix realized pnl bug in Portfolio', 'Fix memory leak', 'implement processing of stop limit order in OrderMatchingEngine', 'fix unwraps\n\nSigned-off-by: Pushkar Mishra <pushkarmishra029@gmail.com>']","['committed (#2297)', 'committed (#2241)', 'committed (#2231)', 'committed (#2256)', 'committed (#2255)', 'committed (#2253)', 'committed (#2248)', 'committed (#2242)', 'committed (#2240)', 'committed (#2239)', 'committed (#2234)', 'committed (#2228)', 'committed (#2254)', 'committed (#2219)', 'committed (#2233)', 'committed (#2232)', 'committed (#2251)', 'committed (#2235)', 'committed (#2230)', 'committed (#2226)', 'committed (#2252)', 'committed (#2229)', 'committed (#2247)', 'committed (#2243)', 'committed (#2225)']","[158798, 158806, 158814, 158822, 158830, 158838, 158846, 158854, 158862, 158870, 158878, 158886, 158894, 158902, 158910, 158918, 158926, 158934, 158942, 158950, 158958, 158966, 158974, 158982, 158990, 158998, 159006, 159014, 159022, 159030, 159038, 159046, 159054, 159062, 159070, 159078, 159086, 159094, 159102, 159110, 159118, 159126, 159134, 159142, 159150, 159158, 159166, 159174, 159182, 159190, 159198, 159206, 159214, 159222, 159230, 159238, 159246, 159254, 159262, 159270, 159278, 159286, 159294, 159302, 159310, 159318, 159326, 159334, 159342, 159350, 159358, 159366, 159374, 159382, 159390, 159398, 159406, 159414, 159422, 159430, 159438, 159446, 159454, 159462, 159470, 159478, 159486, 159494, 159502, 159510, 159518, 159526, 159534, 159542, 159550, 159558, 159566, 159574, 159582, 159590, 159598, 159606, 159614, 159622, 159630, 159638, 162635, 162681, 162693, 162701, 162734, 162742, 162750, 162758, 162766, 162774, 162782, 162790, 162798, 162806, 162814, 162822, 162830, 162838, 162846, 162854, 162896, 162939, 162962, 163049, 163057, 163096, 163283, 163319, 163327, 163335, 163343, 163351, 163359, 163367, 163378, 163386, 163394, 163402, 163410, 163418, 163438, 163446, 163454, 163462, 163491, 163514, 163563, 163793, 163840, 163885, 163899, 163914, 163965, 163973, 163981, 164020, 164028, 164036, 164044, 164092, 164130, 164141, 164181, 164246, 164272, 164512, 164520, 164528]","[158800, 158808, 158816, 158824, 158832, 158840, 158848, 158856, 158864, 158872, 158880, 158888, 158896, 158904, 158912, 158920, 158928, 158936, 158944, 158952, 158960, 158968, 158976, 158984, 158992, 159000, 159008, 159016, 159024, 159032, 159040, 159048, 159056, 159064, 159072, 159080, 159088, 159096, 159104, 159112, 159120, 159128, 159136, 159144, 159152, 159160, 159168, 159176, 159184, 159192, 159200, 159208, 159216, 159224, 159232, 159240, 159248, 159256, 159264, 159272, 159280, 159288, 159296, 159304, 159312, 159320, 159328, 159336, 159344, 159352, 159360, 159368, 159376, 159384, 159392, 159400, 159408, 159416, 159424, 159432, 159440, 159448, 159456, 159464, 159472, 159480, 159488, 159496, 159504, 159512, 159520, 159528, 159536, 159544, 159552, 159560, 159568, 159576, 159584, 159592, 159600, 159608, 159616, 159624, 159632, 159640, 162637, 162683, 162695, 162703, 162736, 162744, 162752, 162760, 162768, 162776, 162784, 162792, 162800, 162808, 162816, 162824, 162832, 162840, 162848, 162856, 162898, 162941, 162964, 163051, 163059, 163098, 163285, 163321, 163329, 163337, 163345, 163353, 163361, 163369, 163380, 163388, 163396, 163404, 163412, 163420, 163440, 163448, 163456, 163464, 163493, 163516, 163565, 163795, 163842, 163887, 163901, 163916, 163967, 163975, 163983, 164022, 164030, 164038, 164046, 164094, 164132, 164143, 164183, 164248, 164274, 164514, 164522, 164530]","Refine SocketClient state management

Align with WebSocketClient style statement management.
Fix realized pnl bug in Portfolio (#2243)
Fix actors doc links
Fix CI composite actions
Fix typo in BybitExecClientConfig
Port batch cancel command for OrderMatchingEngine in Rust (#2256)
Remove linux-musl target in cargo config
Use clang as the default compiler
Improve HttpClient in Rust

- Add HttpStatus type with convenience methods
- Add tests
Improve sockets reconnect and testing
Remove redundant allowance update for Polymarket
Update Polymarket live examples
Fix CI composite actions Python version
Add optional params to order strategy functions (#2251)
add is_open and is_inflight functions for PassiveOrderAny and LimitOrderAny
implement get_order for OrderMatchingCore
Refine matching patterns in OrderMatchingEngine
Move model crate stubs into defaults (#2235)
Standardize test run ordering in CI

Ensure core Rust tests run before higher-level Python tests.
implement batch cancel command in order matching engine
Add more memory allocator
implement process_cancel_all in order matching engine
Refactor CI using composite actions
Refactor CI
Fix schema for listing markets of dYdX
Add bar support to compute Portfolio pnls
implement OrderBookDeltaTestBuilder and refactor OrderMatchingEngine tests
Fix for `CARGO_TARGET_DIR` environment variable
Refine OrderEmulator in Rust (#2226)
Update release notes
Improve Rust correctness and linting

- Introduce crate-level deny attributes
- Enforce stricter rustc and clippy lints
- Prune and tidy crate dependencies
Expose Component config dict to Python
Fix CARGO_TARGET_DIR environment variable (#2228)
Fix memory leak in network PyO3 layer

Thanks for the investigation and fix (#2229) @davidsblom.
Continue documenting errors in Rust
Standardize Betfair error logs
Fix instrument.id null dereferences in error logs
Refine Actor and Strategy docs
Update Databento overview tutorial title
Simplify build.py and remove tomllib dependency
Add bar support to compute Portfolio pnls (#2239)
Add heartbeats for Betfair clients

Will keep streams alive and more robust when initial subscription delays.
Use mold as the linker
implement process_trading_command for SimulatedExchange
implement process_cancel function in OrderMatchingEngine with tests
Port stop limit order processing for OrderMatchingEngine in Rust (#2225)
Upgrade pyo3
Merge branch 'develop' into continue_order_emulator
Fix handling of Binance HTTP error messages
Standardize local variable to snake_case
Port process cancel for OrderMatchingEngine in Rust (#2231)
Improve GitHub issue templates
Fix pre-commit
Fix CI publish-wheels actions checkout
Fix CI common-tests action
Improve Betfair clients configuration
Docs updated: Actor requests, subscriptions and handlers.
Merge branch 'develop' into fix/reconnection
Fix typo in doc comment

Thanks for reporting @eltociear.
Revert exposing Component config dict

Mostly reverts commit 104196b.
Fix update order in Rust cache (#2247)
Update dependencies and release notes
Cleanup heartbeat trace logging for sockets
Use pretty JSON writer
Add optional params to order strategy functions
Move model crate stubs into defaults
Cleanup redundant attribute
Fix reconnect handling for Betfair (#2232)
Fix CI aws cli and wheels publishing

- Use aws cli version compatible with Cloudflare R2.
- Add temporary publish-wheels step to handle paused macos wheels on develop.
Docs updated: Portfolio limitations with bar only data
chore: update delta.rs

minor fix
completed

Signed-off-by: Pushkar Mishra <pushkarmishra029@gmail.com>
Restrict network tests to linux

- Use conditional compilation for `linux`
- Improve CI stability
Improve docstrings for data subscription and request methods
Improve OrderMatchingEngine tests with delta builder (#2234)
Fix CI common-setup action
Merge branch 'develop' into sunlei/ci-refactor
Fix CI build workflow

YAML engineering
Improve build and dev dependency management

- Use declared versions from pyproject.toml
- Improve CI job build and dev dependency installations
Improve sockets robustness and testing

- Added reconnect timeout
- Added shutdown timeout
- Improve error logging
- Improve testing
Port process cancel all for OrderMatchingEngine in Rust (#2253)
Rename bar_close_prices
Improve Databento tutorial formatting

Convert Raw cells to Markdown cells in Jupyter notebook after discovering Raw cells were not rendering in final documentation output. This ensures proper display of all content.
Added new tutorial: Databento overview
Fix http reconnection
Refine RetryManagerPool generic typing
Pause macOS jobs for CI build workflow

Temporarily pause as they are taking 1-1.5hrs again (GH resourcing).
Standardize configuration attributes comment
Add docs for Databento overview + Actors + Portfolio (#2233)
Update dependencies and release notes

Upgrade `pytest-aiohttp` which renames the `loop` fixture to `event_loop`.
Use mold as the linker in CI (#2254)
Continue OrderEmulator in Rust (#2219)
Refine sockets shutdown sequence and logging
Add cargo doc check to pre-commit
Change datafusion to use parquet feature over pyarrow

- Remove `pyarrow` feature in favour of lighter `parquet` feature.
- Results in decoupled dependency on specific versions of the `pyo3` crate.
Improve Databento tutorial formatting (#2252)

Convert Raw cells to Markdown cells in Jupyter notebook after discovering Raw cells were not rendering in final documentation output. This ensures proper display of all content.
Changed notebook option demo data to bbo-1m (#2223)
Refine AtomicTime doc comments
Fix clippy lints
Cleanup AtomicTime tests
Refactor CI with composite actions (#2242)
Improve socket client tasks and config
Merge remote-tracking branch 'origin/develop' into strangest-memory-leak-ever
Refine WebSocketClient and testing
Add ThrottledEnqueuer for robust live engine queues

- Extract common state + logic and improve efficiency of enqueuing
- Throttle logging to avoid spamming under high message rates
- Log errors on scheduled puts
Fix rustdoc links
Relax order book subscription error to warning

Occurs when there is no instrument yet in the cache, which is not actually
needed for the book setup.
Improve TradingNode shutdown

More orderly handling of event loop with `asyncio.run()`.
Improve Actors guide
Improve socket client robustness
fix update order in Rust cache
progress

Signed-off-by: Pushkar Mishra <pushkarmishra029@gmail.com>
Refine Betfair clients task handling
Improve data migrations docs
Improve log event send error message
Elevate all rustc lints to warn
Update dependencies
Fix schema for listing markets of dYdX (#2240)
Fix realized pnl bug in Portfolio
Fix memory leak
implement processing of stop limit order in OrderMatchingEngine
fix unwraps

Signed-off-by: Pushkar Mishra <pushkarmishra029@gmail.com>"
2025-02-24,45,13.25,22.0,8.75,0.125,35.125,True,high,1.1285714285714286,137,126,"['Improve logging initialization error handling', 'Refine Controller creation (#2357)', 'Add catalog write modes (#2365)', 'Refactor repetitive code in examples (#2395)', 'Add ignore_external_orders config option for Betfair', 'Support for the `CARGO_BUILD_TARGET` environment variable', 'optimize binance websocket connection\n\nCurrent implementation is to connect websocket for every subscribe, so change it to reuse connection until 200 connection and when it reaches limit, it will make new connection.', 'Fix example config', 'Improve log event timestamping', 'Reduce instrument not found logs to warning for Polymarket\n\nReduce instrument not found logs to warning for reconciliation methods.', 'Fix time_in_force_to_pyo3 missing DAY', 'Update dependencies and release notes', 'Add pnl information to greeks data (#2378)', 'Refine reconciliation command refactoring', 'Fix bar timestamps for IB (#2380)', 'Update README and docs for uv', 'Add indicators example (#2396)', 'Update release notes', 'Add order status filter to OwnOrderBook and cache methods', 'Add test for time-bar aggregation\n\nThis test fails and indicates problem when composite bars aggregation stops working.', 'Fix wrong ts_init and ts_event value for Weekly historical bar data from IBKR #2379', 'Portfolio example - docs updated to not refer to direct pages / files.\n\nWe want to avoid maintenance with keeping these references updated.', 'Fix #2359 IB adapter handling of IB UTC format', 'Add support for `CARGO_BUILD_TARGET` environment variable (#2385)', 'Fix example load bars from custom CSV (#2383)', 'Refine adapters documentations', 'refactor processing of market-to-limit order for matching engine in Rust', 'Fix pre-commit job in CI', 'Remove matched size assert on Betfair execution update', 'Improve handling of oms_type for StrategyConfig', 'fix example_01_load_bars_from_custom_csv\\run_example.py runtime errors.', 'revert to inital cython implementation', 'Fix casting to OrderStatus for order FSM state', 'Improve Binance websocket connections management (#2369)', 'Refine OwnOrderBook error handling', 'Refine execution engine management of own order books', 'Improve and expand bar aggregation docs (#2384)', 'Refactor examples: Reduce repetitive code', 'Refactor order report interfaces into messages', 'Fix clippy lints', 'Implement processing of market-to-limit orders in matching engine (#2354)\n\n- Remove partially filled rest enum variant\n- Implement processing of market-to-limit orders\n- Refactor processing of market-to-limit order for matching engine in Rust\n- Revert to inital cython implementation', 'Refactor reconciliation interfaces into messages (#2375)', 'Fix subscribe composite bars (#2390)', 'Request order books snapshots with HTTP for dYdX', 'implement updating of trailing stop orders', 'Add noqa: C901 to complex functions', 'Fix order_side_to_bet_side\n\nUpdate expected test results.', 'Add side param to event stubs order_filled for linearizing', 'Standardize socket debug logs', 'Improve data command handling for Betfair', 'Add test for time-bar aggregation (#2391)', 'Fix coverage workflow', 'Add install-just-deps make target', 'Use coroutine style message handlers', 'Refactor repetitive code in examples (#2387)', 'Change project and dependency management to uv\n\nCloses #2199.', 'Fix bad ts_init value in IB Weekly and Monthly Bar (#2355)\n\nFix bug that caused IB montly and weekly bar date not handled correctly', 'remove partially filled rest enum variant', 'Fix logging fixture', 'Add pyo3 attributes for LimitOrder', 'Refine docstrings for catalog write mode', 'Refine base_template behaviour in parquet write_data', 'Extend docs: Bar aggregation explained', 'WIP Port throttler actor to coroutine style', 'Add tests for BarSpecification encoding and decoding', 'Add example Cache strategy', 'Refine rust date functions', 'Fix subscribe instrument for Databento', 'Refine adapters documentations (#2358)', 'Fix time parsing for IB adapter (#2360)', 'Fix formatting', 'Port processing of trailing stop orders for matching engine (#2366)', 'Add own bid and ask quantity methods for OwnOrderBook', 'Fix bad ts_init value for IB weekly and monthly bar\n\nCredit to @Endura2024 (#2355).', 'Refine UnixNanos deserialization', 'Add backtest cache example (#2370)', 'Add new example about using indicators.', 'Refactor field name', 'Add unit test', 'implement processing of trailing stop orders', 'Update dependencies', 'Improve OwnOrderBook cache loading and display', 'Fix catalog path error on windows (#2377)', 'Refine parsing of IB symbols', 'Refine parsing of IB symbols (#2388)', 'Update pyo3 msgbus with dummy handler implementation', 'Add pnl information to greeks data', ""Merge branch 'develop' into fix/ib-weekly-monthly-bar-ts-init-2"", 'Update adapters concept documentation (#2348)', 'Refine data concept docs', 'pre commit', 'Improve logger tracing logs', 'Continue OwnOrderBook', 'Fix subscribe composite bars', 'Rename demo_data_provider to data_provider', 'Refine underlying filtering in portfolio_greeks', 'Add Parallel Config Processing to BacktestNode', 'Add BarSpecification to msgspec_encoding_hook and msgspec_decoding_hook', 'Add new file catalog write mode', 'Add inverse instrument tests', 'Implement OwnOrderBook execution engine wiring and tests', 'Improve robustness of Tardis CSV parsing', 'Refine Binance websocket client handling', 'Refine underlying filtering in portfolio_greeks (#2382)', 'Refine make targets and docs', 'Fix docs-python make target', 'Refine docs-python make target to use debug build', 'Fix time parsing for ib adapter', 'Improve hedged betting positions for Portfolio', 'Improve robustness of CSV reader and decoding', 'Cleanup PriceType enum', 'Refine Rust date functions (#2356)', 'Add backtest portfolio example (#2362)', 'Move cache database transformer functions', 'Add initial leverage config for Binance Futures (#2363)', 'Port updating of trailing stop orders for matching engine (#2376)', 'Standardize own book cache return types', 'Add BarSpecification to msgspec encoding hooks (#2373)\n\n* Add `BarSpecification` to `msgspec_encoding_hook` and `msgspec_decoding_hook`\n* Add tests for `BarSpecification` encoding and decoding\n* Add noqa: C901 to complex functions', 'Request order books snapshots with HTTP for dYdX (#2393)', 'Refactor example scripts to use reusable data preparation functions', 'Fix catalog path error on windows', 'Add Binance Futures initial leverage', 'New example: Using Portfolio', 'Refine controller creation', 'implement processing of market-to-limit orders', 'Update adapters concept documentation']","['committed (#2431)', 'committed (#2387)', 'committed (#2385)', 'committed (#2369)', 'committed (#2391)', 'committed (#2380)', 'committed (#2362)', 'committed (#2361)', 'committed (#2358)', 'committed (#2354)', 'committed (#2383)', 'committed (#2395)', 'committed (#2375)', 'committed (#2393)', 'committed (#2376)', 'committed (#2373)', 'committed (#2381)', 'committed (#2364)', 'committed (#2389)', 'committed (#2384)', 'committed (#2370)', 'committed (#2356)', 'committed (#2396)', 'committed (#2374)', 'committed (#2366)', 'committed (#2394)', 'committed (#2388)', 'committed (#2378)', 'committed (#2368)', 'committed (#2390)', 'committed (#2382)', 'committed (#2365)', 'committed (#2360)', 'committed (#2377)', 'committed (#2363)', 'committed (#2357)', 'committed (#2348)']","[151422, 151430, 151438, 151446, 151454, 151462, 151470, 151478, 151486, 151494, 151502, 151510, 151518, 151526, 151534, 151542, 151550, 151558, 151566, 151574, 151582, 151590, 151598, 151606, 151614, 151622, 151630, 151638, 151646, 151654, 151662, 151670, 151678, 151686, 151694, 151702, 151710, 151718, 151726, 151734, 151742, 151750, 151758, 151766, 151774, 151782, 151790, 151798, 151806, 151814, 151822, 151830, 151838, 151846, 151854, 151862, 151870, 151878, 151886, 151894, 151902, 151910, 151918, 151926, 151934, 151942, 151950, 151958, 151966, 151974, 151982, 151990, 151998, 152006, 152014, 152022, 152030, 152038, 152046, 152054, 152062, 152070, 152078, 152086, 152094, 152102, 154515, 154544, 154573, 154593, 154619, 154655, 154684, 154713, 154745, 154766, 154774, 154782, 154867, 154896, 154953, 155003, 155032, 155040, 155048, 155056, 155083, 155134, 155160, 155199, 155246, 155288, 155301, 155336, 155345, 155370, 155483, 155517, 155526, 155570, 155579, 155660, 155716, 155778, 155858, 155887, 155895, 155924, 155958, 156027, 156060, 156092, 156125, 156146, 156154, 156168, 156431]","[151424, 151432, 151440, 151448, 151456, 151464, 151472, 151480, 151488, 151496, 151504, 151512, 151520, 151528, 151536, 151544, 151552, 151560, 151568, 151576, 151584, 151592, 151600, 151608, 151616, 151624, 151632, 151640, 151648, 151656, 151664, 151672, 151680, 151688, 151696, 151704, 151712, 151720, 151728, 151736, 151744, 151752, 151760, 151768, 151776, 151784, 151792, 151800, 151808, 151816, 151824, 151832, 151840, 151848, 151856, 151864, 151872, 151880, 151888, 151896, 151904, 151912, 151920, 151928, 151936, 151944, 151952, 151960, 151968, 151976, 151984, 151992, 152000, 152008, 152016, 152024, 152032, 152040, 152048, 152056, 152064, 152072, 152080, 152088, 152096, 152104, 154517, 154546, 154575, 154595, 154621, 154657, 154686, 154715, 154747, 154768, 154776, 154784, 154869, 154898, 154955, 155005, 155034, 155042, 155050, 155058, 155085, 155136, 155162, 155201, 155248, 155290, 155303, 155338, 155347, 155372, 155485, 155519, 155528, 155572, 155581, 155662, 155718, 155780, 155860, 155889, 155897, 155926, 155960, 156029, 156062, 156094, 156127, 156148, 156156, 156170, 156433]","Improve logging initialization error handling
Refine Controller creation (#2357)
Add catalog write modes (#2365)
Refactor repetitive code in examples (#2395)
Add ignore_external_orders config option for Betfair
Support for the `CARGO_BUILD_TARGET` environment variable
optimize binance websocket connection

Current implementation is to connect websocket for every subscribe, so change it to reuse connection until 200 connection and when it reaches limit, it will make new connection.
Fix example config
Improve log event timestamping
Reduce instrument not found logs to warning for Polymarket

Reduce instrument not found logs to warning for reconciliation methods.
Fix time_in_force_to_pyo3 missing DAY
Update dependencies and release notes
Add pnl information to greeks data (#2378)
Refine reconciliation command refactoring
Fix bar timestamps for IB (#2380)
Update README and docs for uv
Add indicators example (#2396)
Update release notes
Add order status filter to OwnOrderBook and cache methods
Add test for time-bar aggregation

This test fails and indicates problem when composite bars aggregation stops working.
Fix wrong ts_init and ts_event value for Weekly historical bar data from IBKR #2379
Portfolio example - docs updated to not refer to direct pages / files.

We want to avoid maintenance with keeping these references updated.
Fix #2359 IB adapter handling of IB UTC format
Add support for `CARGO_BUILD_TARGET` environment variable (#2385)
Fix example load bars from custom CSV (#2383)
Refine adapters documentations
refactor processing of market-to-limit order for matching engine in Rust
Fix pre-commit job in CI
Remove matched size assert on Betfair execution update
Improve handling of oms_type for StrategyConfig
fix example_01_load_bars_from_custom_csv\run_example.py runtime errors.
revert to inital cython implementation
Fix casting to OrderStatus for order FSM state
Improve Binance websocket connections management (#2369)
Refine OwnOrderBook error handling
Refine execution engine management of own order books
Improve and expand bar aggregation docs (#2384)
Refactor examples: Reduce repetitive code
Refactor order report interfaces into messages
Fix clippy lints
Implement processing of market-to-limit orders in matching engine (#2354)

- Remove partially filled rest enum variant
- Implement processing of market-to-limit orders
- Refactor processing of market-to-limit order for matching engine in Rust
- Revert to inital cython implementation
Refactor reconciliation interfaces into messages (#2375)
Fix subscribe composite bars (#2390)
Request order books snapshots with HTTP for dYdX
implement updating of trailing stop orders
Add noqa: C901 to complex functions
Fix order_side_to_bet_side

Update expected test results.
Add side param to event stubs order_filled for linearizing
Standardize socket debug logs
Improve data command handling for Betfair
Add test for time-bar aggregation (#2391)
Fix coverage workflow
Add install-just-deps make target
Use coroutine style message handlers
Refactor repetitive code in examples (#2387)
Change project and dependency management to uv

Closes #2199.
Fix bad ts_init value in IB Weekly and Monthly Bar (#2355)

Fix bug that caused IB montly and weekly bar date not handled correctly
remove partially filled rest enum variant
Fix logging fixture
Add pyo3 attributes for LimitOrder
Refine docstrings for catalog write mode
Refine base_template behaviour in parquet write_data
Extend docs: Bar aggregation explained
WIP Port throttler actor to coroutine style
Add tests for BarSpecification encoding and decoding
Add example Cache strategy
Refine rust date functions
Fix subscribe instrument for Databento
Refine adapters documentations (#2358)
Fix time parsing for IB adapter (#2360)
Fix formatting
Port processing of trailing stop orders for matching engine (#2366)
Add own bid and ask quantity methods for OwnOrderBook
Fix bad ts_init value for IB weekly and monthly bar

Credit to @Endura2024 (#2355).
Refine UnixNanos deserialization
Add backtest cache example (#2370)
Add new example about using indicators.
Refactor field name
Add unit test
implement processing of trailing stop orders
Update dependencies
Improve OwnOrderBook cache loading and display
Fix catalog path error on windows (#2377)
Refine parsing of IB symbols
Refine parsing of IB symbols (#2388)
Update pyo3 msgbus with dummy handler implementation
Add pnl information to greeks data
Merge branch 'develop' into fix/ib-weekly-monthly-bar-ts-init-2
Update adapters concept documentation (#2348)
Refine data concept docs
pre commit
Improve logger tracing logs
Continue OwnOrderBook
Fix subscribe composite bars
Rename demo_data_provider to data_provider
Refine underlying filtering in portfolio_greeks
Add Parallel Config Processing to BacktestNode
Add BarSpecification to msgspec_encoding_hook and msgspec_decoding_hook
Add new file catalog write mode
Add inverse instrument tests
Implement OwnOrderBook execution engine wiring and tests
Improve robustness of Tardis CSV parsing
Refine Binance websocket client handling
Refine underlying filtering in portfolio_greeks (#2382)
Refine make targets and docs
Fix docs-python make target
Refine docs-python make target to use debug build
Fix time parsing for ib adapter
Improve hedged betting positions for Portfolio
Improve robustness of CSV reader and decoding
Cleanup PriceType enum
Refine Rust date functions (#2356)
Add backtest portfolio example (#2362)
Move cache database transformer functions
Add initial leverage config for Binance Futures (#2363)
Port updating of trailing stop orders for matching engine (#2376)
Standardize own book cache return types
Add BarSpecification to msgspec encoding hooks (#2373)

* Add `BarSpecification` to `msgspec_encoding_hook` and `msgspec_decoding_hook`
* Add tests for `BarSpecification` encoding and decoding
* Add noqa: C901 to complex functions
Request order books snapshots with HTTP for dYdX (#2393)
Refactor example scripts to use reusable data preparation functions
Fix catalog path error on windows
Add Binance Futures initial leverage
New example: Using Portfolio
Refine controller creation
implement processing of market-to-limit orders
Update adapters concept documentation"
2025-12-01,49,14.25,24.0,9.75,-0.375,38.625,True,high,1.064102564102564,115,109,"['Harden CI workflows and improve resilience\n\n- Pin Docker images to SHA digests for supply chain security\n- Add continue-on-error to sccache-action to prevent timeout failures\n- Add workflow_dispatch trigger to codeql-analysis for manual runs', 'Add Kraken spot order placement via REST', 'Small improvement.', 'Add comment to GitHub Actions workflow for clarity', 'Enhance run_strategy.py for improved logging and error handling\n\n- Implemented log capturing to persist output to Redis before exit.\n- Introduced TeeWriter class to write logs to both console and a buffer.\n- Refactored main function to improve error handling and logging of key events.\n- Updated Redis connection and strategy execution logic to handle exceptions gracefully.\n- Ensured logs are always persisted, even in case of unexpected errors.', 'Refactor AlpacaDataClient and AlpacaExecutionClient to use command objects for subscriptions and report generation\n\n- Updated subscription methods in AlpacaDataClient to accept command objects for quote ticks, trade ticks, and bars.\n- Refactored report generation methods in AlpacaExecutionClient to utilize command objects for order status, fill, and position status reports.\n- Improved code clarity and maintainability by standardizing method parameters.', 'Add AlpacaInstrumentProviderConfig for enhanced instrument loading\n\n- Introduced AlpacaInstrumentProviderConfig class to manage configuration for instrument loading, including options for loading all instruments, specific IDs, and logging settings.\n- Updated AlpacaLiveDataClientFactory and AlpacaLiveExecClientFactory to utilize the new instrument provider configuration, defaulting to Alpaca-specific settings when none are provided.', 'Refactor Alpaca instrument loading for improved performance and configurability\n\n- Changed default behavior of AlpacaInstrumentProviderConfig to load_all=False, promoting on-demand loading of instruments.\n- Implemented _ensure_instrument_loaded method in AlpacaDataClient and AlpacaExecutionClient to load instruments as needed, enhancing efficiency.\n- Updated subscription methods to ensure instruments are loaded before processing, improving reliability and reducing initial load times.\n- Adjusted factory classes to reflect the new loading strategy, ensuring consistency across the Alpaca client implementations.', 'Enhance position isolation for Alpaca execution client\n\n- Updated account state management to utilize virtual cash from environment variables, ensuring each bot only accesses its allocated capital.\n- Implemented position restoration from the backend database to prevent cross-bot position visibility when sharing an Alpaca account.\n- Added logging to provide feedback on position isolation status and restoration processes.\n- Introduced a new module for restoring bot positions from environment variables, enhancing the overall isolation strategy.', 'Add comprehensive demo binary for Kraken adapter', 'Make `factory_address` non-null and enforce uniqueness by `chain_id` in DEX table schema', ""Merge branch 'nautechsystems:develop' into develop"", 'Addressed PR comments from Chris', 'Update dependencies', 'Add dYdX v4 Python adapter layer (#3275)', 'Fix Tardis book snapshot to deltas CLEAR prepending\n\n- Prepend CLEAR delta when converting snapshots to deltas\n- Prevents order book price level accumulation and crossed best prices', 'Update dependencies and release notes', 'formula check does not need a full object', 'discard unused', 'Add hook contract address in Pool definition', 'Fix Polymarket match_time timestamp parsing\n\n- Convert match_time using secs_to_nanos instead of millis_to_nanos\n- Add regression test for correct ts_event timestamp conversion\n- Resolves #3273', 'Fix Bybit rustdoc broken intra-doc link', 'Refine BacktestDataIterator docstrings', 'Refactor dYdX conditional orders to unified method', 'Refactor blockchain pool discovery to `PoolDiscoveryService` for modular synchronization logic', 'Migrate from `pool_address` to `pool_identifier` across all modules, tests, and database queries to standardize pool identification system.', 'Add BybitRawHttpClient Python binding', 'Continue Kraken adapter', 'Refactor IB Historical client (#3276)', 'Fix rustdoc warnings', 'updated lighter_adaptor docs', 'Fix GitHub Actions linter warnings in nautilus_trader workflows\n\n- Pin all actions to SHA hashes for security\n- Add persist-credentials: false to checkout steps\n- Convert dynamic env vars to step outputs to fix context warnings\n- Add nolint comments for false positive linter warnings', 'Fix dYdX bar request_id attr and bar type registration', 'Refactor HistoricInteractiveBrokersClient', ""Improve unsafe code safety in actor/component registries\n\n- Replace `&'static mut T` return with ActorRef<T> guard holding Rc\n- Add runtime borrow tracking to ComponentRegistry lifecycle methods\n- Add runtime check preventing Rust callbacks in LiveTimer\n- Add debug assertions to FFI drop helpers detecting memory corruption\n- Improve SAFETY docs on unsafe Send/Sync impls with explicit invariants\n- Document Actor vs Component traits with state diagram"", 'Fix Bybit historical bars requests partial bar filtering\n\n- Add bar_end_time_ms to calculate actual month end for variable lengths\n- Filter unclosed bars in request_bars using current time comparison\n- Fix pagination to continue when first page contains only partial bars\n- Add integration test for partial bar pagination edge case', 'Refine concept guide documentation', 'Add dYdX documentation references to adapter', 'Add bot-folio trading engine with Alpaca adapter and Redis integration\n\n- Updated Dockerfile to install Redis client and set default entrypoint for bot-folio.\n- Introduced AlpacaBotfolioAdapter as a scaffold for Alpaca integration.\n- Added run_strategy.py to fetch and execute trading strategies from Redis.\n- Created __init__.py for bot-folio custom extensions.', 'Fixed SyntheticInstrument formula error during parsing with hyphened InstrumentId', ""Merge branch 'dydx-fix' into develop"", 'DEC5: Custom Init', 'Merge nautilus_trader updates from fork develop', 'Update Dockerfile to enhance bot-folio integration and install additional dependencies\n\n- Copied Alpaca adapter module into the installed package directory.\n- Updated dependency installation to include aiohttp and websockets for Alpaca adapter functionality.\n- Improved comments for clarity on installed dependencies.', 'Maybe it needs the variables to be assigned when changing the formula', 'Enhance Alpaca configuration and WebSocket handling\n\n- Updated AlpacaDataClientConfig to include ""crypto"" as a data feed option.\n- Added ALPACA_CRYPTO_DATA_WS_URL for crypto data streaming.\n- Modified get_data_ws_url function to support the new ""crypto"" feed.\n- Updated setup_credentials_env function to handle \'botfolio\' as a provider for local paper trading, improving environment variable management.', 'use correct name', 'Add Infura RPC provider fallback for blockchain operations', 'dYdX v4 integration: data/exec testers and GTT fix', 'Add Tardis book_snapshot_output config option\n\n- Add BookSnapshotOutput enum with deltas (default) and depth10 options\n- Add parse_book_snapshot_msg_as_depth10() for depth10 conversion\n- Route book_snapshot_* to depth10 or deltas based on config setting\n- Write depth10 data to order_book_depths/ to match catalog path prefix\n- Update docs with book_snapshot_output config and usage guidance', 'Improve Tardis adapter robustness and error handling\n\n- Convert panicking asserts/expects to Result with error handling\n- Fix O(n²) precision updates to O(n) by updating after loop completion\n- Add Acquire/Release ordering for atomic operations in is_closed()\n- Add FundingRateUpdate arrow serialization support\n- Fix F_SNAPSHOT flag missing from depth10 loaders', 'Fix ParquetDataCatalog.from_uri to support Windows paths (#3283)', 'added docs for lighter_adapter', 'Update deny.toml and Dockerfile for dependency management\n\n- Added a new security advisory for rustls-pemfile being unmaintained, with a note to monitor upstream migration.\n- Updated Dockerfile to copy the custom bot-folio module into the installed package directory.', 'Refactor Alpaca clients for improved connection and asset handling\n\n- Updated connection sequence in AlpacaDataClient and AlpacaExecutionClient to connect the HTTP client before initializing the instrument provider.\n- Enhanced AlpacaInstrumentProvider to support loading both equity and crypto assets, with improved error handling and logging.\n- Implemented parsing logic for crypto assets and adjusted data fetching methods in AlpacaHttpClient to handle different endpoint structures for stocks and crypto.', 'Migrate pool sync logic from `pool_address` to `pool_identifier` across blockchain services and database queries', 'Add request_tickers func for bybit adaptor with rust', 'Refine use of default-features in workspace manifest', 'Fix or document code scanning security alerts', 'Add Bot-folio Local Paper Trading Adapter\n\n- Introduced Bot-folio adapter for local paper trading in Nautilus Trader.\n- Implemented data and execution clients for simulating trading with realistic fill models.\n- Added configuration classes for data and execution clients, including Redis integration for market data.\n- Created factories for instantiating data and execution clients.\n- Developed instrument provider to handle on-demand instrument creation based on symbol conventions.\n- Enhanced fill model to simulate execution latency, slippage, and partial fills.\n- Updated documentation and examples for Bot-folio integration.', 'Enhance Alpaca clients with improved logging and account state management\n\n- Added logging for configuration details in both AlpacaDataClient and AlpacaExecutionClient during connection.\n- Implemented account state update logic in AlpacaExecutionClient to track account balances from Alpaca.\n- Refactored instrument loading methods in AlpacaInstrumentProvider for better clarity and error handling.', 'Refine BacktestDataConfig.query', 'merge upstream/develop', 'Add support for Pool ID tracking in AMM with UniswapV4 compatibility', 'Validate tick consistency in `initialize` method for AMM pools', 'Add dYdX batch cancel and expose missing Python bindings (#3282)', 'ParquetDataCatalog.from_uri() fix\n\nParquetDataCatalog.from_uri() method incorrectly handled absolute paths in Windows.', 'Refactor backtest script to use OrderFlowStrategy; update trade tick loading and logging configurations\n\n- Removed SimpleStrategy and its configuration, replacing it with OrderFlowStrategy and OrderFlowStrategyConfig.\n- Updated trade tick loading to focus on a specific date range for testing.\n- Changed logging level to ERROR to reduce verbosity during backtests.\n- Added detailed configuration for OrderFlowStrategy including risk management parameters.\n- Implemented tearsheet generation for backtest results.', ""Refactor Alpaca WebSocket clients to handle both TEXT and BINARY message types\n\n- Updated authentication response handling in AlpacaDataWebSocketClient and AlpacaTradingWebSocketClient to support both TEXT and BINARY messages.\n- Enhanced error handling for unexpected WebSocket message types.\n- Modified the _build_auth_message method to align with Alpaca's current authentication format."", 'Refactor IB Historical client', 'Move OptionExerciseModule to models folder', 'Fix OKX fee rate sign handling causing backtest errors\n\nThe OKX adapter previously failed to handle the sign convention of fee rates, leading to incorrect fee calculations during backtesting.\n\nAs per OKX docs (https://www.okx.com/docs-v5/en/#trading-account-rest-api-get-fee-rates):\n""The fee rate like maker and taker: positive number, which means the rate of rebate; negative number, which means the rate of commission.""\n\nThis change negates the fetched maker and taker fees to align with the system\'s expected format for fee calculation.', 'Update schema to use `pool_identifier` and `dex_name` as primary keys in pool-related tables', 'Update blockchain exchange with Uniswap V2 and V3 parsing', 'Harden unsafe code with runtime checks and lints\n\n- Convert debug_assert! to assert! in CVec drop for release builds\n- Add #![deny(unsafe_op_in_unsafe_fn)] lint to most crates\n- Add SAFETY comments to unsafe blocks in core FFI modules\n- Add doc comments to CVec drop functions', 'Add EventEmitter for trading events in bot-folio\n\n- Introduced EventEmitter class to handle trading events and publish them to Redis.\n- Subscribed to order and position events, enhancing event-driven architecture.\n- Updated __init__.py to include EventEmitter and its configuration in the module exports.', 'Enhance AlpacaDataClient for improved WebSocket handling and symbol routing\n\n- Refactored AlpacaDataClient to support separate WebSocket clients for stocks and crypto.\n- Implemented logic to automatically route subscriptions based on symbol type.\n- Added methods to ensure WebSocket connections are established as needed.\n- Updated subscription and unsubscription methods to utilize the appropriate WebSocket client.\n- Enhanced documentation to clarify the routing of subscriptions.', 'Adapt PSQL queries and cache for new pool identifier key', 'Fix parsing of invalid prices in IB adapter', 'Add Alpaca adapter for Nautilus Trader\n\n- Introduced AlpacaDataClient and AlpacaExecutionClient for market data and order execution.\n- Added configuration classes for Alpaca clients.\n- Implemented WebSocket clients for real-time data streaming.\n- Created HTTP client for Alpaca REST API interactions.\n- Developed instrument provider for fetching Alpaca assets.\n- Integrated environment variable management for Alpaca credentials.\n- Enhanced bot-folio configuration to support Alpaca settings.\n- Updated run_strategy.py to handle Alpaca-specific credentials and configurations.', 'Implement on-demand loading and initialization for AlpacaInstrumentProvider\n\n- Added support for three loading modes: load all instruments on startup, load specific instruments, or load on-demand when subscribed.\n- Introduced an asynchronous initialize method to manage instrument loading based on the configured mode, enhancing startup performance and flexibility.\n- Updated logging to provide clear feedback on the loading process and the chosen mode of operation.', 'Make pool identifier a separate enum component instead of string', 'Added query_first_timestamp to BaseDataCatalog as well', 'Remove inactive book auction functionality\n\nAuction matching will be reimplemented later in Rust.', 'Improve concept docs with Mermaid diagrams and fixes\n\n- Replace ASCII diagrams with Mermaid flowcharts across concept docs\n- Add order state flow diagram to orders.md with lifecycle documentation\n- Standardize terminology and fix minor inaccuracies across all docs', 'Fix flaky throttler proptest state isolation\n\n- Create fresh throttler per iteration to ensure clean state on panic\n- Remove unsafe block no longer needed with simplified test setup', 'Refine developer guide', 'Remove tokio dependency from common benches', 'Add trading engine build workflow to fork', 'Fix indentation in execution.py header comment for consistency', 'Implement enhanced logging in position restoration process\n\n- Added logging functions for info, warning, and error messages to improve feedback during position restoration.\n- Updated the restore_positions_from_env function to utilize the new logging methods, ensuring consistent logging behavior.\n- Made strategy_id parameter optional, defaulting to a synthetic value if not provided, to enhance flexibility in position restoration.', 'Add Kraken spot order placement via REST and WebSocket', 'Improve error handling for factory address validation in DEX initialization', 'Refine BarType equality to ignore AggregationSource', 'Add check for empty data in _handle_table_nautilus', 'Add dYdX batch cancel and expose missing Python bindings', 'DEC7: Optimezed speed of backtesting', 'Add dYdX v4 Python adapter layer', 'Refine databento utils', 'Standardize dYdX per adapter guide conventions', 'Integrate pool_identifier in all blockchain events', 'External-command example', 'Fix request_tickers func for bybit adaptor with rust\n- add serde(default) for BybitTickerData option fields\n- refactor BybitTickerData construction in request_tickers', 'Fix: lowercase image name for GHCR', 'Enhance AlpacaDataClient to track subscribed bar types\n\n- Added a dictionary to track subscribed bar types by symbol for improved bar handling.\n- Updated subscription and unsubscription methods to manage bar type tracking.\n- Enhanced bar reception logic to parse bars using the known bar type, improving error handling for unsubscribed symbols.', 'Update logging messages in run_strategy.py for consistency\n\n- Changed log prefix from ""[TradingEngine]"" to ""[Trading Node]"" in log persistence and logging functions to ensure uniformity across the application.\n- Improved clarity in error messages related to log persistence.', 'runned pre-commit.', ""Merge branch 'develop' into sunlei/bybit-python-binding"", 'Add Uniswap V4 swap execution infrastructure']","['committed (#3376)', 'committed (#3280)', 'committed (#3278)', 'committed (#3262)', 'committed (#3255)', 'committed (#3225)', 'committed (#3257)', 'committed (#3264)', 'committed (#3259)', 'committed (#3252)', 'committed (#3293)', 'committed (#3275)', 'committed (#3261)', 'committed (#3282)', 'committed (#3281)', 'committed (#3254)', 'committed (#3241)', 'committed (#3266)', 'committed (#3265)', 'committed (#3283)', 'committed (#3276)', 'committed (#3270)', 'committed (#3260)', 'committed (#3246)', 'committed (#3289)', 'committed (#3253)', 'committed (#3271)', 'committed (#3249)', 'committed (#3248)', 'committed (#3268)', 'committed (#3267)', 'committed (#3251)', 'committed (#3258)', 'committed (#3250)']","[80685, 80693, 80701, 80709, 80717, 80725, 80733, 80741, 80749, 80757, 80765, 80773, 80781, 80789, 80797, 80805, 80813, 80821, 80829, 80837, 80845, 80853, 80861, 80869, 80877, 80885, 80893, 86956, 86965, 87534, 87542, 88482, 88531, 88539, 88609, 88618, 88626, 88673, 88681, 88790, 88799, 88807, 88815, 88823, 88831, 88839, 88847, 88855, 88863, 88871, 88879, 88887, 88895, 88903, 88911, 88919, 88927, 88935, 88943, 88951, 88959, 88967, 88975, 88983, 88991, 89045, 89113, 89136, 89356, 89397, 89552, 89587, 89653, 89734, 89759, 89866, 89882, 89925, 89978, 90021, 90092, 90118, 90134, 90152, 90160, 90168, 90301, 90309, 90317, 90325, 90333, 90341, 90349, 90357, 90365, 90373, 90381, 90389, 90403, 90411, 90466, 90527, 90539, 90578, 90586, 90631, 90662, 90719, 90751, 90842, 91504, 91525, 92692, 92700, 92708]","[80687, 80695, 80703, 80711, 80719, 80727, 80735, 80743, 80751, 80759, 80767, 80775, 80783, 80791, 80799, 80807, 80815, 80823, 80831, 80839, 80847, 80855, 80863, 80871, 80879, 80887, 80895, 86958, 86967, 87536, 87544, 88484, 88533, 88541, 88611, 88620, 88628, 88675, 88683, 88792, 88801, 88809, 88817, 88825, 88833, 88841, 88849, 88857, 88865, 88873, 88881, 88889, 88897, 88905, 88913, 88921, 88929, 88937, 88945, 88953, 88961, 88969, 88977, 88985, 88993, 89047, 89115, 89138, 89358, 89399, 89554, 89589, 89655, 89736, 89761, 89868, 89884, 89927, 89980, 90023, 90094, 90120, 90136, 90154, 90162, 90170, 90303, 90311, 90319, 90327, 90335, 90343, 90351, 90359, 90367, 90375, 90383, 90391, 90405, 90413, 90468, 90529, 90541, 90580, 90588, 90633, 90664, 90721, 90753, 90844, 91506, 91527, 92694, 92702, 92710]","Harden CI workflows and improve resilience

- Pin Docker images to SHA digests for supply chain security
- Add continue-on-error to sccache-action to prevent timeout failures
- Add workflow_dispatch trigger to codeql-analysis for manual runs
Add Kraken spot order placement via REST
Small improvement.
Add comment to GitHub Actions workflow for clarity
Enhance run_strategy.py for improved logging and error handling

- Implemented log capturing to persist output to Redis before exit.
- Introduced TeeWriter class to write logs to both console and a buffer.
- Refactored main function to improve error handling and logging of key events.
- Updated Redis connection and strategy execution logic to handle exceptions gracefully.
- Ensured logs are always persisted, even in case of unexpected errors.
Refactor AlpacaDataClient and AlpacaExecutionClient to use command objects for subscriptions and report generation

- Updated subscription methods in AlpacaDataClient to accept command objects for quote ticks, trade ticks, and bars.
- Refactored report generation methods in AlpacaExecutionClient to utilize command objects for order status, fill, and position status reports.
- Improved code clarity and maintainability by standardizing method parameters.
Add AlpacaInstrumentProviderConfig for enhanced instrument loading

- Introduced AlpacaInstrumentProviderConfig class to manage configuration for instrument loading, including options for loading all instruments, specific IDs, and logging settings.
- Updated AlpacaLiveDataClientFactory and AlpacaLiveExecClientFactory to utilize the new instrument provider configuration, defaulting to Alpaca-specific settings when none are provided.
Refactor Alpaca instrument loading for improved performance and configurability

- Changed default behavior of AlpacaInstrumentProviderConfig to load_all=False, promoting on-demand loading of instruments.
- Implemented _ensure_instrument_loaded method in AlpacaDataClient and AlpacaExecutionClient to load instruments as needed, enhancing efficiency.
- Updated subscription methods to ensure instruments are loaded before processing, improving reliability and reducing initial load times.
- Adjusted factory classes to reflect the new loading strategy, ensuring consistency across the Alpaca client implementations.
Enhance position isolation for Alpaca execution client

- Updated account state management to utilize virtual cash from environment variables, ensuring each bot only accesses its allocated capital.
- Implemented position restoration from the backend database to prevent cross-bot position visibility when sharing an Alpaca account.
- Added logging to provide feedback on position isolation status and restoration processes.
- Introduced a new module for restoring bot positions from environment variables, enhancing the overall isolation strategy.
Add comprehensive demo binary for Kraken adapter
Make `factory_address` non-null and enforce uniqueness by `chain_id` in DEX table schema
Merge branch 'nautechsystems:develop' into develop
Addressed PR comments from Chris
Update dependencies
Add dYdX v4 Python adapter layer (#3275)
Fix Tardis book snapshot to deltas CLEAR prepending

- Prepend CLEAR delta when converting snapshots to deltas
- Prevents order book price level accumulation and crossed best prices
Update dependencies and release notes
formula check does not need a full object
discard unused
Add hook contract address in Pool definition
Fix Polymarket match_time timestamp parsing

- Convert match_time using secs_to_nanos instead of millis_to_nanos
- Add regression test for correct ts_event timestamp conversion
- Resolves #3273
Fix Bybit rustdoc broken intra-doc link
Refine BacktestDataIterator docstrings
Refactor dYdX conditional orders to unified method
Refactor blockchain pool discovery to `PoolDiscoveryService` for modular synchronization logic
Migrate from `pool_address` to `pool_identifier` across all modules, tests, and database queries to standardize pool identification system.
Add BybitRawHttpClient Python binding
Continue Kraken adapter
Refactor IB Historical client (#3276)
Fix rustdoc warnings
updated lighter_adaptor docs
Fix GitHub Actions linter warnings in nautilus_trader workflows

- Pin all actions to SHA hashes for security
- Add persist-credentials: false to checkout steps
- Convert dynamic env vars to step outputs to fix context warnings
- Add nolint comments for false positive linter warnings
Fix dYdX bar request_id attr and bar type registration
Refactor HistoricInteractiveBrokersClient
Improve unsafe code safety in actor/component registries

- Replace `&'static mut T` return with ActorRef<T> guard holding Rc
- Add runtime borrow tracking to ComponentRegistry lifecycle methods
- Add runtime check preventing Rust callbacks in LiveTimer
- Add debug assertions to FFI drop helpers detecting memory corruption
- Improve SAFETY docs on unsafe Send/Sync impls with explicit invariants
- Document Actor vs Component traits with state diagram
Fix Bybit historical bars requests partial bar filtering

- Add bar_end_time_ms to calculate actual month end for variable lengths
- Filter unclosed bars in request_bars using current time comparison
- Fix pagination to continue when first page contains only partial bars
- Add integration test for partial bar pagination edge case
Refine concept guide documentation
Add dYdX documentation references to adapter
Add bot-folio trading engine with Alpaca adapter and Redis integration

- Updated Dockerfile to install Redis client and set default entrypoint for bot-folio.
- Introduced AlpacaBotfolioAdapter as a scaffold for Alpaca integration.
- Added run_strategy.py to fetch and execute trading strategies from Redis.
- Created __init__.py for bot-folio custom extensions.
Fixed SyntheticInstrument formula error during parsing with hyphened InstrumentId
Merge branch 'dydx-fix' into develop
DEC5: Custom Init
Merge nautilus_trader updates from fork develop
Update Dockerfile to enhance bot-folio integration and install additional dependencies

- Copied Alpaca adapter module into the installed package directory.
- Updated dependency installation to include aiohttp and websockets for Alpaca adapter functionality.
- Improved comments for clarity on installed dependencies.
Maybe it needs the variables to be assigned when changing the formula
Enhance Alpaca configuration and WebSocket handling

- Updated AlpacaDataClientConfig to include ""crypto"" as a data feed option.
- Added ALPACA_CRYPTO_DATA_WS_URL for crypto data streaming.
- Modified get_data_ws_url function to support the new ""crypto"" feed.
- Updated setup_credentials_env function to handle 'botfolio' as a provider for local paper trading, improving environment variable management.
use correct name
Add Infura RPC provider fallback for blockchain operations
dYdX v4 integration: data/exec testers and GTT fix
Add Tardis book_snapshot_output config option

- Add BookSnapshotOutput enum with deltas (default) and depth10 options
- Add parse_book_snapshot_msg_as_depth10() for depth10 conversion
- Route book_snapshot_* to depth10 or deltas based on config setting
- Write depth10 data to order_book_depths/ to match catalog path prefix
- Update docs with book_snapshot_output config and usage guidance
Improve Tardis adapter robustness and error handling

- Convert panicking asserts/expects to Result with error handling
- Fix O(n²) precision updates to O(n) by updating after loop completion
- Add Acquire/Release ordering for atomic operations in is_closed()
- Add FundingRateUpdate arrow serialization support
- Fix F_SNAPSHOT flag missing from depth10 loaders
Fix ParquetDataCatalog.from_uri to support Windows paths (#3283)
added docs for lighter_adapter
Update deny.toml and Dockerfile for dependency management

- Added a new security advisory for rustls-pemfile being unmaintained, with a note to monitor upstream migration.
- Updated Dockerfile to copy the custom bot-folio module into the installed package directory.
Refactor Alpaca clients for improved connection and asset handling

- Updated connection sequence in AlpacaDataClient and AlpacaExecutionClient to connect the HTTP client before initializing the instrument provider.
- Enhanced AlpacaInstrumentProvider to support loading both equity and crypto assets, with improved error handling and logging.
- Implemented parsing logic for crypto assets and adjusted data fetching methods in AlpacaHttpClient to handle different endpoint structures for stocks and crypto.
Migrate pool sync logic from `pool_address` to `pool_identifier` across blockchain services and database queries
Add request_tickers func for bybit adaptor with rust
Refine use of default-features in workspace manifest
Fix or document code scanning security alerts
Add Bot-folio Local Paper Trading Adapter

- Introduced Bot-folio adapter for local paper trading in Nautilus Trader.
- Implemented data and execution clients for simulating trading with realistic fill models.
- Added configuration classes for data and execution clients, including Redis integration for market data.
- Created factories for instantiating data and execution clients.
- Developed instrument provider to handle on-demand instrument creation based on symbol conventions.
- Enhanced fill model to simulate execution latency, slippage, and partial fills.
- Updated documentation and examples for Bot-folio integration.
Enhance Alpaca clients with improved logging and account state management

- Added logging for configuration details in both AlpacaDataClient and AlpacaExecutionClient during connection.
- Implemented account state update logic in AlpacaExecutionClient to track account balances from Alpaca.
- Refactored instrument loading methods in AlpacaInstrumentProvider for better clarity and error handling.
Refine BacktestDataConfig.query
merge upstream/develop
Add support for Pool ID tracking in AMM with UniswapV4 compatibility
Validate tick consistency in `initialize` method for AMM pools
Add dYdX batch cancel and expose missing Python bindings (#3282)
ParquetDataCatalog.from_uri() fix

ParquetDataCatalog.from_uri() method incorrectly handled absolute paths in Windows.
Refactor backtest script to use OrderFlowStrategy; update trade tick loading and logging configurations

- Removed SimpleStrategy and its configuration, replacing it with OrderFlowStrategy and OrderFlowStrategyConfig.
- Updated trade tick loading to focus on a specific date range for testing.
- Changed logging level to ERROR to reduce verbosity during backtests.
- Added detailed configuration for OrderFlowStrategy including risk management parameters.
- Implemented tearsheet generation for backtest results.
Refactor Alpaca WebSocket clients to handle both TEXT and BINARY message types

- Updated authentication response handling in AlpacaDataWebSocketClient and AlpacaTradingWebSocketClient to support both TEXT and BINARY messages.
- Enhanced error handling for unexpected WebSocket message types.
- Modified the _build_auth_message method to align with Alpaca's current authentication format.
Refactor IB Historical client
Move OptionExerciseModule to models folder
Fix OKX fee rate sign handling causing backtest errors

The OKX adapter previously failed to handle the sign convention of fee rates, leading to incorrect fee calculations during backtesting.

As per OKX docs (https://www.okx.com/docs-v5/en/#trading-account-rest-api-get-fee-rates):
""The fee rate like maker and taker: positive number, which means the rate of rebate; negative number, which means the rate of commission.""

This change negates the fetched maker and taker fees to align with the system's expected format for fee calculation.
Update schema to use `pool_identifier` and `dex_name` as primary keys in pool-related tables
Update blockchain exchange with Uniswap V2 and V3 parsing
Harden unsafe code with runtime checks and lints

- Convert debug_assert! to assert! in CVec drop for release builds
- Add #![deny(unsafe_op_in_unsafe_fn)] lint to most crates
- Add SAFETY comments to unsafe blocks in core FFI modules
- Add doc comments to CVec drop functions
Add EventEmitter for trading events in bot-folio

- Introduced EventEmitter class to handle trading events and publish them to Redis.
- Subscribed to order and position events, enhancing event-driven architecture.
- Updated __init__.py to include EventEmitter and its configuration in the module exports.
Enhance AlpacaDataClient for improved WebSocket handling and symbol routing

- Refactored AlpacaDataClient to support separate WebSocket clients for stocks and crypto.
- Implemented logic to automatically route subscriptions based on symbol type.
- Added methods to ensure WebSocket connections are established as needed.
- Updated subscription and unsubscription methods to utilize the appropriate WebSocket client.
- Enhanced documentation to clarify the routing of subscriptions.
Adapt PSQL queries and cache for new pool identifier key
Fix parsing of invalid prices in IB adapter
Add Alpaca adapter for Nautilus Trader

- Introduced AlpacaDataClient and AlpacaExecutionClient for market data and order execution.
- Added configuration classes for Alpaca clients.
- Implemented WebSocket clients for real-time data streaming.
- Created HTTP client for Alpaca REST API interactions.
- Developed instrument provider for fetching Alpaca assets.
- Integrated environment variable management for Alpaca credentials.
- Enhanced bot-folio configuration to support Alpaca settings.
- Updated run_strategy.py to handle Alpaca-specific credentials and configurations.
Implement on-demand loading and initialization for AlpacaInstrumentProvider

- Added support for three loading modes: load all instruments on startup, load specific instruments, or load on-demand when subscribed.
- Introduced an asynchronous initialize method to manage instrument loading based on the configured mode, enhancing startup performance and flexibility.
- Updated logging to provide clear feedback on the loading process and the chosen mode of operation.
Make pool identifier a separate enum component instead of string
Added query_first_timestamp to BaseDataCatalog as well
Remove inactive book auction functionality

Auction matching will be reimplemented later in Rust.
Improve concept docs with Mermaid diagrams and fixes

- Replace ASCII diagrams with Mermaid flowcharts across concept docs
- Add order state flow diagram to orders.md with lifecycle documentation
- Standardize terminology and fix minor inaccuracies across all docs
Fix flaky throttler proptest state isolation

- Create fresh throttler per iteration to ensure clean state on panic
- Remove unsafe block no longer needed with simplified test setup
Refine developer guide
Remove tokio dependency from common benches
Add trading engine build workflow to fork
Fix indentation in execution.py header comment for consistency
Implement enhanced logging in position restoration process

- Added logging functions for info, warning, and error messages to improve feedback during position restoration.
- Updated the restore_positions_from_env function to utilize the new logging methods, ensuring consistent logging behavior.
- Made strategy_id parameter optional, defaulting to a synthetic value if not provided, to enhance flexibility in position restoration.
Add Kraken spot order placement via REST and WebSocket
Improve error handling for factory address validation in DEX initialization
Refine BarType equality to ignore AggregationSource
Add check for empty data in _handle_table_nautilus
Add dYdX batch cancel and expose missing Python bindings
DEC7: Optimezed speed of backtesting
Add dYdX v4 Python adapter layer
Refine databento utils
Standardize dYdX per adapter guide conventions
Integrate pool_identifier in all blockchain events
External-command example
Fix request_tickers func for bybit adaptor with rust
- add serde(default) for BybitTickerData option fields
- refactor BybitTickerData construction in request_tickers
Fix: lowercase image name for GHCR
Enhance AlpacaDataClient to track subscribed bar types

- Added a dictionary to track subscribed bar types by symbol for improved bar handling.
- Updated subscription and unsubscription methods to manage bar type tracking.
- Enhanced bar reception logic to parse bars using the known bar type, improving error handling for unsubscribed symbols.
Update logging messages in run_strategy.py for consistency

- Changed log prefix from ""[TradingEngine]"" to ""[Trading Node]"" in log persistence and logging functions to ensure uniformity across the application.
- Improved clarity in error messages related to log persistence.
runned pre-commit.
Merge branch 'develop' into sunlei/bybit-python-binding
Add Uniswap V4 swap execution infrastructure"
2026-02-02,55,20.25,29.75,9.5,6.0,44.0,True,high,1.1578947368421053,163,154,"['Fix Polymarket BinaryOption fee parsing\n\n- Convert basis points to decimal fraction when parsing fees\n- Add basis_points_as_decimal helper function\n- Add unit tests for basis_points_as_decimal', 'Add Strategy market exit capability in Rust\n\n- Add market_exit with iterative order cancellation and position closing\n- Add manage_stop config to auto-exit before stop() completes\n- Deny non-reduce-only orders during exit (MARKET_EXIT_IN_PROGRESS)\n- Add on_market_exit and post_market_exit lifecycle hooks\n- Add comprehensive test coverage for market exit flows', 'Refine backtest trade execution and trailing stop handling\n\n- Change `trade_execution` default from `False` to `True`\n- Fix trade ticks triggering fills when `trade_execution=False`\n- Fix MAKER limit orders over-filling on L1 books\n- Extract method to respect TriggerType for trailing stop activation\n- Update documentation and add tests for additional scenarios', 'Add Architect AX instrument provider sandbox script\n\n- Add sandbox script to exercise AxInstrumentProvider against sandbox\n- Add test directory structure under tests/integration_tests/adapters/', 'Update dependencies and release notes', 'Fix get_trades pagination for Dydx', 'Separate quotes and orderbook deltas subscriptions', 'Refactor NautilusWsMessage to use native Nautilus types for market data', 'Add configurable bulk read batch size for Redis cache\n\nAdds `bulk_read_batch_size` option to `CacheConfig` to enable batching\nof MGET operations during cache loading. When set, bulk reads are\nchunked to avoid exceeding request size limits on some Redis providers.\n\n- Added `bulk_read_batch_size: Option<usize>` to CacheConfig\n- Added `read_bulk_batched()` function for batched MGET operations\n- `RedisCacheDatabase::read_bulk()` uses batching when configured\n- Added test for batched bulk reads\n- Updated docs\n\n🤖 Generated with [Claude Code](https://claude.com/claude-code)\n\nCo-Authored-By: Claude Opus 4.5 <noreply@anthropic.com>', 'Add bulk_read_batch_size to Python CacheConfig binding', 'Remove invalid empty order list test\n\nOrderList class does not allow empty orders collection, so\ntest_submit_order_list_empty_list was testing an impossible\nscenario and would always fail with ValueError.', 'Add Interactive Brokers subscribe index price functionality (#3514)', 'Add OKX instIdCode support for WebSocket order ops (#3536)\n\nOKX is deprecating the instId parameter in favor of instIdCode for\nWebSocket order operations. This adds:\n\n- Parse inst_id_code from OKX instrument API responses\n- Cache instId to instIdCode mapping in WebSocket client\n- Include instIdCode in all WebSocket order param structs\n- Look up and include instIdCode in order submissions', 'Fix Betfair RCM parsing for nullable fields\n\n- Make ft, id fields optional in RCM structs to match observed API data\n- Skip race changes and runners with missing required IDs during parsing', 'Add timestamp cutoff filtering for statuses in generate_mass_status for Dydx execution client', 'Add mark price, index price, and funding rate subscriptions to dYdX data client', 'fix: conform to error and wording conventions', 'Refine Betfair rate limiting docs', 'Continue Architect AX adapter', 'Refine Betfair adapter docs and error handling\n\n- Add SSL certificates, tick scheme, TIF mapping, and order docs\n- Add session management and multi-node deployment sections\n- Add fill handling edge cases and stream conflation notes\n- Use actual error messages in order rejection reasons\n- Fix config.py docstring typos (cert_dir -> certs_dir)', 'Add Polymarket event_slug_builder support (#3501)', 'Add OrderBookDeltas historical request support (#3438)', 'Standardize Hyperliquid command variable naming to cmd\n\n- Rename `command` to `cmd` in execution method parameters\n- Aligns with convention used across all other adapters', 'Fix IB contract for ESTX50 IND contract', 'Add Ichimoku Cloud indicator', 'Add subscription tracking to Python dYdX data client', 'Fix IB options missing ^ prefix on index underlying symbols\n\nWhen using IB_SIMPLIFIED symbology, options on index underlyings (e.g., SPX)\nwere missing the ^ prefix on their underlying symbol. This caused issues\nwith GreeksCalculator which constructs the underlying instrument ID as\n""{instrument.underlying}.{venue}"" - without the prefix it would look for\n""SPX.XCBO"" instead of ""^SPX.XCBO"".\n\nNow parse_option_contract adds the ^ prefix when underSecType is ""IND""\nand symbology_method is IB_SIMPLIFIED.', 'Use VecDeque for message buffer in dYdX WS handler', 'Refine handling of OrderBookDeltas', 'Add Polymarket batch order support (#3506)', 'Add OKX batch cancel support for conditional (algo) orders\n\n- Add cancel_algo_orders HTTP endpoint for batch canceling algo orders\n- Separate algo orders from regular orders in batch cancel\n- Add instIdCode caching from instrument requests for WS order ops\n- Add tests for batch cancel order categorization', 'Fix Tardis deltas snapshot boundaries with CLEAR (#3530)', 'Add expiration processing tests for SimulatedExchange\n\n- Add test for expiration firing only once on repeated process\n- Add test for multiple instruments expiring at different times\n- Add test for reset re-enabling expiration processing', 'Add Ichimoku Cloud indicator (#3552)', 'Finish Python dydx client v4', 'Remove unnecessary periodically orderbook http fetch from DydxDataClient', 'Refactor dYdX submit_order and cancel_all_orders to use short-lived cache borrows', 'Refactor dYdX v4 adapter (#3521)', 'Fix Position flat detection for floating-point edge cases\n\n- Use quantity.is_zero() as source of truth instead of signed_qty == 0.0\n- Normalize signed_qty to 0.0 when position becomes flat\n- Add rounding in Python apply_adjustment to prevent precision drift\n- Add tests for floating-point precision edge cases', 'Add IB index option prefix parsing test\n\nVerify SPX option underlying parsed as ^SPX with IND type.', 'Fix BitMEX trigger_type parsing and handling\n\n- Fix REST parsing to extract trigger_type from exec_inst\n- Add extract_trigger_type helper in common/parse.rs\n- Add trigger_type for trailing stops without stop_px in both parsers', 'Refine dYdX v4 adapter and split v3 docs\n\n- Replace mnemonic config with private_key to match Rust pyo3 API\n- Remove dead code: types.py, common/urls.py, unused env var constants\n- Use pyo3 URL functions directly instead of Python wrappers\n- Split dYdX docs into separate v3 and v4 guides\n- Consolidate bar resolution mapping in Rust data client', 'Improve Betfair fill cache with stream/HTTP reconciliation\n\n- Defer fill cache cleanup to HTTP confirmation or 15min TTL\n- Mark all terminal orders to prevent stale state transitions\n- Add timer-based periodic sweep for fill cache entries\n- Record completion timestamps for orders synced on startup', 'Standardize Deribit adapter with raw interval default\n\n- Add get_interval helper defaulting to Raw when authenticated\n- Remove _raw subscription methods and pyo3 stubs\n- Flatten data/mod.rs and execution/mod.rs to single files\n- Update Deribit data client tests for interval parameter', 'Fix UnsubscribeInstrumentClose message handler routing\n\n- Fix DataEngine routing UnsubscribeInstrumentClose to wrong handler\n- Add instrument_status and instrument_close subscribe/unsubscribe tests\n- Remove banner comments from Rust data engine tests', 'Fix Tardis batched delta state corruption on invalid records\n\n- Parse delta records before mutating batch state\n- Propagate fill_pending_batches errors in tests', 'Optimize Price and Quantity fixed-point conversions\n\n- Optimize Price/Quantity from_decimal with integer arithmetic\n- Extract common decimal_to_fixed_i128, mantissa_exponent_to_fixed_i128\n- Add Cython from_decimal_c for Price/Quantity avoiding str roundtrip\n- Add arithmetic ops (Div<f64> for Price; Add/Sub/Div<f64> for Quantity)\n- Add criterion benchmarks and property tests for Price and Quantity\n- Add property-based testing docs to developer guide\n- Fix precision validation on zero fast-path in from_mantissa_exponent', 'Fix dYdX market order execution: fills-before-orders, fill correlation, and IOC', 'Improve requesting of bars for Dydx data client', 'Refactor dYdX cancel_order to use short-lived cache borrows', 'Improve Deribit book subscriptions and handling\n\n- Add depth parameter to book subscriptions for grouped channel\n- Force grouped book channel to 100ms interval (raw not supported)\n- Track subscription depths for proper unsubscribe in Python data client\n- Extract book parsing functions for snapshot/delta levels', 'Refine Polymarket event_slug_builder UX and docs\n\n- Auto-set load_all=True when event_slug_builder is configured\n- Add event_slug_builder documentation to polymarket.md\n- Move check_clob_response to http/errors module\n- Update examples to remove redundant load_all=True', 'Improve Redis bulk read batch_size validation\n\n- Return error instead of panic when `batch_size` is zero\n- Add test for zero batch_size error case', 'Fix Betfair duplicate cancel events from HTTP/stream race\n\n- Guard HTTP cancel path against duplicate terminal events\n- Track replaced venue_order_ids to ignore late updates\n- Add tests for HTTP/stream cancel race conditions', 'Fix order book deltas buffering and follow-ups\n\n- Fix deltas buffering to publish at each F_LAST boundary\n- Fix empty book to_deltas missing F_LAST on Clear delta\n- Remove interval_ms from subscribe_order_book_deltas/depth\n- Rename _handle_order_book_deltas_request for consistency\n- Add F_LAST flag spec to data.md and adapters.md docs\n- Add tests for to_deltas flags and multi-boundary buffering\n- Follow-ups for #3438', 'Add log message no-terminating-period pre-commit check', 'Fix Polymarket examples to use instrument_config\n\n- Update data and exec tester examples to use `instrument_config`\n- Use `PolymarketInstrumentProviderConfig` instead of base class\n- Add breaking change entry to release notes', 'Add metadata validation for parquet file consolidation\n\n- Reject consolidation of files with mismatched metadata\n- Add test for conflicting precision metadata\n- Relates to #3549', 'Fix market order subticks=0 rejection by computing worst-case slippage price\n\ndYdX rejects orders with subticks=0. Market orders now use oracle_price * (1 +/- 5% slippage) to compute a worst-case IOC limit price, matching the official dYdX market order submission pattern.', 'Fix tag parsing default serde field in dYdX WebSocket handler', 'Add quote synthesis from orderbook deltas to Python dYdX data client\n\nSynthesize QuoteTick from top-of-book when orderbook deltas are received.\nMaintains local OrderBook per instrument with active quote subscription,\napplies deltas, and emits deduplicated quotes based on price/size changes.', 'Remove redundant MarketExitStrategy message', 'Add BetfairOrderVoided custom data type for VAR voids\n\n- Add BetfairOrderVoided data type for voided matched bets (e.g., VAR)\n- Publish void events via CustomData when sv > 0 in order stream\n- Add _handle_data() to BetfairExecutionClient for publishing\n- Add tests for serialization, persistence, and live flow', 'Fix IB options missing ^ prefix on index underlying symbols (#3540)\n\nWhen using IB_SIMPLIFIED symbology, options on index underlyings (e.g., SPX)\nwere missing the ^ prefix on their underlying symbol. This caused issues\nwith GreeksCalculator which constructs the underlying instrument ID as\n""{instrument.underlying}.{venue}"" - without the prefix it would look for\n""SPX.XCBO"" instead of ""^SPX.XCBO"".\n\nNow parse_option_contract adds the ^ prefix when underSecType is ""IND""\nand symbology_method is IB_SIMPLIFIED.', 'Standardize execution report error handling across adapters\n\n- Add _log_report_error method to LiveExecutionClient base class\n- Replace duplicated except blocks across adapters with standard method\n- Add CancelledError handling to all report generation methods', 'Improve Architect AX adapter guide', 'Add order context cleanup on order terminal state', 'Add to releases.md', 'Add OKX instIdCode support for WebSocket order operations\n\nOKX is deprecating the instId parameter in favor of instIdCode for\nWebSocket order operations. This adds:\n\n- Parse inst_id_code from OKX instrument API responses\n- Cache instId to instIdCode mapping in WebSocket client\n- Include instIdCode in all WebSocket order param structs\n- Look up and include instIdCode in order submissions', 'Finish Rust dydx adapter', 'Improve Strategy market exit with manage_stop option\n\n- Add manage_stop config to defer stop() until market exit completes\n- Add is_exiting() method to check if market exit is in progress\n- Deny non-reduce-only orders during market exit (allow reduce-only)\n- Add sufficient test coverage for market exit behavior\n- Document market exit feature in strategy concepts guide', 'Fix Betfair reconciliation with stale fill data\n\n- Use cached fill qty/avg_px when API returns stale data during recon\n- Populate avg_px in OrderStatusReport (was always None)\n- Fix order status from ACCEPTED to PARTIALLY_FILLED when fills exist\n- Guard against None average_price_matched comparisons', 'Refine Hyperliquid adapter\n\n- Add factory implementations for LiveNode integration\n- Add CLOID cache methods and resolution for order/fill tracking\n- Validate orders before marking as submitted, deny on failure\n- Fix WS connect to await connection before returning success\n- Fix spot bar requests to use raw_symbol for API calls\n- Handle PARTIALLY_FILLED order status and FFI panics gracefully\n- Relates to #3152', 'Refine processing of expirations in SimulatedExchange (#3538)', 'Add market exit config for time in force and reduce only\n\n- Add market_exit_time_in_force to StrategyConfig\n- Add market_exit_reduce_only to StrategyConfig\n- Rename inflight_check_interval_ms to market_exit_interval_ms\n- Add TimeInForce to msgspec encoding/decoding/schema hooks', 'Decode dYdX client order IDs during reconciliation', 'Fix sequence 0 infinite loop, encapsulate sequence in TransactionManager', 'fixup! Add order context cleanup on terminal order status', 'Move wallet ownership into TransactionManager', 'Client order id encoding Rust', 'Address comments, add tests, and update subscribe example', 'Fix batch order issues and improve error handling\n\n- Fix index out of bounds in _process_batch_response using zip()\n- Handle response length mismatch by rejecting unprocessed orders\n- Add try/except in _sign_orders_for_batch for individual failures\n- Return tuple of (signed_orders, signed_args) from signing method\n- Reject failed-to-sign orders individually instead of failing batch\n- Document _cancel_all_global and _cancel_market_orders as fire-and-forget\n- Remove duplicate local imports in _cancel_market_orders\n- Add tests for signing failure and response length mismatch', 'Add OrderList.is_bracket() and fix example strategy\n\n- Add is_bracket() method to OrderList in Rust and Cython with tests\n- Fix ema_cross_bracket_algo to use STOP_LIMIT entries\n- Add TP/SL params to Bybit WS order builder for future use\n- Refactor _submit_order_list_ws to extract order_list and orders vars', 'Refine settlement_prices config for backtest venues\n\n- Rename custom_settlement_prices to settlement_prices across codebase\n- Move settlement_prices config option to BacktestVenueConfig\n- Add type annotations dict[InstrumentId, float] to all declarations\n- Add missing docstrings for settlement_prices parameter', 'Improve Hyperliquid adapter testing', 'Add BitMEX trailing stop support and refactor adapter\n\n- Add TRAILING_STOP_MARKET order type with price-based offset\n- Refactor broadcast modules to top-level directory\n- Remove unused top-level error.rs, use anyhow for enum conversions\n- Use infallible From<OrderSideSpecified> for BitmexSide conversion\n- Update bitmex.md docs with trailing stop usage and examples', ""Fix IB spurious tick size warnings for index subscriptions (#3543)\n\n- Fix spurious tick size warnings for IB index subscriptions\n- Suppress invalid tick size warnings for index subscriptions (indices have no volume)\n- Extract INDEX_MARKET_DATA constant for subscription type identifier\n\n* remove release line item since should've just been part of the other PR. minor fix, no need to call out"", 'Standardize adapter commission sign convention in Rust\n\n- Remove fee negations (positive = cost, negative = rebate)\n- Remove incorrect .abs() normalization in Hyperliquid and Deribit\n- Clarify OKX parse_fee comment (negation correct for OKX)\n- Update dYdX test assertions to match new convention\n- Relates to #3546', 'Fix broken intra-doc links in dYdX adapter\n\n- Qualify `initialize_sequence` doc link with `Self::` prefix\n- Remove redundant parenthetical from dYdX v3 docs heading', 'Fix itm_prob calculation to use N(d2) instead of normalized delta', 'Refine memory management in databento adapter', 'Improve authenticator config parsing error logging', 'allow None in own_book and own_synthetic_book', 'Improve dYdX data client subscription handling (#3537)\n\n* Add missing unsubscribe feature to dYdX WebSocket client\n* Add multi-message buffering to dYdX WebSocket handler\n* Fix tag parsing default serde field in dYdX WebSocket handler\n* Remove unnecessary periodically orderbook http fetch from DydxDataClient\n* Separate quotes and orderbook deltas subscriptions\n* Use VecDeque for message buffer in dYdX WS handler\n* Add book sequence gap detection and emit-on-next candles to dYdX WS handler\n* Add state clearing on reconnect to dYdX WS handler\n* Optimize JSON parsing in dYdX WS handler hot path\n* Extract market data parsing from dYdX WS handler to parse module\n* Fix orderbook sequence check to detect regressions not gaps\n\nThe dYdX message_id is a connection-wide counter shared across all\nchannels, so per-topic gaps are expected. Changed check from strict\nsequential (id != last + 1) to monotonicity (id <= last) to only\nwarn on actual out-of-order/duplicate messages.\n\n* Add mark price, index price, and funding rate subscriptions to dYdX data client\n* Refactor NautilusWsMessage to use native Nautilus types for market data\n* Add quote synthesis from orderbook deltas to Python dYdX data client\n\nSynthesize QuoteTick from top-of-book when orderbook deltas are received.\nMaintains local OrderBook per instrument with active quote subscription,\napplies deltas, and emits deduplicated quotes based on price/size changes.', 'Fix clippy lints', 'Add Databento bulk subscription and historical request support (#3490)\n\n- Add bulk instrument_id support to historical requests (bars, quotes, trades)\n- Add batched definition subscriptions (_ensure_subscribed_for_instruments)\n- Add subscription acknowledgement handling with configurable timeout\n- Add consolidated schema support (OHLCV-1S, OHLCV-1M, OHLCV-1H, OHLCV-1D)\n- Fix zero-length interval edge case at dataset boundary\n- Add subscribe_order_book_snapshots and subscribe_quote_ticks bulk methods', 'Add flush on start check before loading cache', 'Replace dYdX periodic instrument refresh with real-time WebSocket updates', 'Refactor dYdX request_trades with pagination and deduplication', 'Extract market data parsing from dYdX WS handler to parse module', 'Fix orderbook sequence check to detect regressions not gaps\n\nThe dYdX message_id is a connection-wide counter shared across all\nchannels, so per-topic gaps are expected. Changed check from strict\nsequential (id != last + 1) to monotonicity (id <= last) to only\nwarn on actual out-of-order/duplicate messages.', 'fix: resolve clippy warning and fmt in csv stream', 'Add book sequence gap detection and emit-on-next candles to dYdX WS handler', 'Add ClientOrderIdEncoder for bidirectional dYdX u32 ↔ ClientOrderId mapping\n\n- Introduce ClientOrderIdEncoder with sequential allocation to guarantee no collisions\n- Add reverse lookup (decode) for WebSocket message correlation\n- Replace hash-based generate_client_order_id_int with encoder.encode()\n- Clean up encoder mappings on terminal order states\n- Add overflow protection at u32::MAX - 1000', 'Incorporate TickTypeEnums instead of hard coded values for ticks returned from reqMktData. Removed unused TickTypeMapping dict', 'Add Betfair RCM parsing for TPD race data\n\n- Add BetfairRaceRunnerData and BetfairRaceProgress custom data types\n- Add parsing/rcm.py module with msgspec structs and BetfairRCMParser\n- Add parse_betfair_rcm_file() for backtesting with RCM files\n- Integrate RCM handling into BetfairDataClient for live streaming\n- Document custom data types and subscription patterns in betfair.md', 'Refine backtest engine timer handling\n\n- Add _process_next_timer method for processing timers\n- Support timer callbacks that dynamically add data iterators\n- Add tests coverage for timer edge cases\n- Document timer-only backtest behavior and limitations\n- Thanks to @faysou for the initial implementation in PR #3456', 'Refine Makefile build targets\n\n- Add install-deps target and make build targets depend on it\n- Rename install-just-deps to install-deps for brevity\n- Simplify install/install-debug to delegate to build targets', 'Fix Makefile install targets', 'Refactor dYdX v4 data client (#3547)\n\n* Replace dYdX periodic instrument refresh with real-time WebSocket updates\n* Add subscription tracking to Python dYdX data client\n* Refactor dYdX request_trades with pagination and deduplication\n* Fix get_trades pagination for Dydx\n* Improve requesting of bars for Dydx data client', 'Add order fields to BetfairOrderVoided\n\n- Add price, size, side, avg_price_matched, size_matched fields\n- Fields sourced from Betfair streaming Order (p, s, side, avp, sm)\n- Update Arrow schema, serialization, and all test call sites', 'Add subaccount check and log warning if empty', ""remove release line item since should've just been part of the other PR. minor fix, no need to call out"", 'Fix GreeksCalculator to use index price for index instruments\n\n- Check asset_class == INDEX in GreeksCalculator._get_price to use cache.index_price()\n- Fall through to regular price lookup if no index price available', 'Refine processing of expirations in SimulatedExchange', ""Add TypeScript/Bun FFI bindings for NautilusTrader core, model, and common modules\n\nIntroduces a new `nautilus-bun` Rust cdylib crate that aggregates FFI symbols\nfrom core, model, and common crates with heap-allocating `bun_` wrappers for\nstructs >8 bytes (required by Bun's FFI limitation). Adds a TypeScript/Bun\npackage with wrapper classes for UUID4, datetime, enums, identifiers (Symbol,\nVenue, InstrumentId, TradeId, etc.), financial types (Price, Quantity, Currency,\nMoney), and clocks (TestClock, LiveClock). All 76 tests pass.\n\nCo-Authored-By: Claude Opus 4.5 <noreply@anthropic.com>"", 'Standardize Kraken adapter subscriptions\n\n- Remove venue validation from Kraken (now centralized in exec engine)\n- Reorder subscription methods per adapter conventions\n- Fix OrderDenied vs OrderRejected for pre-submission errors in Python\n- Refactor symbol prefix checks to use `kraken_product_type_from_symbol`', 'Fix Deribit trades requests with proper pagination (#3548)', 'Refactor OrderList to store IDs and fetch orders from cache\n\n- Change OrderList to store Vec<ClientOrderId> instead of Vec<OrderAny>\n- Add SubmitOrderList.order_inits for serialization payloads\n- Add Cache::orders_for_ids() helper for order lookups with logging\n- Add SubmitOrder::from_order() and OrderList::from_orders() factories\n- Strategy inserts orders into cache before sending commands', 'Improve short vs long term broadcasting and order submission in Dydx', 'Improve Dydx order id encoder and websocket client', 'Fix Deribit request trades with proper pagination', 'Optimize JSON parsing in dYdX WS handler hot path', 'fix(tardis): emit CLEAR on snapshot boundaries in batched deltas\n\n  Count CLEAR toward limit; add tests for limits and flags', 'Fix inverse instrument base_currency access across accounting\n\n- Use get_base_currency() method instead of base_currency attribute\n- Fixes CryptoOption which uses underlying, not base_currency\n- Add tests for MakerTakerFeeModel with inverse instruments', 'Fix order cancel not releasing locked balance in backtest\n\n- Only clear locked balances for authoritative externally reported state\n- Fix Cache.update_account to update in-memory state, not just database\n- Use updated account from AccountsManager.update_orders in portfolio\n- Add regression test coverage\n- Resolves #3525', 'Add queued execution command endpoint for re-entrancy safety\n\n- Add command queue endpoint to avoid RefCell borrow conflicts\n- Add SyncTradingCommandSender and try_get_trading_cmd_sender for later\n- Update OrderManager.send_exec_command to use queued endpoint\n- Add comprehensive re-entrancy tests for msgbus and live runner', 'Add dYdX v4 bars_timestamp_on_close support\n\n- Add bars_timestamp_on_close config option (standard pattern)\n- Fix stale bar emission from candle snapshot seeding\n- Make base_token_volume optional with zero fallback\n- Add HTTP/WS parse function unit tests', 'Fix cache loading stale data when flush_on_start is True (#3551)\n\n* Add flush on start check before loading cache\n* Add live node cache tests', 'Improve Hyperliquid adapter execution and vault correctness\n\n- Fix vault address for account queries across Rust and Python\n- Fix start() to avoid nested block_on panic in tokio runtime\n- Defer cloid cleanup until FILLED + fill observed (partial fills)\n- Fix USD to USDC for account balance currency\n- Route data WS events through data_sender in data client', 'Fix IB contract for ESTX50 IND contract (#3556)', 'Add live node cache tests', 'Add order context cleanup on terminal order status', 'Centralize execution venue validation in Rust', 'Refine exercise and settlement of expiring instruments (#3531)', 'Add configurable bulk read batch size for Redis cache (#3535)\n\n* Add configurable bulk read batch size for Redis cache\n\nAdds `bulk_read_batch_size` option to `CacheConfig` to enable batching\nof MGET operations during cache loading. When set, bulk reads are\nchunked to avoid exceeding request size limits on some Redis providers.\n\n- Added `bulk_read_batch_size: Option<usize>` to CacheConfig\n- Added `read_bulk_batched()` function for batched MGET operations\n- `RedisCacheDatabase::read_bulk()` uses batching when configured\n- Added test for batched bulk reads\n- Updated docs', 'Refactor Databento data client and add integration tests\n\n- Extract _resolve_instrument_ids_and_dataset helper (DRY)\n- Add integration tests for request handlers\n- Follow-ups for #3490', 'Harden Postgres SQL and credential security\n\n- Validate SQL identifiers and escape passwords in DDL\n- Mask credentials in Postgres connection log messages\n- Redact api_secret in KrakenCredential Debug impl', 'Port dYdX v4 Python execution client to new Rust PyO3 API', 'Fix spurious tick size warnings for IB index subscriptions\n\n- Suppress invalid tick size warnings for index subscriptions (indices have no volume)\n- Extract INDEX_MARKET_DATA constant for subscription type identifier', 'Add multi-message buffering to dYdX WebSocket handler', 'Add state clearing on reconnect to dYdX WS handler', 'Refine exercise and settlement of expiring instruments', 'Update dependencies including arc-swap ordering fixes', 'Refine BitMEX adapter\n\n- Improve multi-currency and timestamp handling\n- Fix get_all_margins() to use currency=all query param for array resp\n- Fix account state timestamp to use server time instead of local time\n- Add multi-currency divisor support for MAMUSd and RLUSd stablecoins\n- Add LastPricePreLaunch variant to BitmexMarkMethod enum', 'Update dependencies and release notes\n\nUpgrade ruff to 0.15.0 and fix new lints.', 'Update README', 'Fix spot Position base currency commission sign\n\nNegate base currency commission in position quantity adjustment so it\ncorrectly reduces (not increases) holdings.\n\n- Fix test commission values to standardize calculations\n- Add tests for spot partial fills, round-trip close, sell exposure\n- Resolves #3546', 'Refine OrderList with create_list and enforce invariants\n\n- Add `OrderFactory::create_list` for backward-compat prior to builder\n- Strengthen `OrderList` invariants (duplicates, trader_id)\n- `OrderAny::set_order_list_id`, propagate list ID in create_list\n- Add get_orders_for_list to core types, reduce adapter boilerplate\n- Rename OrderList field `orders` to `client_order_ids`', 'Fix credential and auth header leaks in trace logging\n\n- Remove trace log exposing api_key and passphrase in Coinbase\n- Redact HTTP request debug to log only method and URL', 'Optimize Money::from_decimal with integer arithmetic\n\n- Rewrite from_decimal with mantissa/scale (~3x faster)\n- Add from_mantissa_exponent constructor for adapters\n- Add Mul<Decimal>/Div<Decimal> traits for Money\n- Change commission storage from f64 to Money\n- Add Money benchmarks, PyO3 and Cython bindings\n- Fix from_raw lazy assert (~23x faster)', 'Add missing unsubscribe feature to Dydx websocket client', 'Delete unnecessary Dydx data client Rust tests', 'Fixed two missed enum updates']","['committed (#3609)', 'committed (#3547)', 'committed (#3537)', 'committed (#3535)', 'committed (#3506)', 'committed (#3557)', 'committed (#3530)', 'committed (#3556)', 'committed (#3552)', 'committed (#3540)', 'committed (#3438)', 'committed (#3534)', 'committed (#3521)', 'committed (#3551)', 'committed (#3536)', 'committed (#3514)', 'committed (#3554)', 'committed (#3526)', 'committed (#3495)', 'committed (#3543)', 'committed (#3541)', 'committed (#3538)', 'committed (#3528)', 'committed (#3548)', 'committed (#3531)', 'committed (#3527)']","[65387, 65395, 65403, 65411, 65419, 65427, 65435, 65443, 65451, 65459, 65467, 65475, 65483, 65491, 65499, 65507, 65515, 65523, 65531, 65539, 65547, 65555, 65563, 65571, 65579, 65587, 65595, 65603, 65611, 65619, 65627, 65635, 65643, 65651, 65659, 65667, 65675, 65683, 65691, 65699, 65707, 65715, 65723, 65731, 65739, 65747, 65755, 65763, 65771, 65779, 65787, 65795, 65803, 65811, 65819, 65827, 65835, 65843, 65851, 65859, 65867, 65875, 65883, 65891, 65899, 65907, 65915, 65923, 65931, 65939, 65947, 65955, 65963, 65971, 65979, 65987, 65995, 66003, 66011, 66019, 66027, 66035, 66043, 66051, 66059, 66067, 66075, 66083, 66091, 66099, 66107, 66115, 66123, 69741, 69749, 69757, 69765, 69773, 69781, 69789, 69797, 69818, 69826, 69861, 69930, 70099, 70131, 70139, 70150, 70210, 70268, 70276, 70284, 70292, 70300, 70456, 70483, 70734, 70792, 70955, 70984, 70992, 71000, 71008, 71016, 71024, 71032, 71040, 71048, 71056, 71064, 71072, 71080, 71088, 71138, 71179, 71187, 71223, 71317, 71361, 71387, 71421, 71486, 71517, 71553, 71747, 71755, 71763, 71771, 71779, 71787, 71795, 71803, 71811, 71819, 71846, 72194, 72216, 72227, 72809, 72817, 73391, 76832]","[65389, 65397, 65405, 65413, 65421, 65429, 65437, 65445, 65453, 65461, 65469, 65477, 65485, 65493, 65501, 65509, 65517, 65525, 65533, 65541, 65549, 65557, 65565, 65573, 65581, 65589, 65597, 65605, 65613, 65621, 65629, 65637, 65645, 65653, 65661, 65669, 65677, 65685, 65693, 65701, 65709, 65717, 65725, 65733, 65741, 65749, 65757, 65765, 65773, 65781, 65789, 65797, 65805, 65813, 65821, 65829, 65837, 65845, 65853, 65861, 65869, 65877, 65885, 65893, 65901, 65909, 65917, 65925, 65933, 65941, 65949, 65957, 65965, 65973, 65981, 65989, 65997, 66005, 66013, 66021, 66029, 66037, 66045, 66053, 66061, 66069, 66077, 66085, 66093, 66101, 66109, 66117, 66125, 69743, 69751, 69759, 69767, 69775, 69783, 69791, 69799, 69820, 69828, 69863, 69932, 70101, 70133, 70141, 70152, 70212, 70270, 70278, 70286, 70294, 70302, 70458, 70485, 70736, 70794, 70957, 70986, 70994, 71002, 71010, 71018, 71026, 71034, 71042, 71050, 71058, 71066, 71074, 71082, 71090, 71140, 71181, 71189, 71225, 71319, 71363, 71389, 71423, 71488, 71519, 71555, 71749, 71757, 71765, 71773, 71781, 71789, 71797, 71805, 71813, 71821, 71848, 72196, 72218, 72229, 72811, 72819, 73393, 76834]","Fix Polymarket BinaryOption fee parsing

- Convert basis points to decimal fraction when parsing fees
- Add basis_points_as_decimal helper function
- Add unit tests for basis_points_as_decimal
Add Strategy market exit capability in Rust

- Add market_exit with iterative order cancellation and position closing
- Add manage_stop config to auto-exit before stop() completes
- Deny non-reduce-only orders during exit (MARKET_EXIT_IN_PROGRESS)
- Add on_market_exit and post_market_exit lifecycle hooks
- Add comprehensive test coverage for market exit flows
Refine backtest trade execution and trailing stop handling

- Change `trade_execution` default from `False` to `True`
- Fix trade ticks triggering fills when `trade_execution=False`
- Fix MAKER limit orders over-filling on L1 books
- Extract method to respect TriggerType for trailing stop activation
- Update documentation and add tests for additional scenarios
Add Architect AX instrument provider sandbox script

- Add sandbox script to exercise AxInstrumentProvider against sandbox
- Add test directory structure under tests/integration_tests/adapters/
Update dependencies and release notes
Fix get_trades pagination for Dydx
Separate quotes and orderbook deltas subscriptions
Refactor NautilusWsMessage to use native Nautilus types for market data
Add configurable bulk read batch size for Redis cache

Adds `bulk_read_batch_size` option to `CacheConfig` to enable batching
of MGET operations during cache loading. When set, bulk reads are
chunked to avoid exceeding request size limits on some Redis providers.

- Added `bulk_read_batch_size: Option<usize>` to CacheConfig
- Added `read_bulk_batched()` function for batched MGET operations
- `RedisCacheDatabase::read_bulk()` uses batching when configured
- Added test for batched bulk reads
- Updated docs

🤖 Generated with [Claude Code](https://claude.com/claude-code)

Co-Authored-By: Claude Opus 4.5 <noreply@anthropic.com>
Add bulk_read_batch_size to Python CacheConfig binding
Remove invalid empty order list test

OrderList class does not allow empty orders collection, so
test_submit_order_list_empty_list was testing an impossible
scenario and would always fail with ValueError.
Add Interactive Brokers subscribe index price functionality (#3514)
Add OKX instIdCode support for WebSocket order ops (#3536)

OKX is deprecating the instId parameter in favor of instIdCode for
WebSocket order operations. This adds:

- Parse inst_id_code from OKX instrument API responses
- Cache instId to instIdCode mapping in WebSocket client
- Include instIdCode in all WebSocket order param structs
- Look up and include instIdCode in order submissions
Fix Betfair RCM parsing for nullable fields

- Make ft, id fields optional in RCM structs to match observed API data
- Skip race changes and runners with missing required IDs during parsing
Add timestamp cutoff filtering for statuses in generate_mass_status for Dydx execution client
Add mark price, index price, and funding rate subscriptions to dYdX data client
fix: conform to error and wording conventions
Refine Betfair rate limiting docs
Continue Architect AX adapter
Refine Betfair adapter docs and error handling

- Add SSL certificates, tick scheme, TIF mapping, and order docs
- Add session management and multi-node deployment sections
- Add fill handling edge cases and stream conflation notes
- Use actual error messages in order rejection reasons
- Fix config.py docstring typos (cert_dir -> certs_dir)
Add Polymarket event_slug_builder support (#3501)
Add OrderBookDeltas historical request support (#3438)
Standardize Hyperliquid command variable naming to cmd

- Rename `command` to `cmd` in execution method parameters
- Aligns with convention used across all other adapters
Fix IB contract for ESTX50 IND contract
Add Ichimoku Cloud indicator
Add subscription tracking to Python dYdX data client
Fix IB options missing ^ prefix on index underlying symbols

When using IB_SIMPLIFIED symbology, options on index underlyings (e.g., SPX)
were missing the ^ prefix on their underlying symbol. This caused issues
with GreeksCalculator which constructs the underlying instrument ID as
""{instrument.underlying}.{venue}"" - without the prefix it would look for
""SPX.XCBO"" instead of ""^SPX.XCBO"".

Now parse_option_contract adds the ^ prefix when underSecType is ""IND""
and symbology_method is IB_SIMPLIFIED.
Use VecDeque for message buffer in dYdX WS handler
Refine handling of OrderBookDeltas
Add Polymarket batch order support (#3506)
Add OKX batch cancel support for conditional (algo) orders

- Add cancel_algo_orders HTTP endpoint for batch canceling algo orders
- Separate algo orders from regular orders in batch cancel
- Add instIdCode caching from instrument requests for WS order ops
- Add tests for batch cancel order categorization
Fix Tardis deltas snapshot boundaries with CLEAR (#3530)
Add expiration processing tests for SimulatedExchange

- Add test for expiration firing only once on repeated process
- Add test for multiple instruments expiring at different times
- Add test for reset re-enabling expiration processing
Add Ichimoku Cloud indicator (#3552)
Finish Python dydx client v4
Remove unnecessary periodically orderbook http fetch from DydxDataClient
Refactor dYdX submit_order and cancel_all_orders to use short-lived cache borrows
Refactor dYdX v4 adapter (#3521)
Fix Position flat detection for floating-point edge cases

- Use quantity.is_zero() as source of truth instead of signed_qty == 0.0
- Normalize signed_qty to 0.0 when position becomes flat
- Add rounding in Python apply_adjustment to prevent precision drift
- Add tests for floating-point precision edge cases
Add IB index option prefix parsing test

Verify SPX option underlying parsed as ^SPX with IND type.
Fix BitMEX trigger_type parsing and handling

- Fix REST parsing to extract trigger_type from exec_inst
- Add extract_trigger_type helper in common/parse.rs
- Add trigger_type for trailing stops without stop_px in both parsers
Refine dYdX v4 adapter and split v3 docs

- Replace mnemonic config with private_key to match Rust pyo3 API
- Remove dead code: types.py, common/urls.py, unused env var constants
- Use pyo3 URL functions directly instead of Python wrappers
- Split dYdX docs into separate v3 and v4 guides
- Consolidate bar resolution mapping in Rust data client
Improve Betfair fill cache with stream/HTTP reconciliation

- Defer fill cache cleanup to HTTP confirmation or 15min TTL
- Mark all terminal orders to prevent stale state transitions
- Add timer-based periodic sweep for fill cache entries
- Record completion timestamps for orders synced on startup
Standardize Deribit adapter with raw interval default

- Add get_interval helper defaulting to Raw when authenticated
- Remove _raw subscription methods and pyo3 stubs
- Flatten data/mod.rs and execution/mod.rs to single files
- Update Deribit data client tests for interval parameter
Fix UnsubscribeInstrumentClose message handler routing

- Fix DataEngine routing UnsubscribeInstrumentClose to wrong handler
- Add instrument_status and instrument_close subscribe/unsubscribe tests
- Remove banner comments from Rust data engine tests
Fix Tardis batched delta state corruption on invalid records

- Parse delta records before mutating batch state
- Propagate fill_pending_batches errors in tests
Optimize Price and Quantity fixed-point conversions

- Optimize Price/Quantity from_decimal with integer arithmetic
- Extract common decimal_to_fixed_i128, mantissa_exponent_to_fixed_i128
- Add Cython from_decimal_c for Price/Quantity avoiding str roundtrip
- Add arithmetic ops (Div<f64> for Price; Add/Sub/Div<f64> for Quantity)
- Add criterion benchmarks and property tests for Price and Quantity
- Add property-based testing docs to developer guide
- Fix precision validation on zero fast-path in from_mantissa_exponent
Fix dYdX market order execution: fills-before-orders, fill correlation, and IOC
Improve requesting of bars for Dydx data client
Refactor dYdX cancel_order to use short-lived cache borrows
Improve Deribit book subscriptions and handling

- Add depth parameter to book subscriptions for grouped channel
- Force grouped book channel to 100ms interval (raw not supported)
- Track subscription depths for proper unsubscribe in Python data client
- Extract book parsing functions for snapshot/delta levels
Refine Polymarket event_slug_builder UX and docs

- Auto-set load_all=True when event_slug_builder is configured
- Add event_slug_builder documentation to polymarket.md
- Move check_clob_response to http/errors module
- Update examples to remove redundant load_all=True
Improve Redis bulk read batch_size validation

- Return error instead of panic when `batch_size` is zero
- Add test for zero batch_size error case
Fix Betfair duplicate cancel events from HTTP/stream race

- Guard HTTP cancel path against duplicate terminal events
- Track replaced venue_order_ids to ignore late updates
- Add tests for HTTP/stream cancel race conditions
Fix order book deltas buffering and follow-ups

- Fix deltas buffering to publish at each F_LAST boundary
- Fix empty book to_deltas missing F_LAST on Clear delta
- Remove interval_ms from subscribe_order_book_deltas/depth
- Rename _handle_order_book_deltas_request for consistency
- Add F_LAST flag spec to data.md and adapters.md docs
- Add tests for to_deltas flags and multi-boundary buffering
- Follow-ups for #3438
Add log message no-terminating-period pre-commit check
Fix Polymarket examples to use instrument_config

- Update data and exec tester examples to use `instrument_config`
- Use `PolymarketInstrumentProviderConfig` instead of base class
- Add breaking change entry to release notes
Add metadata validation for parquet file consolidation

- Reject consolidation of files with mismatched metadata
- Add test for conflicting precision metadata
- Relates to #3549
Fix market order subticks=0 rejection by computing worst-case slippage price

dYdX rejects orders with subticks=0. Market orders now use oracle_price * (1 +/- 5% slippage) to compute a worst-case IOC limit price, matching the official dYdX market order submission pattern.
Fix tag parsing default serde field in dYdX WebSocket handler
Add quote synthesis from orderbook deltas to Python dYdX data client

Synthesize QuoteTick from top-of-book when orderbook deltas are received.
Maintains local OrderBook per instrument with active quote subscription,
applies deltas, and emits deduplicated quotes based on price/size changes.
Remove redundant MarketExitStrategy message
Add BetfairOrderVoided custom data type for VAR voids

- Add BetfairOrderVoided data type for voided matched bets (e.g., VAR)
- Publish void events via CustomData when sv > 0 in order stream
- Add _handle_data() to BetfairExecutionClient for publishing
- Add tests for serialization, persistence, and live flow
Fix IB options missing ^ prefix on index underlying symbols (#3540)

When using IB_SIMPLIFIED symbology, options on index underlyings (e.g., SPX)
were missing the ^ prefix on their underlying symbol. This caused issues
with GreeksCalculator which constructs the underlying instrument ID as
""{instrument.underlying}.{venue}"" - without the prefix it would look for
""SPX.XCBO"" instead of ""^SPX.XCBO"".

Now parse_option_contract adds the ^ prefix when underSecType is ""IND""
and symbology_method is IB_SIMPLIFIED.
Standardize execution report error handling across adapters

- Add _log_report_error method to LiveExecutionClient base class
- Replace duplicated except blocks across adapters with standard method
- Add CancelledError handling to all report generation methods
Improve Architect AX adapter guide
Add order context cleanup on order terminal state
Add to releases.md
Add OKX instIdCode support for WebSocket order operations

OKX is deprecating the instId parameter in favor of instIdCode for
WebSocket order operations. This adds:

- Parse inst_id_code from OKX instrument API responses
- Cache instId to instIdCode mapping in WebSocket client
- Include instIdCode in all WebSocket order param structs
- Look up and include instIdCode in order submissions
Finish Rust dydx adapter
Improve Strategy market exit with manage_stop option

- Add manage_stop config to defer stop() until market exit completes
- Add is_exiting() method to check if market exit is in progress
- Deny non-reduce-only orders during market exit (allow reduce-only)
- Add sufficient test coverage for market exit behavior
- Document market exit feature in strategy concepts guide
Fix Betfair reconciliation with stale fill data

- Use cached fill qty/avg_px when API returns stale data during recon
- Populate avg_px in OrderStatusReport (was always None)
- Fix order status from ACCEPTED to PARTIALLY_FILLED when fills exist
- Guard against None average_price_matched comparisons
Refine Hyperliquid adapter

- Add factory implementations for LiveNode integration
- Add CLOID cache methods and resolution for order/fill tracking
- Validate orders before marking as submitted, deny on failure
- Fix WS connect to await connection before returning success
- Fix spot bar requests to use raw_symbol for API calls
- Handle PARTIALLY_FILLED order status and FFI panics gracefully
- Relates to #3152
Refine processing of expirations in SimulatedExchange (#3538)
Add market exit config for time in force and reduce only

- Add market_exit_time_in_force to StrategyConfig
- Add market_exit_reduce_only to StrategyConfig
- Rename inflight_check_interval_ms to market_exit_interval_ms
- Add TimeInForce to msgspec encoding/decoding/schema hooks
Decode dYdX client order IDs during reconciliation
Fix sequence 0 infinite loop, encapsulate sequence in TransactionManager
fixup! Add order context cleanup on terminal order status
Move wallet ownership into TransactionManager
Client order id encoding Rust
Address comments, add tests, and update subscribe example
Fix batch order issues and improve error handling

- Fix index out of bounds in _process_batch_response using zip()
- Handle response length mismatch by rejecting unprocessed orders
- Add try/except in _sign_orders_for_batch for individual failures
- Return tuple of (signed_orders, signed_args) from signing method
- Reject failed-to-sign orders individually instead of failing batch
- Document _cancel_all_global and _cancel_market_orders as fire-and-forget
- Remove duplicate local imports in _cancel_market_orders
- Add tests for signing failure and response length mismatch
Add OrderList.is_bracket() and fix example strategy

- Add is_bracket() method to OrderList in Rust and Cython with tests
- Fix ema_cross_bracket_algo to use STOP_LIMIT entries
- Add TP/SL params to Bybit WS order builder for future use
- Refactor _submit_order_list_ws to extract order_list and orders vars
Refine settlement_prices config for backtest venues

- Rename custom_settlement_prices to settlement_prices across codebase
- Move settlement_prices config option to BacktestVenueConfig
- Add type annotations dict[InstrumentId, float] to all declarations
- Add missing docstrings for settlement_prices parameter
Improve Hyperliquid adapter testing
Add BitMEX trailing stop support and refactor adapter

- Add TRAILING_STOP_MARKET order type with price-based offset
- Refactor broadcast modules to top-level directory
- Remove unused top-level error.rs, use anyhow for enum conversions
- Use infallible From<OrderSideSpecified> for BitmexSide conversion
- Update bitmex.md docs with trailing stop usage and examples
Fix IB spurious tick size warnings for index subscriptions (#3543)

- Fix spurious tick size warnings for IB index subscriptions
- Suppress invalid tick size warnings for index subscriptions (indices have no volume)
- Extract INDEX_MARKET_DATA constant for subscription type identifier

* remove release line item since should've just been part of the other PR. minor fix, no need to call out
Standardize adapter commission sign convention in Rust

- Remove fee negations (positive = cost, negative = rebate)
- Remove incorrect .abs() normalization in Hyperliquid and Deribit
- Clarify OKX parse_fee comment (negation correct for OKX)
- Update dYdX test assertions to match new convention
- Relates to #3546
Fix broken intra-doc links in dYdX adapter

- Qualify `initialize_sequence` doc link with `Self::` prefix
- Remove redundant parenthetical from dYdX v3 docs heading
Fix itm_prob calculation to use N(d2) instead of normalized delta
Refine memory management in databento adapter
Improve authenticator config parsing error logging
allow None in own_book and own_synthetic_book
Improve dYdX data client subscription handling (#3537)

* Add missing unsubscribe feature to dYdX WebSocket client
* Add multi-message buffering to dYdX WebSocket handler
* Fix tag parsing default serde field in dYdX WebSocket handler
* Remove unnecessary periodically orderbook http fetch from DydxDataClient
* Separate quotes and orderbook deltas subscriptions
* Use VecDeque for message buffer in dYdX WS handler
* Add book sequence gap detection and emit-on-next candles to dYdX WS handler
* Add state clearing on reconnect to dYdX WS handler
* Optimize JSON parsing in dYdX WS handler hot path
* Extract market data parsing from dYdX WS handler to parse module
* Fix orderbook sequence check to detect regressions not gaps

The dYdX message_id is a connection-wide counter shared across all
channels, so per-topic gaps are expected. Changed check from strict
sequential (id != last + 1) to monotonicity (id <= last) to only
warn on actual out-of-order/duplicate messages.

* Add mark price, index price, and funding rate subscriptions to dYdX data client
* Refactor NautilusWsMessage to use native Nautilus types for market data
* Add quote synthesis from orderbook deltas to Python dYdX data client

Synthesize QuoteTick from top-of-book when orderbook deltas are received.
Maintains local OrderBook per instrument with active quote subscription,
applies deltas, and emits deduplicated quotes based on price/size changes.
Fix clippy lints
Add Databento bulk subscription and historical request support (#3490)

- Add bulk instrument_id support to historical requests (bars, quotes, trades)
- Add batched definition subscriptions (_ensure_subscribed_for_instruments)
- Add subscription acknowledgement handling with configurable timeout
- Add consolidated schema support (OHLCV-1S, OHLCV-1M, OHLCV-1H, OHLCV-1D)
- Fix zero-length interval edge case at dataset boundary
- Add subscribe_order_book_snapshots and subscribe_quote_ticks bulk methods
Add flush on start check before loading cache
Replace dYdX periodic instrument refresh with real-time WebSocket updates
Refactor dYdX request_trades with pagination and deduplication
Extract market data parsing from dYdX WS handler to parse module
Fix orderbook sequence check to detect regressions not gaps

The dYdX message_id is a connection-wide counter shared across all
channels, so per-topic gaps are expected. Changed check from strict
sequential (id != last + 1) to monotonicity (id <= last) to only
warn on actual out-of-order/duplicate messages.
fix: resolve clippy warning and fmt in csv stream
Add book sequence gap detection and emit-on-next candles to dYdX WS handler
Add ClientOrderIdEncoder for bidirectional dYdX u32 ↔ ClientOrderId mapping

- Introduce ClientOrderIdEncoder with sequential allocation to guarantee no collisions
- Add reverse lookup (decode) for WebSocket message correlation
- Replace hash-based generate_client_order_id_int with encoder.encode()
- Clean up encoder mappings on terminal order states
- Add overflow protection at u32::MAX - 1000
Incorporate TickTypeEnums instead of hard coded values for ticks returned from reqMktData. Removed unused TickTypeMapping dict
Add Betfair RCM parsing for TPD race data

- Add BetfairRaceRunnerData and BetfairRaceProgress custom data types
- Add parsing/rcm.py module with msgspec structs and BetfairRCMParser
- Add parse_betfair_rcm_file() for backtesting with RCM files
- Integrate RCM handling into BetfairDataClient for live streaming
- Document custom data types and subscription patterns in betfair.md
Refine backtest engine timer handling

- Add _process_next_timer method for processing timers
- Support timer callbacks that dynamically add data iterators
- Add tests coverage for timer edge cases
- Document timer-only backtest behavior and limitations
- Thanks to @faysou for the initial implementation in PR #3456
Refine Makefile build targets

- Add install-deps target and make build targets depend on it
- Rename install-just-deps to install-deps for brevity
- Simplify install/install-debug to delegate to build targets
Fix Makefile install targets
Refactor dYdX v4 data client (#3547)

* Replace dYdX periodic instrument refresh with real-time WebSocket updates
* Add subscription tracking to Python dYdX data client
* Refactor dYdX request_trades with pagination and deduplication
* Fix get_trades pagination for Dydx
* Improve requesting of bars for Dydx data client
Add order fields to BetfairOrderVoided

- Add price, size, side, avg_price_matched, size_matched fields
- Fields sourced from Betfair streaming Order (p, s, side, avp, sm)
- Update Arrow schema, serialization, and all test call sites
Add subaccount check and log warning if empty
remove release line item since should've just been part of the other PR. minor fix, no need to call out
Fix GreeksCalculator to use index price for index instruments

- Check asset_class == INDEX in GreeksCalculator._get_price to use cache.index_price()
- Fall through to regular price lookup if no index price available
Refine processing of expirations in SimulatedExchange
Add TypeScript/Bun FFI bindings for NautilusTrader core, model, and common modules

Introduces a new `nautilus-bun` Rust cdylib crate that aggregates FFI symbols
from core, model, and common crates with heap-allocating `bun_` wrappers for
structs >8 bytes (required by Bun's FFI limitation). Adds a TypeScript/Bun
package with wrapper classes for UUID4, datetime, enums, identifiers (Symbol,
Venue, InstrumentId, TradeId, etc.), financial types (Price, Quantity, Currency,
Money), and clocks (TestClock, LiveClock). All 76 tests pass.

Co-Authored-By: Claude Opus 4.5 <noreply@anthropic.com>
Standardize Kraken adapter subscriptions

- Remove venue validation from Kraken (now centralized in exec engine)
- Reorder subscription methods per adapter conventions
- Fix OrderDenied vs OrderRejected for pre-submission errors in Python
- Refactor symbol prefix checks to use `kraken_product_type_from_symbol`
Fix Deribit trades requests with proper pagination (#3548)
Refactor OrderList to store IDs and fetch orders from cache

- Change OrderList to store Vec<ClientOrderId> instead of Vec<OrderAny>
- Add SubmitOrderList.order_inits for serialization payloads
- Add Cache::orders_for_ids() helper for order lookups with logging
- Add SubmitOrder::from_order() and OrderList::from_orders() factories
- Strategy inserts orders into cache before sending commands
Improve short vs long term broadcasting and order submission in Dydx
Improve Dydx order id encoder and websocket client
Fix Deribit request trades with proper pagination
Optimize JSON parsing in dYdX WS handler hot path
fix(tardis): emit CLEAR on snapshot boundaries in batched deltas

  Count CLEAR toward limit; add tests for limits and flags
Fix inverse instrument base_currency access across accounting

- Use get_base_currency() method instead of base_currency attribute
- Fixes CryptoOption which uses underlying, not base_currency
- Add tests for MakerTakerFeeModel with inverse instruments
Fix order cancel not releasing locked balance in backtest

- Only clear locked balances for authoritative externally reported state
- Fix Cache.update_account to update in-memory state, not just database
- Use updated account from AccountsManager.update_orders in portfolio
- Add regression test coverage
- Resolves #3525
Add queued execution command endpoint for re-entrancy safety

- Add command queue endpoint to avoid RefCell borrow conflicts
- Add SyncTradingCommandSender and try_get_trading_cmd_sender for later
- Update OrderManager.send_exec_command to use queued endpoint
- Add comprehensive re-entrancy tests for msgbus and live runner
Add dYdX v4 bars_timestamp_on_close support

- Add bars_timestamp_on_close config option (standard pattern)
- Fix stale bar emission from candle snapshot seeding
- Make base_token_volume optional with zero fallback
- Add HTTP/WS parse function unit tests
Fix cache loading stale data when flush_on_start is True (#3551)

* Add flush on start check before loading cache
* Add live node cache tests
Improve Hyperliquid adapter execution and vault correctness

- Fix vault address for account queries across Rust and Python
- Fix start() to avoid nested block_on panic in tokio runtime
- Defer cloid cleanup until FILLED + fill observed (partial fills)
- Fix USD to USDC for account balance currency
- Route data WS events through data_sender in data client
Fix IB contract for ESTX50 IND contract (#3556)
Add live node cache tests
Add order context cleanup on terminal order status
Centralize execution venue validation in Rust
Refine exercise and settlement of expiring instruments (#3531)
Add configurable bulk read batch size for Redis cache (#3535)

* Add configurable bulk read batch size for Redis cache

Adds `bulk_read_batch_size` option to `CacheConfig` to enable batching
of MGET operations during cache loading. When set, bulk reads are
chunked to avoid exceeding request size limits on some Redis providers.

- Added `bulk_read_batch_size: Option<usize>` to CacheConfig
- Added `read_bulk_batched()` function for batched MGET operations
- `RedisCacheDatabase::read_bulk()` uses batching when configured
- Added test for batched bulk reads
- Updated docs
Refactor Databento data client and add integration tests

- Extract _resolve_instrument_ids_and_dataset helper (DRY)
- Add integration tests for request handlers
- Follow-ups for #3490
Harden Postgres SQL and credential security

- Validate SQL identifiers and escape passwords in DDL
- Mask credentials in Postgres connection log messages
- Redact api_secret in KrakenCredential Debug impl
Port dYdX v4 Python execution client to new Rust PyO3 API
Fix spurious tick size warnings for IB index subscriptions

- Suppress invalid tick size warnings for index subscriptions (indices have no volume)
- Extract INDEX_MARKET_DATA constant for subscription type identifier
Add multi-message buffering to dYdX WebSocket handler
Add state clearing on reconnect to dYdX WS handler
Refine exercise and settlement of expiring instruments
Update dependencies including arc-swap ordering fixes
Refine BitMEX adapter

- Improve multi-currency and timestamp handling
- Fix get_all_margins() to use currency=all query param for array resp
- Fix account state timestamp to use server time instead of local time
- Add multi-currency divisor support for MAMUSd and RLUSd stablecoins
- Add LastPricePreLaunch variant to BitmexMarkMethod enum
Update dependencies and release notes

Upgrade ruff to 0.15.0 and fix new lints.
Update README
Fix spot Position base currency commission sign

Negate base currency commission in position quantity adjustment so it
correctly reduces (not increases) holdings.

- Fix test commission values to standardize calculations
- Add tests for spot partial fills, round-trip close, sell exposure
- Resolves #3546
Refine OrderList with create_list and enforce invariants

- Add `OrderFactory::create_list` for backward-compat prior to builder
- Strengthen `OrderList` invariants (duplicates, trader_id)
- `OrderAny::set_order_list_id`, propagate list ID in create_list
- Add get_orders_for_list to core types, reduce adapter boilerplate
- Rename OrderList field `orders` to `client_order_ids`
Fix credential and auth header leaks in trace logging

- Remove trace log exposing api_key and passphrase in Coinbase
- Redact HTTP request debug to log only method and URL
Optimize Money::from_decimal with integer arithmetic

- Rewrite from_decimal with mantissa/scale (~3x faster)
- Add from_mantissa_exponent constructor for adapters
- Add Mul<Decimal>/Div<Decimal> traits for Money
- Change commission storage from f64 to Money
- Add Money benchmarks, PyO3 and Cython bindings
- Fix from_raw lazy assert (~23x faster)
Add missing unsubscribe feature to Dydx websocket client
Delete unnecessary Dydx data client Rust tests
Fixed two missed enum updates"
2026-05-04,76,24.0,32.5,8.5,11.25,45.25,True,high,3.6176470588235294,191,180,"['Update gitignore', 'Improve Hyperliquid module layout and exec test coverage\n\n- Add tests for submit, modify, account, and lifecycle paths\n- Flatten data and execution modules to top-level files\n- Remove unread instrument_refresh_active field from data client', 'Refine Kraken adapter and stop margin balance handling\n\n- Propagate synthetic `AccountBalance` build errors\n- Keep spot margin helper types below client impls\n- Clean Kraken margin docs, comments, and test helpers', 'Remove adapter legacy environment configs\n\n- Remove legacy environment flags from adapter configs\n- Rename Binance and Kraken mainnet environments to live\n- Reject unsupported Binance Futures and Kraken Spot demo configs\n- Update docs, examples, stubs, and release notes', 'Fix OwnOrderBook parity in Rust\n\n- Mirror Cython venue order ID overwrite on `OrderUpdated`\n- Keep own-book cleanup running after venue ID conflicts\n- Add own-book coverage for external reconciliation\n- Update own order book docs', 'Add OwnOrderBook property tests\n\n- Add state-machine proptests against an own-book reference model\n- Cover audit, grouping, filters, and opposite-book transforms\n- Document the test coverage in release notes', 'Refine custom_data macro docs and follow-ups\n\n- Document typed-element whitelist for `#[custom_data_field(json)]`\n- Add `RELEASES.md` entries for the feature and signature change\n- Drop redundant `serde::` qualifier in defi deserializers\n- Related to #4003', 'Refine Kraken Spot WebSocket order routing\n\n- Use shared `cmd_tx` handle so WS sends observe the live channel\n- Route trailing/iceberg/unsupported trigger orders via REST on WS path\n- Add per-call `use_ws_trade` override on Rust execution client\n- Document Spot WS order routing and always-REST shapes', 'Fix flaky Polymarket test', 'Add Cache existence, view, and iterator functions\n\n- Add `has_*` short-circuit existence methods for orders and positions\n- Add `_view` Cow methods that skip clones when unfiltered\n- Add `iter_*` lazy iterators that skip Vec materialization\n- Migrate strategy, portfolio, and adapter callers off materialization', 'Remove redundant OrderMatchingCore init flags in Rust\n\n- Remove `is_bid/ask/last_initialized` fields from the core\n- Use `Option::is_some`/`is_none` at engine call sites\n- Avoid stale-flag panic on direct `core.bid` assignment', 'Sync master with upstream v1.226.0\n\nReplace the fork master tree with nautechsystems/nautilus_trader upstream/master at 38b912a8b0fe14e4046773973ff46a3b798b1e3e (tag v1.226.0). This intentionally drops fork-local changes from PR #2 so master matches upstream exactly.', 'Reapply Polymarket order path safeguards', 'fix(hyperliquid): align outcome market ids and resolution paths', 'Fix IB reconnect before server version handshake', 'Drop unrepresentable IB market data tick sizes', 'Refine Cache order lifecycle updates\n\n- Apply `OrderEventAny` through `Cache::update_order`\n- Keep `replace_order` for non-event snapshots\n- Move execution, emulator, and trading paths to events\n- Propagate non-transition pending-order cache errors\n- Add cache, duplicate-fill, and emulator regressions', 'Add BacktestNode native strategy binding\n\n- Add `add_native_strategy` for PyO3 `BacktestNode` engines\n- Regenerate v2 backtest stubs for the new node method\n- Note plugin API limits for custom native Rust strategies', 'Fix Deribit cross margin balance counting (#4009)', 'Refine Deribit cross-margin parsing docs', ""Fix SQL ParserError for symbols containing ampersand (#4025)\n\n* Fix SQL ParserError for symbols containing ampersand\n* Replace non-ascii alphanumerics with '_' for sql safe identifiers\n\nReplace all non-ASCII-alphanumeric characters with underscores when\nbuilding SQL-safe identifiers, instead of only handling a small set of\npunctuation characters."", ""Merge remote-tracking branch 'origin/develop' into feature/hyperliquid-outcome-market-analysis"", 'hyperliquid: auto-rotate active priceBucket instrument', 'Refine PR', 'Fix deribit cross margin balance counting', 'feat(deribit): add DVOL volatility index CustomData support', 'Add LICENSE symlinks', 'Fix Deribit StopMarket missing filled_amount in response\n\n- Default `filled_amount` to zero when Deribit omits the field\n- Add fixture and regression test for untriggered trigger orders\n- Resolves #3995', 'Fix OrderMatchingEngine precision updates\n\n- Cancel incompatible resting orders after instrument updates\n- Drop stale precision-mismatched bars before matching\n- Normalize compatible fills and cancel invalid FoK orders\n- Cover tick-only updates and sandbox bar routing\n- Related to #3994', 'Add Bybit hedge-mode venue position IDs\n\n- Map `positionIdx=1/2` to `<instrument>-LONG`/`-SHORT` venue IDs\n- Carry hedge ID onto fills via WS dispatch and Python cache\n- Stop terminal-pop on `FILLED` so spot-borrow accumulator survives', 'Fix Portfolio account clone overhead\n\n- Rework order recalculation to mutate cached accounts in place\n- Add owned cache account helpers for account-state updates\n- Cover restore paths and cache account-state failures\n- Resolves #4004', 'Add Kraken Spot WebSocket v2 order submission (#4007)\n\nImplement WebSocket v2 order submission for the Kraken Spot adapter,\nrouting add_order, amend_order, cancel_order and batch_add through\nthe authenticated WS connection rather than REST by default.\n\nPer-call routing:\n- submit_order, modify_order, cancel_order and submit_order_list use\n  WS v2 when use_ws_trade=True (default) and the socket is active;\n  fall back to REST otherwise.\n- use_ws_trade=False per-call override on KrakenExecClientConfig\n  forces REST regardless of socket state.\n- Quote-quantity orders bail to REST in both single-submit and batch\n  paths because the dispatch identity skips them and the WS order_qty\n  field would otherwise carry the wrong unit.\n- FOK time-in-force bails the WS path so per-call routing falls back\n  to REST; Kraken WS v2 has no FOK value (only GTC, IOC, GTD).\n\nRequest and response handling:\n- KrakenWsAddOrderParams, KrakenWsBatchAddOrder, amend and cancel\n  param structs added to messages.rs with full field coverage:\n  leverage, trigger, expire_time, time_in_force, post_only,\n  reduce_only, conditional close.\n- OrderRequestState tracks outbound requests by req_id, correlates\n  responses, emits typed OrderEventAny events, and exposes a\n  cancellation token so timeout tasks abort cleanly on shutdown.\n- ws_request_timeout_secs config emits a synthesized OrderRejected\n  (with the timeout-fire timestamp, not the send time) and fires a\n  best-effort compensating cancel-by-cl_ord_id when a submit or\n  batch_add times out, so a delayed venue acceptance does not leave\n  an orphan order on the exchange.\n- handle_batch_add_response treats a missing per-leg result as a\n  rejection rather than inheriting envelope.success, with a reason\n  carrying the legs_sent vs legs_received counts.\n- emit_order_updated reads the amended quantity from a new\n  PendingRequest.new_quantity field so OrderUpdated reflects the\n  requested change instead of the originally registered quantity.\n- WsDispatchState::insert_accepted now atomically returns whether\n  the entry was newly inserted, replacing the racier\n  contains-then-insert pattern across all dispatch paths.\n- build_add_order_params and build_batch_order bail when a limit\n  order has no price or a conditional order has no trigger price,\n  so misconstructed orders are rejected before reaching the venue.\n\nTests:\n- Unit tests for OrderRequestState (submit, amend, cancel, batch_add,\n  timeout, compensating cancel, ts_event clock-fire timing,\n  cancellation-token shutdown, atomic insert_accepted dedup).\n- Property test for response interleaving.\n- Mock WebSocket integration test for the WS-trade routing path.\n- Serialisation tests covering leverage, trigger, expire_time and\n  TIF field omission.', 'Refactor Execution reconciliation module\n\n- Reorder orders.rs and positions.rs top-down (callers above callees)\n- Trim public re-exports in mod.rs to the API used externally\n- Use PositionSideSpecified for VenuePositionSnapshot.side\n- Rename pyo3 binding to process_mass_status_for_reconciliation\n- Drop unused _instrument param from adjust_fills_for_partial_window', 'chore: remove worktrees from git index', 'feat(hyperliquid): add outcome paper trading strategy with buy-sell validation\n\n- Add OutcomePaperStrategy example for Hyperliquid prediction markets\n- Add from_pyo3_c method to BinaryOption for PyO3->Cython conversion\n- Update t-plan.md marking Phase B (sandbox paper trading) as complete\n- Verified 10-minute mainnet stability with market buy/sell flow\n\nThe strategy auto-discovers outcome instruments, subscribes to live\nmarket data, and demonstrates paper trading via SandboxExecutionClient.', 'Refine and update dependencies\n\n- Replace `serde_with` attributes with local `display_fromstr` function\n- Upgrade `redis` to v1.2.1 and `tokio` to v1.52.2 (tokio perf fix)\n- Bump `arrow`, `arrow-row`, and `parquet` to v58.2.0', 'Fix Polymarket ambiguous submit handling\n\n- Treat statusless and unknown submit errors as pending outcomes\n- Cache expected venue order IDs for WS and fill recovery\n- Keep quote-market BUY sizing and deferred cancels coherent\n- Document the adapter policy and cover Rust and Python paths', 'Align Strategy registration tags in Rust\n\n- Keep Rust strategy configs immutable during registration\n- Treat explicit `strategy_id` as the runtime ID source\n- Reject mismatched or duplicate order ID tags on Rust and Python paths\n- Update docs and release notes for Rust ID handling', 'Improve Hyperliquid credential and wallet management docs', 'Add nautilus-event-store redb backend\n\n- Persist one redb file per run; commits use Durability::Immediate\n- Open-time crash check loads hwm and max_ts_init for sealing\n- Detect Gap when committed seq is missing in scan paths\n- Map redb errors to typed Disk/Corrupted/Backend taxonomy\n- Add integration tests and proptest roundtrip against tempdir', 'hyperliquid: priceBucket 15m smoke + fix limit kw', ""Replace non-ascii alphanumerics with '_' for sql safe identifiers\n\nReplace all non-ASCII-alphanumeric characters with underscores when\nbuilding SQL-safe identifiers, instead of only handling a small set of\npunctuation characters."", 'Fix IB shutdown reader RuntimeError', 'feat(hyperliquid): add allMids CustomData support', 'Stabilize dev venv install and preserve local test data\n\n- Make build.py write a local `.pth` for cross-cwd imports\n- Exclude `tests/test_data/local/` from distclean to keep fixtures', 'Fix Kraken spot margin wallet balance for multi-asset collateral (#3997)', 'Fix OKX missing rebase instrument status (#3998)', 'Harden Interactive Brokers callback ordering races (#3976)', 'Align Strategy tag composition in Rust\n\n- Compose runtime `StrategyId` values from `order_id_tag`\n- Keep actor IDs and generated IDs on `strategy_id.get_tag()`\n- Add tests for registry, order ID, and position ID paths\n- Document Rust strategy ID composition to match Cython', 'Make arrow support optional (#4008)', 'Fix continuous reconciliation drift in Rust\n\n- Apply venue amendments before fills for one-pass convergence\n- Suppress OrderUpdated for pending venue states until confirmed\n- Detect price/trigger drift on Market/LimitIfTouched orders\n- Treat None report price/trigger as not reported, not drift\n- Surfaced by DST soak under continuous reconciliation chaos', 'Remove redundant trigger-reindexing workflow', 'Update dependencies and release notes', 'Merge pull request #2 from cluborange/merged_with_master\n\nInitial Changes + Merge Master', 'Harden Polymarket websocket parse-error logging', 'feat(hyperliquid): wire outcome paper-trading validation flow', 'hyperliquid: outcome markets expiry refresh + targetPrice\n\n- Parse priceBinary params into instrument info\n\n- Refresh outcome instruments on next expiry\n\n- Add targetPrice helper and docs', 'Support JSON fields in `custom_data` macro', 'Preserve Databento quote and trade price precision', 'Fix Kraken retry logic and execution instrument cache\n\n- Extract `kraken_http_should_retry` shared fn, adds rate-limit retry\n- Cache instrument per order in websocket_spot for symbol-less execs\n- Fix timer test microsecond precision comparison\n\nCo-Authored-By: Claude Sonnet 4.6 <noreply@anthropic.com>', 'Fix Kraken spot/futures reconciliation isolation and leverage range\n\n- Isolate spot and futures error paths in generate_position_status_reports\n  so a spot failure no longer blocks the futures query\n- Gate spot call when instrument_id resolves to futures product type,\n  and vice versa, to avoid redundant cross-market requests\n- Extract synthetic-FLAT spot margin logic to _synthesize_flat_spot_margin_reports\n- Validate leverage param is within u16 range [0, 65535] in _parse_leverage\n  to produce a clean OrderDenied before generate_order_submitted is called', 'Upgrade prek and osv-scanner', 'Add cargo-fuzz tooling support\n\n- Pin `cargo-fuzz` 0.13.1 in workspace tools\n- Wire `cargo-fuzz` into install-tools and outdated checks\n- Skip cargo-fuzz crates in Cargo convention pre-commit hook', 'Fix Model mantissa exponent panic tests\n\n- Match panic expectations to type constructor context\n- Cover standard and high precision overflow paths', 'Upgrade rust_decimal', 'Scope live position reconciliation by account (#4029)', 'Harden Polymarket websocket parse-error handling (#4038)', 'Fix OrderMatchingEngine cached fill cleanup in Rust\n\n- Always clear `cached_filled_qty` when an order leaves the engine\n- Move `MarketToLimit` clear into its own handler after the read\n- Add `cached_filled_qty_len()` accessor for test assertions', 'Harden execution/sandbox market-data failure paths', 'docs(hyperliquid): add detailed development plan for outcome market paper trading\n\nAdd comprehensive development plan for Hyperliquid prediction market (HIP-4):\n\nCode Style Analysis:\n- Documented project structure and module organization\n- Defined naming conventions and error handling patterns\n- Specified documentation requirements (file headers, doc comments)\n\nDevelopment Phases (40 hours total):\n1. Phase 1 (8h): Type definitions - enums, structs, CustomData\n2. Phase 2 (10h): Data parsing - parse_outcome_instruments(), tests\n3. Phase 3 (16h): Paper trading core - execution, validation, settlement\n4. Phase 4 (6h): WebSocket integration - price validation\n\nImplementation Specifications:\n- OutcomeOrderValidator with [0.001, 0.999] price range\n- Full collateral margin calculation (no leverage)\n- Binary settlement: (outcome - entry) * size\n- PaperFillEvent simulation based on BBO\n- SettlementEngine for position settlement\n\nTesting Requirements:\n- Unit test coverage >= 80%\n- Integration tests for full flow\n- Price validation tests\n\nAlso updated README.md to reference the new document.\n\nRefs: 01-overview.md, 02-paper-trading-implementation.md', 'Add Binance market data collectors for T1 basis research\n\nLane 0D scaffold for the BTC capital-efficient long (T1) plan. Adds a minimal\nraw-bytes-to-S3 collector for Binance public WS streams, designed to run as a\nsystemd service on the observability VM and start accumulating historical\nmicrostructure data while the rest of Phase 0 stands up.\n\nComponents\n- binance_collector.py: asyncio worker, one process per (venue, symbol-set).\n  Streams depth diffs + trades (+ markPrice for USDM futures) into rotated\n  NDJSON shards, uploads to S3 every 60s. On-disk buffer survives process\n  restart; failed uploads move to a failed-dir for manual retry, never\n  deleted. Prometheus exporter on a per-instance port.\n- systemd/binance-collector@.service: hardened template unit.\n  NoNewPrivileges, ProtectSystem=strict, RestrictAddressFamilies, MemoryMax.\n- systemd/*.env.example: per-instance config (spot, USDM perp, USDM quarterly).\n- alertmanager-rules.yaml: freshness + disconnect + upload-failure +\n  systemd-restart-loop alerts.\n- tests/test_collector.py: 6 pytest asyncio tests covering write,\n  reconnect-after-disconnect, size-rotation, S3 failure handling, plus\n  S3 key partition format.\n- README.md: laptop dev recipe (with local minio), production install,\n  Prometheus wiring, daily reconciliation skeleton.\n\nDesign notes\n- Raw NDJSON only; canonicalization to Parquet is a separate ETL in Phase 1.\n  Keeps the collector small and incapable of corrupting the archive.\n- Watchtower is systemd liveness + Prometheus event-freshness, not a\n  separate watcher process.\n- No API keys required (public WS streams).\n\nThis unblocks the calendar-critical data accumulation track. Engineering\nwork in Phase 1+ runs in parallel.\n\nSee ~/.gstack/projects/nautilus_trader/ceo-plans/2026-05-03-btc-basis-t1-research.md\nfor the broader plan and §8 Phase 0 Lane 0D for context.', 'Fix Kraken factory tests for CacheView signature change\n\nConvert Rc<RefCell<Cache>> to CacheView via .into() so the\nExecutionClientFactory::create signature on origin/develop is\nsatisfied.\n\nCo-Authored-By: Claude Opus 4.7 (1M context) <noreply@anthropic.com>', 'Restructure OrderMatchingCore for price-time priority\n\n- Split limit/stop books per side via BTreeMap for price-time order\n- Add `AHashMap` ID index and `SmallVec` inline per-level buckets\n- Add `iter_*` API and Criterion benches for hot paths\n- Rename `OrderMatchInfo` to `RestingOrder`', 'Fix BacktestEngine account state recalculation in Rust\n\n- Apply `calculate_account_state` and `allow_cash_borrowing` to cache\n- Persist `update_balances` mutations back to the cached account\n- Populate margin `AccountState` balances (was empty)\n- Fix `RefCell` reentrancy in `Portfolio::update_position`\n- Resolves #3988', 'Reduce Execution reconciliation log noise\n\n- Move routine reconciliation deferrals to debug in Rust and Python\n- Log generated report totals at debug in Rust adapters', 'Fully redact DatabaseConfig passwords in repr (#4028)', 'Harden matching engine and sandbox against stale-precision ticks (#4044)\n\n* Harden execution/sandbox market-data failure paths\n* Complete sandbox trade precision filtering paths\n* Align quote tick docs with fail-soft behavior', 'Add optional Rust signing path for Polymarket orders\n\n- New `use_rust` PolymarketExecClientConfig flag wires an\n  optional `py_clob_rust_adaptor.PyClobClient` into the execution\n  client. Posting still goes through the Python V2 client; only\n  signing is delegated to Rust.\n- Limit orders sign via Rust when configured (`asyncio.gather`\n  parallel signing for batches), with a JSON→SignedOrderV2 wrapper\n  so the V2 client routes the payload through `order_to_json_v2`.\n- Market orders sign as aggressive limits at the per-tick-size\n  boundary (max for BUY, min for SELL) using a new\n  POLYMARKET_MIN_MAX_PRICES map; `order.quantity` is treated as\n  base shares on the Rust path, matching prior fork behavior.\n\nCo-Authored-By: Claude Opus 4.7 (1M context) <noreply@anthropic.com>', 'Complete sandbox trade precision filtering paths', ""Merge remote-tracking branch 'origin/develop' into pr-3924"", 'Add Kraken Spot WebSocket v2 order submission\n\nImplement WebSocket v2 order submission for the Kraken Spot adapter,\nrouting add_order, amend_order, cancel_order and batch_add through\nthe authenticated WS connection rather than REST by default.\n\nPer-call routing:\n- submit_order, modify_order, cancel_order and submit_order_list use\n  WS v2 when use_ws_trade=True (default) and the socket is active;\n  fall back to REST otherwise.\n- use_ws_trade=False per-call override on KrakenExecClientConfig\n  forces REST regardless of socket state.\n- Quote-quantity orders bail to REST in both single-submit and batch\n  paths because the dispatch identity skips them and the WS order_qty\n  field would otherwise carry the wrong unit.\n- FOK time-in-force bails the WS path so per-call routing falls back\n  to REST; Kraken WS v2 has no FOK value (only GTC, IOC, GTD).\n\nRequest and response handling:\n- KrakenWsAddOrderParams, KrakenWsBatchAddOrder, amend and cancel\n  param structs added to messages.rs with full field coverage:\n  leverage, trigger, expire_time, time_in_force, post_only,\n  reduce_only, conditional close.\n- OrderRequestState tracks outbound requests by req_id, correlates\n  responses, emits typed OrderEventAny events, and exposes a\n  cancellation token so timeout tasks abort cleanly on shutdown.\n- ws_request_timeout_secs config emits a synthesized OrderRejected\n  (with the timeout-fire timestamp, not the send time) and fires a\n  best-effort compensating cancel-by-cl_ord_id when a submit or\n  batch_add times out, so a delayed venue acceptance does not leave\n  an orphan order on the exchange.\n- handle_batch_add_response treats a missing per-leg result as a\n  rejection rather than inheriting envelope.success, with a reason\n  carrying the legs_sent vs legs_received counts.\n- emit_order_updated reads the amended quantity from a new\n  PendingRequest.new_quantity field so OrderUpdated reflects the\n  requested change instead of the originally registered quantity.\n- WsDispatchState::insert_accepted now atomically returns whether\n  the entry was newly inserted, replacing the racier\n  contains-then-insert pattern across all dispatch paths.\n- build_add_order_params and build_batch_order bail when a limit\n  order has no price or a conditional order has no trigger price,\n  so misconstructed orders are rejected before reaching the venue.\n\nTests:\n- Unit tests for OrderRequestState (submit, amend, cancel, batch_add,\n  timeout, compensating cancel, ts_event clock-fire timing,\n  cancellation-token shutdown, atomic insert_accepted dedup).\n- Property test for response interleaving.\n- Mock WebSocket integration test for the WS-trade routing path.\n- Serialisation tests covering leverage, trigger, expire_time and\n  TIF field omission.\n\nCo-Authored-By: Claude Sonnet 4.6 <noreply@anthropic.com>', 'Use equity as total in Kraken spot margin wallet balance\n\nPrevious commit used `from_total_and_free(wallet_amount, mf)`, which\nsilently degrades to `locked=0` in multi-asset accounts: when `mf`\nexceeds the single-currency cash wallet (e.g., ZUSD=6.77 while\nmf=185.25 across ETH/BTC/USDT collateral), `from_total_and_free`\nclamps `free` to `wallet_amount`, leaving `locked=0`. The margin\nreservation is real but invisible to risk checks.\n\nFix: replace the raw wallet entry for `margin_balance_asset` with a\nsynthetic `AccountBalance` using `total=e` (equity across all\ncollateral assets) and `free=mf`, giving `locked = e - mf = m`.\nSince `mf = e - m` and `m >= 0`, `e >= mf` always — no clamping\never fires. Risk checks see the correct free margin regardless of\nhow many assets contribute to collateral.\n\nThe raw wallet entry for the target currency is skipped in the\n`filter_map` and replaced by the equity-based entry via `.chain()`,\nkeeping the pipeline functional and mutation-free. In cash mode\n`free_margin = None`, the guard never fires, and all wallets retain\n`locked=0` — no regression. `equity` is parsed from `tb.e` before\nthe metrics map consumes the field.\n\nTest assertions updated: `total=198499.67` (=e), `locked=12500`\n(=m) from fixture, replacing the previous ZUSD-wallet values.\n\nCo-Authored-By: Claude Sonnet 4.6 <noreply@anthropic.com>', ""Fix Hyperliquid modify overfill on cancel-replace\n\n- Subtract filled qty when sending modify quantity to venue\n- Promote OrderUpdated with user's absolute total, not remainder\n- Skip builder attribution on testnet\n- Resolves #3986\n- Resolves #3989"", 'Fix Interactive Brokers market data farm reconnect events (#3968)\n\nTWS error 2103 (""Market data farm connection is broken"") and 2104\n(""Market data farm connection is OK"") are dispatched whenever IBKR\'s\ndata farm hiccups — a frequent occurrence on long-running paper and\nlive nodes. The existing _resubscribe_all() recovery path is already\nwired to fire on a CONNECTIVITY_RESTORED_CODES match; without 2103/2104\nin the lost/restored sets, both events are logged as warnings (via the\ngeneric 2100 <= code < 2200 is_warning branch) and silently ignored,\nleaving the adapter with stale subscriptions.\n\nObserved in the wild: a 3-second farm blip (2103 → 2104) caused two\nstrategies to silently stop receiving 5-min bars while AccountState\nheartbeats continued, masking the failure for 8+ hours.\n\nAdd 2103 to CONNECTIVITY_LOST_CODES and 2104 to\nCONNECTIVITY_RESTORED_CODES. The rest of the recovery machinery in\nclient.py works unchanged.', 'Align CI build-v2 workflow\n\n- Run v2 Rust tests and wheel builds in the same matrix job\n- Keep Rust-test setup gated by the CI plan output\n- Clean nextest profile artifacts before the maturin wheel build', 'Fix Strategy pending order events\n\n- Generate `OrderPendingCancel` and `OrderPendingUpdate` before commands\n- Consolidate `Strategy` order params into `Option<Params>`\n- Update Rust callers, PyO3 bindings, examples, docs, and notes\n- Add tests for pending events and optional order-list params\n\nPlan to improve ergonomics in a later API update.', 'Preserve Databento market data price precision (#4002)', 'Add Bybit BBO order support\n\n- Add BBO side type and level parsing for Bybit order params\n- Wire BBO fields through Bybit HTTP, WS, and Python clients\n- Cover BBO order paths with Rust and Python tests\n- Document Bybit BBO params and add release notes', 'Drop unrepresentable IB market data tick sizes (#4022)', ""Refactor Cache order storage to shared cells\n\n- Store orders in per-order Rc<RefCell<OrderAny>> cells\n- Add `OrderRef<'a>`, `OrderRefMut<'a>` and `order_owned` accessors\n- Closes stale-clone bugs from clone-then-dispatch flows\n- Document shared-mutability storage in rust developer guide\n\nFilip identified the same root pattern in #2323 with a\n`SharedOrder = Rc<RefCell<OrderAny>>` alias returned from every\naccessor. This refactor splits the contract: reads return\n`OrderRef<'a>` (shared borrow), writes return `OrderRefMut<'a>`\n(exclusive borrow), and both newtypes hide the smart pointer and\npanic loudly if held across a conflicting access.\n`Cache::order_owned` is the explicit primitive for owned snapshots\nthat cross boundaries. Engines drop the borrow before event\ndispatch and re-read the cache for post-event state, making the\ndispatch a clean transaction boundary at every site.\n\nCo-authored-by: Filip Macek <filip_macek@hotmail.com>"", 'Refine adapter and strategy Cache queries\n\n- Push instrument and side filters into dydx cancel-all\n- Replace `is_empty` with `count > 0` in example strategies', 'Fix OrderMatchingEngine boundary-tick GTD expiry in Rust\n\n- Run iterate matching before GTD and instrument expiry\n- Add regression test for boundary-tick GTD fill\n- Extend `OrderBookDeltaTestBuilder` with `ts_init` setter', 'Add Bullet.xyz perpetuals adapter\n\nImplements a full live trading adapter for Bullet.xyz (https://bullet.xyz),\na decentralized perpetuals exchange on a Solana-based rollup.\n\n## Components\n\n**Rust crate** (`crates/adapters/bullet/`):\n- `BulletHttpClient`: REST API for market data, account, and open-orders queries\n- `BulletOrderClient`: Transaction signing (ed25519 + borsh + chain-hash) and\n  submission for place, amend (cancel-replace), and cancel operations;\n  batch cancel via a single on-chain `CancelOrders` transaction\n- `BulletWebSocketClient`: Streaming market data (quotes, depth, trades, mark\n  prices) and authenticated order-update feed with automatic reconnect +\n  subscription replay\n- `BulletInstrumentProvider`: Instrument loading from `/fapi/v1/exchangeInfo`\n\n**Python adapter** (`nautilus_trader/adapters/bullet/`):\n- `BulletDataClient`, `BulletExecutionClient`, factories, providers, configs\n- Cancel-replace amend tracking: suppresses the `CANCELED` for the old order\n  and emits `OrderUpdated` when the replacement `NEW` arrives\n- WS reconnect monitor: refreshes account state after reconnect\n\n**Tests**: 24 Rust unit tests, 37 Python integration tests\n\n**Examples**: data tester, exec tester (place→amend→cancel), fill tester,\nmarket maker skeleton\n\n**Docs**: `docs/integrations/bullet.md` with environment table, key signing,\nconfiguration reference, and example scripts\n\nLive-tested on Bullet testnet: full place→amend→cancel lifecycle,\nmarket-crossing fills, and streaming data verified.\n\nCo-Authored-By: Claude Sonnet 4.6 <noreply@anthropic.com>', 'Add trader control plane snapshots', 'style(example): remove unused imports in outcome paper strategy', 'hyperliquid: support priceBucket outcomes\n\n- Parse outcomeMeta questions for priceBucket thresholds\n\n- Attach bucket metadata + expiry to instruments\n\n- Add Python helpers + tests', 'Fix SQL ParserError for symbols containing ampersand', 'Handle sandbox tick-size precision races safely\n\nHandle tick-size changes atomically across book and matching #3942', 'Add top-level benchmarking policy\n\n- Add `BENCHMARKING.md` covering approach, scope, CI, methodology\n- Trim developer guide to practitioner reference', 'Improve OrderMatchingEngine v2 Cython parity\n\n- Reject AT_THE_OPEN/AT_THE_CLOSE orders via OrderRejected event\n- Flip OrderMatchingEngineConfig defaults to match Cython\n- Lock parity via tests for TIF rejection and config defaults', 'Add ExecutionEngine deny for custom position_id under NETTING\n\n- Deny submits with custom `position_id` under NETTING OMS\n- Fall through to client OMS for `Unspecified` overrides\n- Add tests for single, list, and `Unspecified` fallthrough\n- Document in OMS section of `execution.md`\n- Resolves #3991', 'Refactor Strategy cancel and modify to take order IDs in Rust\n\n- Take `ClientOrderId` in `cancel_order` and `modify_order` (Rust v2)\n- Take `Vec<ClientOrderId>` in `cancel_orders` (Rust v2)\n- Look up the order from the cache; return Err if not found\n- Submit APIs keep taking owned `OrderAny` (order not yet cached)', 'Attest Docker SBOMs and switch GHCR to GITHUB_TOKEN\n\n- Add `actions/attest-sbom` to merge jobs for both images\n- Replace PACKAGES_TOKEN with GITHUB_TOKEN for GHCR logins\n- Note Sigstore SBOM attestation in SECURITY.md', 'Add nautilus-event-store kernel integration\n\n- Write RunStarted on kernel start, RunEnded on graceful stop\n- Recover crashed predecessors at boot and link parent_run_id\n- Gate behind `event_store` feature, off by default', ""fix: don't emit OrderCancelRejected/OrderModifyRejected on transport errors in cancel and modify methods"", ""Lock Kraken spot margin wallet via TradeBalance mf\n\nKraken's TradeBalance endpoint returns `mf` (free margin = e - m,\nper https://docs.kraken.com/api/docs/rest-api/get-trade-balance/),\nthe venue-authoritative field used for order acceptance. Previously\n`AccountBalance.locked` was hardcoded to zero for all spot margin\nwallet entries, so risk checks saw inflated `balance_free` until a\nfill triggered `update_margin()`.\n\nNow `fetch_trade_balance_split` returns `mf` as a third tuple element\n(parsed `Decimal`). In `request_account_state_with_metrics`, the\nTradeBalance call is hoisted before the wallet loop; the wallet entry\nmatching `margin_balance_asset` (default ZUSD -> USD) is constructed\nvia `from_total_and_free(total, mf, currency)`, setting\n`locked = total - mf`. Non-matching wallets retain `locked = 0`.\n`from_total_and_free` clamps free to [0, total], handling the\nmulti-currency case where `mf` may exceed a single wallet bucket.\n\nAligns with the cross-adapter pattern used by Binance Futures,\nBitMEX, OKX, Bybit, and Kraken Futures. Closes the engine\n`MarginAccount::apply()` recalc gap for the refresh window.\n\nNew fixture `http_spot_balance.json` (ZUSD=200000) makes\n`locked = 14000.33` observable in tests (mf=185999.67 from the\nexisting TradeBalance fixture). Three new/extended tests cover the\nUSD wallet lock, non-margin wallet invariant, and GBP-target routing.\n\nCo-Authored-By: Claude Sonnet 4.6 <noreply@anthropic.com>"", 'Add Kraken spot margin trading support (#3962)\n\nAdds full spot margin trading to the Kraken adapter, with leverage,\nposition reconciliation via OpenPositions, margin metrics via TradeBalance,\nand reduce_only support — all gated by a per-client `spot_account_type`\nconfig switch.\n\nConfig (KrakenExecClientConfig)\n\n- spot_account_type: AccountType (default Cash). Margin enables leverage,\n  TradeBalance margin reporting, OpenPositions reconciliation, reduce_only\n- default_leverage: int | None — multiplier sent as ""N:1""; rejected on Cash\n- margin_balance_asset: Optional summary-display asset for TradeBalance\n  (e.g. ZUSD/ZGBP/USDT). None defaults to Kraken\'s ZUSD\n- use_spot_position_reports / spot_positions_quote_currency moved from\n  per-client setters into the config and threaded per-call through the\n  HTTP client (no more shared mutable state)\n\nValidation runs in both Python (__post_init__) and the Rust factory.\n\nAccount state\n\n- request_account_state_with_metrics fetches Balance + TradeBalance in a\n  single round-trip in margin mode and returns (AccountState, metrics)\n- TradeBalance `m` is mapped to MarginBalance.initial with maintenance=0\n  (recalculate_balance sums initial+maintenance for `locked`; duplicating\n  `m` would double-lock equity vs Kraken\'s `mf = e - m`)\n- Full TradeBalance snapshot surfaced via AccountState.info dict for\n  strategies (equity, free_margin, used_margin, unrealized_pnl,\n  margin_level, trade_balance, equivalent_balance, cost_basis, valuation,\n  unexecuted_value, asset)\n\nPosition reconciliation\n\n- New OpenPositions endpoint binding (handles Kraken\'s array-on-empty,\n  map-on-non-empty quirk via custom Deserialize)\n- Lots aggregated by pair into signed net Decimal quantity for NETTING\n  semantics; opposing buy/sell lots cancel exactly with no float dust\n- Non-open `posstatus` rows skipped\n- Synthetic FLAT report emitted for cache-open positions Kraken no longer\n  reports, so the engine reconciles closed positions (sweep runs in both\n  Rust ExecutionClient and Python LiveExecutionClient paths)\n\nOrder submission\n\n- Per-order leverage via SubmitOrder.params[""leverage""] (u16); falls back\n  to default_leverage; validated against AssetPairInfo.leverage_buy /\n  leverage_sell tiers cached at instrument-load time\n- Bails on cache-miss rather than silently forwarding an unvalidated\n  leverage to the venue\n- reduce_only forwarded only in Margin mode; Cash-mode reduce_only bails\n  at the HTTP layer (was previously logged-and-dropped) and is denied\n  earlier with OrderDenied at the execution-client layer\n- Batch path: list-level + per-order leverage via PyO3 binding; per-order\n  reduce_only carried as a parallel list (PyO3 tuple FromPyObject capped\n  at 12 elements). Length-mismatch raises ValueError to prevent silent\n  truncation\n- Invalid leverage params produce OrderDenied terminal events for every\n  order in a list rather than stranding any\n\nDocumentation\n\n- New ""Spot margin trading"" section in docs/integrations/kraken.md\n  covering config, per-order leverage, reduce_only, margin metrics, and\n  position reconciliation\n- Execution-instructions and position-management tables updated for spot\n  margin support; configuration table extended with the three new fields\n\nTests\n\n- Rust: leverage tier validation (valid/invalid/cache-miss/cash-mode),\n  reduce_only forwarding (margin) and bail (cash), OpenPositions\n  aggregation across opposing lots netting to long/short/flat,\n  TradeBalance error propagation, ZGBP asset round-trip, FLAT-on-closed,\n  unparsable volume bail, unknown-pair bail\n- Python: OrderDenied paths for invalid leverage and cash-mode\n  reduce_only (single + batch), margin metrics info-dict round-trip,\n  stale FLAT sweep for spot margin (and non-leakage to futures in dual\n  mode), per-order length-mismatch ValueError on PyO3 binding\n\nCo-Authored-By: Claude Sonnet 4.6 <noreply@anthropic.com>', 'Fix Cython OrderMatchingEngine.reset leaking OrderBook.ts_last\n\nOrderMatchingEngine.reset called self._book.clear(0, 0), which routes\nthrough OrderBook.increment whose ts_last/sequence are high-water marks:\n\n    self.ts_last = ts_event.max(self.ts_last)\n\nclear(0, 0) therefore preserves the prior run\'s last timestamp. The L1\nstale-event guard added in #3790 then drops every subsequent quote/trade\nwhose ts_event < that residual ts_last:\n\n    if trade.ts_event < self.ts_last:\n        return  # book is not mutated\n\nIn repeated-run scenarios (sweep / param-search where one BacktestEngine\ninstance is reset and re-run with the same data) this leaves the matching\ncore\'s bid/ask uninitialised, and every market order on subsequent runs\nis rejected with reason ""no market for {instrument_id}"".\n\nThe Rust matching engine reset path (crates/execution/src/matching_engine/\nengine.rs::reset, line 237) already calls book.reset(), which zeroes\nts_last. This change brings the Cython path to parity by replacing\nself._book.clear(0, 0) with self._book.reset().\n\nAdds tests/unit_tests/backtest/test_matching_engine.py::\ntest_reset_zeroes_book_ts_last as regression coverage: seeds the book\nwith a quote at ts_event=100, resets, then replays a quote with\nts_event=50 and verifies it is accepted (best bid/ask updated). The\ntest fails on the unfixed code (book.ts_last remains 100; the replay\nquote is dropped as stale and best bid/ask are still None).\n\nRepro outside the testsuite: a BacktestSweepEngine that runs >=2 trials\nback-to-back with the same data shows trial 1 producing fills, trial 2+\nproducing 0 trades with all entry orders rejected. After this patch\ntrials 1..N are byte-identical to a fresh-engine run.\n\nResolves the regression introduced in #3790 for repeated-runs / sweep\nbacktest scenarios.', 'Refine dYdX grid market maker tutorial and doc comments\n\n- Correct tutorial: short-term expiries emit indexer cancel events\n- Fix `SHORT_TERM_ORDER_MAXIMUM_LIFETIME` doc comments (40 blocks)\n- Update mermaid requote gate with ""no resting orders"" path', 'Wire the Interactive Brokers Rust adapter into v2 live trading (#3974)', 'Align Strategy order tags in Rust\n\n- Mirror Cython `order_id_tag` assignment before registration\n- Use tagged strategy IDs for factories, claims, and starts\n- Clean closed orders from own books without creating empty books\n- Cover tag collisions, pending cancel, and own-book cleanup', 'Fix IB shutdown reader RuntimeError (#4023)', ""Fix custom data parquet schema metadata on read\n\n- Use plain `add_file` so DataFusion keeps the file's schema metadata\n- Skip non-PyArrow `_schema` values when registering custom classes\n- Drop dead `#[allow(unsafe_code)]` on `pyarrow_schema_to_arrow_schema`\n- Related to #4021"", 'Fix IB reconnect before server version handshake (#4027)', 'Add nautilus-event-store bus capture adapter\n\n- `BusCaptureAdapter` encodes allow-listed messages, submits to writer\n- `EncoderRegistry` maps Rust TypeIds to (PayloadType, encoder) pairs\n- Encode `SubmitOrder`, `OrderFilled`, `OrderStatusReport` via msgpack\n- `IntentId` sidecar index derived from `Headers` at the adapter\n- `SubmitError` fires adapter halt callback once for kernel fail-stop', 'fix(pyo3): enable outcome instrument loader signature at runtime', ""Merge remote-tracking branch 'origin/develop' into feature/hyperliquid-outcome-market-analysis\n\n# Conflicts:\n#\tcrates/adapters/hyperliquid/src/websocket/handler.rs"", 'chore(pr): remove draft artifacts and harden outcome resolution', 'Fully redact DatabaseConfig passwords in repr', 'Make arrow support optional', 'Fix sandbox race on tick-size precision changes (#3994)', 'Update workspace dependencies\n\n- Update Rust and Python dependency pins from resolved lockfiles\n- Upgrade Interactive Brokers gateway Docker to `bollard` v0.21\n- Refresh `cargo-vet` exemptions for updated transitive crates\n- Add release notes for recent adapter and engine PRs', 'Add OKX event contracts support\n\n- Load `EVENTS` instruments as `BinaryOption` via series lookup\n- Support `outcome` and `speed_bump` on REST and WS orders\n- Expose event contract APIs through Python bindings and stubs\n- Document event contract setup, market data, and trading params\n- Add focused Rust and Python tests for event contract flows\n- Resolves #4005', 'Fix Binance WebSocket send_pong RuntimeError\n\n- Stop pong handler leaking `RuntimeError` on disconnect race\n- Add task done_callback so pong errors hit one chokepoint\n- Make Rust `py_send_pong` silent when connection not active\n- Switch `py_send`/`py_send_text` to typed `WebSocketClientError`\n- Resolves #4020', 'Add nautilus-event-store types\n\n- Add EventStoreEntry, Headers, and RunManifest types\n- Add EventStore trait with backend-agnostic surface\n- Add BLAKE3 entry hash with framed wire format\n- Add bincode 2 envelope codec with UnixNanos wire functions\n- Add criterion benches and envelope round-trip tests', 'Add Polymarket order timing logs', 'feat(hyperliquid): add outcome paper trading support (Phase B)\n\nImplement Phase B of Hyperliquid prediction market paper trading:\n\n- Add outcome_paper.rs example: Hyperliquid live data + Sandbox exec\n- Add outcome_validation module with price range guards\n- Add validation for outcome instruments (OUTCOME-*-OUTCOME pattern)\n- Add price range checks [0.001, 0.999] for binary option markets\n- Add order type recommendations (LIMIT for MVP)\n- Add comprehensive tests for validation functions\n\nThe paper trading setup combines:\n- Data client: HyperliquidDataClient (live market data)\n- Execution: SandboxExecutionClient (simulated fills)\n- Instrument: BinaryOption (outcome markets)\n\nTests: 11 new validation tests, all passing\nRefs: docs/hyperliquid-outcome-market/t-plan.md Phase B', 'Refinements', 'Improve Betfair Rust adapter integration tests\n\n- Expand integration tests for OCM, replace, and recovery flows\n- Fix `ignore_external_orders` skip on empty `rfo` strings\n- Make HTTP `connect()` idempotent with concurrent-call lock\n- Cancel in-flight retries and refresh token on `disconnect()`\n- Align Betfair unsubscribe log levels with Python', 'Remove redundant GTD check in OrderMatchingEngine\n\n- Drop duplicate GTD expiry check from iterate_orders\n- Drop unused timestamp_ns parameter from iterate_orders', 'Refine Databento price precision handling\n\n- Prefer definition metadata, cached precision, then overrides\n- Apply metadata precision to historical quotes and trades\n- Add explicit `stype_in` and remove the old sandbox binary\n- Update Databento docs, publisher mappings, and release notes\n- Related to #4002', 'Fix Polymarket market IOC order handling\n\n- Map Polymarket market IOC orders to FAK in Python and Rust\n- Reject unsupported market TIFs before signing and posting\n- Add Python and Rust tests for market TIF conversion\n- Document pUSD funding, TIF mappings, and Sockudo default\n- Resolves #4006', 'Align order lifecycle events in Rust\n\n- Publish init/update events after cache mutations succeed\n- Cover external, emulated, algorithm, and strategy order flows\n- Make base-currency commission adjustments replay deterministic\n- Add replay and no-duplicate publish tests for order lifecycles', 'Support JSON fields in custom_data macro (#4003)', 'Fix custom data parquet schema registration (#4021)\n\nCo-authored-by: fedoraiver <cck1772416022@gmail.com>', 'Regenerate Python v2 type stubs', ""Refine identifier deserialization in tagged enums\n\n- Switch `StackStr::deserialize` to `Cow<'de, str>` for TradeId\n- Consolidate all identifiers under one Cow-based serde macro\n- Add tagged-enum and `serde_json::Value` regression tests"", 'Standardize adapter venue and client ID constants\n\n- Add `<NAME>_CLIENT_ID` LazyLock to each adapter (except sandbox)\n- Replace bare `Venue::from`/`ClientId::from` literals across the patch\n- Document the venue and client ID constants', 'Add nautilus-event-store writer\n\n- Dedicated thread, bounded sync_channel, batches by size or latency\n- Stamps `seq` and `ts_publish`, advances watermark only on ack\n- Halt callback fires on stall past threshold or backend error\n- `Close` drains channel, writes `RunEnded`, seals manifest\n- `cfg(madsim)` synchronous variant skips channel and thread', 'Align OrderMatchingEngine trailing-stop timing in Rust\n\n- Inline trail recompute in `iterate` per-order loop (Cython parity)\n- Add single-shot target restore plus end-of-iterate fallback\n- Activate trailing-stops in `accept_order` before `OrderUpdated`\n- Add parity tests for trail timing and target restore', 'Add nautilus-event-store reader\n\n- Add `EventStoreReader` with chunked range scan and lookup paths\n- Reverse-scan first fetch clamps cursor to durable high-watermark\n- `RedbBackend::open_sealed` opens sealed runs for forensics replay\n- `RedbBackend::list_runs` enumerates run manifests by `instance_id`', 'Harden Interactive Brokers callback ordering races', 'Add CompositeMarketMaker Rust example strategy\n\n- Quote book-mid with inventory and signal residual skew\n- Trigger requote on anchor or signal residual price move\n- Add Python config bindings for native strategy use', 'Add nautilus-event-store crate scaffold\n\n- Specify bolt-on bus capture at message bus publish/send entry points\n- Use `redb` as the default backend behind an `EventStore` trait\n- Document replay modes and a determinism contract scoped to DST', 'Add per-account Portfolio snapshots in Rust\n\n- Add `PortfolioSnapshot` event for periodic mark-to-market emission\n- Add per-account snapshot timer gated by `snapshot_interval_ms`\n- Publish on `events.portfolio.{account_id}` via the msgbus router\n- Sum totals across all venues the account holds positions on\n- Related to #3899', 'Add OrderMatchingEngine option settlement in Rust\n\n- Settle option positions at expiration via cash, physical, or OTM legs\n- Auto-trigger expiration when timestamp reaches `expiration_ns`\n- Always emit `OrderAccepted` for expiration close orders', 'Migrate CI PyPI uploads to OIDC trusted publishing\n\n- Replace API token auth with `uv publish --trusted-publishing`\n- Drop PYPI_USERNAME and PYPI_TOKEN secrets from publish jobs\n- Document the change in SECURITY.md and OVERVIEW.md', 'Align OrderMatchingEngine trade override gate in Rust\n\n- Gate iterate bid/ask reset on `last_trade_size.is_none()` too\n- Add no-aggressor trade fills resting limit parity test\n- Parameterize queue-position cross-through test for BUY and SELL', ""fix: don't emit OrderCancelRejected on transport errors in cancel methods"", ""docs(hyperliquid): add technical decisions analysis for prediction markets\n\nAdd comprehensive analysis of key technical decisions for Hyperliquid\nprediction market (HIP-4) integration:\n\n1. BinaryOption vs CryptoPerpetual Analysis:\n   - BinaryOption is the correct instrument type for prediction markets\n   - It has specialized fields: activation_ns, expiration_ns, outcome, max/min_price\n   - AssetClass should be Alternative (not Crypto)\n   - Shows how Polymarket correctly uses BinaryOption::new_checked()\n   - Provides corrected code example for Hyperliquid\n\n2. Execution Module Analysis:\n   - Clarifies that Polymarket ALSO has execution module (71KB mod.rs)\n   - Explains why Live Adapters need ExecutionClient trait implementation\n   - Shows ExecutionClient core methods: submit_order, cancel_order, etc.\n   - Distinguishes between Paper Trading (no Execution) and Live Trading (needs Execution)\n   - Documents execution module responsibilities: signing, submission, tracking\n\n3. Architecture Diagrams:\n   - Paper Trading: Strategy -> PaperExecution -> DataClient\n   - Live Trading: Strategy -> ExecutionClient -> DataClient\n\nAlso updates README.md to reference the new document.\n\nKey Findings:\n- BinaryOption is semantically correct for prediction markets\n- Paper trading doesn't need Execution module\n- Live trading requires full ExecutionClient implementation\n- Polymarket serves as the correct reference implementation\n\nRefs: crates/adapters/polymarket/, crates/model/src/instruments/binary_option.rs"", 'fix: add OKX rebase instrument status', 'Wire the Interactive Brokers Rust adapter into v2 live trading\n\n# Conflicts:\n#\tCargo.lock', 'Add Kraken spot margin trading support (#3965)', 'Refine Tardis exchange and metadata parsing\n\n- Accept string-encoded numeric fields in Tardis metadata\n- Remove stale `crypto-com-derivatives` exchange variant\n- Update Tardis docs and enum mapping expectations', 'Fix Deribit silent drop on uncached subscribes\n\n- Add `auto_load_missing_instruments` config (default false)\n- Fail fast on subscribes for uncached instruments by default\n- Lazy-load missing instruments via HTTP when flag is enabled\n- Log cache misses in Quote, Ticker, Trades handler branches\n- Resolves #4035', 'Align DataEngine command and book paths in Rust\n\n- Publish quotes when `emit_quotes_from_book` flags set\n- Override subscribe routing to BACKTEST when registered\n- Run aggregator-emitted bars through `validate_data_sequence`\n- Clear book and option-chain state on engine reset\n- Create per-underlying books for composite subscribes', 'Harden matching/sandbox market-data update failure paths', 'Merge pull request #1 from atxinbao/codex/add-trader-facing-control-plane-foundation\n\nAdd read-only trader control-plane snapshots and CLI', ""Fix OKX OKXInstrumentStatus to gracefully handle future schema additions\n\nOKX has been adding new instrument states rapidly:\n- 2026-04-29: post_only (fixed by #3966)\n- ~2026-05-05: rebase (fixed by #3998)\n\nEach new state forces a tracking PR, and downstream users on released\nNT versions hit `unknown variant 'X'` panics on\nOKXInstrumentProvider.load_async() whenever OKX adds a state.\n\nThis PR adds a `#[serde(other)]` Unknown fallback variant matching the\npattern already used by OKXOrderCategory::Other in the same file:\n\n  pub enum OKXInstrumentStatus {\n      Live, Suspend, Preopen, Test, PostOnly, Rebase,\n      #[serde(other)]\n      Unknown,\n  }\n\nMapped to MarketStatusAction::NotAvailableForTrading.\n\n- Existing 6 variants behave exactly as before\n- Future OKX states deserialize as Unknown; instrument provider keeps\n  loading other instruments instead of crashing\n- Eliminates the tracking-PR cycle for OKX schema changes\n\nRefs: #3966, #3998\nOKX V5 API changelog: https://www.okx.com/docs-v5/log_en/"", 'Improve Polymarket trade parsing and backtest tooling\n\n- Add `PolymarketFeeModel` with maker-rebate inference\n- Add `sanitize_info` flag to strip resolution-bearing fields\n- Fix `parse_trades` collisions for multi-fill txs and same-second fills\n- Fix `fetch_trades` aborting on Data API offset ceiling\n- Mirror fixes in Rust adapter and share helpers via pyo3', 'Document Polymarket adapter additions and trim stale fee rates\n\n- Document composite TradeId, sanitize_info, and pagination ceiling\n- Document `PolymarketFeeModel` with maker-rebate inference\n- Trim fee-rate fallback to documented Polymarket rates', 'Fix OrderMatchingEngine modify snapshot refresh\n\n- Refresh `MatchingCore` resting order from cache after modify\n- Apply same refresh to trailing-stop activation paths\n- Add regression tests for modify, FIFO, and queue position', 'Fix Cython OrderMatchingEngine.reset leaking OrderBook.ts_last (#3992)\n\nOrderMatchingEngine.reset called self._book.clear(0, 0), which routes\nthrough OrderBook.increment whose ts_last/sequence are high-water marks:\n\n    self.ts_last = ts_event.max(self.ts_last)\n\nclear(0, 0) therefore preserves the prior run\'s last timestamp. The L1\nstale-event guard added in #3790 then drops every subsequent quote/trade\nwhose ts_event < that residual ts_last:\n\n    if trade.ts_event < self.ts_last:\n        return  # book is not mutated\n\nIn repeated-run scenarios (sweep / param-search where one BacktestEngine\ninstance is reset and re-run with the same data) this leaves the matching\ncore\'s bid/ask uninitialised, and every market order on subsequent runs\nis rejected with reason ""no market for {instrument_id}"".\n\nThe Rust matching engine reset path (crates/execution/src/matching_engine/\nengine.rs::reset, line 237) already calls book.reset(), which zeroes\nts_last. This change brings the Cython path to parity by replacing\nself._book.clear(0, 0) with self._book.reset().\n\nAdds tests/unit_tests/backtest/test_matching_engine.py::\ntest_reset_zeroes_book_ts_last as regression coverage: seeds the book\nwith a quote at ts_event=100, resets, then replays a quote with\nts_event=50 and verifies it is accepted (best bid/ask updated). The\ntest fails on the unfixed code (book.ts_last remains 100; the replay\nquote is dropped as stale and best bid/ask are still None).\n\nRepro outside the testsuite: a BacktestSweepEngine that runs >=2 trials\nback-to-back with the same data shows trial 1 producing fills, trial 2+\nproducing 0 trades with all entry orders rejected. After this patch\ntrials 1..N are byte-identical to a fresh-engine run.\n\nResolves the regression introduced in #3790 for repeated-runs / sweep\nbacktest scenarios.', 'Fix Polymarket residual ACCEPTED orders\n\n- Recover terminal status from /data/trades when get_order is empty\n- Fall back to cache venue_order_id index when client_order_id absent\n- Use Decimal arithmetic for dust threshold (Rust and Python parity)\n- Add helpers `sum_filled_quantity` and `weighted_average_price`\n- Resolves #4024', 'Implement live position reconciliation state per account\n\n- Key retry counters and activity throttles by instrument-account\n- Fix Rust venue report map collapsing multi-account positions\n- Fix Rust per-cycle dedup collapsing multi-account positions\n- Add per-account regression tests in Python and Rust', 'Optimize Cache order and position queries\n\n- Use size-ordered intersection in a single pass over filter sources\n- Skip `Vec<OrderRef>` materialization in `*_count` methods\n- Fix `orders_for_exec_algorithm` silently discarding filters\n- Add Criterion benches and unit tests for filter paths', 'Align OrderMatchingEngine queue-position fills in Rust\n\n- Drop cross-through bypass in `determine_trade_fill_qty`\n- Add parity test for cross-through trade with active queue', 'Add nautilus-event-store verifier\n\n- Walk every `seq`, recompute hash, detect gaps, surface findings\n- Cross-check sidecar indices and validate manifest invariants\n- Catch row-key/embedded-seq drift via `SeqMismatch` finding\n- Add `EventStore::iter_index_keys` for sidecar enumeration\n- `Verifier::open_redb` opens sealed redb files off-trader', 'Harden CI release signing and add verification\n\n- Verify wheel, sdist, and image signatures after publish in CI\n- Stop embedding NIGHTLY_TOKEN in nightly-merge remote URL\n- Add `step-security/harden-runner` to Docker merge jobs\n- Pin cosign-release to v3.0.6 and bump installer to v4.1.2\n- Document Sigstore verification in SECURITY.md, README, and docs', 'Align quote tick docs with fail-soft behavior', 'feat(hyperliquid): add outcome (prediction) market data support\n\nAdd support for Hyperliquid HIP-4 outcome (prediction) markets:\n\n- Add OutcomeMeta request type and response models\n- Add OutcomeDescriptor, OutcomeSideSpec for market metadata\n- Add OutcomeAsset helper for asset index encoding\n- Extend HyperliquidMarketType with Outcome variant\n- Implement parse_outcome_instruments() with correct asset encoding\n- Add BinaryOption instrument creation for outcome markets\n- Integrate outcome markets into instrument bootstrap\n- Add comprehensive unit tests\n\nAsset encoding follows official spec: asset = outcome_id * 10 + side\nwhere side 0 = Yes, 1 = No. Raw symbol format is ""#<asset>"".\n\nTests: 385 passed, 3 new outcome tests added\nRefs: docs/hyperliquid-outcome-market/t-plan.md Phase A', 'Scope live position reconciliation by account', 'Refinements 2', 'Add Betfair Rust adapter post-reconnect reconciliation\n\n- Halt submits with `STREAM_RECONCILING` while reconciling on reconnect\n- Trigger post-reconnect mass-status reconciliation via REST\n- Clear halt on disconnect and re-assert per reconnect iteration\n- Add `stream_gap_recovery_lookback_mins` config option\n- Extract `OcmState` into `stream::ocm` module', 'Fix Strategy submit order events in Rust\n\n- Publish `OrderInitialized` before cache updates on submits\n- Reject non-initialized submit orders before publishing events\n- Cover single-order, list, and market-exit event ordering\n- Add release note for Rust `Strategy` submit event ordering', 'Harden Testkit download against partial writes\n\n- Stream to unique .partial path then rename atomically on success\n- Retry transient body-stream errors instead of failing fast\n- Add tests for truncation recovery and bystander preservation', 'Add DataActor subscribe_signal priority\n\n- Add `priority: Option<u32>` to `subscribe_signal` (Rust + PyO3)\n- Widen msgbus subscription priority `u8` to `u32` (Cython parity)\n- Add priority-order, u32 boundary, and re-subscribe tests', 'Refactor Cache account and position storage to shared cells\n\n- Store accounts and positions in per-entry `SharedCell`\n- Add `AccountRef` and `PositionRef` borrow newtypes\n- Add `*_mut` and `*_owned` accessors for both\n- Apply account state events in place; `take_account` moves out', 'Add nautilus-event-store in-memory backend\n\n- Add `MemoryBackend` covering the full `EventStore` trait\n- Extend `append_batch` to take `AppendEntry` with sidecar `IndexKey`s\n- Report durable high-watermark on `OutOfOrder` rejection\n- Reject `RunStatus::Running` in `seal` to honor the close contract', 'Harden bar/precision mismatch paths in Rust and Cython engines']","['committed (#4087)', 'committed (#4078)', 'committed (#4032)', 'committed (#4027)', 'committed (#4022)', 'committed (#4021)', 'committed (#4009)', 'committed (#3985)', 'committed (#4049)', 'committed (#4025)', 'committed (#4023)', 'committed (#3984)', 'committed (#4048)', 'committed (#4038)', 'committed (#4003)', 'committed (#4002)', 'committed (#3996)', 'committed (#3965)', 'committed (#4044)', 'committed (#3993)', 'committed (#4007)', 'committed (#3997)', 'committed (#4045)', 'committed (#4033)', 'committed (#3994)', 'committed (#4047)', 'committed (#3992)', 'committed (#4028)', 'committed (#4008)', 'committed (#3974)', 'committed (#3976)', 'committed (#3998)', 'committed (#4037)', 'committed (#4005)', 'committed (#4029)']","[31216, 31224, 31232, 31240, 31248, 31256, 31264, 31272, 31280, 31288, 31296, 31304, 31312, 31320, 31328, 31336, 31344, 31352, 31360, 31368, 31376, 31384, 31392, 31400, 31408, 31416, 31424, 31432, 31440, 31448, 31456, 31464, 31472, 31480, 31488, 31496, 31504, 31512, 31520, 31528, 31536, 31544, 31552, 31560, 31568, 31576, 31584, 31592, 31600, 31608, 31616, 31624, 31632, 31640, 31648, 31656, 31664, 31672, 31680, 31688, 31696, 31704, 31712, 31720, 31728, 31736, 31744, 31752, 31760, 31768, 31776, 31784, 31792, 31800, 31808, 31816, 31824, 31832, 31840, 31848, 31856, 31864, 31872, 31880, 31888, 31896, 31904, 31912, 31920, 31928, 31936, 31944, 31952, 31960, 31968, 31976, 31984, 31992, 32000, 32008, 32016, 32024, 32032, 32040, 32048, 32056, 32064, 32072, 32080, 32088, 32096, 32104, 32112, 32120, 32128, 32136, 34021, 34029, 34038, 34046, 34054, 35368, 35376, 35384, 35920, 35928, 35955, 35963, 36516, 36545, 36553, 36561, 36749, 36785, 36793, 36913, 36922, 36983, 36991, 36999, 37007, 37015, 37023, 37031, 37039, 37047, 37055, 37063, 37071, 37079, 37087, 37095, 37103, 37111, 37220, 37256, 37282, 37354, 37376, 37452, 37497, 37553, 37561, 37866, 37906, 37935, 38031, 38127, 38172, 38288, 38330, 38338, 38384, 38392, 38400, 38408, 38416, 38424, 38487, 38534, 38562, 38904, 38964, 39284, 39388, 39396, 39404, 39934, 39942, 39950, 39961]","[31218, 31226, 31234, 31242, 31250, 31258, 31266, 31274, 31282, 31290, 31298, 31306, 31314, 31322, 31330, 31338, 31346, 31354, 31362, 31370, 31378, 31386, 31394, 31402, 31410, 31418, 31426, 31434, 31442, 31450, 31458, 31466, 31474, 31482, 31490, 31498, 31506, 31514, 31522, 31530, 31538, 31546, 31554, 31562, 31570, 31578, 31586, 31594, 31602, 31610, 31618, 31626, 31634, 31642, 31650, 31658, 31666, 31674, 31682, 31690, 31698, 31706, 31714, 31722, 31730, 31738, 31746, 31754, 31762, 31770, 31778, 31786, 31794, 31802, 31810, 31818, 31826, 31834, 31842, 31850, 31858, 31866, 31874, 31882, 31890, 31898, 31906, 31914, 31922, 31930, 31938, 31946, 31954, 31962, 31970, 31978, 31986, 31994, 32002, 32010, 32018, 32026, 32034, 32042, 32050, 32058, 32066, 32074, 32082, 32090, 32098, 32106, 32114, 32122, 32130, 32138, 34023, 34031, 34040, 34048, 34056, 35370, 35378, 35386, 35922, 35930, 35957, 35965, 36518, 36547, 36555, 36563, 36751, 36787, 36795, 36915, 36924, 36985, 36993, 37001, 37009, 37017, 37025, 37033, 37041, 37049, 37057, 37065, 37073, 37081, 37089, 37097, 37105, 37113, 37222, 37258, 37284, 37356, 37378, 37454, 37499, 37555, 37563, 37868, 37908, 37937, 38033, 38129, 38174, 38290, 38332, 38340, 38386, 38394, 38402, 38410, 38418, 38426, 38489, 38536, 38564, 38906, 38966, 39286, 39390, 39398, 39406, 39936, 39944, 39952, 39963]","Update gitignore
Improve Hyperliquid module layout and exec test coverage

- Add tests for submit, modify, account, and lifecycle paths
- Flatten data and execution modules to top-level files
- Remove unread instrument_refresh_active field from data client
Refine Kraken adapter and stop margin balance handling

- Propagate synthetic `AccountBalance` build errors
- Keep spot margin helper types below client impls
- Clean Kraken margin docs, comments, and test helpers
Remove adapter legacy environment configs

- Remove legacy environment flags from adapter configs
- Rename Binance and Kraken mainnet environments to live
- Reject unsupported Binance Futures and Kraken Spot demo configs
- Update docs, examples, stubs, and release notes
Fix OwnOrderBook parity in Rust

- Mirror Cython venue order ID overwrite on `OrderUpdated`
- Keep own-book cleanup running after venue ID conflicts
- Add own-book coverage for external reconciliation
- Update own order book docs
Add OwnOrderBook property tests

- Add state-machine proptests against an own-book reference model
- Cover audit, grouping, filters, and opposite-book transforms
- Document the test coverage in release notes
Refine custom_data macro docs and follow-ups

- Document typed-element whitelist for `#[custom_data_field(json)]`
- Add `RELEASES.md` entries for the feature and signature change
- Drop redundant `serde::` qualifier in defi deserializers
- Related to #4003
Refine Kraken Spot WebSocket order routing

- Use shared `cmd_tx` handle so WS sends observe the live channel
- Route trailing/iceberg/unsupported trigger orders via REST on WS path
- Add per-call `use_ws_trade` override on Rust execution client
- Document Spot WS order routing and always-REST shapes
Fix flaky Polymarket test
Add Cache existence, view, and iterator functions

- Add `has_*` short-circuit existence methods for orders and positions
- Add `_view` Cow methods that skip clones when unfiltered
- Add `iter_*` lazy iterators that skip Vec materialization
- Migrate strategy, portfolio, and adapter callers off materialization
Remove redundant OrderMatchingCore init flags in Rust

- Remove `is_bid/ask/last_initialized` fields from the core
- Use `Option::is_some`/`is_none` at engine call sites
- Avoid stale-flag panic on direct `core.bid` assignment
Sync master with upstream v1.226.0

Replace the fork master tree with nautechsystems/nautilus_trader upstream/master at 38b912a8b0fe14e4046773973ff46a3b798b1e3e (tag v1.226.0). This intentionally drops fork-local changes from PR #2 so master matches upstream exactly.
Reapply Polymarket order path safeguards
fix(hyperliquid): align outcome market ids and resolution paths
Fix IB reconnect before server version handshake
Drop unrepresentable IB market data tick sizes
Refine Cache order lifecycle updates

- Apply `OrderEventAny` through `Cache::update_order`
- Keep `replace_order` for non-event snapshots
- Move execution, emulator, and trading paths to events
- Propagate non-transition pending-order cache errors
- Add cache, duplicate-fill, and emulator regressions
Add BacktestNode native strategy binding

- Add `add_native_strategy` for PyO3 `BacktestNode` engines
- Regenerate v2 backtest stubs for the new node method
- Note plugin API limits for custom native Rust strategies
Fix Deribit cross margin balance counting (#4009)
Refine Deribit cross-margin parsing docs
Fix SQL ParserError for symbols containing ampersand (#4025)

* Fix SQL ParserError for symbols containing ampersand
* Replace non-ascii alphanumerics with '_' for sql safe identifiers

Replace all non-ASCII-alphanumeric characters with underscores when
building SQL-safe identifiers, instead of only handling a small set of
punctuation characters.
Merge remote-tracking branch 'origin/develop' into feature/hyperliquid-outcome-market-analysis
hyperliquid: auto-rotate active priceBucket instrument
Refine PR
Fix deribit cross margin balance counting
feat(deribit): add DVOL volatility index CustomData support
Add LICENSE symlinks
Fix Deribit StopMarket missing filled_amount in response

- Default `filled_amount` to zero when Deribit omits the field
- Add fixture and regression test for untriggered trigger orders
- Resolves #3995
Fix OrderMatchingEngine precision updates

- Cancel incompatible resting orders after instrument updates
- Drop stale precision-mismatched bars before matching
- Normalize compatible fills and cancel invalid FoK orders
- Cover tick-only updates and sandbox bar routing
- Related to #3994
Add Bybit hedge-mode venue position IDs

- Map `positionIdx=1/2` to `<instrument>-LONG`/`-SHORT` venue IDs
- Carry hedge ID onto fills via WS dispatch and Python cache
- Stop terminal-pop on `FILLED` so spot-borrow accumulator survives
Fix Portfolio account clone overhead

- Rework order recalculation to mutate cached accounts in place
- Add owned cache account helpers for account-state updates
- Cover restore paths and cache account-state failures
- Resolves #4004
Add Kraken Spot WebSocket v2 order submission (#4007)

Implement WebSocket v2 order submission for the Kraken Spot adapter,
routing add_order, amend_order, cancel_order and batch_add through
the authenticated WS connection rather than REST by default.

Per-call routing:
- submit_order, modify_order, cancel_order and submit_order_list use
  WS v2 when use_ws_trade=True (default) and the socket is active;
  fall back to REST otherwise.
- use_ws_trade=False per-call override on KrakenExecClientConfig
  forces REST regardless of socket state.
- Quote-quantity orders bail to REST in both single-submit and batch
  paths because the dispatch identity skips them and the WS order_qty
  field would otherwise carry the wrong unit.
- FOK time-in-force bails the WS path so per-call routing falls back
  to REST; Kraken WS v2 has no FOK value (only GTC, IOC, GTD).

Request and response handling:
- KrakenWsAddOrderParams, KrakenWsBatchAddOrder, amend and cancel
  param structs added to messages.rs with full field coverage:
  leverage, trigger, expire_time, time_in_force, post_only,
  reduce_only, conditional close.
- OrderRequestState tracks outbound requests by req_id, correlates
  responses, emits typed OrderEventAny events, and exposes a
  cancellation token so timeout tasks abort cleanly on shutdown.
- ws_request_timeout_secs config emits a synthesized OrderRejected
  (with the timeout-fire timestamp, not the send time) and fires a
  best-effort compensating cancel-by-cl_ord_id when a submit or
  batch_add times out, so a delayed venue acceptance does not leave
  an orphan order on the exchange.
- handle_batch_add_response treats a missing per-leg result as a
  rejection rather than inheriting envelope.success, with a reason
  carrying the legs_sent vs legs_received counts.
- emit_order_updated reads the amended quantity from a new
  PendingRequest.new_quantity field so OrderUpdated reflects the
  requested change instead of the originally registered quantity.
- WsDispatchState::insert_accepted now atomically returns whether
  the entry was newly inserted, replacing the racier
  contains-then-insert pattern across all dispatch paths.
- build_add_order_params and build_batch_order bail when a limit
  order has no price or a conditional order has no trigger price,
  so misconstructed orders are rejected before reaching the venue.

Tests:
- Unit tests for OrderRequestState (submit, amend, cancel, batch_add,
  timeout, compensating cancel, ts_event clock-fire timing,
  cancellation-token shutdown, atomic insert_accepted dedup).
- Property test for response interleaving.
- Mock WebSocket integration test for the WS-trade routing path.
- Serialisation tests covering leverage, trigger, expire_time and
  TIF field omission.
Refactor Execution reconciliation module

- Reorder orders.rs and positions.rs top-down (callers above callees)
- Trim public re-exports in mod.rs to the API used externally
- Use PositionSideSpecified for VenuePositionSnapshot.side
- Rename pyo3 binding to process_mass_status_for_reconciliation
- Drop unused _instrument param from adjust_fills_for_partial_window
chore: remove worktrees from git index
feat(hyperliquid): add outcome paper trading strategy with buy-sell validation

- Add OutcomePaperStrategy example for Hyperliquid prediction markets
- Add from_pyo3_c method to BinaryOption for PyO3->Cython conversion
- Update t-plan.md marking Phase B (sandbox paper trading) as complete
- Verified 10-minute mainnet stability with market buy/sell flow

The strategy auto-discovers outcome instruments, subscribes to live
market data, and demonstrates paper trading via SandboxExecutionClient.
Refine and update dependencies

- Replace `serde_with` attributes with local `display_fromstr` function
- Upgrade `redis` to v1.2.1 and `tokio` to v1.52.2 (tokio perf fix)
- Bump `arrow`, `arrow-row`, and `parquet` to v58.2.0
Fix Polymarket ambiguous submit handling

- Treat statusless and unknown submit errors as pending outcomes
- Cache expected venue order IDs for WS and fill recovery
- Keep quote-market BUY sizing and deferred cancels coherent
- Document the adapter policy and cover Rust and Python paths
Align Strategy registration tags in Rust

- Keep Rust strategy configs immutable during registration
- Treat explicit `strategy_id` as the runtime ID source
- Reject mismatched or duplicate order ID tags on Rust and Python paths
- Update docs and release notes for Rust ID handling
Improve Hyperliquid credential and wallet management docs
Add nautilus-event-store redb backend

- Persist one redb file per run; commits use Durability::Immediate
- Open-time crash check loads hwm and max_ts_init for sealing
- Detect Gap when committed seq is missing in scan paths
- Map redb errors to typed Disk/Corrupted/Backend taxonomy
- Add integration tests and proptest roundtrip against tempdir
hyperliquid: priceBucket 15m smoke + fix limit kw
Replace non-ascii alphanumerics with '_' for sql safe identifiers

Replace all non-ASCII-alphanumeric characters with underscores when
building SQL-safe identifiers, instead of only handling a small set of
punctuation characters.
Fix IB shutdown reader RuntimeError
feat(hyperliquid): add allMids CustomData support
Stabilize dev venv install and preserve local test data

- Make build.py write a local `.pth` for cross-cwd imports
- Exclude `tests/test_data/local/` from distclean to keep fixtures
Fix Kraken spot margin wallet balance for multi-asset collateral (#3997)
Fix OKX missing rebase instrument status (#3998)
Harden Interactive Brokers callback ordering races (#3976)
Align Strategy tag composition in Rust

- Compose runtime `StrategyId` values from `order_id_tag`
- Keep actor IDs and generated IDs on `strategy_id.get_tag()`
- Add tests for registry, order ID, and position ID paths
- Document Rust strategy ID composition to match Cython
Make arrow support optional (#4008)
Fix continuous reconciliation drift in Rust

- Apply venue amendments before fills for one-pass convergence
- Suppress OrderUpdated for pending venue states until confirmed
- Detect price/trigger drift on Market/LimitIfTouched orders
- Treat None report price/trigger as not reported, not drift
- Surfaced by DST soak under continuous reconciliation chaos
Remove redundant trigger-reindexing workflow
Update dependencies and release notes
Merge pull request #2 from cluborange/merged_with_master

Initial Changes + Merge Master
Harden Polymarket websocket parse-error logging
feat(hyperliquid): wire outcome paper-trading validation flow
hyperliquid: outcome markets expiry refresh + targetPrice

- Parse priceBinary params into instrument info

- Refresh outcome instruments on next expiry

- Add targetPrice helper and docs
Support JSON fields in `custom_data` macro
Preserve Databento quote and trade price precision
Fix Kraken retry logic and execution instrument cache

- Extract `kraken_http_should_retry` shared fn, adds rate-limit retry
- Cache instrument per order in websocket_spot for symbol-less execs
- Fix timer test microsecond precision comparison

Co-Authored-By: Claude Sonnet 4.6 <noreply@anthropic.com>
Fix Kraken spot/futures reconciliation isolation and leverage range

- Isolate spot and futures error paths in generate_position_status_reports
  so a spot failure no longer blocks the futures query
- Gate spot call when instrument_id resolves to futures product type,
  and vice versa, to avoid redundant cross-market requests
- Extract synthetic-FLAT spot margin logic to _synthesize_flat_spot_margin_reports
- Validate leverage param is within u16 range [0, 65535] in _parse_leverage
  to produce a clean OrderDenied before generate_order_submitted is called
Upgrade prek and osv-scanner
Add cargo-fuzz tooling support

- Pin `cargo-fuzz` 0.13.1 in workspace tools
- Wire `cargo-fuzz` into install-tools and outdated checks
- Skip cargo-fuzz crates in Cargo convention pre-commit hook
Fix Model mantissa exponent panic tests

- Match panic expectations to type constructor context
- Cover standard and high precision overflow paths
Upgrade rust_decimal
Scope live position reconciliation by account (#4029)
Harden Polymarket websocket parse-error handling (#4038)
Fix OrderMatchingEngine cached fill cleanup in Rust

- Always clear `cached_filled_qty` when an order leaves the engine
- Move `MarketToLimit` clear into its own handler after the read
- Add `cached_filled_qty_len()` accessor for test assertions
Harden execution/sandbox market-data failure paths
docs(hyperliquid): add detailed development plan for outcome market paper trading

Add comprehensive development plan for Hyperliquid prediction market (HIP-4):

Code Style Analysis:
- Documented project structure and module organization
- Defined naming conventions and error handling patterns
- Specified documentation requirements (file headers, doc comments)

Development Phases (40 hours total):
1. Phase 1 (8h): Type definitions - enums, structs, CustomData
2. Phase 2 (10h): Data parsing - parse_outcome_instruments(), tests
3. Phase 3 (16h): Paper trading core - execution, validation, settlement
4. Phase 4 (6h): WebSocket integration - price validation

Implementation Specifications:
- OutcomeOrderValidator with [0.001, 0.999] price range
- Full collateral margin calculation (no leverage)
- Binary settlement: (outcome - entry) * size
- PaperFillEvent simulation based on BBO
- SettlementEngine for position settlement

Testing Requirements:
- Unit test coverage >= 80%
- Integration tests for full flow
- Price validation tests

Also updated README.md to reference the new document.

Refs: 01-overview.md, 02-paper-trading-implementation.md
Add Binance market data collectors for T1 basis research

Lane 0D scaffold for the BTC capital-efficient long (T1) plan. Adds a minimal
raw-bytes-to-S3 collector for Binance public WS streams, designed to run as a
systemd service on the observability VM and start accumulating historical
microstructure data while the rest of Phase 0 stands up.

Components
- binance_collector.py: asyncio worker, one process per (venue, symbol-set).
  Streams depth diffs + trades (+ markPrice for USDM futures) into rotated
  NDJSON shards, uploads to S3 every 60s. On-disk buffer survives process
  restart; failed uploads move to a failed-dir for manual retry, never
  deleted. Prometheus exporter on a per-instance port.
- systemd/binance-collector@.service: hardened template unit.
  NoNewPrivileges, ProtectSystem=strict, RestrictAddressFamilies, MemoryMax.
- systemd/*.env.example: per-instance config (spot, USDM perp, USDM quarterly).
- alertmanager-rules.yaml: freshness + disconnect + upload-failure +
  systemd-restart-loop alerts.
- tests/test_collector.py: 6 pytest asyncio tests covering write,
  reconnect-after-disconnect, size-rotation, S3 failure handling, plus
  S3 key partition format.
- README.md: laptop dev recipe (with local minio), production install,
  Prometheus wiring, daily reconciliation skeleton.

Design notes
- Raw NDJSON only; canonicalization to Parquet is a separate ETL in Phase 1.
  Keeps the collector small and incapable of corrupting the archive.
- Watchtower is systemd liveness + Prometheus event-freshness, not a
  separate watcher process.
- No API keys required (public WS streams).

This unblocks the calendar-critical data accumulation track. Engineering
work in Phase 1+ runs in parallel.

See ~/.gstack/projects/nautilus_trader/ceo-plans/2026-05-03-btc-basis-t1-research.md
for the broader plan and §8 Phase 0 Lane 0D for context.
Fix Kraken factory tests for CacheView signature change

Convert Rc<RefCell<Cache>> to CacheView via .into() so the
ExecutionClientFactory::create signature on origin/develop is
satisfied.

Co-Authored-By: Claude Opus 4.7 (1M context) <noreply@anthropic.com>
Restructure OrderMatchingCore for price-time priority

- Split limit/stop books per side via BTreeMap for price-time order
- Add `AHashMap` ID index and `SmallVec` inline per-level buckets
- Add `iter_*` API and Criterion benches for hot paths
- Rename `OrderMatchInfo` to `RestingOrder`
Fix BacktestEngine account state recalculation in Rust

- Apply `calculate_account_state` and `allow_cash_borrowing` to cache
- Persist `update_balances` mutations back to the cached account
- Populate margin `AccountState` balances (was empty)
- Fix `RefCell` reentrancy in `Portfolio::update_position`
- Resolves #3988
Reduce Execution reconciliation log noise

- Move routine reconciliation deferrals to debug in Rust and Python
- Log generated report totals at debug in Rust adapters
Fully redact DatabaseConfig passwords in repr (#4028)
Harden matching engine and sandbox against stale-precision ticks (#4044)

* Harden execution/sandbox market-data failure paths
* Complete sandbox trade precision filtering paths
* Align quote tick docs with fail-soft behavior
Add optional Rust signing path for Polymarket orders

- New `use_rust` PolymarketExecClientConfig flag wires an
  optional `py_clob_rust_adaptor.PyClobClient` into the execution
  client. Posting still goes through the Python V2 client; only
  signing is delegated to Rust.
- Limit orders sign via Rust when configured (`asyncio.gather`
  parallel signing for batches), with a JSON→SignedOrderV2 wrapper
  so the V2 client routes the payload through `order_to_json_v2`.
- Market orders sign as aggressive limits at the per-tick-size
  boundary (max for BUY, min for SELL) using a new
  POLYMARKET_MIN_MAX_PRICES map; `order.quantity` is treated as
  base shares on the Rust path, matching prior fork behavior.

Co-Authored-By: Claude Opus 4.7 (1M context) <noreply@anthropic.com>
Complete sandbox trade precision filtering paths
Merge remote-tracking branch 'origin/develop' into pr-3924
Add Kraken Spot WebSocket v2 order submission

Implement WebSocket v2 order submission for the Kraken Spot adapter,
routing add_order, amend_order, cancel_order and batch_add through
the authenticated WS connection rather than REST by default.

Per-call routing:
- submit_order, modify_order, cancel_order and submit_order_list use
  WS v2 when use_ws_trade=True (default) and the socket is active;
  fall back to REST otherwise.
- use_ws_trade=False per-call override on KrakenExecClientConfig
  forces REST regardless of socket state.
- Quote-quantity orders bail to REST in both single-submit and batch
  paths because the dispatch identity skips them and the WS order_qty
  field would otherwise carry the wrong unit.
- FOK time-in-force bails the WS path so per-call routing falls back
  to REST; Kraken WS v2 has no FOK value (only GTC, IOC, GTD).

Request and response handling:
- KrakenWsAddOrderParams, KrakenWsBatchAddOrder, amend and cancel
  param structs added to messages.rs with full field coverage:
  leverage, trigger, expire_time, time_in_force, post_only,
  reduce_only, conditional close.
- OrderRequestState tracks outbound requests by req_id, correlates
  responses, emits typed OrderEventAny events, and exposes a
  cancellation token so timeout tasks abort cleanly on shutdown.
- ws_request_timeout_secs config emits a synthesized OrderRejected
  (with the timeout-fire timestamp, not the send time) and fires a
  best-effort compensating cancel-by-cl_ord_id when a submit or
  batch_add times out, so a delayed venue acceptance does not leave
  an orphan order on the exchange.
- handle_batch_add_response treats a missing per-leg result as a
  rejection rather than inheriting envelope.success, with a reason
  carrying the legs_sent vs legs_received counts.
- emit_order_updated reads the amended quantity from a new
  PendingRequest.new_quantity field so OrderUpdated reflects the
  requested change instead of the originally registered quantity.
- WsDispatchState::insert_accepted now atomically returns whether
  the entry was newly inserted, replacing the racier
  contains-then-insert pattern across all dispatch paths.
- build_add_order_params and build_batch_order bail when a limit
  order has no price or a conditional order has no trigger price,
  so misconstructed orders are rejected before reaching the venue.

Tests:
- Unit tests for OrderRequestState (submit, amend, cancel, batch_add,
  timeout, compensating cancel, ts_event clock-fire timing,
  cancellation-token shutdown, atomic insert_accepted dedup).
- Property test for response interleaving.
- Mock WebSocket integration test for the WS-trade routing path.
- Serialisation tests covering leverage, trigger, expire_time and
  TIF field omission.

Co-Authored-By: Claude Sonnet 4.6 <noreply@anthropic.com>
Use equity as total in Kraken spot margin wallet balance

Previous commit used `from_total_and_free(wallet_amount, mf)`, which
silently degrades to `locked=0` in multi-asset accounts: when `mf`
exceeds the single-currency cash wallet (e.g., ZUSD=6.77 while
mf=185.25 across ETH/BTC/USDT collateral), `from_total_and_free`
clamps `free` to `wallet_amount`, leaving `locked=0`. The margin
reservation is real but invisible to risk checks.

Fix: replace the raw wallet entry for `margin_balance_asset` with a
synthetic `AccountBalance` using `total=e` (equity across all
collateral assets) and `free=mf`, giving `locked = e - mf = m`.
Since `mf = e - m` and `m >= 0`, `e >= mf` always — no clamping
ever fires. Risk checks see the correct free margin regardless of
how many assets contribute to collateral.

The raw wallet entry for the target currency is skipped in the
`filter_map` and replaced by the equity-based entry via `.chain()`,
keeping the pipeline functional and mutation-free. In cash mode
`free_margin = None`, the guard never fires, and all wallets retain
`locked=0` — no regression. `equity` is parsed from `tb.e` before
the metrics map consumes the field.

Test assertions updated: `total=198499.67` (=e), `locked=12500`
(=m) from fixture, replacing the previous ZUSD-wallet values.

Co-Authored-By: Claude Sonnet 4.6 <noreply@anthropic.com>
Fix Hyperliquid modify overfill on cancel-replace

- Subtract filled qty when sending modify quantity to venue
- Promote OrderUpdated with user's absolute total, not remainder
- Skip builder attribution on testnet
- Resolves #3986
- Resolves #3989
Fix Interactive Brokers market data farm reconnect events (#3968)

TWS error 2103 (""Market data farm connection is broken"") and 2104
(""Market data farm connection is OK"") are dispatched whenever IBKR's
data farm hiccups — a frequent occurrence on long-running paper and
live nodes. The existing _resubscribe_all() recovery path is already
wired to fire on a CONNECTIVITY_RESTORED_CODES match; without 2103/2104
in the lost/restored sets, both events are logged as warnings (via the
generic 2100 <= code < 2200 is_warning branch) and silently ignored,
leaving the adapter with stale subscriptions.

Observed in the wild: a 3-second farm blip (2103 → 2104) caused two
strategies to silently stop receiving 5-min bars while AccountState
heartbeats continued, masking the failure for 8+ hours.

Add 2103 to CONNECTIVITY_LOST_CODES and 2104 to
CONNECTIVITY_RESTORED_CODES. The rest of the recovery machinery in
client.py works unchanged.
Align CI build-v2 workflow

- Run v2 Rust tests and wheel builds in the same matrix job
- Keep Rust-test setup gated by the CI plan output
- Clean nextest profile artifacts before the maturin wheel build
Fix Strategy pending order events

- Generate `OrderPendingCancel` and `OrderPendingUpdate` before commands
- Consolidate `Strategy` order params into `Option<Params>`
- Update Rust callers, PyO3 bindings, examples, docs, and notes
- Add tests for pending events and optional order-list params

Plan to improve ergonomics in a later API update.
Preserve Databento market data price precision (#4002)
Add Bybit BBO order support

- Add BBO side type and level parsing for Bybit order params
- Wire BBO fields through Bybit HTTP, WS, and Python clients
- Cover BBO order paths with Rust and Python tests
- Document Bybit BBO params and add release notes
Drop unrepresentable IB market data tick sizes (#4022)
Refactor Cache order storage to shared cells

- Store orders in per-order Rc<RefCell<OrderAny>> cells
- Add `OrderRef<'a>`, `OrderRefMut<'a>` and `order_owned` accessors
- Closes stale-clone bugs from clone-then-dispatch flows
- Document shared-mutability storage in rust developer guide

Filip identified the same root pattern in #2323 with a
`SharedOrder = Rc<RefCell<OrderAny>>` alias returned from every
accessor. This refactor splits the contract: reads return
`OrderRef<'a>` (shared borrow), writes return `OrderRefMut<'a>`
(exclusive borrow), and both newtypes hide the smart pointer and
panic loudly if held across a conflicting access.
`Cache::order_owned` is the explicit primitive for owned snapshots
that cross boundaries. Engines drop the borrow before event
dispatch and re-read the cache for post-event state, making the
dispatch a clean transaction boundary at every site.

Co-authored-by: Filip Macek <filip_macek@hotmail.com>
Refine adapter and strategy Cache queries

- Push instrument and side filters into dydx cancel-all
- Replace `is_empty` with `count > 0` in example strategies
Fix OrderMatchingEngine boundary-tick GTD expiry in Rust

- Run iterate matching before GTD and instrument expiry
- Add regression test for boundary-tick GTD fill
- Extend `OrderBookDeltaTestBuilder` with `ts_init` setter
Add Bullet.xyz perpetuals adapter

Implements a full live trading adapter for Bullet.xyz (https://bullet.xyz),
a decentralized perpetuals exchange on a Solana-based rollup.

## Components

**Rust crate** (`crates/adapters/bullet/`):
- `BulletHttpClient`: REST API for market data, account, and open-orders queries
- `BulletOrderClient`: Transaction signing (ed25519 + borsh + chain-hash) and
  submission for place, amend (cancel-replace), and cancel operations;
  batch cancel via a single on-chain `CancelOrders` transaction
- `BulletWebSocketClient`: Streaming market data (quotes, depth, trades, mark
  prices) and authenticated order-update feed with automatic reconnect +
  subscription replay
- `BulletInstrumentProvider`: Instrument loading from `/fapi/v1/exchangeInfo`

**Python adapter** (`nautilus_trader/adapters/bullet/`):
- `BulletDataClient`, `BulletExecutionClient`, factories, providers, configs
- Cancel-replace amend tracking: suppresses the `CANCELED` for the old order
  and emits `OrderUpdated` when the replacement `NEW` arrives
- WS reconnect monitor: refreshes account state after reconnect

**Tests**: 24 Rust unit tests, 37 Python integration tests

**Examples**: data tester, exec tester (place→amend→cancel), fill tester,
market maker skeleton

**Docs**: `docs/integrations/bullet.md` with environment table, key signing,
configuration reference, and example scripts

Live-tested on Bullet testnet: full place→amend→cancel lifecycle,
market-crossing fills, and streaming data verified.

Co-Authored-By: Claude Sonnet 4.6 <noreply@anthropic.com>
Add trader control plane snapshots
style(example): remove unused imports in outcome paper strategy
hyperliquid: support priceBucket outcomes

- Parse outcomeMeta questions for priceBucket thresholds

- Attach bucket metadata + expiry to instruments

- Add Python helpers + tests
Fix SQL ParserError for symbols containing ampersand
Handle sandbox tick-size precision races safely

Handle tick-size changes atomically across book and matching #3942
Add top-level benchmarking policy

- Add `BENCHMARKING.md` covering approach, scope, CI, methodology
- Trim developer guide to practitioner reference
Improve OrderMatchingEngine v2 Cython parity

- Reject AT_THE_OPEN/AT_THE_CLOSE orders via OrderRejected event
- Flip OrderMatchingEngineConfig defaults to match Cython
- Lock parity via tests for TIF rejection and config defaults
Add ExecutionEngine deny for custom position_id under NETTING

- Deny submits with custom `position_id` under NETTING OMS
- Fall through to client OMS for `Unspecified` overrides
- Add tests for single, list, and `Unspecified` fallthrough
- Document in OMS section of `execution.md`
- Resolves #3991
Refactor Strategy cancel and modify to take order IDs in Rust

- Take `ClientOrderId` in `cancel_order` and `modify_order` (Rust v2)
- Take `Vec<ClientOrderId>` in `cancel_orders` (Rust v2)
- Look up the order from the cache; return Err if not found
- Submit APIs keep taking owned `OrderAny` (order not yet cached)
Attest Docker SBOMs and switch GHCR to GITHUB_TOKEN

- Add `actions/attest-sbom` to merge jobs for both images
- Replace PACKAGES_TOKEN with GITHUB_TOKEN for GHCR logins
- Note Sigstore SBOM attestation in SECURITY.md
Add nautilus-event-store kernel integration

- Write RunStarted on kernel start, RunEnded on graceful stop
- Recover crashed predecessors at boot and link parent_run_id
- Gate behind `event_store` feature, off by default
fix: don't emit OrderCancelRejected/OrderModifyRejected on transport errors in cancel and modify methods
Lock Kraken spot margin wallet via TradeBalance mf

Kraken's TradeBalance endpoint returns `mf` (free margin = e - m,
per https://docs.kraken.com/api/docs/rest-api/get-trade-balance/),
the venue-authoritative field used for order acceptance. Previously
`AccountBalance.locked` was hardcoded to zero for all spot margin
wallet entries, so risk checks saw inflated `balance_free` until a
fill triggered `update_margin()`.

Now `fetch_trade_balance_split` returns `mf` as a third tuple element
(parsed `Decimal`). In `request_account_state_with_metrics`, the
TradeBalance call is hoisted before the wallet loop; the wallet entry
matching `margin_balance_asset` (default ZUSD -> USD) is constructed
via `from_total_and_free(total, mf, currency)`, setting
`locked = total - mf`. Non-matching wallets retain `locked = 0`.
`from_total_and_free` clamps free to [0, total], handling the
multi-currency case where `mf` may exceed a single wallet bucket.

Aligns with the cross-adapter pattern used by Binance Futures,
BitMEX, OKX, Bybit, and Kraken Futures. Closes the engine
`MarginAccount::apply()` recalc gap for the refresh window.

New fixture `http_spot_balance.json` (ZUSD=200000) makes
`locked = 14000.33` observable in tests (mf=185999.67 from the
existing TradeBalance fixture). Three new/extended tests cover the
USD wallet lock, non-margin wallet invariant, and GBP-target routing.

Co-Authored-By: Claude Sonnet 4.6 <noreply@anthropic.com>
Add Kraken spot margin trading support (#3962)

Adds full spot margin trading to the Kraken adapter, with leverage,
position reconciliation via OpenPositions, margin metrics via TradeBalance,
and reduce_only support — all gated by a per-client `spot_account_type`
config switch.

Config (KrakenExecClientConfig)

- spot_account_type: AccountType (default Cash). Margin enables leverage,
  TradeBalance margin reporting, OpenPositions reconciliation, reduce_only
- default_leverage: int | None — multiplier sent as ""N:1""; rejected on Cash
- margin_balance_asset: Optional summary-display asset for TradeBalance
  (e.g. ZUSD/ZGBP/USDT). None defaults to Kraken's ZUSD
- use_spot_position_reports / spot_positions_quote_currency moved from
  per-client setters into the config and threaded per-call through the
  HTTP client (no more shared mutable state)

Validation runs in both Python (__post_init__) and the Rust factory.

Account state

- request_account_state_with_metrics fetches Balance + TradeBalance in a
  single round-trip in margin mode and returns (AccountState, metrics)
- TradeBalance `m` is mapped to MarginBalance.initial with maintenance=0
  (recalculate_balance sums initial+maintenance for `locked`; duplicating
  `m` would double-lock equity vs Kraken's `mf = e - m`)
- Full TradeBalance snapshot surfaced via AccountState.info dict for
  strategies (equity, free_margin, used_margin, unrealized_pnl,
  margin_level, trade_balance, equivalent_balance, cost_basis, valuation,
  unexecuted_value, asset)

Position reconciliation

- New OpenPositions endpoint binding (handles Kraken's array-on-empty,
  map-on-non-empty quirk via custom Deserialize)
- Lots aggregated by pair into signed net Decimal quantity for NETTING
  semantics; opposing buy/sell lots cancel exactly with no float dust
- Non-open `posstatus` rows skipped
- Synthetic FLAT report emitted for cache-open positions Kraken no longer
  reports, so the engine reconciles closed positions (sweep runs in both
  Rust ExecutionClient and Python LiveExecutionClient paths)

Order submission

- Per-order leverage via SubmitOrder.params[""leverage""] (u16); falls back
  to default_leverage; validated against AssetPairInfo.leverage_buy /
  leverage_sell tiers cached at instrument-load time
- Bails on cache-miss rather than silently forwarding an unvalidated
  leverage to the venue
- reduce_only forwarded only in Margin mode; Cash-mode reduce_only bails
  at the HTTP layer (was previously logged-and-dropped) and is denied
  earlier with OrderDenied at the execution-client layer
- Batch path: list-level + per-order leverage via PyO3 binding; per-order
  reduce_only carried as a parallel list (PyO3 tuple FromPyObject capped
  at 12 elements). Length-mismatch raises ValueError to prevent silent
  truncation
- Invalid leverage params produce OrderDenied terminal events for every
  order in a list rather than stranding any

Documentation

- New ""Spot margin trading"" section in docs/integrations/kraken.md
  covering config, per-order leverage, reduce_only, margin metrics, and
  position reconciliation
- Execution-instructions and position-management tables updated for spot
  margin support; configuration table extended with the three new fields

Tests

- Rust: leverage tier validation (valid/invalid/cache-miss/cash-mode),
  reduce_only forwarding (margin) and bail (cash), OpenPositions
  aggregation across opposing lots netting to long/short/flat,
  TradeBalance error propagation, ZGBP asset round-trip, FLAT-on-closed,
  unparsable volume bail, unknown-pair bail
- Python: OrderDenied paths for invalid leverage and cash-mode
  reduce_only (single + batch), margin metrics info-dict round-trip,
  stale FLAT sweep for spot margin (and non-leakage to futures in dual
  mode), per-order length-mismatch ValueError on PyO3 binding

Co-Authored-By: Claude Sonnet 4.6 <noreply@anthropic.com>
Fix Cython OrderMatchingEngine.reset leaking OrderBook.ts_last

OrderMatchingEngine.reset called self._book.clear(0, 0), which routes
through OrderBook.increment whose ts_last/sequence are high-water marks:

    self.ts_last = ts_event.max(self.ts_last)

clear(0, 0) therefore preserves the prior run's last timestamp. The L1
stale-event guard added in #3790 then drops every subsequent quote/trade
whose ts_event < that residual ts_last:

    if trade.ts_event < self.ts_last:
        return  # book is not mutated

In repeated-run scenarios (sweep / param-search where one BacktestEngine
instance is reset and re-run with the same data) this leaves the matching
core's bid/ask uninitialised, and every market order on subsequent runs
is rejected with reason ""no market for {instrument_id}"".

The Rust matching engine reset path (crates/execution/src/matching_engine/
engine.rs::reset, line 237) already calls book.reset(), which zeroes
ts_last. This change brings the Cython path to parity by replacing
self._book.clear(0, 0) with self._book.reset().

Adds tests/unit_tests/backtest/test_matching_engine.py::
test_reset_zeroes_book_ts_last as regression coverage: seeds the book
with a quote at ts_event=100, resets, then replays a quote with
ts_event=50 and verifies it is accepted (best bid/ask updated). The
test fails on the unfixed code (book.ts_last remains 100; the replay
quote is dropped as stale and best bid/ask are still None).

Repro outside the testsuite: a BacktestSweepEngine that runs >=2 trials
back-to-back with the same data shows trial 1 producing fills, trial 2+
producing 0 trades with all entry orders rejected. After this patch
trials 1..N are byte-identical to a fresh-engine run.

Resolves the regression introduced in #3790 for repeated-runs / sweep
backtest scenarios.
Refine dYdX grid market maker tutorial and doc comments

- Correct tutorial: short-term expiries emit indexer cancel events
- Fix `SHORT_TERM_ORDER_MAXIMUM_LIFETIME` doc comments (40 blocks)
- Update mermaid requote gate with ""no resting orders"" path
Wire the Interactive Brokers Rust adapter into v2 live trading (#3974)
Align Strategy order tags in Rust

- Mirror Cython `order_id_tag` assignment before registration
- Use tagged strategy IDs for factories, claims, and starts
- Clean closed orders from own books without creating empty books
- Cover tag collisions, pending cancel, and own-book cleanup
Fix IB shutdown reader RuntimeError (#4023)
Fix custom data parquet schema metadata on read

- Use plain `add_file` so DataFusion keeps the file's schema metadata
- Skip non-PyArrow `_schema` values when registering custom classes
- Drop dead `#[allow(unsafe_code)]` on `pyarrow_schema_to_arrow_schema`
- Related to #4021
Fix IB reconnect before server version handshake (#4027)
Add nautilus-event-store bus capture adapter

- `BusCaptureAdapter` encodes allow-listed messages, submits to writer
- `EncoderRegistry` maps Rust TypeIds to (PayloadType, encoder) pairs
- Encode `SubmitOrder`, `OrderFilled`, `OrderStatusReport` via msgpack
- `IntentId` sidecar index derived from `Headers` at the adapter
- `SubmitError` fires adapter halt callback once for kernel fail-stop
fix(pyo3): enable outcome instrument loader signature at runtime
Merge remote-tracking branch 'origin/develop' into feature/hyperliquid-outcome-market-analysis

# Conflicts:
#	crates/adapters/hyperliquid/src/websocket/handler.rs
chore(pr): remove draft artifacts and harden outcome resolution
Fully redact DatabaseConfig passwords in repr
Make arrow support optional
Fix sandbox race on tick-size precision changes (#3994)
Update workspace dependencies

- Update Rust and Python dependency pins from resolved lockfiles
- Upgrade Interactive Brokers gateway Docker to `bollard` v0.21
- Refresh `cargo-vet` exemptions for updated transitive crates
- Add release notes for recent adapter and engine PRs
Add OKX event contracts support

- Load `EVENTS` instruments as `BinaryOption` via series lookup
- Support `outcome` and `speed_bump` on REST and WS orders
- Expose event contract APIs through Python bindings and stubs
- Document event contract setup, market data, and trading params
- Add focused Rust and Python tests for event contract flows
- Resolves #4005
Fix Binance WebSocket send_pong RuntimeError

- Stop pong handler leaking `RuntimeError` on disconnect race
- Add task done_callback so pong errors hit one chokepoint
- Make Rust `py_send_pong` silent when connection not active
- Switch `py_send`/`py_send_text` to typed `WebSocketClientError`
- Resolves #4020
Add nautilus-event-store types

- Add EventStoreEntry, Headers, and RunManifest types
- Add EventStore trait with backend-agnostic surface
- Add BLAKE3 entry hash with framed wire format
- Add bincode 2 envelope codec with UnixNanos wire functions
- Add criterion benches and envelope round-trip tests
Add Polymarket order timing logs
feat(hyperliquid): add outcome paper trading support (Phase B)

Implement Phase B of Hyperliquid prediction market paper trading:

- Add outcome_paper.rs example: Hyperliquid live data + Sandbox exec
- Add outcome_validation module with price range guards
- Add validation for outcome instruments (OUTCOME-*-OUTCOME pattern)
- Add price range checks [0.001, 0.999] for binary option markets
- Add order type recommendations (LIMIT for MVP)
- Add comprehensive tests for validation functions

The paper trading setup combines:
- Data client: HyperliquidDataClient (live market data)
- Execution: SandboxExecutionClient (simulated fills)
- Instrument: BinaryOption (outcome markets)

Tests: 11 new validation tests, all passing
Refs: docs/hyperliquid-outcome-market/t-plan.md Phase B
Refinements
Improve Betfair Rust adapter integration tests

- Expand integration tests for OCM, replace, and recovery flows
- Fix `ignore_external_orders` skip on empty `rfo` strings
- Make HTTP `connect()` idempotent with concurrent-call lock
- Cancel in-flight retries and refresh token on `disconnect()`
- Align Betfair unsubscribe log levels with Python
Remove redundant GTD check in OrderMatchingEngine

- Drop duplicate GTD expiry check from iterate_orders
- Drop unused timestamp_ns parameter from iterate_orders
Refine Databento price precision handling

- Prefer definition metadata, cached precision, then overrides
- Apply metadata precision to historical quotes and trades
- Add explicit `stype_in` and remove the old sandbox binary
- Update Databento docs, publisher mappings, and release notes
- Related to #4002
Fix Polymarket market IOC order handling

- Map Polymarket market IOC orders to FAK in Python and Rust
- Reject unsupported market TIFs before signing and posting
- Add Python and Rust tests for market TIF conversion
- Document pUSD funding, TIF mappings, and Sockudo default
- Resolves #4006
Align order lifecycle events in Rust

- Publish init/update events after cache mutations succeed
- Cover external, emulated, algorithm, and strategy order flows
- Make base-currency commission adjustments replay deterministic
- Add replay and no-duplicate publish tests for order lifecycles
Support JSON fields in custom_data macro (#4003)
Fix custom data parquet schema registration (#4021)

Co-authored-by: fedoraiver <cck1772416022@gmail.com>
Regenerate Python v2 type stubs
Refine identifier deserialization in tagged enums

- Switch `StackStr::deserialize` to `Cow<'de, str>` for TradeId
- Consolidate all identifiers under one Cow-based serde macro
- Add tagged-enum and `serde_json::Value` regression tests
Standardize adapter venue and client ID constants

- Add `<NAME>_CLIENT_ID` LazyLock to each adapter (except sandbox)
- Replace bare `Venue::from`/`ClientId::from` literals across the patch
- Document the venue and client ID constants
Add nautilus-event-store writer

- Dedicated thread, bounded sync_channel, batches by size or latency
- Stamps `seq` and `ts_publish`, advances watermark only on ack
- Halt callback fires on stall past threshold or backend error
- `Close` drains channel, writes `RunEnded`, seals manifest
- `cfg(madsim)` synchronous variant skips channel and thread
Align OrderMatchingEngine trailing-stop timing in Rust

- Inline trail recompute in `iterate` per-order loop (Cython parity)
- Add single-shot target restore plus end-of-iterate fallback
- Activate trailing-stops in `accept_order` before `OrderUpdated`
- Add parity tests for trail timing and target restore
Add nautilus-event-store reader

- Add `EventStoreReader` with chunked range scan and lookup paths
- Reverse-scan first fetch clamps cursor to durable high-watermark
- `RedbBackend::open_sealed` opens sealed runs for forensics replay
- `RedbBackend::list_runs` enumerates run manifests by `instance_id`
Harden Interactive Brokers callback ordering races
Add CompositeMarketMaker Rust example strategy

- Quote book-mid with inventory and signal residual skew
- Trigger requote on anchor or signal residual price move
- Add Python config bindings for native strategy use
Add nautilus-event-store crate scaffold

- Specify bolt-on bus capture at message bus publish/send entry points
- Use `redb` as the default backend behind an `EventStore` trait
- Document replay modes and a determinism contract scoped to DST
Add per-account Portfolio snapshots in Rust

- Add `PortfolioSnapshot` event for periodic mark-to-market emission
- Add per-account snapshot timer gated by `snapshot_interval_ms`
- Publish on `events.portfolio.{account_id}` via the msgbus router
- Sum totals across all venues the account holds positions on
- Related to #3899
Add OrderMatchingEngine option settlement in Rust

- Settle option positions at expiration via cash, physical, or OTM legs
- Auto-trigger expiration when timestamp reaches `expiration_ns`
- Always emit `OrderAccepted` for expiration close orders
Migrate CI PyPI uploads to OIDC trusted publishing

- Replace API token auth with `uv publish --trusted-publishing`
- Drop PYPI_USERNAME and PYPI_TOKEN secrets from publish jobs
- Document the change in SECURITY.md and OVERVIEW.md
Align OrderMatchingEngine trade override gate in Rust

- Gate iterate bid/ask reset on `last_trade_size.is_none()` too
- Add no-aggressor trade fills resting limit parity test
- Parameterize queue-position cross-through test for BUY and SELL
fix: don't emit OrderCancelRejected on transport errors in cancel methods
docs(hyperliquid): add technical decisions analysis for prediction markets

Add comprehensive analysis of key technical decisions for Hyperliquid
prediction market (HIP-4) integration:

1. BinaryOption vs CryptoPerpetual Analysis:
   - BinaryOption is the correct instrument type for prediction markets
   - It has specialized fields: activation_ns, expiration_ns, outcome, max/min_price
   - AssetClass should be Alternative (not Crypto)
   - Shows how Polymarket correctly uses BinaryOption::new_checked()
   - Provides corrected code example for Hyperliquid

2. Execution Module Analysis:
   - Clarifies that Polymarket ALSO has execution module (71KB mod.rs)
   - Explains why Live Adapters need ExecutionClient trait implementation
   - Shows ExecutionClient core methods: submit_order, cancel_order, etc.
   - Distinguishes between Paper Trading (no Execution) and Live Trading (needs Execution)
   - Documents execution module responsibilities: signing, submission, tracking

3. Architecture Diagrams:
   - Paper Trading: Strategy -> PaperExecution -> DataClient
   - Live Trading: Strategy -> ExecutionClient -> DataClient

Also updates README.md to reference the new document.

Key Findings:
- BinaryOption is semantically correct for prediction markets
- Paper trading doesn't need Execution module
- Live trading requires full ExecutionClient implementation
- Polymarket serves as the correct reference implementation

Refs: crates/adapters/polymarket/, crates/model/src/instruments/binary_option.rs
fix: add OKX rebase instrument status
Wire the Interactive Brokers Rust adapter into v2 live trading

# Conflicts:
#	Cargo.lock
Add Kraken spot margin trading support (#3965)
Refine Tardis exchange and metadata parsing

- Accept string-encoded numeric fields in Tardis metadata
- Remove stale `crypto-com-derivatives` exchange variant
- Update Tardis docs and enum mapping expectations
Fix Deribit silent drop on uncached subscribes

- Add `auto_load_missing_instruments` config (default false)
- Fail fast on subscribes for uncached instruments by default
- Lazy-load missing instruments via HTTP when flag is enabled
- Log cache misses in Quote, Ticker, Trades handler branches
- Resolves #4035
Align DataEngine command and book paths in Rust

- Publish quotes when `emit_quotes_from_book` flags set
- Override subscribe routing to BACKTEST when registered
- Run aggregator-emitted bars through `validate_data_sequence`
- Clear book and option-chain state on engine reset
- Create per-underlying books for composite subscribes
Harden matching/sandbox market-data update failure paths
Merge pull request #1 from atxinbao/codex/add-trader-facing-control-plane-foundation

Add read-only trader control-plane snapshots and CLI
Fix OKX OKXInstrumentStatus to gracefully handle future schema additions

OKX has been adding new instrument states rapidly:
- 2026-04-29: post_only (fixed by #3966)
- ~2026-05-05: rebase (fixed by #3998)

Each new state forces a tracking PR, and downstream users on released
NT versions hit `unknown variant 'X'` panics on
OKXInstrumentProvider.load_async() whenever OKX adds a state.

This PR adds a `#[serde(other)]` Unknown fallback variant matching the
pattern already used by OKXOrderCategory::Other in the same file:

  pub enum OKXInstrumentStatus {
      Live, Suspend, Preopen, Test, PostOnly, Rebase,
      #[serde(other)]
      Unknown,
  }

Mapped to MarketStatusAction::NotAvailableForTrading.

- Existing 6 variants behave exactly as before
- Future OKX states deserialize as Unknown; instrument provider keeps
  loading other instruments instead of crashing
- Eliminates the tracking-PR cycle for OKX schema changes

Refs: #3966, #3998
OKX V5 API changelog: https://www.okx.com/docs-v5/log_en/
Improve Polymarket trade parsing and backtest tooling

- Add `PolymarketFeeModel` with maker-rebate inference
- Add `sanitize_info` flag to strip resolution-bearing fields
- Fix `parse_trades` collisions for multi-fill txs and same-second fills
- Fix `fetch_trades` aborting on Data API offset ceiling
- Mirror fixes in Rust adapter and share helpers via pyo3
Document Polymarket adapter additions and trim stale fee rates

- Document composite TradeId, sanitize_info, and pagination ceiling
- Document `PolymarketFeeModel` with maker-rebate inference
- Trim fee-rate fallback to documented Polymarket rates
Fix OrderMatchingEngine modify snapshot refresh

- Refresh `MatchingCore` resting order from cache after modify
- Apply same refresh to trailing-stop activation paths
- Add regression tests for modify, FIFO, and queue position
Fix Cython OrderMatchingEngine.reset leaking OrderBook.ts_last (#3992)

OrderMatchingEngine.reset called self._book.clear(0, 0), which routes
through OrderBook.increment whose ts_last/sequence are high-water marks:

    self.ts_last = ts_event.max(self.ts_last)

clear(0, 0) therefore preserves the prior run's last timestamp. The L1
stale-event guard added in #3790 then drops every subsequent quote/trade
whose ts_event < that residual ts_last:

    if trade.ts_event < self.ts_last:
        return  # book is not mutated

In repeated-run scenarios (sweep / param-search where one BacktestEngine
instance is reset and re-run with the same data) this leaves the matching
core's bid/ask uninitialised, and every market order on subsequent runs
is rejected with reason ""no market for {instrument_id}"".

The Rust matching engine reset path (crates/execution/src/matching_engine/
engine.rs::reset, line 237) already calls book.reset(), which zeroes
ts_last. This change brings the Cython path to parity by replacing
self._book.clear(0, 0) with self._book.reset().

Adds tests/unit_tests/backtest/test_matching_engine.py::
test_reset_zeroes_book_ts_last as regression coverage: seeds the book
with a quote at ts_event=100, resets, then replays a quote with
ts_event=50 and verifies it is accepted (best bid/ask updated). The
test fails on the unfixed code (book.ts_last remains 100; the replay
quote is dropped as stale and best bid/ask are still None).

Repro outside the testsuite: a BacktestSweepEngine that runs >=2 trials
back-to-back with the same data shows trial 1 producing fills, trial 2+
producing 0 trades with all entry orders rejected. After this patch
trials 1..N are byte-identical to a fresh-engine run.

Resolves the regression introduced in #3790 for repeated-runs / sweep
backtest scenarios.
Fix Polymarket residual ACCEPTED orders

- Recover terminal status from /data/trades when get_order is empty
- Fall back to cache venue_order_id index when client_order_id absent
- Use Decimal arithmetic for dust threshold (Rust and Python parity)
- Add helpers `sum_filled_quantity` and `weighted_average_price`
- Resolves #4024
Implement live position reconciliation state per account

- Key retry counters and activity throttles by instrument-account
- Fix Rust venue report map collapsing multi-account positions
- Fix Rust per-cycle dedup collapsing multi-account positions
- Add per-account regression tests in Python and Rust
Optimize Cache order and position queries

- Use size-ordered intersection in a single pass over filter sources
- Skip `Vec<OrderRef>` materialization in `*_count` methods
- Fix `orders_for_exec_algorithm` silently discarding filters
- Add Criterion benches and unit tests for filter paths
Align OrderMatchingEngine queue-position fills in Rust

- Drop cross-through bypass in `determine_trade_fill_qty`
- Add parity test for cross-through trade with active queue
Add nautilus-event-store verifier

- Walk every `seq`, recompute hash, detect gaps, surface findings
- Cross-check sidecar indices and validate manifest invariants
- Catch row-key/embedded-seq drift via `SeqMismatch` finding
- Add `EventStore::iter_index_keys` for sidecar enumeration
- `Verifier::open_redb` opens sealed redb files off-trader
Harden CI release signing and add verification

- Verify wheel, sdist, and image signatures after publish in CI
- Stop embedding NIGHTLY_TOKEN in nightly-merge remote URL
- Add `step-security/harden-runner` to Docker merge jobs
- Pin cosign-release to v3.0.6 and bump installer to v4.1.2
- Document Sigstore verification in SECURITY.md, README, and docs
Align quote tick docs with fail-soft behavior
feat(hyperliquid): add outcome (prediction) market data support

Add support for Hyperliquid HIP-4 outcome (prediction) markets:

- Add OutcomeMeta request type and response models
- Add OutcomeDescriptor, OutcomeSideSpec for market metadata
- Add OutcomeAsset helper for asset index encoding
- Extend HyperliquidMarketType with Outcome variant
- Implement parse_outcome_instruments() with correct asset encoding
- Add BinaryOption instrument creation for outcome markets
- Integrate outcome markets into instrument bootstrap
- Add comprehensive unit tests

Asset encoding follows official spec: asset = outcome_id * 10 + side
where side 0 = Yes, 1 = No. Raw symbol format is ""#<asset>"".

Tests: 385 passed, 3 new outcome tests added
Refs: docs/hyperliquid-outcome-market/t-plan.md Phase A
Scope live position reconciliation by account
Refinements 2
Add Betfair Rust adapter post-reconnect reconciliation

- Halt submits with `STREAM_RECONCILING` while reconciling on reconnect
- Trigger post-reconnect mass-status reconciliation via REST
- Clear halt on disconnect and re-assert per reconnect iteration
- Add `stream_gap_recovery_lookback_mins` config option
- Extract `OcmState` into `stream::ocm` module
Fix Strategy submit order events in Rust

- Publish `OrderInitialized` before cache updates on submits
- Reject non-initialized submit orders before publishing events
- Cover single-order, list, and market-exit event ordering
- Add release note for Rust `Strategy` submit event ordering
Harden Testkit download against partial writes

- Stream to unique .partial path then rename atomically on success
- Retry transient body-stream errors instead of failing fast
- Add tests for truncation recovery and bystander preservation
Add DataActor subscribe_signal priority

- Add `priority: Option<u32>` to `subscribe_signal` (Rust + PyO3)
- Widen msgbus subscription priority `u8` to `u32` (Cython parity)
- Add priority-order, u32 boundary, and re-subscribe tests
Refactor Cache account and position storage to shared cells

- Store accounts and positions in per-entry `SharedCell`
- Add `AccountRef` and `PositionRef` borrow newtypes
- Add `*_mut` and `*_owned` accessors for both
- Apply account state events in place; `take_account` moves out
Add nautilus-event-store in-memory backend

- Add `MemoryBackend` covering the full `EventStore` trait
- Extend `append_batch` to take `AppendEntry` with sidecar `IndexKey`s
- Report durable high-watermark on `OutOfOrder` rejection
- Reject `RunStatus::Running` in `seal` to honor the close contract
Harden bar/precision mismatch paths in Rust and Cython engines"
2026-07-20,72,29.0,40.0,11.0,12.5,56.5,True,high,1.4090909090909092,162,160,"['Replace timer-driven mock stream teardown in Betfair tests (#4531)\n\nEach Betfair client test spawned a mock stream server whose last act was a\nfixed sleep followed by dropping the write half, then joined that task with\n`let _ = server.await`. The test body finished in well under a second and\nthen blocked on the timer. No assertion observed the socket close: the\nreconnect tests drive reconnection with a synthetic second Connection frame\nover the still-open socket, not via EOF. The delay only kept the peer alive\nuntil the test was done, which is a signal rather than a duration.\n\nExpressing it as a duration also left a latent flake. Every test disconnects\nits client before joining, so the close normally lands after the client is\ngone; a body that outran its keepalive under load would instead take\ntransport EOF mid-test and could turn it into a spurious reconnect, surfacing\nas an unrelated assertion failing intermittently.\n\nThe mock server now waits on a tokio oneshot that the test fires after\nclient cleanup and after its final assertion, so the socket closes with the\nclient already gone by construction rather than by racing a deadline. Sender\ndrop on a failing test releases the receiver, so a panicking test leaves no\nparked task. The join becomes server.await.unwrap(), so a panic inside a mock\nserver fails its test instead of being discarded.\n\nConversion is positional: a sleep immediately preceding drop(write_half) as\nthe final act of the spawned task is keepalive and is converted whatever its\nconstant, covering 75 sites. Sleeps sitting mid-task are observation windows\nand are left alone, including the inter-frame gaps in the reconnect-queue\ntests, the negative-event waits, and the betting_response_delays that make an\nHTTP method slow on purpose.\n\nTests only; no production code is touched and no assertion changes. The\nBetfair suite drops from 307.32s to 51.62s.\n\nCoded by an LLM.', 'Standardize v2 adapter package export facades\n\n- Give every adapter package a curated __all__ exposing only its\n  canonical constants, data types, configs, factories, user-facing\n  enums, stateless loaders, and supported utilities\n- Register <VENUE>, <VENUE>_CLIENT_ID, and <VENUE>_VENUE for every\n  venue adapter from Rust so the constants exist before the facade\n  references them; data providers, blockchain, sandbox, and the\n  multi-venue broker omit them\n- Keep raw HTTP/WebSocket clients, wire models, endpoint helpers, and\n  other internals out of the facades\n- Teach generate_stubs.py to copy each runtime __all__ into the\n  matching stub (sync_adapter_all_exports) and regenerate, so runtime\n  and stub exports agree exactly without hand-editing generated stubs\n- Add parametrized facade tests and document the convention in the\n  coding standards', 'Fix order book average price precision\n\n- Accumulate weighted prices and sizes with exact Decimal values\n- Convert raw quantities without exceeding Decimal mantissa limits\n- Cover adjacent prices and maximum raw quantity sizes', 'Forward high-precision to nautilus-testkit from pyo3\n\n- Align the testkit 64-bit/128-bit fixture path with the model\n- Backfill release notes for merged PRs since the last entry\n- Credit patch authors on entries recorded under issue numbers\n- Related to #4550', 'Fix ParquetDataCatalog doc examples\n\nThe catalog examples were written against an older API and had never been\ncompiled: 34 used a `ParquetDataCatalog::new(/* ... */)` placeholder, and the\nrest passed `String` where the methods now take `&str`, `PathBuf` where they\ntake `&Path`, and three arguments to the four-argument write methods.\n\nFive private functions carried doc examples. Rustdoc collects private-item\nexamples into the doctest run but the example cannot import the item, so they\ncould never compile. Move those assertions into unit tests, which is coverage\nthose functions did not have.', 'Tighten Architect AX connection-failure assertions\n\n- Assert the retry ladder exhausts all five dial attempts\n- Assert the dial is refused, not a virtual-clock timeout\n- Bind the test URL once instead of restating it', ""Document commit message conventions\n\n- Specify subject, body, and issue reference rules with examples\n- Rule out Conventional Commits syntax for commits and PR titles\n- Correct the documented body width from 100 to gitlint's 79\n- Map each documented limit to the gitlint rule that checks it\n- Link the convention from the CONTRIBUTING tips"", 'Fix Architect AX account fees and market data trade IDs\n\n- Rewrite `AxWhoAmI` against the live venue schema and accounts\n- Resolve instrument maker and taker fees from the account\n- Give market data trades one identity across REST and WebSocket\n- Separate trade prints that share a venue timestamp\n- Authenticate before loading instruments, aborting on failure', 'Fix Bybit SPOT margin auto-repayment\n\n- Accumulate base fills and fees across partial executions\n- Cap and truncate repayment quantities to available debt\n- Route MNT through fee-aware no-convert repayment\n- Type repayment statuses and reject failed results\n- Correct Rust v2 opt-in and blackout documentation', 'Make the Binance Spot WS trading setup timeout configurable\n\nBinanceSpotExecutionClient::connect bounded each WebSocket trading setup\nphase with a literal Duration::from_secs(10): one for the session.logon\nresponse, one for userDataStream.subscribe. session_logon only enqueues\nthe command on the handler channel and returns, so the response arrives\nasynchronously through ws_authenticated, ws_user_data_subscribed, or the\nsetup-error channel, which wait_for_ws_setup_response races against the\ndeadline. A venue that accepts the socket and then never answers held\nconnect() for the full 10 seconds per phase - up to 20 across both -\nbefore falling back to HTTP-only execution, and no operator could shorten\nthat for fast failover or lengthen it for a proxied route.\n\nAdd BinanceExecClientConfig::ws_trading_setup_timeout_ms, defaulting to\n10000 so current behavior is unchanged. connect() derives one Duration\nand passes it to both waits independently, preserving the per-phase\nbudget rather than collapsing them into a single deadline. validate()\nrejects zero, which would make setup a scheduler race that almost always\nenters HTTP-only mode for the process lifetime while logging a timeout.\nNo upper bound is imposed: the recv_window_ms ceiling is a Binance\nprotocol constraint, not a general timeout precedent.\n\nThe second deadline had no test that reached it - every subscribe branch\nsent either success or a rejection the error receiver won immediately, so\nits timeout path was dead in coverage. Add IgnoreUserDataSubscribe, which\nrecords the method and then does nothing, and a regression driving that\nwait to expiry. Both timeout assertions were verified to fail against the\nunfixed code.\n\nCoded by an LLM.', 'Adopt shared Markdown style standard\n\n- Add docs/developer_guide/markdown_style.md as shared baseline\n- Enable MD059 and MD060, and set MD003 to atx\n- Pad table delimiter cells and align pipes across all docs\n- Add a table padding hook and make check-markdown target\n- Trim docs.md to defer to the style guide, not restate it', 'Gate Rust doctests in CI\n\nDoctests have never run: cargo nextest cannot execute them, and no workflow or\nMakefile target invoked cargo test --doc, so examples drifted from the API\nunnoticed. Add cargo-test-doc and run it in the linux-x86 build job after the\nnextest steps, where it reuses their artifacts rather than paying for its own\nworkspace compile in a separate job. Both pre-flight targets include it.', 'Fix margin account fabricating unreported balances\n\n- Stop materializing balances for currencies the venue never reported\n- A fabricated zero denied orders and hid the real locked margin\n- Align with CashAccount and BettingAccount, which already return\n- Cover the margin clamp and retarget the portfolio ordering test\n- Merge split nautilus_core imports in the bybit repay tests', 'Fix NETTING realized PnL across archived cycles\n\n- Sum every snapshot frame instead of only the newest (v1 parity)\n- Settle archived cycles reshaped by a prior-cycle fill void\n- Track snapshot revisions so settling refreshes cached totals\n- Document the replay-log span settling depends on', 'Add dependency release age reporting\n\n- Show crates.io and PyPI release dates for outdated dependencies\n- Align ages and highlight releases below the three-day cooldown\n- Preserve Cargo and `uv` output while lookup failures stay non-fatal\n- Keep the report portable with POSIX shell and no Node dependency', 'Fix reconciliation formatting policy', 'Add historical instrument close requests', 'Stop okx data-client tests waiting out the event-drain deadline\n\ndrain_data_events in crates/adapters/okx/tests/data_client.rs collects\nevents with timeout_at(deadline, rx.recv()) in a loop; the OKXDataClient\nholds the UnboundedSender for the life of the test, so after the response\narrives rx.recv() blocks until the deadline. The three instrument-request\ntests therefore each spent their full five-second window despite the\nresponse landing in milliseconds.\n\nThe correlated DataResponse is a deterministic terminal marker, so the\nthree positive tests now collect through it:\ncollect_data_events_until_response receives until it sees the\nDataEvent::Response whose correlation_id matches the request, then sweeps\nany queued trailing events with try_recv. The five-second argument\nsurvives only as a failure deadline. Every existing assertion is\npreserved, and a missing or wrong-variant response still panics rather\nthan passing. test_request_instrument_emits_no_spread_when_disabled keeps\nits one-second window: that path emits no response, so it has no terminal\nmarker to collect through.\n\nCoded by an LLM.', ""Stop cloning the account event log on the per-fill portfolio path\n\nThe portfolio's per-fill handlers deep-cloned the whole account up to\nfour times per fill. BaseAccount.events grows by one AccountState per\nfill and is never purged during a run, so each clone is O(total prior\nfills) and a backtest with n fills is O(n^2) CPU: measured avg per-fill\ncost grew from 0.21 ms at 1k fills to 23.4 ms at 65k fills, single-core\nbound (the v1 Cython engine runs the identical workload flat at ~2.4\nms/fill). The clones were:\n\n- update_position: Cache::account_owned, the AccountsManager\n  update_positions wrapper (clones its input), and Cache::update_account\n  (clones again into the cell) - three per position event.\n- update_balances: a whole-account defensive rollback clone per fill.\n\nupdate_position now peeks at the account under a scoped borrow and, only\nfor the margin recompute path, moves the account out with take_account,\nrecalculates with the existing update_positions_in_place, and moves it\nback (update_account_owned on success; cache_account_owned - no database\nwrite, as before - when the recompute returns None, which leaves the\naccount untouched). Cash/betting and margin accounts without\ncalculate_account_state no longer write the account back at all,\nmatching the previous read-only behavior.\n\nupdate_balances now snapshots only the state the balance update can\nmutate (balances and commissions maps) for its rollback path instead of\ncloning the account.\n\nAccount event history, published states, balances, and PnL are\nunchanged; fills are byte-identical on a 65k-fill parity harness against\nv1 1.230.0.\n\nCo-Authored-By: Claude Fable 5 <noreply@anthropic.com>"", 'Stop backtest order and account queries panicking the simulated exchange\n\nSimulatedExchange::send dispatched a QueryOrder or QueryAccount into\ngenerate_inflight_command under a latency model, whose match ends in\n_ => panic!, and into process_trading_command otherwise, which opens with\ncommand.instrument_id() - a hard panic for the account-level QueryAccount.\nA strategy polling order or account status therefore aborted the backtest.\n\nThe backtest venue does not answer these queries and the reference\nexecution client synthesizes no report, so BacktestExecutionClient::\nquery_order and query_account now log the unsupported query and return\nwithout forwarding, and SimulatedExchange::send intercepts both query\nvariants as a no-op ahead of the latency and instrument-id dispatch,\nhardening the public exchange entry point. TradingCommand::instrument_id()\nis unchanged - its panic for an account-level command is correct and the\nexchange was the invalid caller.\n\nCoded by an LLM.', 'add tests to cover fee currency parsing', ""Defer recent-fill dedup marking until the fill applies to its order\n\nThe live node dedups repeated venue fills through recent_fills_cache,\nkeyed by (account_id, instrument_id, trade_id): a direct OrderFilled marks\nthe key and a later matching ExecutionReport::Fill is skipped. The mark was\ncommitted before the event reached the canonical order cache -\nobserve_order_event marked every direct OrderFilled in the pre-dispatch\nhook, and process_reconciliation_events marked before ExecutionEngine::\nprocess. Both dispatch paths are synchronous and neither reports\napplication success, so a fill the engine rejected (unknown order, invalid\ntransition) was still marked and its later report - the venue's\nauthoritative record - suppressed for the recency window (~60-120s). Same\nclass as the mass-status processed_fills fix in #4518.\n\nDefer the mark to after dispatch, gated on the canonical order:\ncommit_recent_fill_if_applied resolves the order (client_order_id, venue-\norder-id fallback), requires account, instrument, and trade_ids containment\nto match, then marks - reusing the is_fill_applied postcondition from #4518.\nAn already-present trade id counts as applied (correct replay); an\nunresolved or unapplied fill is not marked, so its later report stays\neligible. The mark is removed from the pre-dispatch observe_order_event\n(its position/local activity recording stays); normal ingress captures the\nOrderFilled before the event is moved into dispatch and commits after, via\na dispatch_exec_event_and_commit_fill helper; process_reconciliation_events\nprocesses then commits. Skip and prune sites are unchanged.\n\nAn orderless leg fill (applied to a position with no canonical order) is no\nlonger marked and stays eligible for a later report - the honest result\nunder an order-cache postcondition.\n\nCoded by an LLM."", 'set post only reject reason for bybit', 'Extend Python v2 config parity guards\n\n- Validate Rust fields, PyO3 constructors, and getters for all configs\n- Reuse approved readback policies across source and runtime guards\n- Remove the opaque adapter constructor inventory digest\n- Regenerate the BitMEX WebSocket authentication timeout stub', 'Add Decimal constructors to Instrument trait\n\n- Add make_qty/make_price from_decimal variants to Instrument trait\n- Delegate the f64 make_qty/make_price to the new from_decimal variants\n- Route TWAP sizing via try_make_qty_from_decimal, dropping f64 hops\n- Add Decimal/f64 parity tests with round-down and round-to-zero guard', ""Cut fixed-time waits from four bitmex tests (#4555)\n\nTwo mechanisms behind the four slowest nautilus-bitmex tests.\n\nThe submit-broadcaster tests test_broadcast_submit_duplicate_clordid_expected\nand test_expected_reject_pattern_comprehensive each built a second stub\ntransport that slept 10s before failing, labelled 'Should be aborted'. But\nprocess_submit_results aborts remaining transports only on the first\nsuccess; an expected rejection is not a success, so the loop awaited every\nhandle and the stub was never aborted - each test spent a full 10s in that\nsleep. Awaiting all transports is correct, so make the second stub fail\nimmediately with an ordinary non-duplicate error; the aggregate is unchanged\n(one expected reject, one failed submit, no success, overall error). The\ncancel-broadcaster tests use the same stub but their first transport\nsucceeds and genuinely aborts the second, so they are already fast and are\nleft untouched.\n\ntest_http_network_error and test_http_500_internal_server_error built their\nclient with max_retries=3 and 1s/10s delays; the network error and 500 are\nretryable, so each walked ~1s+2s+4s of backoff before surfacing the error.\nNeither tests retry behaviour, so build them with max_retries=0 (1ms delays,\nsince the backoff rejects a zero initial delay).\n\nTest-only; no adapter runtime code changes. The four tests drop from\n~10s/10s/8.9s/8.7s to milliseconds with every assertion preserved.\n\nCoded by an LLM."", ""Update pre-commit spelling and link checks\n\n- Bump Typos and allow intentional terms while correcting prose\n- Rely on Lychee's automatic ignore file loading"", 'Fix Binance Spot fill fixture startup timeout', 'Fix Polymarket reconciliation report completeness', 'style(polymarket): satisfy reconciliation formatting', 'fix(polymarket): replace Price::from with fallible path to prevent panic on excess tick precision\n\nPrice::from calls expect() internally and panics when the decimal\nprecision of the tick size exceeds FIXED_PRECISION (16). Both\ncreate_instrument_from_def and rebuild_instrument_with_tick_size\ncalled Price::from before tick_relative_price_bounds, so a malformed\nGamma tick size with >16 decimal places could terminate the process.\n\nFix: move tick_relative_price_bounds before price_increment construction\nand replace Price::from with Price::from_decimal which returns a Result.\nThe existing fail-soft boundary in instruments_from_defs now correctly\nlogs and skips the invalid instrument.\n\nFixes #4534', 'forward submit command params inside execution algorithm', 'Add Polymarket instrument churn owner-count regression\n\n- Cycle quote-only expiring instruments through both expiry sweeps\n- Assert data-runtime, cache and engine owners return to baseline\n- Pin per-cycle peaks so retained state cannot accumulate silently\n- Add nautilus-sandbox as a Polymarket dev-dependency', 'Add Bybit retry coverage and tighten timeout assertions\n\n- Add a 429-then-success test exercising the HTTP retry predicate\n- Restore coverage lost when the rate-limit test disabled retries\n- Assert the exact error and closed state in the WebSocket timeout test', 'Fix Architect AX historical order reconciliation\n\n- Route startup mass status through paged AX `/orders` history\n- Preserve terminal states and client order ID recovery\n- Keep open-only checks on `/open-orders`\n- Reject repeated cursors and duplicate venue order IDs\n- Document and test historical reconciliation', ""Stop dYdX error-path tests waiting out the production retry ladder (#4532)\n\nTen error-path tests construct their client with the retry-config parameter\nset to None, so they inherit RetryConfig::default(): max_retries 3, a 1s\ninitial delay, a 2.0 backoff factor and 100ms of jitter. Each then requests\nan endpoint the mock server always answers with 500, 502, 503 or 429, and\nthe client retries on a 1s/2s/4s ladder before surfacing the error. That is\nseven seconds of sleeping per test, and it accounts for half the package's\ntest runtime.\n\nNone of these tests are about retrying. Nine assert only that an error\nsurfaces; test_retry_exhaustion is about retrying but asserts on the request\ncount, not on elapsed time, so it does not need the production delays either.\n\nEach test file gains a local fast_test_retry_config helper with a 1ms delay,\nno jitter and a backoff factor of 1.0, inheriting everything else from the\ndefault so only the inter-attempt wait changes. The nine error-surfacing\ntests take zero retries and test_retry_exhaustion takes one. The 1ms is\nrequired rather than cosmetic: ExponentialBackoff::new rejects a zero initial\ndelay and RetryManager validates the backoff before the first operation even\nwhen max_retries is zero, so a zero-delay config fails construction instead\nof producing a fast client.\n\nWith test_retry_exhaustion's retry count now explicit, its assertion is\ntightened from final_count > 1, which any count above one satisfies and which\ncannot distinguish one retry from forty, to final_count == 2: one initial\nrequest plus one retry, then exhaustion. Verified against a two-retry config,\nwhere the count is 3 and the old assertion passes while the new one fails.\n\nTests only; no production code is touched. The nautilus-dydx package drops\nfrom 1m54s to 56.5s.\n\nCoded by an LLM."", 'Refine Quantity integer conversions\n\n- Route integer inputs through exact mantissa and exponent scaling\n- Cover raw values, signed panics, and overflow boundaries', 'Restore retry recovery in dYdX mixed-response test\n\n- Keep retry-recovery coverage under concurrency after the prior\n  fast-config change dropped this test to zero retries', 'Fix v2 stub generation encoding on Windows\n\n- Make stub generator reads and writes explicit UTF-8\n- Mirror the UTF-8 read fix in stub generator tests', 'Preserve hedge-mode position reports during live reconciliation (#4535)', 'Fix value imbalance and runs bar splitting precision\n\n- Port value imbalance and runs aggregators to exact `Decimal`\n- Emit a bar only when the exact notional reaches the step\n- Subtract the applied `Quantity` so splitting conserves volume\n- Cover below-step, conservation, and fallback with exact tests\n- Add a `value_side_aggregation` Criterion benchmark', ""Fix Architect AX price precision and snapshot flags\n\n- Build simulated market order prices at the instrument's price precision\n- Set F_SNAPSHOT on L2 and L3 order book snapshot deltas\n- Propagate order book snapshot price conversion errors instead of falling back\n- Validate REST trade and book snapshot timestamps against negative seconds\n- Correct the book snapshot flag docs and fixtures against the live wire\n- Record that the composed market data trade ID is not unique\n- Cover the changed paths with focused tests and a sandbox smoke"", ""Correct DST guide claims and tighten structure\n\n- Correct smoke-gate crate list and execution-leg claims\n- Restore the hedge on unverified seed reproducibility\n- Trim harness-specific lazy-state and CacheView sections\n- Label enforcement rules to match the hook's numbering\n- Fix broken hyphenation and stale, time-relative wording"", 'Run SBE serialization tests in core CI\n\n- Enable SBE explicitly for direct-selected core packages\n- Avoid adapter-driven workspace feature unification', 'Fix Polymarket v1 auto-load subscriptions\n\n- Cache auto-loaded instruments before waking subscription waiters\n- Cover v1 regression and v2 parity for cache-before-WebSocket order\n- Resolves #4574', ""Add pending-update to submitted order status transition (#4549)\n\n`OrderStatus::transition` omitted the `(PendingUpdate, Submitted)` arm that\nthe Cython `FiniteStateMachine` table carries\n(`nautilus_trader/model/orders/base.pyx:132`). A submission acknowledgement\narriving after an order entered `PendingUpdate` - a venue re-emitting, or a\nsubmit ack racing an in-flight modify request - matched no arm, so\n`OrderCore::apply` returned `InvalidStateTransition` and dropped the event,\ndiverging from the Python engine which holds `PENDING_UPDATE`.\n\nAdd the arm `(PendingUpdate, Submitted) -> PendingUpdate`. No handler change\nis needed: `apply` does not overwrite `previous_status` while in a pending\nstate, so holding `PendingUpdate` preserves the pre-update status and a later\n`OrderUpdated` or `OrderModifyRejected` still restores it.\n\nCover the arm with its own test, `test_pending_update_accepts_delayed_submitted`,\nleaving `test_pending_update_order_restores_status_on_updated` untouched so the\nplain `PendingUpdate -> Updated` restore path keeps standalone coverage. The new\ntest builds the two submission events with distinct `account_id` and `ts_event`\nvalues, so its assertions also pin the `submitted` handler's field writes: a\ndelayed ack takes the order to the later event's account and `ts_submitted`,\nmatching `_submitted` in the Cython engine. The delayed-submission assertions\nfail against the unfixed table with `InvalidStateTransition`, while the\nrestoration test passes.\n\nCoded by an LLM."", 'Fix Architect AX reconciliation cache misses\n\n- Fetch and cache report instruments missing during reconciliation\n- Preserve contextual fetch errors and record parsing policy\n- Cover report families, cache reuse, and mass status failures\n- Document the reconciliation behavior and release note', 'Merge pull request #3 from nautechsystems/develop\n\nIntegrate upstream changes', ""Add carry_replay_events_on_reopen execution engine config option\n\nUnder NETTING OMS the execution engine carries a position's replay_events\nand fill_voids across every close/reopen cycle (position IDs are reused),\nso per-position state grows by one entry per fill and is never trimmed.\nEvery subsequent prior-position fetch, cache add, and snapshot then clones\nthis ever-growing state, making a backtest with n fills O(n^2) CPU: the\nmeasured per-order cost grows linearly with total prior orders (~1.0 ms\nper order after 950 orders, ~9.4 ms after 8,000 at 9dp precision), and a\n58k-order tick backtest could not complete at all.\n\nThe replay log exists to service venue OrderFillVoided corrections that\nmay reference fills from prior cycles. That cannot occur against purely\nsimulated venues, so this adds carry_replay_events_on_reopen (default\ntrue, preserving current behavior exactly) which, when disabled, skips\nthe prior-position fetch and carry on reopen, bounding position state to\nthe current cycle. Realized-PnL position snapshots on flip/reopen are\nunaffected by the setting.\n\nLiveExecEngineConfig conversion pins the option to true: live trading\nmust always carry replay state so fill-void corrections keep working.\n\nCo-Authored-By: Claude Fable 5 <noreply@anthropic.com>"", 'Prevent time-event callback destructors from aborting on thread-local teardown\n\n`TimeEventCallbackToken::remove_on_owner_thread` and\n`TimeEventCallbackLease::drop` reached `TIME_EVENT_CALLBACKS.with(...)`,\nwhich panics with `AccessError` once that thread-local has been destroyed.\nBoth are reachable from a destructor: `LiveTimer::drop` ->\n`close_registered_callback` -> `TimeEventCallbackToken::close` ->\n`remove_on_owner_thread`, and the final-lease arm of\n`TimeEventCallbackLease::drop`. The owner-thread guard does not help - the\ndestructor runs on the owner thread, so the guard passes and the call\ntouches an already-freed thread-local. A panic in a TLS destructor aborts\nthe process, observed when a node is dropped without a graceful stop and a\n`MESSAGE_BUS`-held clock drops its `RustLocal` timers during thread\nteardown (AccessError -> thread local panicked on drop -> SIGABRT).\n\nBoth sites now use `try_with` and discard the `AccessError`: the map is\nbeing torn down, so the entry cannot and need not be removed. The removed\nentry is returned out of the closure so it drops after the `RefCell` borrow\nreleases, and the teardown path does not log (the logging thread-local may\nalso be in teardown). On a live owner thread `try_with` performs the\nidentical removal; `RefCell` borrow panics still propagate.\n\nTwo regression tests park a final closed lease and a close-on-drop token in\na holder thread-local initialized before the registry, so the registry is\ndestroyed first and the destructor runs against gone TLS. Both abort\n(SIGABRT) against the unfixed `.with` code across the default, ffi, and live\nsweeps and pass with `try_with`.\n\nCoded by an LLM.', 'Allow useless_conversion in two feature-conditional Quantity tests\n\ntest_from_u64_exact and test_from_u64_overflow_panics compute their bound\nas u64::try_from(QUANTITY_RAW_MAX / FIXED_SCALAR_RAW). Without the\nhigh-precision feature QuantityRaw is u64, so that try_from converts to the\nsame type and clippy::useless_conversion fires; with high-precision it is\nu128, so the try_from is a required narrowing and the lint does not fire.\ncargo clippy on the default feature set therefore errors on these two tests.\n\nBecause the lint fires in only one feature configuration, #[expect] cannot\nbe used - it would be unfulfilled, and itself an error, in the\nhigh-precision build. Add #[allow(clippy::useless_conversion, reason = ...)]\nto the two tests, matching the existing\n#[allow(clippy::unnecessary_fallible_conversions, reason = ...)] on\nraw_as_decimal in the same file. The try_from is kept (the correct checked\nnarrowing under high-precision); only the lint is suppressed.\n\nTest-only, no runtime change.\n\nCoded by an LLM.', 'Fix non-atomic order event application\n\nOrderCore::apply committed state before it finished validating. It wrote\nprevious_status, transitioned status, ran the per-event handler, set\nts_last and pushed the event, and only then did each concrete apply call\nupdate(), where six order types validated the OrderUpdated fields with\nassert!. A type-invalid update therefore panicked with the transition\nalready committed instead of returning InvalidOrderEvent; under the\nrelease profile\'s panic = ""abort"" that terminates the process.\n\nThe field check now lives in OrderCore::apply as an exhaustive match on\norder_type, after the client-order-id/strategy-id identity checks and the\nOrderStatus::transition check and before the first mutation. A type-invalid\nupdate returns InvalidOrderEvent with the order untouched, and a\nmis-addressed or invalid-transition update still reports the identity or\ntransition error ahead of the field violation. The six restrictive update()\nmethods keep their assert! as a defensive guard on the low-level mutation path.\n\nThe same ordering problem applied to apply()\'s own checks without any panic:\nprevious_status was assigned before the duplicate-fill, triggerable-type and\ntransition checks, so an event the FSM rejected advanced previous_status,\nwhich a rejected event has no business touching. All fallible checks,\nincluding the previous_status precondition modify_rejected and cancel_rejected\nneed, now run before the first mutation; those two handlers no longer return\nResult. A duplicate OrderInitialized consequently reports AlreadyInitialized\nrather than reaching the transition table and reporting InvalidStateTransition.\n\nCoded by an LLM.', ""Parse min notional for Bybit spot instruments\n\nParse lotSizeFilter.minOrderAmt as an exact Decimal and construct the\ninstrument's min_notional via Money::from_decimal, avoiding the f64\nrounding in parse_optional_notional. Covered by an exact assertion in\nparse_spot_instrument_builds_currency_pair."", 'Fix nested runtime panic in Parquet catalog queries', ""Merge remote-tracking branch 'origin/develop' into fix-dead-precommit-checks\n\n# Conflicts:\n#\tCargo.toml"", ""Resolve Python v2 stub member guard gaps\n\nFix Price.as_double by merging the cfg-gated separate impl block into the\nmain derive-attributed block using self.as_f64(), matching the Money and\nQuantity pattern. Add CustomData.from_json_bytes classmethod stub injection\nfor the model module, companion-guarded by to_json_bytes to avoid injecting\non the common crate's same-named byte-wrapper type. Inject a full Controller\nclass body into the trading stub and switch the reverse member guard to\n__dict__ so only own (non-inherited) members are validated. Update stale\nnautilus_pyo3.pyi references in the Kraken batch-method deferral comments.\nReduce DEFERRED_RUNTIME_METHODS from five entries to three real Kraken\ntuple-type limitations."", 'Add Architect AX funding-slots schedule requests\n\nAdds `GET /funding-slots` support to the Architect AX HTTP client, exposing\n`request_funding_slots` and the raw `get_funding_slots` call. Introduces the\n`AxFundingSlotsResponse`/`AxFundingSlot` models and `AxFundingVariant` and\n`AxFundingSlotStatus` enums, with a JSON fixture and coverage for parsing,\ncapped and skipped slots, and query serialization.', 'Move plugins guide to developer guide\n\n- Rewrite around the artifact contract, manifest, and boundary rules\n- Document macro fields, validation failures, and `repr(C)` constraints\n- Keep host implementation details out of the public docs', 'Fix Postgres schema ownership\n\n- Make `nautilus` own the database, schema, and application objects\n- Migrate legacy ownership and restore administrator cleanup\n- Test source CLI bootstrap from both pre-flight targets\n- Show only failures for doctest, Nextest, and pytest runs', 'Update dependencies and Ruff formatting\n\n- Upgrade eligible dependencies while preserving Arrow alignment\n- Add cargo-vet audits for reviewed Rust dependency deltas\n- Adopt Ruff 0.16 and preserve intentional lint patterns\n- Format Python examples in Markdown with Ruff', 'Merge pull request #2 from nautechsystems/develop\n\nIntegrate upstream changes', 'Fix reverse exchange-rate spread side and make route selection deterministic\n\n`get_exchange_rate` collapsed `quotes_bid` and `quotes_ask` into a single\n`effective_quotes` map before building its conversion graph, then added each\nreverse edge as the reciprocal of that already-selected side. A `Bid` request\ntherefore produced a reverse edge of `1/bid`, when selling the quote currency to\nacquire the base crosses the original ask and the reverse bid is `1/ask` (and\nsymmetrically the reverse ask is `1/bid`). The other side had been discarded by\nthe time the reverse edge was built, so the error was structural rather than\narithmetic: a reverse-bid rate came out too high, and the error compounds once\nper inverted leg of a multi-hop route.\n\nPair each bid with its ask by key before constructing the graph and derive both\ndirectional rates per pair - `Bid -> (bid, 1/ask)`, `Ask -> (ask, 1/bid)`,\n`Mid -> (mid, 1/mid)`. `Mid` is unchanged: the inverse of the midpoint preserves\n`mid(A/B) * mid(B/A) = 1`, which the arithmetic midpoint of the inverted market\ndoes not. The public signature is unchanged, so `Cache::get_xrate` and the pyo3\nwrapper are untouched.\n\nThe graph was also populated by iterating an `AHashMap`, whose order varies per\nprocess, and the DFS marks a node visited when pushing it, so when several\nindirect routes existed the winner depended on that arbitrary order and two runs\nover identical quotes could return different rates. Sort every adjacency list by\n`(neighbor, rate)` before the search, leaving the DFS itself unchanged. The key\nis total rather than the neighbor alone because parallel edges - a caller\nsupplying both `EUR/USD` and `USD/EUR` - would otherwise keep their randomized\nrelative order. A direct one-hop edge could never lose to a longer route, so only\nthe choice among indirect routes changes.\n\nPairing by key additionally makes the documented missing-side error real for\n`Bid` and `Ask`, which previously never consulted the other map, and both sides\nare now validated as positive before either can become a denominator.\n\nNew tests cover the three price types against `1/ask`, `1/bid` and `1/mid`, route\ndeterminism across four explicit `ahash::RandomState::with_seeds` states (with an\nassertion that the raw iteration orders do differ), the validation changes, and\nthe preserved precedence of the identical-currency shortcut. Both defects were\nverified to fail against the unfixed code separately: restoring the same-side\ninversion fails only the `Bid` and `Ask` cases, and removing the sort fails only\nthe determinism test. Three Python expectations that encoded the old reverse-bid\nbehavior are updated, including a `BTC/USD` fixture that quoted a bid above its\nask.\n\nCoded by an LLM.', ""Add pending-update to submitted order status transition\n\n`OrderStatus::transition` omitted the `(PendingUpdate, Submitted)` arm that\nthe Cython `FiniteStateMachine` table carries\n(`nautilus_trader/model/orders/base.pyx:132`). A submission acknowledgement\narriving after an order entered `PendingUpdate` - a venue re-emitting, or a\nsubmit ack racing an in-flight modify request - matched no arm, so\n`OrderCore::apply` returned `InvalidStateTransition` and dropped the event,\ndiverging from the Python engine which holds `PENDING_UPDATE`.\n\nAdd the arm `(PendingUpdate, Submitted) -> PendingUpdate`. No handler change\nis needed: `apply` does not overwrite `previous_status` while in a pending\nstate, so holding `PendingUpdate` preserves the pre-update status and a later\n`OrderUpdated` or `OrderModifyRejected` still restores it.\n\nCover the arm with its own test, `test_pending_update_accepts_delayed_submitted`,\nleaving `test_pending_update_order_restores_status_on_updated` untouched so the\nplain `PendingUpdate -> Updated` restore path keeps standalone coverage. The new\ntest builds the two submission events with distinct `account_id` and `ts_event`\nvalues, so its assertions also pin the `submitted` handler's field writes: a\ndelayed ack takes the order to the later event's account and `ts_submitted`,\nmatching `_submitted` in the Cython engine. The delayed-submission assertions\nfail against the unfixed table with `InvalidStateTransition`, while the\nrestoration test passes.\n\nCoded by an LLM."", 'Align instrument close actor test state', 'Add Binance Python v2 migration surface\n\n- Expose Binance constants, decoders, and configured instrument loading\n- Move order book CSV loading to a stateless Rust-backed function\n- Retire low-level client and provider access behind public v2 APIs\n- Document migration mappings and data-loading naming conventions\n- Add runtime, behavior, negative, and generated-stub coverage', 'Fix dead-code errors in nautilus-live feature checks\n\n- Gate two node-only `pub(crate)` methods behind the `node` feature\n- Fixes nightly `check-features` dead-code errors', ""Fail BitMEX WebSocket authentication on rejection (#4541)\n\nBitMEX answers a failed authKeyExpires with an error frame echoing the\noriginating request. BitmexWsFeedHandler matched that as\nBitmexWsFrame::Error, logged it, and fell through without returning the\nmessage, so it never reached the event loop. auth_tracker.fail is\nreachable only from handle_subscription_message, which requires a\nsubscription-shaped frame whose request op is authKeyExpires. The\nrejection therefore never resolved the receiver created in authenticate,\nand connect blocked until the authentication timeout expired before\nreturning a generic timeout. An operator with a revoked or mistyped key\nsaw a ten second hang and no reason, and the client could not\ndistinguish a rejected key from a venue gone silent.\n\nBitmexWsFrame::Error already carries request: BitmexHttpRequest; the arm\ndiscarded it. Bind it, and when its op is authKeyExpires fail the tracker\nwith the venue's own error text so connect returns it immediately. The\nframe is still dropped afterwards, having been consumed as a control\nmessage rather than data. This covers the echoed-request rejection only:\nthe variant requires status, meta and request, so a bare error payload,\nan envelope without meta, or a connection close still resolves through\nthe timeout, which remains the necessary fallback.\n\nThe wait used the shared AUTHENTICATION_TIMEOUT_SECS directly, so no\ncaller could bound it. BitmexWebSocketClient now takes\nauth_timeout_secs: Option<u64> and stores\nauth_timeout_secs.unwrap_or(AUTHENTICATION_TIMEOUT_SECS), mirroring how\nOKXWebSocketClient parameterises the same constant, threaded through\nnew, new_with_env and the PyO3 constructor. Existing callers pass None\nand the shared constant is unchanged.\n\ntest_login_failure_emits_error discarded connect's result and asserted\nonly that the session was unauthenticated, so it passed while the\nrejection was dropped; it now asserts the returned venue message and\npasses without a shortened timeout, verified to fail against the unfixed\nhandler. Adds test_login_times_out_when_server_is_silent for the\nremaining slow path. test_reconnection_waits_for_delayed_auth_ack gated\nits acknowledgement with a fixed delay taken inside the mock's only\nreceive loop, so its no-premature-subscription assertion could not have\nobserved one; the socket is now split so the server keeps reading while\nthe acknowledgement is held.\n\nCoded by an LLM."", ""Fix TWAP child-order sizing and interval validation (#4544)\n\nTwapAlgorithm::on_order split the order quantity on the raw fixed-point\nvalue (total_raw / num_intervals) and rebuilt each child with the primary\norder's precision, so children landed off the instrument size grid, the\nfinal remainder slice was a single raw unit of dust, and the child\nprecision disagreed with its raw value. It now mirrors the execution\nreference: the quotient is taken in Decimal, floored to the instrument\nsize precision toward zero, and each child and the remainder are built\nthrough make_qty, with a runtime check that the schedule sums exactly to\nthe order quantity before any mutation.\n\nThe interval timer was created with Duration::from_secs_f64(interval_secs)\nonly after the first child had been spawned and submitted, so a finite but\nhuge interval panicked with an order already live and no timer set. The\ninterval is now validated before any mutation - try_from_secs_f64, a\nnon-zero check, a checked u64 nanosecond conversion, and a checked add\nagainst the clock timestamp - and the validated Duration is reused for\nset_timer.\n\nCoded by an LLM."", 'Fix option chain strike precision\n\n- Resolve strike ranges and nearest strikes with exact `Price` values\n- Compare percent bands and hysteresis from exact `Decimal` inputs\n- Cover float-collapsed strikes and exact rebalance boundaries', 'Fix broken Developer Guide link in CONTRIBUTING\n\n- Point at the versioned docs path, the old link returned 404\n- Drop the stale .lycheeignore entry that masked the break\n- Note that ignore entries are substring regexes, not exact', 'Fix standard-precision make targets and add nightly job\n\n- Stop standard-precision targets resolving high precision\n- Add a nightly clippy job for the standard-precision build\n- Replace feature-conditional expect attributes with allow\n- Gate order book replay tests needing 128-bit fixtures\n- Share the max whole-unit quantity bound across Quantity tests', 'Port the Python v2 Controller to Rust\n\n- Expose Controller as a pyclass extending DataActor\n- Delete the Python shim, its sibling stub, and the stub injector\n- Generate the Controller stub from source instead of a literal\n- Pin the exposed Python submodule set in the conventions hook\n- Cover the actor and strategy control paths with regressions', 'fix(polymarket): reject incomplete reconciliation reports', 'fix(live): close strict reconciliation authority', 'Fix Python v2 exact integer conversions\n\n- Convert Price, Quantity, and Money to integers from raw values\n- Format Money debug output without floating-point precision loss\n- Cover fixed-point boundaries in Rust and Python v2 tests\n- Keep unreleased notes within the configured line limit', 'Add Polymarket v2 order response conformance test\n\n- Guard the CLOB rollout returning tradeIDs on matched FAK/FOK orders\n- Confirm OrderResponse ignores the unmapped async-execution fields', 'Refine DST concept guide', 'Retire expired sandbox engines for quote-only instruments\n\n- Add periodic sweep retiring expired engines and cache state\n- Cover quote-only instruments expiring without an event\n- Retain engines holding an open position or order', 'Run architect-ax connection-failure tests in paused time (#4554)\n\ntest_orders_connection_failure_to_invalid_url and\ntest_md_connection_failure_to_invalid_url each point a WebSocket client at\nan unreachable port and assert connect() returns an error. Both\nAxOrdersWebSocketClient::connect and AxMdWebSocketClient::connect retry the\ninitial dial five times with a 500ms/5000ms exponential backoff, sleeping\nafter each of the first four failures on the real clock. Against\n127.0.0.1:9999 every dial is refused near-instantly, so the tests spend\nessentially all of their ~8s parked in those four sleeps - the two slowest\ntests in the package.\n\nRun both under start_paused. The five real dials still happen and still\nfail, so connect() reaches retry exhaustion and returns the same transport\nerror the tests assert on; only the four backoff timers advance in virtual\ntime. The shared connector returns before spawning any reader/writer/\nheartbeat tasks on a failed dial, so nothing keeps the runtime busy and\nTokio auto-advances to each pending timer. tokio test-util is enabled as a\ndev-dependency.\n\nTest-only; no adapter runtime code changes. The two tests drop from ~8.2s\nand ~7.8s to ~0.06s each with the connect attempts and assertions\npreserved.\n\nCoded by an LLM.', 'Encode cache position snapshots on demand\n\n- Store snapshot frames as positions encoded on first read\n- Drop the JSON decode from position snapshot read paths\n- Add Cache::snapshot_position_encoded for durable anchoring\n- Move position snapshot machinery into cache/position.rs\n- Related to #4546', 'Run Rust doctests before nextest', 'Collect data events through the correlated response instead of fixed drain windows\n\ndrain_data_events collected events with timeout_at(deadline, rx.recv())\nin a loop, so it only returned once the deadline expired and every call\ncost its full window regardless of when events arrived. Thirteen call\nsites, twelve at five seconds and one at 500ms, built 60.5 seconds of\nserial waiting into the file, plus a 300ms sleep used as an absence\ncheck in the reconnect test.\n\nThe correlated DataResponse is already a deterministic terminal marker,\nso collect_data_events_until_response receives until it sees a\nDataEvent::Response carrying the request\'s correlation ID, then sweeps\nalready-queued events with try_recv. Asserting callers keep the vector\nunchanged; priming callers discard it. The timeout survives as a failure\ndeadline a passing run never reaches. request_instrument sends\nInstrument then Response with no await between the sends and the channel\npreserves order, so the response guarantees any publish is already\nqueued. The exact counts do narrow to ""exactly one through the terminal\nresponse boundary"" rather than ""none during the next five seconds"", as\ntry_recv is not a general quiescence proof; no producer emits after its\nresponse, and a duplicate publish precedes it.\n\ntest_request_instrument_not_found_emits_no_publish keeps its 500ms\nwindow with a comment: the missing-instrument path returns without a\nresponse, so it has no marker to collect through.\n\nThe reconnect test replaces its sleep with an ordering fence.\nconnect_client queues connect-time replay and only then sends the\nnew-market discovery subscribe, so waiting for the second discovery\npayload proves any stale replay already arrived. A replay can never be\nempty-assets, so it cannot hide among those payloads.\n\nVerified the exactness still bites: with a duplicate Instrument send\nadded to request_instrument the helper returns [Instrument, Instrument,\nResponse] and the publish-count assertion fails with 2. Package 2m16s to\n1m26s.\n\nCoded by an LLM.', 'Fix inflight coverage and bookkeeping-map retention in live reconciliation\n\nBatch CancelOrders fell through the exec-command dispatch wildcard arm, so\nits child orders never called register_inflight and got no inflight timeout\ncoverage; a silently dropped batch cancel left each child stuck in\nPendingCancel. Add a CancelOrders arm registering every child, mirroring\nModifyOrders. CancelAllOrders is left out - it carries no per-order ids.\n\ncheck_inflight_orders skipped filtered_client_order_ids with a bare continue\nthat retired nothing, so filtered entries were re-selected every cycle and\ninflight_checks grew unbounded. Retire them via clear_recon_tracking and guard\nregister_inflight so a filtered id never enters the map.\n\nobserve_execution_report cleared reconciliation tracking for a terminal order\nreport and then unconditionally re-marked order_local_activity, which nothing\nage-pruned, leaking one entry per closed order. Unify the Order and\nOrderWithFills arms into one observe_order_status_report helper (pending retains\nand marks, open clears and marks, closed clears and does not re-mark), and add\nprune_order_local_activity on the periodic maintenance tick dropping entries\nolder than open_check_threshold_ns - the window every consumer already gates on.\n\nAdd regression tests for each defect, verified to fail against the unfixed code,\nusing paused virtual time with no wall-clock waits.\n\nCoded by an LLM.', 'Collect Polymarket data events through the correlated response (#4539)\n\ndrain_data_events collected events with timeout_at(deadline, rx.recv())\nin a loop, so it only returned once the deadline expired and every call\ncost its full window regardless of when events arrived. Thirteen call\nsites, twelve at five seconds and one at 500ms, built 60.5 seconds of\nserial waiting into the file, plus a 300ms sleep used as an absence\ncheck in the reconnect test.\n\nThe correlated DataResponse is already a deterministic terminal marker,\nso collect_data_events_until_response receives until it sees a\nDataEvent::Response carrying the request\'s correlation ID, then sweeps\nalready-queued events with try_recv. Asserting callers keep the vector\nunchanged; priming callers discard it. The timeout survives as a failure\ndeadline a passing run never reaches. request_instrument sends\nInstrument then Response with no await between the sends and the channel\npreserves order, so the response guarantees any publish is already\nqueued. The exact counts do narrow to ""exactly one through the terminal\nresponse boundary"" rather than ""none during the next five seconds"", as\ntry_recv is not a general quiescence proof; no producer emits after its\nresponse, and a duplicate publish precedes it.\n\ntest_request_instrument_not_found_emits_no_publish keeps its 500ms\nwindow with a comment: the missing-instrument path returns without a\nresponse, so it has no marker to collect through.\n\nThe reconnect test replaces its sleep with an ordering fence.\nconnect_client queues connect-time replay and only then sends the\nnew-market discovery subscribe, so waiting for the second discovery\npayload proves any stale replay already arrived. A replay can never be\nempty-assets, so it cannot hide among those payloads.\n\nVerified the exactness still bites: with a duplicate Instrument send\nadded to request_instrument the helper returns [Instrument, Instrument,\nResponse] and the publish-count assertion fails with 2. Package 2m16s to\n1m26s.\n\nCoded by an LLM.', 'Remove Polymarket v2 ack_timeout_secs config\n\n- Drop the field from Rust config, PyO3 constructor, stub, and docs\n- The v2 buffer-and-drain submit path has no ack wait to bound\n- Breaking change: removes a public PyO3 config field', 'Fix quadratic NETTING backtest cost\n\n- Strip position replay state from cache snapshot blobs\n- Add ExecutionEngineConfig.carry_replay_events_on_reopen\n- Stop cloning the account event log on the per-fill path\n- Bound position state to the current cycle by default\n- Related to #4546', 'Fix misaligned table in execution docs\n\n- Reflow the carry_replay_events_on_reopen table to content width\n- Fixes the MD060 pre-commit failure introduced in e00ef01863', 'Run Rust doctests before nextest to stop CI disk exhaustion\n\n- Run the doctest step first in both Linux x86 jobs, rustdoc links one\n  throwaway binary per doc example and those transient files now clear\n  before the nextest test-binary set lands\n- Mirror the same order in the pre-flight and pre-flight-v2 gates, which\n  share one target directory and so share the peak\n- Report disk usage before clearing the test artifacts, so the next\n  occurrence has the numbers the Bus error did not give us\n- Implements #4570 from @seungpyoson, with the ordering rationale kept in\n  the moved comment and extended to the local gates\n\nFork pull requests were failing with ""collect2: fatal error: ld terminated\nwith signal 7 [Bus error]"" while linking nautilus-persistence doctests in\n/tmp/rustdoctest*. That is ENOSPC surfacing through lld\'s mmap of its output\nfile: the two nextest steps had already filled the 146 GB runner filesystem,\nleaving nothing for the doctest links. Features, profiles, and commands are\nunchanged, only the order.', 'Gate workspace Rust test coverage\n\n- Run omitted workspace crates in the existing Rust test lanes\n- Keep CLI tests in the workspace-compiled adapter lane\n- Reject missing, duplicate, or unknown inventory entries\n- Reject no-test crates that gain Rust tests', 'Fix IB startup instrument loading', 'Support Binance TradFi perpetual instruments', 'Surface Betfair replace-flow mock server panics\n\n- Join with `server.await.unwrap()` so mock panics fail the test\n- Outlier mock was missed by the prior sweep over the other sites\n- Related to #4531', 'Fix clippy lints', 'Parse Bybit commision currency from WebSocket stream (#4536)', 'Allow extra head markup in rustdoc builds\n\n- Add optional `RUSTDOC_EXTRA_HEAD` path as `--html-in-header`\n- Leave `RUSTDOCFLAGS` unchanged when the variable is unset\n- Keep the injected markup itself out of this repository', 'Run Postgres cache tests in core CI\n\n- Enable Postgres for directly selected core packages\n- Preserve explicit SBE coverage without workspace feature unification', 'Reject unowned Polymarket maker fills', 'fix(live): fail closed on incomplete reconciliation', 'Forward high-precision to nautilus-serialization from dependent crates\n\n`nautilus-binance`, `nautilus-betfair`, `nautilus-tardis`, `nautilus-data`,\nand `nautilus-testkit` each depend on `nautilus-serialization` but declare\n`high-precision = [""nautilus-model/high-precision""]`, omitting the matching\n`nautilus-serialization/high-precision` forward. When any activates\n`high-precision` (binance and tardis by default), feature unification widens\n`nautilus-model`\'s Price/Quantity raws to 128-bit while `nautilus-serialization`\nstill compiles its 64-bit decode path, so its SBE/Cap\'n Proto decoders narrow\nvia `i64::try_from`/`u64::try_from` and return `NumericOverflow` for any value\nbeyond the 64-bit range. A workspace-level `--features high-precision` masks\nthis by reaching serialization directly.\n\nAdd `nautilus-serialization/high-precision` to each of the five features,\nmatching the forwarding already used by persistence, pyo3, common, and the\nderibit/databento/hyperliquid adapters. Manifest-only; the existing\nserialization round-trip tests cover the regression.\n\nCoded by an LLM.', 'Set Bybit margin_trading info field on spot instruments (#4540)', 'Move adapter data-event test collection into testkit\n\n- Remove the verbatim copies from the adapter test crates\n- Add unit tests for the deadline, correlation and panic paths\n- Assert exact durations under paused time instead of wall clock\n- Related to #4547', 'Fix log_trace argument forms and logging macro examples\n\nThe log_trace! macro could not parse the color and component forms its own\ndocumentation advertised. Its component-only and color-only arms used variadic\n$($args:expr),+ matchers and were declared before the combined arms, so\n\'color = LogColor::Cyan, component = ""DataEngine""\' hit a local-ambiguity\nparse error. Reorder the arms and switch to fixed arities so log_trace!\nmatches log_debug!, log_info!, log_warn!, and log_error!.\n\nThe five macro doc examples never compiled: they called the macro without\nimporting it and referenced undefined variables. No gate runs cargo test --doc,\nso this went unnoticed.', 'Clarify Python v2 generated stub contract', 'Migrate Order average pricing to Decimal\n\n- Store `Order.avg_px` and `Order.slippage` as Decimal values\n- Preserve exact venue prices through reports and reconciliation\n- Encode Decimal Arrow strings while accepting legacy Float64\n- Migrate Postgres columns to NUMERIC without rounding values\n- Make SQL initialization idempotent and reject stale schemas', 'Sync py_get_exchange_rate doc comment with its core item\n\nThe `# Errors` block on the pyo3 wrapper mirrors the doc comment on\n`get_exchange_rate`, and the previous commit reworded and reordered\nthat block: it gained the lead-in noting that an identical\n`from_currency` and `to_currency` returns a rate of one without\ninspecting the quotes, and moved the `price_type` bullet after the\nquote-map bullets to match the new validation precedence.\n\nThe wrapper still carried the old text, leaving the generated surface\nout of sync. Regenerated so the two agree.\n\nCoded by an LLM.', ""Fix TWAP child-order sizing and interval validation\n\nTwapAlgorithm::on_order split the order quantity on the raw fixed-point\nvalue (total_raw / num_intervals) and rebuilt each child with the primary\norder's precision, so children landed off the instrument size grid, the\nfinal remainder slice was a single raw unit of dust, and the child\nprecision disagreed with its raw value. It now mirrors the execution\nreference: the quotient is taken in Decimal, floored to the instrument\nsize precision toward zero, and each child and the remainder are built\nthrough make_qty, with a runtime check that the schedule sums exactly to\nthe order quantity before any mutation.\n\nThe interval timer was created with Duration::from_secs_f64(interval_secs)\nonly after the first child had been spawned and submitted, so a finite but\nhuge interval panicked with an order already live and no timer set. The\ninterval is now validated before any mutation - try_from_secs_f64, a\nnon-zero check, a checked u64 nanosecond conversion, and a checked add\nagainst the clock timestamp - and the validated Duration is reused for\nset_timer.\n\nCoded by an LLM."", 'Preserve hedge-mode position reports during live reconciliation', 'Replace timer-driven mock stream teardown in Betfair tests\n\nEach Betfair client test spawned a mock stream server whose last act was a\nfixed sleep followed by dropping the write half, then joined that task with\n`let _ = server.await`. The test body finished in well under a second and\nthen blocked on the timer. No assertion observed the socket close: the\nreconnect tests drive reconnection with a synthetic second Connection frame\nover the still-open socket, not via EOF. The delay only kept the peer alive\nuntil the test was done, which is a signal rather than a duration.\n\nExpressing it as a duration also left a latent flake. Every test disconnects\nits client before joining, so the close normally lands after the client is\ngone; a body that outran its keepalive under load would instead take\ntransport EOF mid-test and could turn it into a spurious reconnect, surfacing\nas an unrelated assertion failing intermittently.\n\nThe mock server now waits on a tokio oneshot that the test fires after\nclient cleanup and after its final assertion, so the socket closes with the\nclient already gone by construction rather than by racing a deadline. Sender\ndrop on a failing test releases the receiver, so a panicking test leaves no\nparked task. The join becomes server.await.unwrap(), so a panic inside a mock\nserver fails its test instead of being discarded.\n\nConversion is positional: a sleep immediately preceding drop(write_half) as\nthe final act of the spawned task is keepalive and is converted whatever its\nconstant, covering 75 sites. Sleeps sitting mid-task are observation windows\nand are left alone, including the inter-frame gaps in the reconnect-queue\ntests, the negative-event waits, and the betting_response_delays that make an\nHTTP method slow on purpose.\n\nTests only; no production code is touched and no assertion changes. The\nBetfair suite drops from 307.32s to 51.62s.\n\nCoded by an LLM.', 'Reconcile live positions against current cache state, not a prepare-time snapshot\n\nThe continuous position-consistency check captured open positions at\nprepare time and reconciled them against venue reports arriving after an\nasynchronous request round-trip. `check_position_discrepancy` derived\nboth `cached_signed_qty` and `cached_avg_px` from that frozen vector,\nwhile the runner kept draining execution events during the await, so a\nfill that closed or reduced the position mutated the cache but not the\nsnapshot. A position gone flat during the request, matched against an\nempty venue response, synthesized a market order against the stale\nquantity and opened a real position in the cache. The venue-only loop\nwas the same defect in reverse: a key that opened during the request was\nabsent from the snapshot, so its full venue quantity was re-synthesized.\n\nDrop the `positions_by_key` snapshot from `PositionReportCheck` and have\n`check_position_discrepancy` re-read the current open-`Position` vector\nfor the key from the cache at reconciliation time, driving both quantity\nand average price from it under one borrow with no intervening await.\nPrune retry counters against the reconcile-time active set. Retain the\nprepare-time `client_coverage` map deliberately - it records which\nclients were actually queried, which is what lets an absent report be\nread as flat - so a newly opened key with no coverage entry is deferred\nto the next cycle rather than reconciled against a report never requested\nfor it. The mass-status netting path already read the cache live and is\nunchanged.\n\nCoded by an LLM.', 'Stop okx data-client tests waiting out the event-drain deadline (#4547)\n\ndrain_data_events in crates/adapters/okx/tests/data_client.rs collects\nevents with timeout_at(deadline, rx.recv()) in a loop; the OKXDataClient\nholds the UnboundedSender for the life of the test, so after the response\narrives rx.recv() blocks until the deadline. The three instrument-request\ntests therefore each spent their full five-second window despite the\nresponse landing in milliseconds.\n\nThe correlated DataResponse is a deterministic terminal marker, so the\nthree positive tests now collect through it:\ncollect_data_events_until_response receives until it sees the\nDataEvent::Response whose correlation_id matches the request, then sweeps\nany queued trailing events with try_recv. The five-second argument\nsurvives only as a failure deadline. Every existing assertion is\npreserved, and a missing or wrong-variant response still panics rather\nthan passing. test_request_instrument_emits_no_spread_when_disabled keeps\nits one-second window: that path emits no response, so it has no terminal\nmarker to collect through.\n\nCoded by an LLM.', 'Fix Decimal conversion panic for large high-precision values\n\n- Add `scaled_raw_to_decimal` folding whole and fractional parts on overflow\n- Route `Price`, `Quantity` and `Money` `as_decimal` through it\n- Preserve the exact value and scale of every conversion that already worked\n- Drop the now stale `# Panics` note on `Money::to_formatted_string`\n- Cover the mantissa boundary for each type and both remainder signs', 'Fix order average fill price precision\n\n- Fold surviving fills into a `Decimal` notional and quantity\n- Share one fold across rebuild and the incremental fill update\n- Stop feeding the float `avg_px` back into the next average\n- Convert once at the unchanged `avg_px: Option<f64>` boundary\n- Add an `order_fills` Criterion benchmark for the fold cost', 'Exclude build output from workspace test coverage check\n\n- Prune directories marked with CACHEDIR.TAG when scanning\n- Stop generated .rs files failing the no-test crate check', 'Fix live node msgbus ingress test race\n\n- Stop the node from `drive`, not from the quote handler\n- The handler stopped run() before drive observed the quote\n- Replace hand-rolled poll loops with wait_until_async\n- Raise the bounded waits from 1s to 10s under a 30s cap', 'Support PyO3 backtest results in tearsheets', 'fix(polymarket): fail incomplete open-order reconciliation', 'fix(polymarket): close reconciliation report gaps', 'Run architect-ax connection-failure tests in paused time\n\ntest_orders_connection_failure_to_invalid_url and\ntest_md_connection_failure_to_invalid_url each point a WebSocket client at\nan unreachable port and assert connect() returns an error. Both\nAxOrdersWebSocketClient::connect and AxMdWebSocketClient::connect retry the\ninitial dial five times with a 500ms/5000ms exponential backoff, sleeping\nafter each of the first four failures on the real clock. Against\n127.0.0.1:9999 every dial is refused near-instantly, so the tests spend\nessentially all of their ~8s parked in those four sleeps - the two slowest\ntests in the package.\n\nRun both under start_paused. The five real dials still happen and still\nfail, so connect() reaches retry exhaustion and returns the same transport\nerror the tests assert on; only the four backoff timers advance in virtual\ntime. The shared connector returns before spawning any reader/writer/\nheartbeat tasks on a failed dial, so nothing keeps the runtime busy and\nTokio auto-advances to each pending timer. tokio test-util is enabled as a\ndev-dependency.\n\nTest-only; no adapter runtime code changes. The two tests drop from ~8.2s\nand ~7.8s to ~0.06s each with the connect attempts and assertions\npreserved.\n\nCoded by an LLM.', 'auto repay outstanding bybit spot borrows', 'fix quantity rounding check and add regression test', 'parse bybit fee currency from ws', 'Bound live node startup and shutdown by the lifecycle timeouts\n\nThe kernel connect_data_clients, connect_exec_clients, and\ndisconnect_clients awaited the underlying engine future with no bound;\nonly the check_connected/check_disconnected poll loops were bounded by\ntimeout_connection and timeout_disconnection. A pending adapter connect\nor disconnect future therefore hung startup or shutdown indefinitely,\nand on a readiness timeout the node logged an error but then set itself\nto Running and returned success.\n\nTreat timeout_connection as a single deadline spanning data connect,\ninstrument flush, execution connect, and the engine-connected poll: each\nconnect future is wrapped against the remaining budget and the readiness\npoll shares that deadline rather than restarting a fresh one. A zero\ntimeout_connection stays valid - a connect that is immediately ready (an\nempty or already-connected client set) still completes on the first\npoll, while a pending connect fails closed, so the bound is not disabled\nby a zero budget. Any connect or readiness timeout now fails closed -\nabort startup, finalize the kernel, set Stopped, and return an error\nnaming the stage - and the node never publishes Running on a timeout.\nfinalize_stop bounds disconnect_clients and the disconnected-readiness\npoll under one shared timeout_disconnection deadline and always\nfinalizes locally; disconnect_clients disconnects the data and execution\nengines concurrently so a hung data disconnect no longer blocks\nexecution teardown.\n\nLiveNode::build no longer overwrites config.environment with Live before\nvalidating it - which silently promoted Sandbox to Live and made the\nBacktest rejection unreachable - and instead validates the incoming\nvalue through a shared validate_live_environment helper the builder\npaths also use.\n\nAdds lifecycle regression tests covering hung connect, hung disconnect,\nreadiness timeout, the shared connection budget, zero-timeout startup,\nand environment validation, each verified to fail against the unfixed\ncode, all under paused virtual time.\n\nCoded by an LLM.', ""Prepare both cross-zero reconciliation legs before the first cache mutation\n\nreconcile_cross_zero_position splits a sign-flipping position discrepancy\ninto a close fill then an open fill, but ran the close leg through\nhandle_external_order before constructing the open leg. That handler is\nnot a pure builder: it adds the synthetic order to the cache, indexes its\nvenue order id in both directions, and publishes OrderInitialized before\nreturning events. The open leg's fallible from_decimal_dp / with_avg_px\nconversions ran only afterwards, so a None there dropped the accumulated\nevents while the close order stayed cached and published. Because the\nsynthetic client_order_id is derived deterministically from the venue\norder id, the next cycle regenerates the same id, add_order collides, and\nthe cross-zero reconciliation can never complete - a stranded non-terminal\norder with the discrepancy left unresolved.\n\nBuild and validate both leg reports before the first handle_external_order\ncall: when venue_avg_px is Some the open report is constructed up front,\nand an unbuildable leg returns None with nothing cached, indexed, or\npublished. The close leg is then applied, followed by the open leg,\npreserving close-before-open ordering. The venue_avg_px == None close-only\npath is unchanged. A small pure build_cross_zero_leg_report helper removes\nthe duplicated report construction.\n\nCoded by an LLM."", 'Restore the blank line before control-flow constructs\n\nThe repository style requires a blank line above a control-flow construct\n(`if`, `match`, ...) unless the preceding line opens a block, is a comment\nor attribute, or shares an identifier with the condition. Insert it at 31\nsites across 20 files that had drifted from the convention. Whitespace\nonly; no behavior change.\n\nCoded by an LLM.', 'Forward high-precision to nautilus-serialization from dependent crates (#4550)\n\n`nautilus-binance`, `nautilus-betfair`, `nautilus-tardis`, `nautilus-data`,\nand `nautilus-testkit` each depend on `nautilus-serialization` but declare\n`high-precision = [""nautilus-model/high-precision""]`, omitting the matching\n`nautilus-serialization/high-precision` forward. When any activates\n`high-precision` (binance and tardis by default), feature unification widens\n`nautilus-model`\'s Price/Quantity raws to 128-bit while `nautilus-serialization`\nstill compiles its 64-bit decode path, so its SBE/Cap\'n Proto decoders narrow\nvia `i64::try_from`/`u64::try_from` and return `NumericOverflow` for any value\nbeyond the 64-bit range. A workspace-level `--features high-precision` masks\nthis by reaching serialization directly.\n\nAdd `nautilus-serialization/high-precision` to each of the five features,\nmatching the forwarding already used by persistence, pyo3, common, and the\nderibit/databento/hyperliquid adapters. Manifest-only; the existing\nserialization round-trip tests cover the regression.\n\nCoded by an LLM.', 'Ignore perf.data.old profiling output', 'Auto-repay Bybit SPOT margin borrows (#4543)\n\n* auto repay outstanding bybit spot borrows\n* add repay tests and improve config doc\n* fix quantity rounding check and add regression test', 'add repay tests and improve config doc', ""Commit reconciliation fill dedup after canonical apply, and bound its retention\n\n`ExecutionManager::create_order_fill` performed the dedup read-guard\n(`processed_fills.contains_key`) and the commit (`insert`) in one step,\nthen returned the `OrderFilled` event for the caller to dispatch. All\nthree mass-status callers dispatch their events later, after a global\nsort, through `exec_engine.process` / `project_reconciliation_fill`,\nnone of which reports success, so the key was committed before the fill\nreached the canonical order cache. In `reconcile_order_with_fills` the\nfill is projected onto a `working` clone; if `working.apply` fails the\nfunction returns without emitting the event, but `processed_fills`\nalready holds the key, so the next cycle's `contains_key` short-circuits\nthe fill to `None` and it is never retried - suppressed until the\nmanager is dropped. A fill the canonical engine rejects (unknown order,\nduplicate, overfill, invalid transition) is lost the same way.\n\n`create_order_fill` now read-guards against the committed\n`processed_fills` and a per-pass `pending_fill_keys` reservation set,\nbuilds the event, and inserts nothing. A real report fill is reserved\nonly when its event is actually queued (a failed `working.apply`\nreturns first and reserves nothing), and the dedup key is committed to\n`processed_fills` inside the dispatch loop, per fill, immediately after\nthat fill's synchronous `process` / `project_reconciliation_fill`\nreturns - gated on a canonical-cache postcondition: the order resolved\nby `client_order_id` (venue-order-id fallback) must match the `FillKey`\naccount and instrument and already carry the fill's `trade_id`. A trade\nid already present counts as applied and commits (correct replay); an\nabsent one does not commit. Inferred top-up fills keep their plain\n`order_events.push` and never enter the dedup map.\n\n`processed_fills` was an `IndexMap` with no prune path, growing for the\nlifetime of the manager. It becomes a `RecencyMap<FillKey>` pruned in\n`LiveNode`'s per-minute maintenance pass at horizon\n`max(60s, reconciliation_lookback_mins)` - the startup mass-status\nlookback that bounds how far back a replayed fill report can arrive.\nWith no finite startup lookback (`reconciliation_lookback_mins: None`,\nthe default) pruning is skipped and the map is retained, since no finite\nTTL is replay-safe without a horizon; the map is non-persistent and\nresets on restart.\n\nThe doc comment on `observe_execution_report` claimed the `Fill` report\narm marks the fill processed; it only records activity, and is\ncorrected to say so.\n\nCoded by an LLM."", 'Replace free-disk-space CI action with in-repo script\n\n- Remove unmaintained jlumbroso action and its apt-get warnings\n- Add scripts/ci/free-disk-space.sh covering the same cleanup\n- Fold the separate extra-SDK cleanup into the new script', 'Make Python v2 stub member guard bidirectional\n\nThe generated-stub runtime member guard only checked stub-to-runtime name\npresence, so it passed even when generated stubs omitted public runtime\nmembers or declared them with the wrong kind. Extend it to a bidirectional\nguard scoped to stub-declared classes.\n\n- Reverse direction: every public runtime property and method on a\n  stub-declared class must appear in the generated stub, with\n  property-versus-method kind preserved (getset_descriptor as property;\n  method_descriptor, classmethod_descriptor, and function as method).\n  Setter and deleter defs do not downgrade a getter property to a method.\n- Keyword alias resolution so runtime `Transaction.from` matches the stub\n  `from_` property instead of a false mismatch.\n- A reviewed `NON_CONTRACT_DTO_CLASSES` allowlist for the 154 confirmed\n  non-contract wire-schema, acknowledgement, and error DTO properties\n  (Bybit wire DTOs, DatabentoSubscriptionAck, OKXWebSocketError) that\n  generated stubs intentionally omit.\n- A `DEFERRED_RUNTIME_METHODS` set for five contract gaps (Kraken batch\n  order methods, CustomData.from_json_bytes, Price.as_double) pending\n  source or generator fixes under Unit 7 checkbox 3.\n\nAdd two focused unit tests proving the reverse-drift helper reports\nuncovered members, respects both allowlists, catches kind drift, and\nresolves keyword aliases, so the guard cannot regress to vacuous.\n\nNo production code changed.', 'Stop backtest order and account queries panicking the simulated exchange (#4545)\n\nSimulatedExchange::send dispatched a QueryOrder or QueryAccount into\ngenerate_inflight_command under a latency model, whose match ends in\n_ => panic!, and into process_trading_command otherwise, which opens with\ncommand.instrument_id() - a hard panic for the account-level QueryAccount.\nA strategy polling order or account status therefore aborted the backtest.\n\nThe backtest venue does not answer these queries and the reference\nexecution client synthesizes no report, so BacktestExecutionClient::\nquery_order and query_account now log the unsupported query and return\nwithout forwarding, and SimulatedExchange::send intercepts both query\nvariants as a no-op ahead of the latency and instrument-id dispatch,\nhardening the public exchange entry point. TradingCommand::instrument_id()\nis unchanged - its panic for an account-level command is correct and the\nexchange was the invalid caller.\n\nCoded by an LLM.', 'Document Python support policy', 'Allow useless_conversion in two feature-conditional Quantity tests (#4556)\n\ntest_from_u64_exact and test_from_u64_overflow_panics compute their bound\nas u64::try_from(QUANTITY_RAW_MAX / FIXED_SCALAR_RAW). Without the\nhigh-precision feature QuantityRaw is u64, so that try_from converts to the\nsame type and clippy::useless_conversion fires; with high-precision it is\nu128, so the try_from is a required narrowing and the lint does not fire.\ncargo clippy on the default feature set therefore errors on these two tests.\n\nBecause the lint fires in only one feature configuration, #[expect] cannot\nbe used - it would be unfulfilled, and itself an error, in the\nhigh-precision build. Add #[allow(clippy::useless_conversion, reason = ...)]\nto the two tests, matching the existing\n#[allow(clippy::unnecessary_fallible_conversions, reason = ...)] on\nraw_as_decimal in the same file. The try_from is kept (the correct checked\nnarrowing under high-precision); only the lint is suppressed.\n\nTest-only, no runtime change.\n\nCoded by an LLM.', 'Correct event sourcing guide claims and restructure\n\n- Scope capture claims: capture never gates dispatch and fail-stop does not stop the run\n- Document that a backend commit failure discards the queued batch\n- Replace the correlation model\'s implied propagation with what the registry populates\n- Drop the unimplemented `intent_id` mechanism\n- Narrow verifier and retention guarantees to anchor structure, not restorability\n- Document marker drops under backpressure and correct ""gap-free"" verification\n- Refresh verifier output samples and add the `load_state=true` replay prerequisite\n- Move cache replay out of the marker sidecar and merge the operational section', 'Fix event store capture test timeouts\n\n- Synchronize capture assertions through writer seal and close\n- Remove redundant wall-clock high-watermark polling', 'fix(polymarket): fail unrepresentable position reconciliation', ""Remove real-time retry ladders from two bybit adapter tests\n\nTwo nautilus-bybit tests walked real retry/backoff ladders on the wall\nclock.\n\ntest_rate_limiting_returns_error built its client with max_retries=3 and\n1s/10s delays. The mock answers the sixth request with HTTP 429, which the\nretry predicate treats as retryable, so the request slept ~1s+2s+4s before\nthe rate-limit error surfaced (~8s). The test only asserts that the error\nis returned, not retry behaviour, so construct it with max_retries=0 (1ms\ndelays, since the exponential backoff rejects a zero initial delay).\n\ntest_wait_until_active_timeout called connect() against an unreachable\nport first. connect() retries the initial dial five times with backoff, so\nthat call blocked ~8s before the 0.5s wait the test is about could start. A\nfreshly constructed client is already closed, so wait_until_active(0.5)\nexercises the timeout directly. Drop the connect() call and run under\nstart_paused so the timeout and the poll loop's 10ms sleeps advance in\nvirtual time; tokio test-util is enabled as a dev-dependency.\n\nTest-only; no adapter runtime code changes. The two tests drop from\n~8.5s and ~7.8s to ~0.06s and ~0.22s with every assertion preserved.\n\nCoded by an LLM."", ""Fail BitMEX WebSocket authentication on rejection instead of waiting out the timeout\n\nBitMEX answers a failed authKeyExpires with an error frame echoing the\noriginating request. BitmexWsFeedHandler matched that as\nBitmexWsFrame::Error, logged it, and fell through without returning the\nmessage, so it never reached the event loop. auth_tracker.fail is\nreachable only from handle_subscription_message, which requires a\nsubscription-shaped frame whose request op is authKeyExpires. The\nrejection therefore never resolved the receiver created in authenticate,\nand connect blocked until the authentication timeout expired before\nreturning a generic timeout. An operator with a revoked or mistyped key\nsaw a ten second hang and no reason, and the client could not\ndistinguish a rejected key from a venue gone silent.\n\nBitmexWsFrame::Error already carries request: BitmexHttpRequest; the arm\ndiscarded it. Bind it, and when its op is authKeyExpires fail the tracker\nwith the venue's own error text so connect returns it immediately. The\nframe is still dropped afterwards, having been consumed as a control\nmessage rather than data. This covers the echoed-request rejection only:\nthe variant requires status, meta and request, so a bare error payload,\nan envelope without meta, or a connection close still resolves through\nthe timeout, which remains the necessary fallback.\n\nThe wait used the shared AUTHENTICATION_TIMEOUT_SECS directly, so no\ncaller could bound it. BitmexWebSocketClient now takes\nauth_timeout_secs: Option<u64> and stores\nauth_timeout_secs.unwrap_or(AUTHENTICATION_TIMEOUT_SECS), mirroring how\nOKXWebSocketClient parameterises the same constant, threaded through\nnew, new_with_env and the PyO3 constructor. Existing callers pass None\nand the shared constant is unchanged.\n\ntest_login_failure_emits_error discarded connect's result and asserted\nonly that the session was unauthenticated, so it passed while the\nrejection was dropped; it now asserts the returned venue message and\npasses without a shortened timeout, verified to fail against the unfixed\nhandler. Adds test_login_times_out_when_server_is_silent for the\nremaining slow path. test_reconnection_waits_for_delayed_auth_ack gated\nits acknowledgement with a fixed delay taken inside the mock's only\nreceive loop, so its no-premature-subscription assertion could not have\nobserved one; the socket is now split so the server keeps reading while\nthe acknowledgement is held.\n\nCoded by an LLM."", ""Time out hung reconciliation report tasks\n\nContinuous reconciliation runs one report task at a time: the\nopen-order, targeted-order, and position checks share a single\nmutually-exclusive slot, and maybe_start_reconciliation_check refuses to\nstart any check while another is in progress. A task holds the slot\nuntil it completes, and the bulk request functions\n(request_open_order_reports, request_position_reports) and the targeted\npath await each client's report generation sequentially with no\ndeadline. A single client whose generate_*_reports never resolves\ntherefore occupies the slot for the process lifetime: open, targeted,\nand position reconciliation all stop silently while the node keeps\nrunning. timeout_reconciliation bounded only startup mass-status\ncollection; it had no continuous-reconciliation caller.\n\nEach spawned report task now carries its own deadline. The three\nstart_*_report_check helpers capture now + timeout_reconciliation at\ntask creation and store it inside the pinned future, which wraps the\nclient requests in a single dst::time::timeout and resolves to Completed\nor TimedOut. The deadline lives in the future, not the select! arm - the\narm is reconstructed whenever another branch wins, so a relative timeout\nthere would restart every runner iteration and never fire. On TimedOut\nthe task is dropped first (releasing the execution-client borrow held\nacross the request), deferred instrument updates are flushed to every\nclient (the per-client report facade only flushes after its await\nreturns, which cancellation skips), a timed-out targeted task removes\nexactly its planned client-order IDs from targeted_order_queries (a\nnarrow removal that leaves inflight retry counts and query recency\nintact), the expiry is logged, and no partial batch is reconciled.\nlast_open_check and last_position_check are left untouched, so the\nblocked check class - already overdue - wins the next scheduling pass\nonce the slot frees. Ordinary per-client errors keep their partial\nsuccess behavior; only expiry discards the accumulated batch. The same\ncleanup runs at shutdown, where the tasks were previously dropped\nwithout flushing instruments or clearing targeted markers.\n\nThe bound reuses the existing timeout_reconciliation field; its\ndocumentation now covers both startup reconciliation and each continuous\nreport-collection task.\n\nAdds regression tests for each task class timing out and releasing the\nslot, narrow targeted-marker removal, partial-batch discard on expiry,\nand deferred-instrument flush on cancellation, each verified to fail\nagainst the unfixed code, all under paused virtual time.\n\nCoded by an LLM."", 'Serialize the global logger lifecycle and keep its worker process-lifetime\n\nThe global logger\'s initialization and teardown were coordinated by\nunsynchronized atomic flags, which allowed two races.\n\n`Logger::init_with_config` checked `LOGGING_INITIALIZED`, then registered\nthe logger with `set_boxed_logger`, published `LOGGER_TX`, and set the\nflag - none of it serialized. A concurrent second initializer (any\nprocess that builds more than one kernel, e.g. parallel tests) lost\n`set_boxed_logger` and, in the kernel\'s `SetLoggerError` recovery, read\n`LOGGER_TX` before the winner published it - returning `None` and failing\nwith ""A non-Nautilus logger is already registered"". Separately, the last\n`LogGuard` drop joined the worker and reset `LOGGING_INITIALIZED`, but\n`set_boxed_logger` is permanent for the process and `LOGGER_TX` is a\nnever-cleared `OnceLock`, so a later init recovered a guard bound to the\ndead, joined worker.\n\nIntroduce a process-global `Mutex<LoggerLifecycle>` (`Uninitialized ->\nRunning -> Terminated`, no reverse edge) that serializes initialization,\nguard acquisition, the last-guard release, and shutdown;\n`LOGGING_INITIALIZED` becomes an informational mirror. Initialization\nspawns the writer thread before the irreversible `set_boxed_logger`, then\npublishes `LOGGER_TX` / `LOGGER_HANDLE` and flips to `Running` under the\nlock, so a concurrent acquirer either performs the one initialization or\nobserves a fully published state. A normal last-guard drop now flushes\nand syncs via the existing acknowledgement path and leaves the worker\nrunning; `logging_shutdown` is the sole terminal operation, after which a\nfurther init returns a clear error instead of a dead-sender guard. Under\nthe `simulation`/`madsim` build, which spawns no worker and drops the\nreceiver, the sync and channel sends are compiled out.\n\nCoded by an LLM.', 'map post only bybit cancellation to rejection', 'Make the Binance Spot WS trading setup timeout configurable (#4538)\n\nBinanceSpotExecutionClient::connect bounded each WebSocket trading setup\nphase with a literal Duration::from_secs(10): one for the session.logon\nresponse, one for userDataStream.subscribe. session_logon only enqueues\nthe command on the handler channel and returns, so the response arrives\nasynchronously through ws_authenticated, ws_user_data_subscribed, or the\nsetup-error channel, which wait_for_ws_setup_response races against the\ndeadline. A venue that accepts the socket and then never answers held\nconnect() for the full 10 seconds per phase - up to 20 across both -\nbefore falling back to HTTP-only execution, and no operator could shorten\nthat for fast failover or lengthen it for a proxied route.\n\nAdd BinanceExecClientConfig::ws_trading_setup_timeout_ms, defaulting to\n10000 so current behavior is unchanged. connect() derives one Duration\nand passes it to both waits independently, preserving the per-phase\nbudget rather than collapsing them into a single deadline. validate()\nrejects zero, which would make setup a scheduler race that almost always\nenters HTTP-only mode for the process lifetime while logging a timeout.\nNo upper bound is imposed: the recv_window_ms ceiling is a Binance\nprotocol constraint, not a general timeout precedent.\n\nThe second deadline had no test that reached it - every subscribe branch\nsent either success or a rejection the error receiver won immediately, so\nits timeout path was dead in coverage. Add IgnoreUserDataSubscribe, which\nrecords the method and then does nothing, and a regression driving that\nwait to expiry. Both timeout assertions were verified to fail against the\nunfixed code.\n\nCoded by an LLM.', 'Suppress unnecessary_fallible_conversions lint in Quantity::raw_as_decimal\n\nclippy flags `i128::try_from` on `QuantityRaw` as an unnecessary fallible\nconversion, but that only holds under standard precision where `QuantityRaw`\nis `u64`. Under the high-precision feature `QuantityRaw` is `u128`, where\n`i128::try_from` is genuinely fallible, so the fallible form must stay. Add a\nscoped allow with a reason, matching the existing feature-duality allow above.', ""Remove real-time retry ladders from two bybit adapter tests (#4553)\n\nTwo nautilus-bybit tests walked real retry/backoff ladders on the wall\nclock.\n\ntest_rate_limiting_returns_error built its client with max_retries=3 and\n1s/10s delays. The mock answers the sixth request with HTTP 429, which the\nretry predicate treats as retryable, so the request slept ~1s+2s+4s before\nthe rate-limit error surfaced (~8s). The test only asserts that the error\nis returned, not retry behaviour, so construct it with max_retries=0 (1ms\ndelays, since the exponential backoff rejects a zero initial delay).\n\ntest_wait_until_active_timeout called connect() against an unreachable\nport first. connect() retries the initial dial five times with backoff, so\nthat call blocked ~8s before the 0.5s wait the test is about could start. A\nfreshly constructed client is already closed, so wait_until_active(0.5)\nexercises the timeout directly. Drop the connect() call and run under\nstart_paused so the timeout and the poll loop's 10ms sleeps advance in\nvirtual time; tokio test-util is enabled as a dev-dependency.\n\nTest-only; no adapter runtime code changes. The two tests drop from\n~8.5s and ~7.8s to ~0.06s and ~0.22s with every assertion preserved.\n\nCoded by an LLM."", 'Improve CONTRIBUTING and GitHub issue templates\n\n- Lint CONTRIBUTING.md, it was excluded and had drifted\n- Reorder steps so the CLA precedes the pull request\n- Split Tips into Requirements and Tips, rules were buried\n- Apply sentence case and flatten heading levels in templates\n- Add RELEASES.md, PyO3 stub, and PR title rules to the template', 'Normalize Markdown table column widths\n\n- Rewrite table columns to the widest cell plus one space either side\n- Extend the table hook to fix widths, which MD060 accepts at any size\n- Reflow 74 files whose columns had drifted wider than their content\n- Size the generated order-denied-reasons table by characters, not bytes\n- Document the width rule in the Markdown style guide', 'Fix portfolio balance ordering nondeterminism\n\n- Order margin recalculation by instrument ID on portfolio init\n- Each local AHashSet reseeds, so runs iterated differently\n- Invented zero balances landed in the IndexMap out of order\n- Add a regression test over both initialization entry points', 'Convert serialization decode against the model\'s resolved raw types\n\nThe five `nautilus-serialization` decode sites chose their narrowing path from\nthis crate\'s own `high-precision` feature, which only forwards to\n`nautilus-model/high-precision`. Those are not the same predicate: a build can\nactivate the model feature without the serialization one, and decode then\ncompiles its `#[cfg(not(feature = ""high-precision""))]` path against 128-bit\n`PriceRaw`/`QuantityRaw`/`MoneyRaw` aliases, rejecting any raw beyond the 64-bit\nrange that `from_raw` would have accepted. `nautilus-common/capnp` plus a direct\n`nautilus-model/high-precision` reaches that state in-tree, and any external\ncrate can do the same. #4550 fixed the five dependents that had the desync, but\ncould not make the invariant enforceable.\n\nAdd a crate-private `numeric` module with `wire_to_raw` and `raw_to_wire`,\ngeneric over the resolved raw type, and route all ten codec sites through it.\nDecode now converts into the model\'s aliases directly, so it tracks the model\'s\nactual width and `nautilus-serialization/high-precision` becomes a convenience\nalias rather than a correctness input. Error variants and messages are unchanged.\n\nBecause clippy checks a generic body before monomorphization, an identity\nconversion is invisible through the helpers\' type parameter, so no suppression is\nneeded in either width. This removes all seven width-related\n`#[expect(clippy::useless_conversion)]` attributes: five were fulfilled only when\nthe resolved raw was 128-bit and two only when it was 64-bit, and since an\nunfulfilled expectation is itself an error under `-D warnings`, each width\nerrored on the attributes belonging to the other. It also removes a real\n`useless_conversion` in `Money::from_capnp`, whose standard-precision branch\nconverted an `i64` into `i64`.\n\nAdd `test_capnp_resolved_raw_width_roundtrip` and\n`test_sbe_resolved_raw_width_roundtrip`, using economic values whose fixed-point\nraw crosses 64 bits only under high precision, so they need no `cfg` and no\nwidth-dependent assertions. Both fail against the unfixed decode when the model\nresolves to 128-bit raws while this crate\'s feature is off; each decode site was\nreverted individually to confirm the assertions bite separately.\n\nCoded by an LLM.', 'Fix dYdX unchecked instrument', ""Cut fixed-time waits from four bitmex tests\n\nTwo mechanisms behind the four slowest nautilus-bitmex tests.\n\nThe submit-broadcaster tests test_broadcast_submit_duplicate_clordid_expected\nand test_expected_reject_pattern_comprehensive each built a second stub\ntransport that slept 10s before failing, labelled 'Should be aborted'. But\nprocess_submit_results aborts remaining transports only on the first\nsuccess; an expected rejection is not a success, so the loop awaited every\nhandle and the stub was never aborted - each test spent a full 10s in that\nsleep. Awaiting all transports is correct, so make the second stub fail\nimmediately with an ordinary non-duplicate error; the aggregate is unchanged\n(one expected reject, one failed submit, no success, overall error). The\ncancel-broadcaster tests use the same stub but their first transport\nsucceeds and genuinely aborts the second, so they are already fast and are\nleft untouched.\n\ntest_http_network_error and test_http_500_internal_server_error built their\nclient with max_retries=3 and 1s/10s delays; the network error and 500 are\nretryable, so each walked ~1s+2s+4s of backoff before surfacing the error.\nNeither tests retry behaviour, so build them with max_retries=0 (1ms delays,\nsince the backoff rejects a zero initial delay).\n\nTest-only; no adapter runtime code changes. The four tests drop from\n~10s/10s/8.9s/8.7s to milliseconds with every assertion preserved.\n\nCoded by an LLM."", 'Strip replay-only state from position snapshot blobs\n\nCache::snapshot_position serialized the full Position including\nreplay_events and fill_voids. These vectors exist to service fill-void\ncorrections on the live cached position and are never read back from\nsnapshot blobs (snapshot consumers read summary fields such as\nrealized_pnl and account_id), yet they grow with every fill applied to\nthe position ID: under NETTING OMS the execution engine carries\nreplay_events across every close/reopen cycle, so each per-flip snapshot\nblob was O(total fills) in serialization time and retained memory,\nmaking a backtest with n fills O(n^2) in both.\n\nClearing the two vectors on the throwaway snapshot copy bounds every\nblob to the summary state. Both fields are #[serde(default)], so\nexisting persisted blobs and the round-trip via position_snapshots()\nremain compatible.\n\nCo-Authored-By: Claude Fable 5 <noreply@anthropic.com>', 'set margin_trading for bybit spot instruments', ""Stop dYdX error-path tests waiting out the production retry ladder\n\nTen error-path tests construct their client with the retry-config parameter\nset to None, so they inherit RetryConfig::default(): max_retries 3, a 1s\ninitial delay, a 2.0 backoff factor and 100ms of jitter. Each then requests\nan endpoint the mock server always answers with 500, 502, 503 or 429, and\nthe client retries on a 1s/2s/4s ladder before surfacing the error. That is\nseven seconds of sleeping per test, and it accounts for half the package's\ntest runtime.\n\nNone of these tests are about retrying. Nine assert only that an error\nsurfaces; test_retry_exhaustion is about retrying but asserts on the request\ncount, not on elapsed time, so it does not need the production delays either.\n\nEach test file gains a local fast_test_retry_config helper with a 1ms delay,\nno jitter and a backoff factor of 1.0, inheriting everything else from the\ndefault so only the inter-attempt wait changes. The nine error-surfacing\ntests take zero retries and test_retry_exhaustion takes one. The 1ms is\nrequired rather than cosmetic: ExponentialBackoff::new rejects a zero initial\ndelay and RetryManager validates the backoff before the first operation even\nwhen max_retries is zero, so a zero-delay config fails construction instead\nof producing a fast client.\n\nWith test_retry_exhaustion's retry count now explicit, its assertion is\ntightened from final_count > 1, which any count above one satisfies and which\ncannot distinguish one retry from forty, to final_count == 2: one initial\nrequest plus one retry, then exhaustion. Verified against a two-retry config,\nwhere the count is 3 and the old assertion passes while the new one fails.\n\nTests only; no production code is touched. The nautilus-dydx package drops\nfrom 1m54s to 56.5s.\n\nCoded by an LLM."", 'Fix non-atomic order event application (#4530)\n\nOrderCore::apply committed state before it finished validating. It wrote\nprevious_status, transitioned status, ran the per-event handler, set\nts_last and pushed the event, and only then did each concrete apply call\nupdate(), where six order types validated the OrderUpdated fields with\nassert!. A type-invalid update therefore panicked with the transition\nalready committed instead of returning InvalidOrderEvent; under the\nrelease profile\'s panic = ""abort"" that terminates the process.\n\nThe field check now lives in OrderCore::apply as an exhaustive match on\norder_type, after the client-order-id/strategy-id identity checks and the\nOrderStatus::transition check and before the first mutation. A type-invalid\nupdate returns InvalidOrderEvent with the order untouched, and a\nmis-addressed or invalid-transition update still reports the identity or\ntransition error ahead of the field violation. The six restrictive update()\nmethods keep their assert! as a defensive guard on the low-level mutation path.\n\nThe same ordering problem applied to apply()\'s own checks without any panic:\nprevious_status was assigned before the duplicate-fill, triggerable-type and\ntransition checks, so an event the FSM rejected advanced previous_status,\nwhich a rejected event has no business touching. All fallible checks,\nincluding the previous_status precondition modify_rejected and cancel_rejected\nneed, now run before the first mutation; those two handlers no longer return\nResult. A duplicate OrderInitialized consequently reports AlreadyInitialized\nrather than reaching the transition table and reporting InvalidStateTransition.\n\nCoded by an LLM.', 'Refine instrument increment construction\n\n- Route DeFi and synthetic increments through exact integer scaling\n- Cover raw values, declared precision, clamping, and errors', ""Make v2 adapter WebSocket auth timeouts configurable\n\n- Surface WebSocket auth/login timeouts in v2 adapter configs\n- Thread each timeout to its low-level wait site; defaults unchanged\n- Add the optional parameter to Python config and WS constructors\n- Wire Derive's unused ws_timeout_secs and add a Bybit auth-wait setter"", 'Fix Architect AX Python factories and subscriptions\n\n- Register Python v2 data and execution factories with the registry\n- Correlate subscription responses with exact tracked topics\n- Preserve subscription intent across failures and reconnect replay\n- Resubscribe when the requested order book level changes\n- Add Python builder and WebSocket lifecycle regressions', 'Harden v2 pull request CI coverage\n\n- Run v2 CI for pull requests targeting develop and retargets\n- Keep untrusted pull requests on GitHub-hosted runners\n- Use bounded Cargo profiles for untrusted v2 builds\n- Fail planning when pull request callers omit BASE_REF', 'Reduce CI disk use and duplicate Rust testing\n\n- Free more space on GitHub-hosted runners and report disk usage\n- Run the shared Linux Rust suite once before required wheel checks\n- Keep test-ci validation on GitHub-hosted runners and CI profiles\n- Narrow Rust and fixture caches to reusable artifacts']","['committed (#4632)', 'committed (#4538)', 'committed (#4557)', 'committed (#4548)', 'committed (#4547)', 'committed (#4546)', 'committed (#4545)', 'committed (#4536)', 'committed (#4522)', 'committed (#4500)', 'committed (#4566)', 'committed (#4537)', 'committed (#4524)', 'committed (#4589)', 'committed (#4516)', 'committed (#4556)', 'committed (#4530)', 'committed (#4527)', 'committed (#4526)', 'committed (#4506)', 'committed (#4568)', 'committed (#4549)', 'committed (#4570)', 'committed (#4539)', 'committed (#4523)', 'committed (#4519)', 'committed (#4488)', 'committed (#4550)', 'committed (#4562)', 'committed (#4544)', 'committed (#4535)', 'committed (#4531)', 'committed (#4517)', 'committed (#4563)', 'committed (#4554)', 'committed (#4543)', 'committed (#4528)', 'committed (#4521)', 'committed (#4518)', 'committed (#4553)', 'committed (#4541)', 'committed (#4529)', 'committed (#4520)', 'committed (#4567)', 'committed (#4555)', 'committed (#4540)', 'committed (#4532)']","[44, 54, 63, 71, 79, 87, 95, 103, 111, 119, 127, 135, 143, 151, 159, 167, 175, 183, 191, 199, 207, 215, 223, 231, 239, 247, 255, 263, 271, 279, 287, 295, 303, 311, 319, 327, 335, 343, 351, 359, 367, 375, 383, 391, 399, 407, 415, 423, 431, 439, 447, 455, 463, 471, 479, 487, 495, 503, 511, 519, 527, 535, 543, 551, 559, 567, 575, 583, 591, 599, 607, 615, 623, 631, 639, 647, 655, 663, 671, 679, 687, 695, 703, 711, 719, 727, 735, 743, 751, 759, 767, 775, 783, 791, 799, 807, 3474, 3482, 4272, 4384, 4395, 4438, 4476, 4487, 4507, 4565, 4573, 4581, 4728, 4736, 4744, 4752, 4760, 4768, 4776, 4800, 4830, 4868, 4906, 4944, 4992, 5118, 5155, 5170, 5200, 5246, 5255, 5263, 5336, 5374, 5417, 5436, 5464, 5550, 5594, 5649, 5707, 5769, 5802, 5824, 5886, 6051, 6101, 6166, 6240, 6304, 6396, 6446, 6509, 6561, 6621, 6671, 6725, 6781, 6843, 6903, 6966, 6974, 7299, 7786, 7794, 8395]","[47, 56, 65, 73, 81, 89, 97, 105, 113, 121, 129, 137, 145, 153, 161, 169, 177, 185, 193, 201, 209, 217, 225, 233, 241, 249, 257, 265, 273, 281, 289, 297, 305, 313, 321, 329, 337, 345, 353, 361, 369, 377, 385, 393, 401, 409, 417, 425, 433, 441, 449, 457, 465, 473, 481, 489, 497, 505, 513, 521, 529, 537, 545, 553, 561, 569, 577, 585, 593, 601, 609, 617, 625, 633, 641, 649, 657, 665, 673, 681, 689, 697, 705, 713, 721, 729, 737, 745, 753, 761, 769, 777, 785, 793, 801, 809, 3476, 3484, 4274, 4386, 4397, 4440, 4478, 4489, 4509, 4567, 4575, 4583, 4730, 4738, 4746, 4754, 4762, 4770, 4778, 4802, 4832, 4870, 4908, 4946, 4994, 5120, 5157, 5172, 5202, 5248, 5257, 5265, 5338, 5376, 5419, 5438, 5466, 5552, 5596, 5651, 5709, 5771, 5804, 5826, 5888, 6053, 6103, 6168, 6242, 6306, 6398, 6448, 6511, 6563, 6623, 6673, 6727, 6783, 6845, 6905, 6968, 6976, 7301, 7788, 7796, 8397]","Replace timer-driven mock stream teardown in Betfair tests (#4531)

Each Betfair client test spawned a mock stream server whose last act was a
fixed sleep followed by dropping the write half, then joined that task with
`let _ = server.await`. The test body finished in well under a second and
then blocked on the timer. No assertion observed the socket close: the
reconnect tests drive reconnection with a synthetic second Connection frame
over the still-open socket, not via EOF. The delay only kept the peer alive
until the test was done, which is a signal rather than a duration.

Expressing it as a duration also left a latent flake. Every test disconnects
its client before joining, so the close normally lands after the client is
gone; a body that outran its keepalive under load would instead take
transport EOF mid-test and could turn it into a spurious reconnect, surfacing
as an unrelated assertion failing intermittently.

The mock server now waits on a tokio oneshot that the test fires after
client cleanup and after its final assertion, so the socket closes with the
client already gone by construction rather than by racing a deadline. Sender
drop on a failing test releases the receiver, so a panicking test leaves no
parked task. The join becomes server.await.unwrap(), so a panic inside a mock
server fails its test instead of being discarded.

Conversion is positional: a sleep immediately preceding drop(write_half) as
the final act of the spawned task is keepalive and is converted whatever its
constant, covering 75 sites. Sleeps sitting mid-task are observation windows
and are left alone, including the inter-frame gaps in the reconnect-queue
tests, the negative-event waits, and the betting_response_delays that make an
HTTP method slow on purpose.

Tests only; no production code is touched and no assertion changes. The
Betfair suite drops from 307.32s to 51.62s.

Coded by an LLM.
Standardize v2 adapter package export facades

- Give every adapter package a curated __all__ exposing only its
  canonical constants, data types, configs, factories, user-facing
  enums, stateless loaders, and supported utilities
- Register <VENUE>, <VENUE>_CLIENT_ID, and <VENUE>_VENUE for every
  venue adapter from Rust so the constants exist before the facade
  references them; data providers, blockchain, sandbox, and the
  multi-venue broker omit them
- Keep raw HTTP/WebSocket clients, wire models, endpoint helpers, and
  other internals out of the facades
- Teach generate_stubs.py to copy each runtime __all__ into the
  matching stub (sync_adapter_all_exports) and regenerate, so runtime
  and stub exports agree exactly without hand-editing generated stubs
- Add parametrized facade tests and document the convention in the
  coding standards
Fix order book average price precision

- Accumulate weighted prices and sizes with exact Decimal values
- Convert raw quantities without exceeding Decimal mantissa limits
- Cover adjacent prices and maximum raw quantity sizes
Forward high-precision to nautilus-testkit from pyo3

- Align the testkit 64-bit/128-bit fixture path with the model
- Backfill release notes for merged PRs since the last entry
- Credit patch authors on entries recorded under issue numbers
- Related to #4550
Fix ParquetDataCatalog doc examples

The catalog examples were written against an older API and had never been
compiled: 34 used a `ParquetDataCatalog::new(/* ... */)` placeholder, and the
rest passed `String` where the methods now take `&str`, `PathBuf` where they
take `&Path`, and three arguments to the four-argument write methods.

Five private functions carried doc examples. Rustdoc collects private-item
examples into the doctest run but the example cannot import the item, so they
could never compile. Move those assertions into unit tests, which is coverage
those functions did not have.
Tighten Architect AX connection-failure assertions

- Assert the retry ladder exhausts all five dial attempts
- Assert the dial is refused, not a virtual-clock timeout
- Bind the test URL once instead of restating it
Document commit message conventions

- Specify subject, body, and issue reference rules with examples
- Rule out Conventional Commits syntax for commits and PR titles
- Correct the documented body width from 100 to gitlint's 79
- Map each documented limit to the gitlint rule that checks it
- Link the convention from the CONTRIBUTING tips
Fix Architect AX account fees and market data trade IDs

- Rewrite `AxWhoAmI` against the live venue schema and accounts
- Resolve instrument maker and taker fees from the account
- Give market data trades one identity across REST and WebSocket
- Separate trade prints that share a venue timestamp
- Authenticate before loading instruments, aborting on failure
Fix Bybit SPOT margin auto-repayment

- Accumulate base fills and fees across partial executions
- Cap and truncate repayment quantities to available debt
- Route MNT through fee-aware no-convert repayment
- Type repayment statuses and reject failed results
- Correct Rust v2 opt-in and blackout documentation
Make the Binance Spot WS trading setup timeout configurable

BinanceSpotExecutionClient::connect bounded each WebSocket trading setup
phase with a literal Duration::from_secs(10): one for the session.logon
response, one for userDataStream.subscribe. session_logon only enqueues
the command on the handler channel and returns, so the response arrives
asynchronously through ws_authenticated, ws_user_data_subscribed, or the
setup-error channel, which wait_for_ws_setup_response races against the
deadline. A venue that accepts the socket and then never answers held
connect() for the full 10 seconds per phase - up to 20 across both -
before falling back to HTTP-only execution, and no operator could shorten
that for fast failover or lengthen it for a proxied route.

Add BinanceExecClientConfig::ws_trading_setup_timeout_ms, defaulting to
10000 so current behavior is unchanged. connect() derives one Duration
and passes it to both waits independently, preserving the per-phase
budget rather than collapsing them into a single deadline. validate()
rejects zero, which would make setup a scheduler race that almost always
enters HTTP-only mode for the process lifetime while logging a timeout.
No upper bound is imposed: the recv_window_ms ceiling is a Binance
protocol constraint, not a general timeout precedent.

The second deadline had no test that reached it - every subscribe branch
sent either success or a rejection the error receiver won immediately, so
its timeout path was dead in coverage. Add IgnoreUserDataSubscribe, which
records the method and then does nothing, and a regression driving that
wait to expiry. Both timeout assertions were verified to fail against the
unfixed code.

Coded by an LLM.
Adopt shared Markdown style standard

- Add docs/developer_guide/markdown_style.md as shared baseline
- Enable MD059 and MD060, and set MD003 to atx
- Pad table delimiter cells and align pipes across all docs
- Add a table padding hook and make check-markdown target
- Trim docs.md to defer to the style guide, not restate it
Gate Rust doctests in CI

Doctests have never run: cargo nextest cannot execute them, and no workflow or
Makefile target invoked cargo test --doc, so examples drifted from the API
unnoticed. Add cargo-test-doc and run it in the linux-x86 build job after the
nextest steps, where it reuses their artifacts rather than paying for its own
workspace compile in a separate job. Both pre-flight targets include it.
Fix margin account fabricating unreported balances

- Stop materializing balances for currencies the venue never reported
- A fabricated zero denied orders and hid the real locked margin
- Align with CashAccount and BettingAccount, which already return
- Cover the margin clamp and retarget the portfolio ordering test
- Merge split nautilus_core imports in the bybit repay tests
Fix NETTING realized PnL across archived cycles

- Sum every snapshot frame instead of only the newest (v1 parity)
- Settle archived cycles reshaped by a prior-cycle fill void
- Track snapshot revisions so settling refreshes cached totals
- Document the replay-log span settling depends on
Add dependency release age reporting

- Show crates.io and PyPI release dates for outdated dependencies
- Align ages and highlight releases below the three-day cooldown
- Preserve Cargo and `uv` output while lookup failures stay non-fatal
- Keep the report portable with POSIX shell and no Node dependency
Fix reconciliation formatting policy
Add historical instrument close requests
Stop okx data-client tests waiting out the event-drain deadline

drain_data_events in crates/adapters/okx/tests/data_client.rs collects
events with timeout_at(deadline, rx.recv()) in a loop; the OKXDataClient
holds the UnboundedSender for the life of the test, so after the response
arrives rx.recv() blocks until the deadline. The three instrument-request
tests therefore each spent their full five-second window despite the
response landing in milliseconds.

The correlated DataResponse is a deterministic terminal marker, so the
three positive tests now collect through it:
collect_data_events_until_response receives until it sees the
DataEvent::Response whose correlation_id matches the request, then sweeps
any queued trailing events with try_recv. The five-second argument
survives only as a failure deadline. Every existing assertion is
preserved, and a missing or wrong-variant response still panics rather
than passing. test_request_instrument_emits_no_spread_when_disabled keeps
its one-second window: that path emits no response, so it has no terminal
marker to collect through.

Coded by an LLM.
Stop cloning the account event log on the per-fill portfolio path

The portfolio's per-fill handlers deep-cloned the whole account up to
four times per fill. BaseAccount.events grows by one AccountState per
fill and is never purged during a run, so each clone is O(total prior
fills) and a backtest with n fills is O(n^2) CPU: measured avg per-fill
cost grew from 0.21 ms at 1k fills to 23.4 ms at 65k fills, single-core
bound (the v1 Cython engine runs the identical workload flat at ~2.4
ms/fill). The clones were:

- update_position: Cache::account_owned, the AccountsManager
  update_positions wrapper (clones its input), and Cache::update_account
  (clones again into the cell) - three per position event.
- update_balances: a whole-account defensive rollback clone per fill.

update_position now peeks at the account under a scoped borrow and, only
for the margin recompute path, moves the account out with take_account,
recalculates with the existing update_positions_in_place, and moves it
back (update_account_owned on success; cache_account_owned - no database
write, as before - when the recompute returns None, which leaves the
account untouched). Cash/betting and margin accounts without
calculate_account_state no longer write the account back at all,
matching the previous read-only behavior.

update_balances now snapshots only the state the balance update can
mutate (balances and commissions maps) for its rollback path instead of
cloning the account.

Account event history, published states, balances, and PnL are
unchanged; fills are byte-identical on a 65k-fill parity harness against
v1 1.230.0.

Co-Authored-By: Claude Fable 5 <noreply@anthropic.com>
Stop backtest order and account queries panicking the simulated exchange

SimulatedExchange::send dispatched a QueryOrder or QueryAccount into
generate_inflight_command under a latency model, whose match ends in
_ => panic!, and into process_trading_command otherwise, which opens with
command.instrument_id() - a hard panic for the account-level QueryAccount.
A strategy polling order or account status therefore aborted the backtest.

The backtest venue does not answer these queries and the reference
execution client synthesizes no report, so BacktestExecutionClient::
query_order and query_account now log the unsupported query and return
without forwarding, and SimulatedExchange::send intercepts both query
variants as a no-op ahead of the latency and instrument-id dispatch,
hardening the public exchange entry point. TradingCommand::instrument_id()
is unchanged - its panic for an account-level command is correct and the
exchange was the invalid caller.

Coded by an LLM.
add tests to cover fee currency parsing
Defer recent-fill dedup marking until the fill applies to its order

The live node dedups repeated venue fills through recent_fills_cache,
keyed by (account_id, instrument_id, trade_id): a direct OrderFilled marks
the key and a later matching ExecutionReport::Fill is skipped. The mark was
committed before the event reached the canonical order cache -
observe_order_event marked every direct OrderFilled in the pre-dispatch
hook, and process_reconciliation_events marked before ExecutionEngine::
process. Both dispatch paths are synchronous and neither reports
application success, so a fill the engine rejected (unknown order, invalid
transition) was still marked and its later report - the venue's
authoritative record - suppressed for the recency window (~60-120s). Same
class as the mass-status processed_fills fix in #4518.

Defer the mark to after dispatch, gated on the canonical order:
commit_recent_fill_if_applied resolves the order (client_order_id, venue-
order-id fallback), requires account, instrument, and trade_ids containment
to match, then marks - reusing the is_fill_applied postcondition from #4518.
An already-present trade id counts as applied (correct replay); an
unresolved or unapplied fill is not marked, so its later report stays
eligible. The mark is removed from the pre-dispatch observe_order_event
(its position/local activity recording stays); normal ingress captures the
OrderFilled before the event is moved into dispatch and commits after, via
a dispatch_exec_event_and_commit_fill helper; process_reconciliation_events
processes then commits. Skip and prune sites are unchanged.

An orderless leg fill (applied to a position with no canonical order) is no
longer marked and stays eligible for a later report - the honest result
under an order-cache postcondition.

Coded by an LLM.
set post only reject reason for bybit
Extend Python v2 config parity guards

- Validate Rust fields, PyO3 constructors, and getters for all configs
- Reuse approved readback policies across source and runtime guards
- Remove the opaque adapter constructor inventory digest
- Regenerate the BitMEX WebSocket authentication timeout stub
Add Decimal constructors to Instrument trait

- Add make_qty/make_price from_decimal variants to Instrument trait
- Delegate the f64 make_qty/make_price to the new from_decimal variants
- Route TWAP sizing via try_make_qty_from_decimal, dropping f64 hops
- Add Decimal/f64 parity tests with round-down and round-to-zero guard
Cut fixed-time waits from four bitmex tests (#4555)

Two mechanisms behind the four slowest nautilus-bitmex tests.

The submit-broadcaster tests test_broadcast_submit_duplicate_clordid_expected
and test_expected_reject_pattern_comprehensive each built a second stub
transport that slept 10s before failing, labelled 'Should be aborted'. But
process_submit_results aborts remaining transports only on the first
success; an expected rejection is not a success, so the loop awaited every
handle and the stub was never aborted - each test spent a full 10s in that
sleep. Awaiting all transports is correct, so make the second stub fail
immediately with an ordinary non-duplicate error; the aggregate is unchanged
(one expected reject, one failed submit, no success, overall error). The
cancel-broadcaster tests use the same stub but their first transport
succeeds and genuinely aborts the second, so they are already fast and are
left untouched.

test_http_network_error and test_http_500_internal_server_error built their
client with max_retries=3 and 1s/10s delays; the network error and 500 are
retryable, so each walked ~1s+2s+4s of backoff before surfacing the error.
Neither tests retry behaviour, so build them with max_retries=0 (1ms delays,
since the backoff rejects a zero initial delay).

Test-only; no adapter runtime code changes. The four tests drop from
~10s/10s/8.9s/8.7s to milliseconds with every assertion preserved.

Coded by an LLM.
Update pre-commit spelling and link checks

- Bump Typos and allow intentional terms while correcting prose
- Rely on Lychee's automatic ignore file loading
Fix Binance Spot fill fixture startup timeout
Fix Polymarket reconciliation report completeness
style(polymarket): satisfy reconciliation formatting
fix(polymarket): replace Price::from with fallible path to prevent panic on excess tick precision

Price::from calls expect() internally and panics when the decimal
precision of the tick size exceeds FIXED_PRECISION (16). Both
create_instrument_from_def and rebuild_instrument_with_tick_size
called Price::from before tick_relative_price_bounds, so a malformed
Gamma tick size with >16 decimal places could terminate the process.

Fix: move tick_relative_price_bounds before price_increment construction
and replace Price::from with Price::from_decimal which returns a Result.
The existing fail-soft boundary in instruments_from_defs now correctly
logs and skips the invalid instrument.

Fixes #4534
forward submit command params inside execution algorithm
Add Polymarket instrument churn owner-count regression

- Cycle quote-only expiring instruments through both expiry sweeps
- Assert data-runtime, cache and engine owners return to baseline
- Pin per-cycle peaks so retained state cannot accumulate silently
- Add nautilus-sandbox as a Polymarket dev-dependency
Add Bybit retry coverage and tighten timeout assertions

- Add a 429-then-success test exercising the HTTP retry predicate
- Restore coverage lost when the rate-limit test disabled retries
- Assert the exact error and closed state in the WebSocket timeout test
Fix Architect AX historical order reconciliation

- Route startup mass status through paged AX `/orders` history
- Preserve terminal states and client order ID recovery
- Keep open-only checks on `/open-orders`
- Reject repeated cursors and duplicate venue order IDs
- Document and test historical reconciliation
Stop dYdX error-path tests waiting out the production retry ladder (#4532)

Ten error-path tests construct their client with the retry-config parameter
set to None, so they inherit RetryConfig::default(): max_retries 3, a 1s
initial delay, a 2.0 backoff factor and 100ms of jitter. Each then requests
an endpoint the mock server always answers with 500, 502, 503 or 429, and
the client retries on a 1s/2s/4s ladder before surfacing the error. That is
seven seconds of sleeping per test, and it accounts for half the package's
test runtime.

None of these tests are about retrying. Nine assert only that an error
surfaces; test_retry_exhaustion is about retrying but asserts on the request
count, not on elapsed time, so it does not need the production delays either.

Each test file gains a local fast_test_retry_config helper with a 1ms delay,
no jitter and a backoff factor of 1.0, inheriting everything else from the
default so only the inter-attempt wait changes. The nine error-surfacing
tests take zero retries and test_retry_exhaustion takes one. The 1ms is
required rather than cosmetic: ExponentialBackoff::new rejects a zero initial
delay and RetryManager validates the backoff before the first operation even
when max_retries is zero, so a zero-delay config fails construction instead
of producing a fast client.

With test_retry_exhaustion's retry count now explicit, its assertion is
tightened from final_count > 1, which any count above one satisfies and which
cannot distinguish one retry from forty, to final_count == 2: one initial
request plus one retry, then exhaustion. Verified against a two-retry config,
where the count is 3 and the old assertion passes while the new one fails.

Tests only; no production code is touched. The nautilus-dydx package drops
from 1m54s to 56.5s.

Coded by an LLM.
Refine Quantity integer conversions

- Route integer inputs through exact mantissa and exponent scaling
- Cover raw values, signed panics, and overflow boundaries
Restore retry recovery in dYdX mixed-response test

- Keep retry-recovery coverage under concurrency after the prior
  fast-config change dropped this test to zero retries
Fix v2 stub generation encoding on Windows

- Make stub generator reads and writes explicit UTF-8
- Mirror the UTF-8 read fix in stub generator tests
Preserve hedge-mode position reports during live reconciliation (#4535)
Fix value imbalance and runs bar splitting precision

- Port value imbalance and runs aggregators to exact `Decimal`
- Emit a bar only when the exact notional reaches the step
- Subtract the applied `Quantity` so splitting conserves volume
- Cover below-step, conservation, and fallback with exact tests
- Add a `value_side_aggregation` Criterion benchmark
Fix Architect AX price precision and snapshot flags

- Build simulated market order prices at the instrument's price precision
- Set F_SNAPSHOT on L2 and L3 order book snapshot deltas
- Propagate order book snapshot price conversion errors instead of falling back
- Validate REST trade and book snapshot timestamps against negative seconds
- Correct the book snapshot flag docs and fixtures against the live wire
- Record that the composed market data trade ID is not unique
- Cover the changed paths with focused tests and a sandbox smoke
Correct DST guide claims and tighten structure

- Correct smoke-gate crate list and execution-leg claims
- Restore the hedge on unverified seed reproducibility
- Trim harness-specific lazy-state and CacheView sections
- Label enforcement rules to match the hook's numbering
- Fix broken hyphenation and stale, time-relative wording
Run SBE serialization tests in core CI

- Enable SBE explicitly for direct-selected core packages
- Avoid adapter-driven workspace feature unification
Fix Polymarket v1 auto-load subscriptions

- Cache auto-loaded instruments before waking subscription waiters
- Cover v1 regression and v2 parity for cache-before-WebSocket order
- Resolves #4574
Add pending-update to submitted order status transition (#4549)

`OrderStatus::transition` omitted the `(PendingUpdate, Submitted)` arm that
the Cython `FiniteStateMachine` table carries
(`nautilus_trader/model/orders/base.pyx:132`). A submission acknowledgement
arriving after an order entered `PendingUpdate` - a venue re-emitting, or a
submit ack racing an in-flight modify request - matched no arm, so
`OrderCore::apply` returned `InvalidStateTransition` and dropped the event,
diverging from the Python engine which holds `PENDING_UPDATE`.

Add the arm `(PendingUpdate, Submitted) -> PendingUpdate`. No handler change
is needed: `apply` does not overwrite `previous_status` while in a pending
state, so holding `PendingUpdate` preserves the pre-update status and a later
`OrderUpdated` or `OrderModifyRejected` still restores it.

Cover the arm with its own test, `test_pending_update_accepts_delayed_submitted`,
leaving `test_pending_update_order_restores_status_on_updated` untouched so the
plain `PendingUpdate -> Updated` restore path keeps standalone coverage. The new
test builds the two submission events with distinct `account_id` and `ts_event`
values, so its assertions also pin the `submitted` handler's field writes: a
delayed ack takes the order to the later event's account and `ts_submitted`,
matching `_submitted` in the Cython engine. The delayed-submission assertions
fail against the unfixed table with `InvalidStateTransition`, while the
restoration test passes.

Coded by an LLM.
Fix Architect AX reconciliation cache misses

- Fetch and cache report instruments missing during reconciliation
- Preserve contextual fetch errors and record parsing policy
- Cover report families, cache reuse, and mass status failures
- Document the reconciliation behavior and release note
Merge pull request #3 from nautechsystems/develop

Integrate upstream changes
Add carry_replay_events_on_reopen execution engine config option

Under NETTING OMS the execution engine carries a position's replay_events
and fill_voids across every close/reopen cycle (position IDs are reused),
so per-position state grows by one entry per fill and is never trimmed.
Every subsequent prior-position fetch, cache add, and snapshot then clones
this ever-growing state, making a backtest with n fills O(n^2) CPU: the
measured per-order cost grows linearly with total prior orders (~1.0 ms
per order after 950 orders, ~9.4 ms after 8,000 at 9dp precision), and a
58k-order tick backtest could not complete at all.

The replay log exists to service venue OrderFillVoided corrections that
may reference fills from prior cycles. That cannot occur against purely
simulated venues, so this adds carry_replay_events_on_reopen (default
true, preserving current behavior exactly) which, when disabled, skips
the prior-position fetch and carry on reopen, bounding position state to
the current cycle. Realized-PnL position snapshots on flip/reopen are
unaffected by the setting.

LiveExecEngineConfig conversion pins the option to true: live trading
must always carry replay state so fill-void corrections keep working.

Co-Authored-By: Claude Fable 5 <noreply@anthropic.com>
Prevent time-event callback destructors from aborting on thread-local teardown

`TimeEventCallbackToken::remove_on_owner_thread` and
`TimeEventCallbackLease::drop` reached `TIME_EVENT_CALLBACKS.with(...)`,
which panics with `AccessError` once that thread-local has been destroyed.
Both are reachable from a destructor: `LiveTimer::drop` ->
`close_registered_callback` -> `TimeEventCallbackToken::close` ->
`remove_on_owner_thread`, and the final-lease arm of
`TimeEventCallbackLease::drop`. The owner-thread guard does not help - the
destructor runs on the owner thread, so the guard passes and the call
touches an already-freed thread-local. A panic in a TLS destructor aborts
the process, observed when a node is dropped without a graceful stop and a
`MESSAGE_BUS`-held clock drops its `RustLocal` timers during thread
teardown (AccessError -> thread local panicked on drop -> SIGABRT).

Both sites now use `try_with` and discard the `AccessError`: the map is
being torn down, so the entry cannot and need not be removed. The removed
entry is returned out of the closure so it drops after the `RefCell` borrow
releases, and the teardown path does not log (the logging thread-local may
also be in teardown). On a live owner thread `try_with` performs the
identical removal; `RefCell` borrow panics still propagate.

Two regression tests park a final closed lease and a close-on-drop token in
a holder thread-local initialized before the registry, so the registry is
destroyed first and the destructor runs against gone TLS. Both abort
(SIGABRT) against the unfixed `.with` code across the default, ffi, and live
sweeps and pass with `try_with`.

Coded by an LLM.
Allow useless_conversion in two feature-conditional Quantity tests

test_from_u64_exact and test_from_u64_overflow_panics compute their bound
as u64::try_from(QUANTITY_RAW_MAX / FIXED_SCALAR_RAW). Without the
high-precision feature QuantityRaw is u64, so that try_from converts to the
same type and clippy::useless_conversion fires; with high-precision it is
u128, so the try_from is a required narrowing and the lint does not fire.
cargo clippy on the default feature set therefore errors on these two tests.

Because the lint fires in only one feature configuration, #[expect] cannot
be used - it would be unfulfilled, and itself an error, in the
high-precision build. Add #[allow(clippy::useless_conversion, reason = ...)]
to the two tests, matching the existing
#[allow(clippy::unnecessary_fallible_conversions, reason = ...)] on
raw_as_decimal in the same file. The try_from is kept (the correct checked
narrowing under high-precision); only the lint is suppressed.

Test-only, no runtime change.

Coded by an LLM.
Fix non-atomic order event application

OrderCore::apply committed state before it finished validating. It wrote
previous_status, transitioned status, ran the per-event handler, set
ts_last and pushed the event, and only then did each concrete apply call
update(), where six order types validated the OrderUpdated fields with
assert!. A type-invalid update therefore panicked with the transition
already committed instead of returning InvalidOrderEvent; under the
release profile's panic = ""abort"" that terminates the process.

The field check now lives in OrderCore::apply as an exhaustive match on
order_type, after the client-order-id/strategy-id identity checks and the
OrderStatus::transition check and before the first mutation. A type-invalid
update returns InvalidOrderEvent with the order untouched, and a
mis-addressed or invalid-transition update still reports the identity or
transition error ahead of the field violation. The six restrictive update()
methods keep their assert! as a defensive guard on the low-level mutation path.

The same ordering problem applied to apply()'s own checks without any panic:
previous_status was assigned before the duplicate-fill, triggerable-type and
transition checks, so an event the FSM rejected advanced previous_status,
which a rejected event has no business touching. All fallible checks,
including the previous_status precondition modify_rejected and cancel_rejected
need, now run before the first mutation; those two handlers no longer return
Result. A duplicate OrderInitialized consequently reports AlreadyInitialized
rather than reaching the transition table and reporting InvalidStateTransition.

Coded by an LLM.
Parse min notional for Bybit spot instruments

Parse lotSizeFilter.minOrderAmt as an exact Decimal and construct the
instrument's min_notional via Money::from_decimal, avoiding the f64
rounding in parse_optional_notional. Covered by an exact assertion in
parse_spot_instrument_builds_currency_pair.
Fix nested runtime panic in Parquet catalog queries
Merge remote-tracking branch 'origin/develop' into fix-dead-precommit-checks

# Conflicts:
#	Cargo.toml
Resolve Python v2 stub member guard gaps

Fix Price.as_double by merging the cfg-gated separate impl block into the
main derive-attributed block using self.as_f64(), matching the Money and
Quantity pattern. Add CustomData.from_json_bytes classmethod stub injection
for the model module, companion-guarded by to_json_bytes to avoid injecting
on the common crate's same-named byte-wrapper type. Inject a full Controller
class body into the trading stub and switch the reverse member guard to
__dict__ so only own (non-inherited) members are validated. Update stale
nautilus_pyo3.pyi references in the Kraken batch-method deferral comments.
Reduce DEFERRED_RUNTIME_METHODS from five entries to three real Kraken
tuple-type limitations.
Add Architect AX funding-slots schedule requests

Adds `GET /funding-slots` support to the Architect AX HTTP client, exposing
`request_funding_slots` and the raw `get_funding_slots` call. Introduces the
`AxFundingSlotsResponse`/`AxFundingSlot` models and `AxFundingVariant` and
`AxFundingSlotStatus` enums, with a JSON fixture and coverage for parsing,
capped and skipped slots, and query serialization.
Move plugins guide to developer guide

- Rewrite around the artifact contract, manifest, and boundary rules
- Document macro fields, validation failures, and `repr(C)` constraints
- Keep host implementation details out of the public docs
Fix Postgres schema ownership

- Make `nautilus` own the database, schema, and application objects
- Migrate legacy ownership and restore administrator cleanup
- Test source CLI bootstrap from both pre-flight targets
- Show only failures for doctest, Nextest, and pytest runs
Update dependencies and Ruff formatting

- Upgrade eligible dependencies while preserving Arrow alignment
- Add cargo-vet audits for reviewed Rust dependency deltas
- Adopt Ruff 0.16 and preserve intentional lint patterns
- Format Python examples in Markdown with Ruff
Merge pull request #2 from nautechsystems/develop

Integrate upstream changes
Fix reverse exchange-rate spread side and make route selection deterministic

`get_exchange_rate` collapsed `quotes_bid` and `quotes_ask` into a single
`effective_quotes` map before building its conversion graph, then added each
reverse edge as the reciprocal of that already-selected side. A `Bid` request
therefore produced a reverse edge of `1/bid`, when selling the quote currency to
acquire the base crosses the original ask and the reverse bid is `1/ask` (and
symmetrically the reverse ask is `1/bid`). The other side had been discarded by
the time the reverse edge was built, so the error was structural rather than
arithmetic: a reverse-bid rate came out too high, and the error compounds once
per inverted leg of a multi-hop route.

Pair each bid with its ask by key before constructing the graph and derive both
directional rates per pair - `Bid -> (bid, 1/ask)`, `Ask -> (ask, 1/bid)`,
`Mid -> (mid, 1/mid)`. `Mid` is unchanged: the inverse of the midpoint preserves
`mid(A/B) * mid(B/A) = 1`, which the arithmetic midpoint of the inverted market
does not. The public signature is unchanged, so `Cache::get_xrate` and the pyo3
wrapper are untouched.

The graph was also populated by iterating an `AHashMap`, whose order varies per
process, and the DFS marks a node visited when pushing it, so when several
indirect routes existed the winner depended on that arbitrary order and two runs
over identical quotes could return different rates. Sort every adjacency list by
`(neighbor, rate)` before the search, leaving the DFS itself unchanged. The key
is total rather than the neighbor alone because parallel edges - a caller
supplying both `EUR/USD` and `USD/EUR` - would otherwise keep their randomized
relative order. A direct one-hop edge could never lose to a longer route, so only
the choice among indirect routes changes.

Pairing by key additionally makes the documented missing-side error real for
`Bid` and `Ask`, which previously never consulted the other map, and both sides
are now validated as positive before either can become a denominator.

New tests cover the three price types against `1/ask`, `1/bid` and `1/mid`, route
determinism across four explicit `ahash::RandomState::with_seeds` states (with an
assertion that the raw iteration orders do differ), the validation changes, and
the preserved precedence of the identical-currency shortcut. Both defects were
verified to fail against the unfixed code separately: restoring the same-side
inversion fails only the `Bid` and `Ask` cases, and removing the sort fails only
the determinism test. Three Python expectations that encoded the old reverse-bid
behavior are updated, including a `BTC/USD` fixture that quoted a bid above its
ask.

Coded by an LLM.
Add pending-update to submitted order status transition

`OrderStatus::transition` omitted the `(PendingUpdate, Submitted)` arm that
the Cython `FiniteStateMachine` table carries
(`nautilus_trader/model/orders/base.pyx:132`). A submission acknowledgement
arriving after an order entered `PendingUpdate` - a venue re-emitting, or a
submit ack racing an in-flight modify request - matched no arm, so
`OrderCore::apply` returned `InvalidStateTransition` and dropped the event,
diverging from the Python engine which holds `PENDING_UPDATE`.

Add the arm `(PendingUpdate, Submitted) -> PendingUpdate`. No handler change
is needed: `apply` does not overwrite `previous_status` while in a pending
state, so holding `PendingUpdate` preserves the pre-update status and a later
`OrderUpdated` or `OrderModifyRejected` still restores it.

Cover the arm with its own test, `test_pending_update_accepts_delayed_submitted`,
leaving `test_pending_update_order_restores_status_on_updated` untouched so the
plain `PendingUpdate -> Updated` restore path keeps standalone coverage. The new
test builds the two submission events with distinct `account_id` and `ts_event`
values, so its assertions also pin the `submitted` handler's field writes: a
delayed ack takes the order to the later event's account and `ts_submitted`,
matching `_submitted` in the Cython engine. The delayed-submission assertions
fail against the unfixed table with `InvalidStateTransition`, while the
restoration test passes.

Coded by an LLM.
Align instrument close actor test state
Add Binance Python v2 migration surface

- Expose Binance constants, decoders, and configured instrument loading
- Move order book CSV loading to a stateless Rust-backed function
- Retire low-level client and provider access behind public v2 APIs
- Document migration mappings and data-loading naming conventions
- Add runtime, behavior, negative, and generated-stub coverage
Fix dead-code errors in nautilus-live feature checks

- Gate two node-only `pub(crate)` methods behind the `node` feature
- Fixes nightly `check-features` dead-code errors
Fail BitMEX WebSocket authentication on rejection (#4541)

BitMEX answers a failed authKeyExpires with an error frame echoing the
originating request. BitmexWsFeedHandler matched that as
BitmexWsFrame::Error, logged it, and fell through without returning the
message, so it never reached the event loop. auth_tracker.fail is
reachable only from handle_subscription_message, which requires a
subscription-shaped frame whose request op is authKeyExpires. The
rejection therefore never resolved the receiver created in authenticate,
and connect blocked until the authentication timeout expired before
returning a generic timeout. An operator with a revoked or mistyped key
saw a ten second hang and no reason, and the client could not
distinguish a rejected key from a venue gone silent.

BitmexWsFrame::Error already carries request: BitmexHttpRequest; the arm
discarded it. Bind it, and when its op is authKeyExpires fail the tracker
with the venue's own error text so connect returns it immediately. The
frame is still dropped afterwards, having been consumed as a control
message rather than data. This covers the echoed-request rejection only:
the variant requires status, meta and request, so a bare error payload,
an envelope without meta, or a connection close still resolves through
the timeout, which remains the necessary fallback.

The wait used the shared AUTHENTICATION_TIMEOUT_SECS directly, so no
caller could bound it. BitmexWebSocketClient now takes
auth_timeout_secs: Option<u64> and stores
auth_timeout_secs.unwrap_or(AUTHENTICATION_TIMEOUT_SECS), mirroring how
OKXWebSocketClient parameterises the same constant, threaded through
new, new_with_env and the PyO3 constructor. Existing callers pass None
and the shared constant is unchanged.

test_login_failure_emits_error discarded connect's result and asserted
only that the session was unauthenticated, so it passed while the
rejection was dropped; it now asserts the returned venue message and
passes without a shortened timeout, verified to fail against the unfixed
handler. Adds test_login_times_out_when_server_is_silent for the
remaining slow path. test_reconnection_waits_for_delayed_auth_ack gated
its acknowledgement with a fixed delay taken inside the mock's only
receive loop, so its no-premature-subscription assertion could not have
observed one; the socket is now split so the server keeps reading while
the acknowledgement is held.

Coded by an LLM.
Fix TWAP child-order sizing and interval validation (#4544)

TwapAlgorithm::on_order split the order quantity on the raw fixed-point
value (total_raw / num_intervals) and rebuilt each child with the primary
order's precision, so children landed off the instrument size grid, the
final remainder slice was a single raw unit of dust, and the child
precision disagreed with its raw value. It now mirrors the execution
reference: the quotient is taken in Decimal, floored to the instrument
size precision toward zero, and each child and the remainder are built
through make_qty, with a runtime check that the schedule sums exactly to
the order quantity before any mutation.

The interval timer was created with Duration::from_secs_f64(interval_secs)
only after the first child had been spawned and submitted, so a finite but
huge interval panicked with an order already live and no timer set. The
interval is now validated before any mutation - try_from_secs_f64, a
non-zero check, a checked u64 nanosecond conversion, and a checked add
against the clock timestamp - and the validated Duration is reused for
set_timer.

Coded by an LLM.
Fix option chain strike precision

- Resolve strike ranges and nearest strikes with exact `Price` values
- Compare percent bands and hysteresis from exact `Decimal` inputs
- Cover float-collapsed strikes and exact rebalance boundaries
Fix broken Developer Guide link in CONTRIBUTING

- Point at the versioned docs path, the old link returned 404
- Drop the stale .lycheeignore entry that masked the break
- Note that ignore entries are substring regexes, not exact
Fix standard-precision make targets and add nightly job

- Stop standard-precision targets resolving high precision
- Add a nightly clippy job for the standard-precision build
- Replace feature-conditional expect attributes with allow
- Gate order book replay tests needing 128-bit fixtures
- Share the max whole-unit quantity bound across Quantity tests
Port the Python v2 Controller to Rust

- Expose Controller as a pyclass extending DataActor
- Delete the Python shim, its sibling stub, and the stub injector
- Generate the Controller stub from source instead of a literal
- Pin the exposed Python submodule set in the conventions hook
- Cover the actor and strategy control paths with regressions
fix(polymarket): reject incomplete reconciliation reports
fix(live): close strict reconciliation authority
Fix Python v2 exact integer conversions

- Convert Price, Quantity, and Money to integers from raw values
- Format Money debug output without floating-point precision loss
- Cover fixed-point boundaries in Rust and Python v2 tests
- Keep unreleased notes within the configured line limit
Add Polymarket v2 order response conformance test

- Guard the CLOB rollout returning tradeIDs on matched FAK/FOK orders
- Confirm OrderResponse ignores the unmapped async-execution fields
Refine DST concept guide
Retire expired sandbox engines for quote-only instruments

- Add periodic sweep retiring expired engines and cache state
- Cover quote-only instruments expiring without an event
- Retain engines holding an open position or order
Run architect-ax connection-failure tests in paused time (#4554)

test_orders_connection_failure_to_invalid_url and
test_md_connection_failure_to_invalid_url each point a WebSocket client at
an unreachable port and assert connect() returns an error. Both
AxOrdersWebSocketClient::connect and AxMdWebSocketClient::connect retry the
initial dial five times with a 500ms/5000ms exponential backoff, sleeping
after each of the first four failures on the real clock. Against
127.0.0.1:9999 every dial is refused near-instantly, so the tests spend
essentially all of their ~8s parked in those four sleeps - the two slowest
tests in the package.

Run both under start_paused. The five real dials still happen and still
fail, so connect() reaches retry exhaustion and returns the same transport
error the tests assert on; only the four backoff timers advance in virtual
time. The shared connector returns before spawning any reader/writer/
heartbeat tasks on a failed dial, so nothing keeps the runtime busy and
Tokio auto-advances to each pending timer. tokio test-util is enabled as a
dev-dependency.

Test-only; no adapter runtime code changes. The two tests drop from ~8.2s
and ~7.8s to ~0.06s each with the connect attempts and assertions
preserved.

Coded by an LLM.
Encode cache position snapshots on demand

- Store snapshot frames as positions encoded on first read
- Drop the JSON decode from position snapshot read paths
- Add Cache::snapshot_position_encoded for durable anchoring
- Move position snapshot machinery into cache/position.rs
- Related to #4546
Run Rust doctests before nextest
Collect data events through the correlated response instead of fixed drain windows

drain_data_events collected events with timeout_at(deadline, rx.recv())
in a loop, so it only returned once the deadline expired and every call
cost its full window regardless of when events arrived. Thirteen call
sites, twelve at five seconds and one at 500ms, built 60.5 seconds of
serial waiting into the file, plus a 300ms sleep used as an absence
check in the reconnect test.

The correlated DataResponse is already a deterministic terminal marker,
so collect_data_events_until_response receives until it sees a
DataEvent::Response carrying the request's correlation ID, then sweeps
already-queued events with try_recv. Asserting callers keep the vector
unchanged; priming callers discard it. The timeout survives as a failure
deadline a passing run never reaches. request_instrument sends
Instrument then Response with no await between the sends and the channel
preserves order, so the response guarantees any publish is already
queued. The exact counts do narrow to ""exactly one through the terminal
response boundary"" rather than ""none during the next five seconds"", as
try_recv is not a general quiescence proof; no producer emits after its
response, and a duplicate publish precedes it.

test_request_instrument_not_found_emits_no_publish keeps its 500ms
window with a comment: the missing-instrument path returns without a
response, so it has no marker to collect through.

The reconnect test replaces its sleep with an ordering fence.
connect_client queues connect-time replay and only then sends the
new-market discovery subscribe, so waiting for the second discovery
payload proves any stale replay already arrived. A replay can never be
empty-assets, so it cannot hide among those payloads.

Verified the exactness still bites: with a duplicate Instrument send
added to request_instrument the helper returns [Instrument, Instrument,
Response] and the publish-count assertion fails with 2. Package 2m16s to
1m26s.

Coded by an LLM.
Fix inflight coverage and bookkeeping-map retention in live reconciliation

Batch CancelOrders fell through the exec-command dispatch wildcard arm, so
its child orders never called register_inflight and got no inflight timeout
coverage; a silently dropped batch cancel left each child stuck in
PendingCancel. Add a CancelOrders arm registering every child, mirroring
ModifyOrders. CancelAllOrders is left out - it carries no per-order ids.

check_inflight_orders skipped filtered_client_order_ids with a bare continue
that retired nothing, so filtered entries were re-selected every cycle and
inflight_checks grew unbounded. Retire them via clear_recon_tracking and guard
register_inflight so a filtered id never enters the map.

observe_execution_report cleared reconciliation tracking for a terminal order
report and then unconditionally re-marked order_local_activity, which nothing
age-pruned, leaking one entry per closed order. Unify the Order and
OrderWithFills arms into one observe_order_status_report helper (pending retains
and marks, open clears and marks, closed clears and does not re-mark), and add
prune_order_local_activity on the periodic maintenance tick dropping entries
older than open_check_threshold_ns - the window every consumer already gates on.

Add regression tests for each defect, verified to fail against the unfixed code,
using paused virtual time with no wall-clock waits.

Coded by an LLM.
Collect Polymarket data events through the correlated response (#4539)

drain_data_events collected events with timeout_at(deadline, rx.recv())
in a loop, so it only returned once the deadline expired and every call
cost its full window regardless of when events arrived. Thirteen call
sites, twelve at five seconds and one at 500ms, built 60.5 seconds of
serial waiting into the file, plus a 300ms sleep used as an absence
check in the reconnect test.

The correlated DataResponse is already a deterministic terminal marker,
so collect_data_events_until_response receives until it sees a
DataEvent::Response carrying the request's correlation ID, then sweeps
already-queued events with try_recv. Asserting callers keep the vector
unchanged; priming callers discard it. The timeout survives as a failure
deadline a passing run never reaches. request_instrument sends
Instrument then Response with no await between the sends and the channel
preserves order, so the response guarantees any publish is already
queued. The exact counts do narrow to ""exactly one through the terminal
response boundary"" rather than ""none during the next five seconds"", as
try_recv is not a general quiescence proof; no producer emits after its
response, and a duplicate publish precedes it.

test_request_instrument_not_found_emits_no_publish keeps its 500ms
window with a comment: the missing-instrument path returns without a
response, so it has no marker to collect through.

The reconnect test replaces its sleep with an ordering fence.
connect_client queues connect-time replay and only then sends the
new-market discovery subscribe, so waiting for the second discovery
payload proves any stale replay already arrived. A replay can never be
empty-assets, so it cannot hide among those payloads.

Verified the exactness still bites: with a duplicate Instrument send
added to request_instrument the helper returns [Instrument, Instrument,
Response] and the publish-count assertion fails with 2. Package 2m16s to
1m26s.

Coded by an LLM.
Remove Polymarket v2 ack_timeout_secs config

- Drop the field from Rust config, PyO3 constructor, stub, and docs
- The v2 buffer-and-drain submit path has no ack wait to bound
- Breaking change: removes a public PyO3 config field
Fix quadratic NETTING backtest cost

- Strip position replay state from cache snapshot blobs
- Add ExecutionEngineConfig.carry_replay_events_on_reopen
- Stop cloning the account event log on the per-fill path
- Bound position state to the current cycle by default
- Related to #4546
Fix misaligned table in execution docs

- Reflow the carry_replay_events_on_reopen table to content width
- Fixes the MD060 pre-commit failure introduced in e00ef01863
Run Rust doctests before nextest to stop CI disk exhaustion

- Run the doctest step first in both Linux x86 jobs, rustdoc links one
  throwaway binary per doc example and those transient files now clear
  before the nextest test-binary set lands
- Mirror the same order in the pre-flight and pre-flight-v2 gates, which
  share one target directory and so share the peak
- Report disk usage before clearing the test artifacts, so the next
  occurrence has the numbers the Bus error did not give us
- Implements #4570 from @seungpyoson, with the ordering rationale kept in
  the moved comment and extended to the local gates

Fork pull requests were failing with ""collect2: fatal error: ld terminated
with signal 7 [Bus error]"" while linking nautilus-persistence doctests in
/tmp/rustdoctest*. That is ENOSPC surfacing through lld's mmap of its output
file: the two nextest steps had already filled the 146 GB runner filesystem,
leaving nothing for the doctest links. Features, profiles, and commands are
unchanged, only the order.
Gate workspace Rust test coverage

- Run omitted workspace crates in the existing Rust test lanes
- Keep CLI tests in the workspace-compiled adapter lane
- Reject missing, duplicate, or unknown inventory entries
- Reject no-test crates that gain Rust tests
Fix IB startup instrument loading
Support Binance TradFi perpetual instruments
Surface Betfair replace-flow mock server panics

- Join with `server.await.unwrap()` so mock panics fail the test
- Outlier mock was missed by the prior sweep over the other sites
- Related to #4531
Fix clippy lints
Parse Bybit commision currency from WebSocket stream (#4536)
Allow extra head markup in rustdoc builds

- Add optional `RUSTDOC_EXTRA_HEAD` path as `--html-in-header`
- Leave `RUSTDOCFLAGS` unchanged when the variable is unset
- Keep the injected markup itself out of this repository
Run Postgres cache tests in core CI

- Enable Postgres for directly selected core packages
- Preserve explicit SBE coverage without workspace feature unification
Reject unowned Polymarket maker fills
fix(live): fail closed on incomplete reconciliation
Forward high-precision to nautilus-serialization from dependent crates

`nautilus-binance`, `nautilus-betfair`, `nautilus-tardis`, `nautilus-data`,
and `nautilus-testkit` each depend on `nautilus-serialization` but declare
`high-precision = [""nautilus-model/high-precision""]`, omitting the matching
`nautilus-serialization/high-precision` forward. When any activates
`high-precision` (binance and tardis by default), feature unification widens
`nautilus-model`'s Price/Quantity raws to 128-bit while `nautilus-serialization`
still compiles its 64-bit decode path, so its SBE/Cap'n Proto decoders narrow
via `i64::try_from`/`u64::try_from` and return `NumericOverflow` for any value
beyond the 64-bit range. A workspace-level `--features high-precision` masks
this by reaching serialization directly.

Add `nautilus-serialization/high-precision` to each of the five features,
matching the forwarding already used by persistence, pyo3, common, and the
deribit/databento/hyperliquid adapters. Manifest-only; the existing
serialization round-trip tests cover the regression.

Coded by an LLM.
Set Bybit margin_trading info field on spot instruments (#4540)
Move adapter data-event test collection into testkit

- Remove the verbatim copies from the adapter test crates
- Add unit tests for the deadline, correlation and panic paths
- Assert exact durations under paused time instead of wall clock
- Related to #4547
Fix log_trace argument forms and logging macro examples

The log_trace! macro could not parse the color and component forms its own
documentation advertised. Its component-only and color-only arms used variadic
$($args:expr),+ matchers and were declared before the combined arms, so
'color = LogColor::Cyan, component = ""DataEngine""' hit a local-ambiguity
parse error. Reorder the arms and switch to fixed arities so log_trace!
matches log_debug!, log_info!, log_warn!, and log_error!.

The five macro doc examples never compiled: they called the macro without
importing it and referenced undefined variables. No gate runs cargo test --doc,
so this went unnoticed.
Clarify Python v2 generated stub contract
Migrate Order average pricing to Decimal

- Store `Order.avg_px` and `Order.slippage` as Decimal values
- Preserve exact venue prices through reports and reconciliation
- Encode Decimal Arrow strings while accepting legacy Float64
- Migrate Postgres columns to NUMERIC without rounding values
- Make SQL initialization idempotent and reject stale schemas
Sync py_get_exchange_rate doc comment with its core item

The `# Errors` block on the pyo3 wrapper mirrors the doc comment on
`get_exchange_rate`, and the previous commit reworded and reordered
that block: it gained the lead-in noting that an identical
`from_currency` and `to_currency` returns a rate of one without
inspecting the quotes, and moved the `price_type` bullet after the
quote-map bullets to match the new validation precedence.

The wrapper still carried the old text, leaving the generated surface
out of sync. Regenerated so the two agree.

Coded by an LLM.
Fix TWAP child-order sizing and interval validation

TwapAlgorithm::on_order split the order quantity on the raw fixed-point
value (total_raw / num_intervals) and rebuilt each child with the primary
order's precision, so children landed off the instrument size grid, the
final remainder slice was a single raw unit of dust, and the child
precision disagreed with its raw value. It now mirrors the execution
reference: the quotient is taken in Decimal, floored to the instrument
size precision toward zero, and each child and the remainder are built
through make_qty, with a runtime check that the schedule sums exactly to
the order quantity before any mutation.

The interval timer was created with Duration::from_secs_f64(interval_secs)
only after the first child had been spawned and submitted, so a finite but
huge interval panicked with an order already live and no timer set. The
interval is now validated before any mutation - try_from_secs_f64, a
non-zero check, a checked u64 nanosecond conversion, and a checked add
against the clock timestamp - and the validated Duration is reused for
set_timer.

Coded by an LLM.
Preserve hedge-mode position reports during live reconciliation
Replace timer-driven mock stream teardown in Betfair tests

Each Betfair client test spawned a mock stream server whose last act was a
fixed sleep followed by dropping the write half, then joined that task with
`let _ = server.await`. The test body finished in well under a second and
then blocked on the timer. No assertion observed the socket close: the
reconnect tests drive reconnection with a synthetic second Connection frame
over the still-open socket, not via EOF. The delay only kept the peer alive
until the test was done, which is a signal rather than a duration.

Expressing it as a duration also left a latent flake. Every test disconnects
its client before joining, so the close normally lands after the client is
gone; a body that outran its keepalive under load would instead take
transport EOF mid-test and could turn it into a spurious reconnect, surfacing
as an unrelated assertion failing intermittently.

The mock server now waits on a tokio oneshot that the test fires after
client cleanup and after its final assertion, so the socket closes with the
client already gone by construction rather than by racing a deadline. Sender
drop on a failing test releases the receiver, so a panicking test leaves no
parked task. The join becomes server.await.unwrap(), so a panic inside a mock
server fails its test instead of being discarded.

Conversion is positional: a sleep immediately preceding drop(write_half) as
the final act of the spawned task is keepalive and is converted whatever its
constant, covering 75 sites. Sleeps sitting mid-task are observation windows
and are left alone, including the inter-frame gaps in the reconnect-queue
tests, the negative-event waits, and the betting_response_delays that make an
HTTP method slow on purpose.

Tests only; no production code is touched and no assertion changes. The
Betfair suite drops from 307.32s to 51.62s.

Coded by an LLM.
Reconcile live positions against current cache state, not a prepare-time snapshot

The continuous position-consistency check captured open positions at
prepare time and reconciled them against venue reports arriving after an
asynchronous request round-trip. `check_position_discrepancy` derived
both `cached_signed_qty` and `cached_avg_px` from that frozen vector,
while the runner kept draining execution events during the await, so a
fill that closed or reduced the position mutated the cache but not the
snapshot. A position gone flat during the request, matched against an
empty venue response, synthesized a market order against the stale
quantity and opened a real position in the cache. The venue-only loop
was the same defect in reverse: a key that opened during the request was
absent from the snapshot, so its full venue quantity was re-synthesized.

Drop the `positions_by_key` snapshot from `PositionReportCheck` and have
`check_position_discrepancy` re-read the current open-`Position` vector
for the key from the cache at reconciliation time, driving both quantity
and average price from it under one borrow with no intervening await.
Prune retry counters against the reconcile-time active set. Retain the
prepare-time `client_coverage` map deliberately - it records which
clients were actually queried, which is what lets an absent report be
read as flat - so a newly opened key with no coverage entry is deferred
to the next cycle rather than reconciled against a report never requested
for it. The mass-status netting path already read the cache live and is
unchanged.

Coded by an LLM.
Stop okx data-client tests waiting out the event-drain deadline (#4547)

drain_data_events in crates/adapters/okx/tests/data_client.rs collects
events with timeout_at(deadline, rx.recv()) in a loop; the OKXDataClient
holds the UnboundedSender for the life of the test, so after the response
arrives rx.recv() blocks until the deadline. The three instrument-request
tests therefore each spent their full five-second window despite the
response landing in milliseconds.

The correlated DataResponse is a deterministic terminal marker, so the
three positive tests now collect through it:
collect_data_events_until_response receives until it sees the
DataEvent::Response whose correlation_id matches the request, then sweeps
any queued trailing events with try_recv. The five-second argument
survives only as a failure deadline. Every existing assertion is
preserved, and a missing or wrong-variant response still panics rather
than passing. test_request_instrument_emits_no_spread_when_disabled keeps
its one-second window: that path emits no response, so it has no terminal
marker to collect through.

Coded by an LLM.
Fix Decimal conversion panic for large high-precision values

- Add `scaled_raw_to_decimal` folding whole and fractional parts on overflow
- Route `Price`, `Quantity` and `Money` `as_decimal` through it
- Preserve the exact value and scale of every conversion that already worked
- Drop the now stale `# Panics` note on `Money::to_formatted_string`
- Cover the mantissa boundary for each type and both remainder signs
Fix order average fill price precision

- Fold surviving fills into a `Decimal` notional and quantity
- Share one fold across rebuild and the incremental fill update
- Stop feeding the float `avg_px` back into the next average
- Convert once at the unchanged `avg_px: Option<f64>` boundary
- Add an `order_fills` Criterion benchmark for the fold cost
Exclude build output from workspace test coverage check

- Prune directories marked with CACHEDIR.TAG when scanning
- Stop generated .rs files failing the no-test crate check
Fix live node msgbus ingress test race

- Stop the node from `drive`, not from the quote handler
- The handler stopped run() before drive observed the quote
- Replace hand-rolled poll loops with wait_until_async
- Raise the bounded waits from 1s to 10s under a 30s cap
Support PyO3 backtest results in tearsheets
fix(polymarket): fail incomplete open-order reconciliation
fix(polymarket): close reconciliation report gaps
Run architect-ax connection-failure tests in paused time

test_orders_connection_failure_to_invalid_url and
test_md_connection_failure_to_invalid_url each point a WebSocket client at
an unreachable port and assert connect() returns an error. Both
AxOrdersWebSocketClient::connect and AxMdWebSocketClient::connect retry the
initial dial five times with a 500ms/5000ms exponential backoff, sleeping
after each of the first four failures on the real clock. Against
127.0.0.1:9999 every dial is refused near-instantly, so the tests spend
essentially all of their ~8s parked in those four sleeps - the two slowest
tests in the package.

Run both under start_paused. The five real dials still happen and still
fail, so connect() reaches retry exhaustion and returns the same transport
error the tests assert on; only the four backoff timers advance in virtual
time. The shared connector returns before spawning any reader/writer/
heartbeat tasks on a failed dial, so nothing keeps the runtime busy and
Tokio auto-advances to each pending timer. tokio test-util is enabled as a
dev-dependency.

Test-only; no adapter runtime code changes. The two tests drop from ~8.2s
and ~7.8s to ~0.06s each with the connect attempts and assertions
preserved.

Coded by an LLM.
auto repay outstanding bybit spot borrows
fix quantity rounding check and add regression test
parse bybit fee currency from ws
Bound live node startup and shutdown by the lifecycle timeouts

The kernel connect_data_clients, connect_exec_clients, and
disconnect_clients awaited the underlying engine future with no bound;
only the check_connected/check_disconnected poll loops were bounded by
timeout_connection and timeout_disconnection. A pending adapter connect
or disconnect future therefore hung startup or shutdown indefinitely,
and on a readiness timeout the node logged an error but then set itself
to Running and returned success.

Treat timeout_connection as a single deadline spanning data connect,
instrument flush, execution connect, and the engine-connected poll: each
connect future is wrapped against the remaining budget and the readiness
poll shares that deadline rather than restarting a fresh one. A zero
timeout_connection stays valid - a connect that is immediately ready (an
empty or already-connected client set) still completes on the first
poll, while a pending connect fails closed, so the bound is not disabled
by a zero budget. Any connect or readiness timeout now fails closed -
abort startup, finalize the kernel, set Stopped, and return an error
naming the stage - and the node never publishes Running on a timeout.
finalize_stop bounds disconnect_clients and the disconnected-readiness
poll under one shared timeout_disconnection deadline and always
finalizes locally; disconnect_clients disconnects the data and execution
engines concurrently so a hung data disconnect no longer blocks
execution teardown.

LiveNode::build no longer overwrites config.environment with Live before
validating it - which silently promoted Sandbox to Live and made the
Backtest rejection unreachable - and instead validates the incoming
value through a shared validate_live_environment helper the builder
paths also use.

Adds lifecycle regression tests covering hung connect, hung disconnect,
readiness timeout, the shared connection budget, zero-timeout startup,
and environment validation, each verified to fail against the unfixed
code, all under paused virtual time.

Coded by an LLM.
Prepare both cross-zero reconciliation legs before the first cache mutation

reconcile_cross_zero_position splits a sign-flipping position discrepancy
into a close fill then an open fill, but ran the close leg through
handle_external_order before constructing the open leg. That handler is
not a pure builder: it adds the synthetic order to the cache, indexes its
venue order id in both directions, and publishes OrderInitialized before
returning events. The open leg's fallible from_decimal_dp / with_avg_px
conversions ran only afterwards, so a None there dropped the accumulated
events while the close order stayed cached and published. Because the
synthetic client_order_id is derived deterministically from the venue
order id, the next cycle regenerates the same id, add_order collides, and
the cross-zero reconciliation can never complete - a stranded non-terminal
order with the discrepancy left unresolved.

Build and validate both leg reports before the first handle_external_order
call: when venue_avg_px is Some the open report is constructed up front,
and an unbuildable leg returns None with nothing cached, indexed, or
published. The close leg is then applied, followed by the open leg,
preserving close-before-open ordering. The venue_avg_px == None close-only
path is unchanged. A small pure build_cross_zero_leg_report helper removes
the duplicated report construction.

Coded by an LLM.
Restore the blank line before control-flow constructs

The repository style requires a blank line above a control-flow construct
(`if`, `match`, ...) unless the preceding line opens a block, is a comment
or attribute, or shares an identifier with the condition. Insert it at 31
sites across 20 files that had drifted from the convention. Whitespace
only; no behavior change.

Coded by an LLM.
Forward high-precision to nautilus-serialization from dependent crates (#4550)

`nautilus-binance`, `nautilus-betfair`, `nautilus-tardis`, `nautilus-data`,
and `nautilus-testkit` each depend on `nautilus-serialization` but declare
`high-precision = [""nautilus-model/high-precision""]`, omitting the matching
`nautilus-serialization/high-precision` forward. When any activates
`high-precision` (binance and tardis by default), feature unification widens
`nautilus-model`'s Price/Quantity raws to 128-bit while `nautilus-serialization`
still compiles its 64-bit decode path, so its SBE/Cap'n Proto decoders narrow
via `i64::try_from`/`u64::try_from` and return `NumericOverflow` for any value
beyond the 64-bit range. A workspace-level `--features high-precision` masks
this by reaching serialization directly.

Add `nautilus-serialization/high-precision` to each of the five features,
matching the forwarding already used by persistence, pyo3, common, and the
deribit/databento/hyperliquid adapters. Manifest-only; the existing
serialization round-trip tests cover the regression.

Coded by an LLM.
Ignore perf.data.old profiling output
Auto-repay Bybit SPOT margin borrows (#4543)

* auto repay outstanding bybit spot borrows
* add repay tests and improve config doc
* fix quantity rounding check and add regression test
add repay tests and improve config doc
Commit reconciliation fill dedup after canonical apply, and bound its retention

`ExecutionManager::create_order_fill` performed the dedup read-guard
(`processed_fills.contains_key`) and the commit (`insert`) in one step,
then returned the `OrderFilled` event for the caller to dispatch. All
three mass-status callers dispatch their events later, after a global
sort, through `exec_engine.process` / `project_reconciliation_fill`,
none of which reports success, so the key was committed before the fill
reached the canonical order cache. In `reconcile_order_with_fills` the
fill is projected onto a `working` clone; if `working.apply` fails the
function returns without emitting the event, but `processed_fills`
already holds the key, so the next cycle's `contains_key` short-circuits
the fill to `None` and it is never retried - suppressed until the
manager is dropped. A fill the canonical engine rejects (unknown order,
duplicate, overfill, invalid transition) is lost the same way.

`create_order_fill` now read-guards against the committed
`processed_fills` and a per-pass `pending_fill_keys` reservation set,
builds the event, and inserts nothing. A real report fill is reserved
only when its event is actually queued (a failed `working.apply`
returns first and reserves nothing), and the dedup key is committed to
`processed_fills` inside the dispatch loop, per fill, immediately after
that fill's synchronous `process` / `project_reconciliation_fill`
returns - gated on a canonical-cache postcondition: the order resolved
by `client_order_id` (venue-order-id fallback) must match the `FillKey`
account and instrument and already carry the fill's `trade_id`. A trade
id already present counts as applied and commits (correct replay); an
absent one does not commit. Inferred top-up fills keep their plain
`order_events.push` and never enter the dedup map.

`processed_fills` was an `IndexMap` with no prune path, growing for the
lifetime of the manager. It becomes a `RecencyMap<FillKey>` pruned in
`LiveNode`'s per-minute maintenance pass at horizon
`max(60s, reconciliation_lookback_mins)` - the startup mass-status
lookback that bounds how far back a replayed fill report can arrive.
With no finite startup lookback (`reconciliation_lookback_mins: None`,
the default) pruning is skipped and the map is retained, since no finite
TTL is replay-safe without a horizon; the map is non-persistent and
resets on restart.

The doc comment on `observe_execution_report` claimed the `Fill` report
arm marks the fill processed; it only records activity, and is
corrected to say so.

Coded by an LLM.
Replace free-disk-space CI action with in-repo script

- Remove unmaintained jlumbroso action and its apt-get warnings
- Add scripts/ci/free-disk-space.sh covering the same cleanup
- Fold the separate extra-SDK cleanup into the new script
Make Python v2 stub member guard bidirectional

The generated-stub runtime member guard only checked stub-to-runtime name
presence, so it passed even when generated stubs omitted public runtime
members or declared them with the wrong kind. Extend it to a bidirectional
guard scoped to stub-declared classes.

- Reverse direction: every public runtime property and method on a
  stub-declared class must appear in the generated stub, with
  property-versus-method kind preserved (getset_descriptor as property;
  method_descriptor, classmethod_descriptor, and function as method).
  Setter and deleter defs do not downgrade a getter property to a method.
- Keyword alias resolution so runtime `Transaction.from` matches the stub
  `from_` property instead of a false mismatch.
- A reviewed `NON_CONTRACT_DTO_CLASSES` allowlist for the 154 confirmed
  non-contract wire-schema, acknowledgement, and error DTO properties
  (Bybit wire DTOs, DatabentoSubscriptionAck, OKXWebSocketError) that
  generated stubs intentionally omit.
- A `DEFERRED_RUNTIME_METHODS` set for five contract gaps (Kraken batch
  order methods, CustomData.from_json_bytes, Price.as_double) pending
  source or generator fixes under Unit 7 checkbox 3.

Add two focused unit tests proving the reverse-drift helper reports
uncovered members, respects both allowlists, catches kind drift, and
resolves keyword aliases, so the guard cannot regress to vacuous.

No production code changed.
Stop backtest order and account queries panicking the simulated exchange (#4545)

SimulatedExchange::send dispatched a QueryOrder or QueryAccount into
generate_inflight_command under a latency model, whose match ends in
_ => panic!, and into process_trading_command otherwise, which opens with
command.instrument_id() - a hard panic for the account-level QueryAccount.
A strategy polling order or account status therefore aborted the backtest.

The backtest venue does not answer these queries and the reference
execution client synthesizes no report, so BacktestExecutionClient::
query_order and query_account now log the unsupported query and return
without forwarding, and SimulatedExchange::send intercepts both query
variants as a no-op ahead of the latency and instrument-id dispatch,
hardening the public exchange entry point. TradingCommand::instrument_id()
is unchanged - its panic for an account-level command is correct and the
exchange was the invalid caller.

Coded by an LLM.
Document Python support policy
Allow useless_conversion in two feature-conditional Quantity tests (#4556)

test_from_u64_exact and test_from_u64_overflow_panics compute their bound
as u64::try_from(QUANTITY_RAW_MAX / FIXED_SCALAR_RAW). Without the
high-precision feature QuantityRaw is u64, so that try_from converts to the
same type and clippy::useless_conversion fires; with high-precision it is
u128, so the try_from is a required narrowing and the lint does not fire.
cargo clippy on the default feature set therefore errors on these two tests.

Because the lint fires in only one feature configuration, #[expect] cannot
be used - it would be unfulfilled, and itself an error, in the
high-precision build. Add #[allow(clippy::useless_conversion, reason = ...)]
to the two tests, matching the existing
#[allow(clippy::unnecessary_fallible_conversions, reason = ...)] on
raw_as_decimal in the same file. The try_from is kept (the correct checked
narrowing under high-precision); only the lint is suppressed.

Test-only, no runtime change.

Coded by an LLM.
Correct event sourcing guide claims and restructure

- Scope capture claims: capture never gates dispatch and fail-stop does not stop the run
- Document that a backend commit failure discards the queued batch
- Replace the correlation model's implied propagation with what the registry populates
- Drop the unimplemented `intent_id` mechanism
- Narrow verifier and retention guarantees to anchor structure, not restorability
- Document marker drops under backpressure and correct ""gap-free"" verification
- Refresh verifier output samples and add the `load_state=true` replay prerequisite
- Move cache replay out of the marker sidecar and merge the operational section
Fix event store capture test timeouts

- Synchronize capture assertions through writer seal and close
- Remove redundant wall-clock high-watermark polling
fix(polymarket): fail unrepresentable position reconciliation
Remove real-time retry ladders from two bybit adapter tests

Two nautilus-bybit tests walked real retry/backoff ladders on the wall
clock.

test_rate_limiting_returns_error built its client with max_retries=3 and
1s/10s delays. The mock answers the sixth request with HTTP 429, which the
retry predicate treats as retryable, so the request slept ~1s+2s+4s before
the rate-limit error surfaced (~8s). The test only asserts that the error
is returned, not retry behaviour, so construct it with max_retries=0 (1ms
delays, since the exponential backoff rejects a zero initial delay).

test_wait_until_active_timeout called connect() against an unreachable
port first. connect() retries the initial dial five times with backoff, so
that call blocked ~8s before the 0.5s wait the test is about could start. A
freshly constructed client is already closed, so wait_until_active(0.5)
exercises the timeout directly. Drop the connect() call and run under
start_paused so the timeout and the poll loop's 10ms sleeps advance in
virtual time; tokio test-util is enabled as a dev-dependency.

Test-only; no adapter runtime code changes. The two tests drop from
~8.5s and ~7.8s to ~0.06s and ~0.22s with every assertion preserved.

Coded by an LLM.
Fail BitMEX WebSocket authentication on rejection instead of waiting out the timeout

BitMEX answers a failed authKeyExpires with an error frame echoing the
originating request. BitmexWsFeedHandler matched that as
BitmexWsFrame::Error, logged it, and fell through without returning the
message, so it never reached the event loop. auth_tracker.fail is
reachable only from handle_subscription_message, which requires a
subscription-shaped frame whose request op is authKeyExpires. The
rejection therefore never resolved the receiver created in authenticate,
and connect blocked until the authentication timeout expired before
returning a generic timeout. An operator with a revoked or mistyped key
saw a ten second hang and no reason, and the client could not
distinguish a rejected key from a venue gone silent.

BitmexWsFrame::Error already carries request: BitmexHttpRequest; the arm
discarded it. Bind it, and when its op is authKeyExpires fail the tracker
with the venue's own error text so connect returns it immediately. The
frame is still dropped afterwards, having been consumed as a control
message rather than data. This covers the echoed-request rejection only:
the variant requires status, meta and request, so a bare error payload,
an envelope without meta, or a connection close still resolves through
the timeout, which remains the necessary fallback.

The wait used the shared AUTHENTICATION_TIMEOUT_SECS directly, so no
caller could bound it. BitmexWebSocketClient now takes
auth_timeout_secs: Option<u64> and stores
auth_timeout_secs.unwrap_or(AUTHENTICATION_TIMEOUT_SECS), mirroring how
OKXWebSocketClient parameterises the same constant, threaded through
new, new_with_env and the PyO3 constructor. Existing callers pass None
and the shared constant is unchanged.

test_login_failure_emits_error discarded connect's result and asserted
only that the session was unauthenticated, so it passed while the
rejection was dropped; it now asserts the returned venue message and
passes without a shortened timeout, verified to fail against the unfixed
handler. Adds test_login_times_out_when_server_is_silent for the
remaining slow path. test_reconnection_waits_for_delayed_auth_ack gated
its acknowledgement with a fixed delay taken inside the mock's only
receive loop, so its no-premature-subscription assertion could not have
observed one; the socket is now split so the server keeps reading while
the acknowledgement is held.

Coded by an LLM.
Time out hung reconciliation report tasks

Continuous reconciliation runs one report task at a time: the
open-order, targeted-order, and position checks share a single
mutually-exclusive slot, and maybe_start_reconciliation_check refuses to
start any check while another is in progress. A task holds the slot
until it completes, and the bulk request functions
(request_open_order_reports, request_position_reports) and the targeted
path await each client's report generation sequentially with no
deadline. A single client whose generate_*_reports never resolves
therefore occupies the slot for the process lifetime: open, targeted,
and position reconciliation all stop silently while the node keeps
running. timeout_reconciliation bounded only startup mass-status
collection; it had no continuous-reconciliation caller.

Each spawned report task now carries its own deadline. The three
start_*_report_check helpers capture now + timeout_reconciliation at
task creation and store it inside the pinned future, which wraps the
client requests in a single dst::time::timeout and resolves to Completed
or TimedOut. The deadline lives in the future, not the select! arm - the
arm is reconstructed whenever another branch wins, so a relative timeout
there would restart every runner iteration and never fire. On TimedOut
the task is dropped first (releasing the execution-client borrow held
across the request), deferred instrument updates are flushed to every
client (the per-client report facade only flushes after its await
returns, which cancellation skips), a timed-out targeted task removes
exactly its planned client-order IDs from targeted_order_queries (a
narrow removal that leaves inflight retry counts and query recency
intact), the expiry is logged, and no partial batch is reconciled.
last_open_check and last_position_check are left untouched, so the
blocked check class - already overdue - wins the next scheduling pass
once the slot frees. Ordinary per-client errors keep their partial
success behavior; only expiry discards the accumulated batch. The same
cleanup runs at shutdown, where the tasks were previously dropped
without flushing instruments or clearing targeted markers.

The bound reuses the existing timeout_reconciliation field; its
documentation now covers both startup reconciliation and each continuous
report-collection task.

Adds regression tests for each task class timing out and releasing the
slot, narrow targeted-marker removal, partial-batch discard on expiry,
and deferred-instrument flush on cancellation, each verified to fail
against the unfixed code, all under paused virtual time.

Coded by an LLM.
Serialize the global logger lifecycle and keep its worker process-lifetime

The global logger's initialization and teardown were coordinated by
unsynchronized atomic flags, which allowed two races.

`Logger::init_with_config` checked `LOGGING_INITIALIZED`, then registered
the logger with `set_boxed_logger`, published `LOGGER_TX`, and set the
flag - none of it serialized. A concurrent second initializer (any
process that builds more than one kernel, e.g. parallel tests) lost
`set_boxed_logger` and, in the kernel's `SetLoggerError` recovery, read
`LOGGER_TX` before the winner published it - returning `None` and failing
with ""A non-Nautilus logger is already registered"". Separately, the last
`LogGuard` drop joined the worker and reset `LOGGING_INITIALIZED`, but
`set_boxed_logger` is permanent for the process and `LOGGER_TX` is a
never-cleared `OnceLock`, so a later init recovered a guard bound to the
dead, joined worker.

Introduce a process-global `Mutex<LoggerLifecycle>` (`Uninitialized ->
Running -> Terminated`, no reverse edge) that serializes initialization,
guard acquisition, the last-guard release, and shutdown;
`LOGGING_INITIALIZED` becomes an informational mirror. Initialization
spawns the writer thread before the irreversible `set_boxed_logger`, then
publishes `LOGGER_TX` / `LOGGER_HANDLE` and flips to `Running` under the
lock, so a concurrent acquirer either performs the one initialization or
observes a fully published state. A normal last-guard drop now flushes
and syncs via the existing acknowledgement path and leaves the worker
running; `logging_shutdown` is the sole terminal operation, after which a
further init returns a clear error instead of a dead-sender guard. Under
the `simulation`/`madsim` build, which spawns no worker and drops the
receiver, the sync and channel sends are compiled out.

Coded by an LLM.
map post only bybit cancellation to rejection
Make the Binance Spot WS trading setup timeout configurable (#4538)

BinanceSpotExecutionClient::connect bounded each WebSocket trading setup
phase with a literal Duration::from_secs(10): one for the session.logon
response, one for userDataStream.subscribe. session_logon only enqueues
the command on the handler channel and returns, so the response arrives
asynchronously through ws_authenticated, ws_user_data_subscribed, or the
setup-error channel, which wait_for_ws_setup_response races against the
deadline. A venue that accepts the socket and then never answers held
connect() for the full 10 seconds per phase - up to 20 across both -
before falling back to HTTP-only execution, and no operator could shorten
that for fast failover or lengthen it for a proxied route.

Add BinanceExecClientConfig::ws_trading_setup_timeout_ms, defaulting to
10000 so current behavior is unchanged. connect() derives one Duration
and passes it to both waits independently, preserving the per-phase
budget rather than collapsing them into a single deadline. validate()
rejects zero, which would make setup a scheduler race that almost always
enters HTTP-only mode for the process lifetime while logging a timeout.
No upper bound is imposed: the recv_window_ms ceiling is a Binance
protocol constraint, not a general timeout precedent.

The second deadline had no test that reached it - every subscribe branch
sent either success or a rejection the error receiver won immediately, so
its timeout path was dead in coverage. Add IgnoreUserDataSubscribe, which
records the method and then does nothing, and a regression driving that
wait to expiry. Both timeout assertions were verified to fail against the
unfixed code.

Coded by an LLM.
Suppress unnecessary_fallible_conversions lint in Quantity::raw_as_decimal

clippy flags `i128::try_from` on `QuantityRaw` as an unnecessary fallible
conversion, but that only holds under standard precision where `QuantityRaw`
is `u64`. Under the high-precision feature `QuantityRaw` is `u128`, where
`i128::try_from` is genuinely fallible, so the fallible form must stay. Add a
scoped allow with a reason, matching the existing feature-duality allow above.
Remove real-time retry ladders from two bybit adapter tests (#4553)

Two nautilus-bybit tests walked real retry/backoff ladders on the wall
clock.

test_rate_limiting_returns_error built its client with max_retries=3 and
1s/10s delays. The mock answers the sixth request with HTTP 429, which the
retry predicate treats as retryable, so the request slept ~1s+2s+4s before
the rate-limit error surfaced (~8s). The test only asserts that the error
is returned, not retry behaviour, so construct it with max_retries=0 (1ms
delays, since the exponential backoff rejects a zero initial delay).

test_wait_until_active_timeout called connect() against an unreachable
port first. connect() retries the initial dial five times with backoff, so
that call blocked ~8s before the 0.5s wait the test is about could start. A
freshly constructed client is already closed, so wait_until_active(0.5)
exercises the timeout directly. Drop the connect() call and run under
start_paused so the timeout and the poll loop's 10ms sleeps advance in
virtual time; tokio test-util is enabled as a dev-dependency.

Test-only; no adapter runtime code changes. The two tests drop from
~8.5s and ~7.8s to ~0.06s and ~0.22s with every assertion preserved.

Coded by an LLM.
Improve CONTRIBUTING and GitHub issue templates

- Lint CONTRIBUTING.md, it was excluded and had drifted
- Reorder steps so the CLA precedes the pull request
- Split Tips into Requirements and Tips, rules were buried
- Apply sentence case and flatten heading levels in templates
- Add RELEASES.md, PyO3 stub, and PR title rules to the template
Normalize Markdown table column widths

- Rewrite table columns to the widest cell plus one space either side
- Extend the table hook to fix widths, which MD060 accepts at any size
- Reflow 74 files whose columns had drifted wider than their content
- Size the generated order-denied-reasons table by characters, not bytes
- Document the width rule in the Markdown style guide
Fix portfolio balance ordering nondeterminism

- Order margin recalculation by instrument ID on portfolio init
- Each local AHashSet reseeds, so runs iterated differently
- Invented zero balances landed in the IndexMap out of order
- Add a regression test over both initialization entry points
Convert serialization decode against the model's resolved raw types

The five `nautilus-serialization` decode sites chose their narrowing path from
this crate's own `high-precision` feature, which only forwards to
`nautilus-model/high-precision`. Those are not the same predicate: a build can
activate the model feature without the serialization one, and decode then
compiles its `#[cfg(not(feature = ""high-precision""))]` path against 128-bit
`PriceRaw`/`QuantityRaw`/`MoneyRaw` aliases, rejecting any raw beyond the 64-bit
range that `from_raw` would have accepted. `nautilus-common/capnp` plus a direct
`nautilus-model/high-precision` reaches that state in-tree, and any external
crate can do the same. #4550 fixed the five dependents that had the desync, but
could not make the invariant enforceable.

Add a crate-private `numeric` module with `wire_to_raw` and `raw_to_wire`,
generic over the resolved raw type, and route all ten codec sites through it.
Decode now converts into the model's aliases directly, so it tracks the model's
actual width and `nautilus-serialization/high-precision` becomes a convenience
alias rather than a correctness input. Error variants and messages are unchanged.

Because clippy checks a generic body before monomorphization, an identity
conversion is invisible through the helpers' type parameter, so no suppression is
needed in either width. This removes all seven width-related
`#[expect(clippy::useless_conversion)]` attributes: five were fulfilled only when
the resolved raw was 128-bit and two only when it was 64-bit, and since an
unfulfilled expectation is itself an error under `-D warnings`, each width
errored on the attributes belonging to the other. It also removes a real
`useless_conversion` in `Money::from_capnp`, whose standard-precision branch
converted an `i64` into `i64`.

Add `test_capnp_resolved_raw_width_roundtrip` and
`test_sbe_resolved_raw_width_roundtrip`, using economic values whose fixed-point
raw crosses 64 bits only under high precision, so they need no `cfg` and no
width-dependent assertions. Both fail against the unfixed decode when the model
resolves to 128-bit raws while this crate's feature is off; each decode site was
reverted individually to confirm the assertions bite separately.

Coded by an LLM.
Fix dYdX unchecked instrument
Cut fixed-time waits from four bitmex tests

Two mechanisms behind the four slowest nautilus-bitmex tests.

The submit-broadcaster tests test_broadcast_submit_duplicate_clordid_expected
and test_expected_reject_pattern_comprehensive each built a second stub
transport that slept 10s before failing, labelled 'Should be aborted'. But
process_submit_results aborts remaining transports only on the first
success; an expected rejection is not a success, so the loop awaited every
handle and the stub was never aborted - each test spent a full 10s in that
sleep. Awaiting all transports is correct, so make the second stub fail
immediately with an ordinary non-duplicate error; the aggregate is unchanged
(one expected reject, one failed submit, no success, overall error). The
cancel-broadcaster tests use the same stub but their first transport
succeeds and genuinely aborts the second, so they are already fast and are
left untouched.

test_http_network_error and test_http_500_internal_server_error built their
client with max_retries=3 and 1s/10s delays; the network error and 500 are
retryable, so each walked ~1s+2s+4s of backoff before surfacing the error.
Neither tests retry behaviour, so build them with max_retries=0 (1ms delays,
since the backoff rejects a zero initial delay).

Test-only; no adapter runtime code changes. The four tests drop from
~10s/10s/8.9s/8.7s to milliseconds with every assertion preserved.

Coded by an LLM.
Strip replay-only state from position snapshot blobs

Cache::snapshot_position serialized the full Position including
replay_events and fill_voids. These vectors exist to service fill-void
corrections on the live cached position and are never read back from
snapshot blobs (snapshot consumers read summary fields such as
realized_pnl and account_id), yet they grow with every fill applied to
the position ID: under NETTING OMS the execution engine carries
replay_events across every close/reopen cycle, so each per-flip snapshot
blob was O(total fills) in serialization time and retained memory,
making a backtest with n fills O(n^2) in both.

Clearing the two vectors on the throwaway snapshot copy bounds every
blob to the summary state. Both fields are #[serde(default)], so
existing persisted blobs and the round-trip via position_snapshots()
remain compatible.

Co-Authored-By: Claude Fable 5 <noreply@anthropic.com>
set margin_trading for bybit spot instruments
Stop dYdX error-path tests waiting out the production retry ladder

Ten error-path tests construct their client with the retry-config parameter
set to None, so they inherit RetryConfig::default(): max_retries 3, a 1s
initial delay, a 2.0 backoff factor and 100ms of jitter. Each then requests
an endpoint the mock server always answers with 500, 502, 503 or 429, and
the client retries on a 1s/2s/4s ladder before surfacing the error. That is
seven seconds of sleeping per test, and it accounts for half the package's
test runtime.

None of these tests are about retrying. Nine assert only that an error
surfaces; test_retry_exhaustion is about retrying but asserts on the request
count, not on elapsed time, so it does not need the production delays either.

Each test file gains a local fast_test_retry_config helper with a 1ms delay,
no jitter and a backoff factor of 1.0, inheriting everything else from the
default so only the inter-attempt wait changes. The nine error-surfacing
tests take zero retries and test_retry_exhaustion takes one. The 1ms is
required rather than cosmetic: ExponentialBackoff::new rejects a zero initial
delay and RetryManager validates the backoff before the first operation even
when max_retries is zero, so a zero-delay config fails construction instead
of producing a fast client.

With test_retry_exhaustion's retry count now explicit, its assertion is
tightened from final_count > 1, which any count above one satisfies and which
cannot distinguish one retry from forty, to final_count == 2: one initial
request plus one retry, then exhaustion. Verified against a two-retry config,
where the count is 3 and the old assertion passes while the new one fails.

Tests only; no production code is touched. The nautilus-dydx package drops
from 1m54s to 56.5s.

Coded by an LLM.
Fix non-atomic order event application (#4530)

OrderCore::apply committed state before it finished validating. It wrote
previous_status, transitioned status, ran the per-event handler, set
ts_last and pushed the event, and only then did each concrete apply call
update(), where six order types validated the OrderUpdated fields with
assert!. A type-invalid update therefore panicked with the transition
already committed instead of returning InvalidOrderEvent; under the
release profile's panic = ""abort"" that terminates the process.

The field check now lives in OrderCore::apply as an exhaustive match on
order_type, after the client-order-id/strategy-id identity checks and the
OrderStatus::transition check and before the first mutation. A type-invalid
update returns InvalidOrderEvent with the order untouched, and a
mis-addressed or invalid-transition update still reports the identity or
transition error ahead of the field violation. The six restrictive update()
methods keep their assert! as a defensive guard on the low-level mutation path.

The same ordering problem applied to apply()'s own checks without any panic:
previous_status was assigned before the duplicate-fill, triggerable-type and
transition checks, so an event the FSM rejected advanced previous_status,
which a rejected event has no business touching. All fallible checks,
including the previous_status precondition modify_rejected and cancel_rejected
need, now run before the first mutation; those two handlers no longer return
Result. A duplicate OrderInitialized consequently reports AlreadyInitialized
rather than reaching the transition table and reporting InvalidStateTransition.

Coded by an LLM.
Refine instrument increment construction

- Route DeFi and synthetic increments through exact integer scaling
- Cover raw values, declared precision, clamping, and errors
Make v2 adapter WebSocket auth timeouts configurable

- Surface WebSocket auth/login timeouts in v2 adapter configs
- Thread each timeout to its low-level wait site; defaults unchanged
- Add the optional parameter to Python config and WS constructors
- Wire Derive's unused ws_timeout_secs and add a Bybit auth-wait setter
Fix Architect AX Python factories and subscriptions

- Register Python v2 data and execution factories with the registry
- Correlate subscription responses with exact tracked topics
- Preserve subscription intent across failures and reconnect replay
- Resubscribe when the requested order book level changes
- Add Python builder and WebSocket lifecycle regressions
Harden v2 pull request CI coverage

- Run v2 CI for pull requests targeting develop and retargets
- Keep untrusted pull requests on GitHub-hosted runners
- Use bounded Cargo profiles for untrusted v2 builds
- Fail planning when pull request callers omit BASE_REF
Reduce CI disk use and duplicate Rust testing

- Free more space on GitHub-hosted runners and report disk usage
- Run the shared Linux Rust suite once before required wheel checks
- Keep test-ci validation on GitHub-hosted runners and CI profiles
- Narrow Rust and fixture caches to reusable artifacts"
